solid Extrude31+Extrude8-
	facet normal	0.000000	0.783554	0.621323
		outer loop
			vertex	45.0000	2.17264	-0.847623
			vertex	45.5000	2.17264	-0.847623
			vertex	45.5000	2.34265	-1.06202
		endloop
	endfacet
	facet normal	0.000000	0.783554	0.621323
		outer loop
			vertex	45.0000	2.17264	-0.847623
			vertex	45.5000	2.34265	-1.06202
			vertex	45.0000	2.34265	-1.06202
		endloop
	endfacet
	facet normal	0.000000	0.733732	0.679439
		outer loop
			vertex	45.5000	2.68714	-1.43404
			vertex	45.0000	2.34265	-1.06202
			vertex	45.5000	2.34265	-1.06202
		endloop
	endfacet
	facet normal	0.000000	0.733732	0.679439
		outer loop
			vertex	45.0000	2.34265	-1.06202
			vertex	45.5000	2.68714	-1.43404
			vertex	45.0000	2.68714	-1.43404
		endloop
	endfacet
	facet normal	0.000000	0.657372	0.753567
		outer loop
			vertex	45.5000	3.05378	-1.75387
			vertex	45.0000	2.68714	-1.43404
			vertex	45.5000	2.68714	-1.43404
		endloop
	endfacet
	facet normal	0.000000	0.657372	0.753567
		outer loop
			vertex	45.0000	2.68714	-1.43404
			vertex	45.5000	3.05378	-1.75387
			vertex	45.0000	3.05378	-1.75387
		endloop
	endfacet
	facet normal	0.000000	0.569585	0.821932
		outer loop
			vertex	45.5000	3.44436	-2.02454
			vertex	45.0000	3.05378	-1.75387
			vertex	45.5000	3.05378	-1.75387
		endloop
	endfacet
	facet normal	0.000000	0.569585	0.821932
		outer loop
			vertex	45.0000	3.05378	-1.75387
			vertex	45.5000	3.44436	-2.02454
			vertex	45.0000	3.44436	-2.02454
		endloop
	endfacet
	facet normal	0.000000	0.472065	0.881564
		outer loop
			vertex	45.5000	3.86144	-2.24788
			vertex	45.0000	3.44436	-2.02454
			vertex	45.5000	3.44436	-2.02454
		endloop
	endfacet
	facet normal	0.000000	0.472065	0.881564
		outer loop
			vertex	45.0000	3.44436	-2.02454
			vertex	45.5000	3.86144	-2.24788
			vertex	45.0000	3.86144	-2.24788
		endloop
	endfacet
	facet normal	0.000000	0.367553	0.930003
		outer loop
			vertex	45.5000	4.30827	-2.42448
			vertex	45.0000	3.86144	-2.24788
			vertex	45.5000	3.86144	-2.24788
		endloop
	endfacet
	facet normal	0.000000	0.367553	0.930003
		outer loop
			vertex	45.0000	3.86144	-2.24788
			vertex	45.5000	4.30827	-2.42448
			vertex	45.0000	4.30827	-2.42448
		endloop
	endfacet
	facet normal	0.000000	0.259528	0.965736
		outer loop
			vertex	45.5000	4.78867	-2.55358
			vertex	45.0000	4.30827	-2.42448
			vertex	45.5000	4.30827	-2.42448
		endloop
	endfacet
	facet normal	0.000000	0.259528	0.965736
		outer loop
			vertex	45.0000	4.30827	-2.42448
			vertex	45.5000	4.78867	-2.55358
			vertex	45.0000	4.78867	-2.55358
		endloop
	endfacet
	facet normal	0.000000	0.151712	0.988425
		outer loop
			vertex	45.5000	5.30684	-2.63311
			vertex	45.0000	4.78867	-2.55358
			vertex	45.5000	4.78867	-2.55358
		endloop
	endfacet
	facet normal	0.000000	0.151712	0.988425
		outer loop
			vertex	45.0000	4.78867	-2.55358
			vertex	45.5000	5.30684	-2.63311
			vertex	45.0000	5.30684	-2.63311
		endloop
	endfacet
	facet normal	0.000000	0.0485642	0.998820
		outer loop
			vertex	45.5000	5.85542	-2.65978
			vertex	45.0000	5.30684	-2.63311
			vertex	45.5000	5.30684	-2.63311
		endloop
	endfacet
	facet normal	0.000000	0.0485642	0.998820
		outer loop
			vertex	45.0000	5.30684	-2.63311
			vertex	45.5000	5.85542	-2.65978
			vertex	45.0000	5.85542	-2.65978
		endloop
	endfacet
	facet normal	0.000000	-0.0161080	0.999870
		outer loop
			vertex	45.0000	5.85542	-2.65978
			vertex	45.5000	5.85542	-2.65978
			vertex	45.5000	6.06947	-2.65633
		endloop
	endfacet
	facet normal	0.000000	-0.0161080	0.999870
		outer loop
			vertex	45.0000	5.85542	-2.65978
			vertex	45.5000	6.06947	-2.65633
			vertex	45.0000	6.06947	-2.65633
		endloop
	endfacet
	facet normal	0.000000	-0.0783966	0.996922
		outer loop
			vertex	45.5000	6.59345	-2.61513
			vertex	45.0000	6.06947	-2.65633
			vertex	45.5000	6.06947	-2.65633
		endloop
	endfacet
	facet normal	0.000000	-0.0783966	0.996922
		outer loop
			vertex	45.0000	6.06947	-2.65633
			vertex	45.5000	6.59345	-2.61513
			vertex	45.0000	6.59345	-2.61513
		endloop
	endfacet
	facet normal	0.000000	-0.178939	0.983860
		outer loop
			vertex	45.5000	7.05525	-2.53114
			vertex	45.0000	6.59345	-2.61513
			vertex	45.5000	6.59345	-2.61513
		endloop
	endfacet
	facet normal	0.000000	-0.178939	0.983860
		outer loop
			vertex	45.0000	6.59345	-2.61513
			vertex	45.5000	7.05525	-2.53114
			vertex	45.0000	7.05525	-2.53114
		endloop
	endfacet
	facet normal	0.000000	-0.289819	0.957082
		outer loop
			vertex	45.5000	7.46341	-2.40754
			vertex	45.0000	7.05525	-2.53114
			vertex	45.5000	7.05525	-2.53114
		endloop
	endfacet
	facet normal	0.000000	-0.289819	0.957082
		outer loop
			vertex	45.0000	7.05525	-2.53114
			vertex	45.5000	7.46341	-2.40754
			vertex	45.0000	7.46341	-2.40754
		endloop
	endfacet
	facet normal	0.000000	-0.394882	0.918732
		outer loop
			vertex	45.5000	7.74565	-2.28623
			vertex	45.0000	7.46341	-2.40754
			vertex	45.5000	7.46341	-2.40754
		endloop
	endfacet
	facet normal	0.000000	-0.394882	0.918732
		outer loop
			vertex	45.0000	7.46341	-2.40754
			vertex	45.5000	7.74565	-2.28623
			vertex	45.0000	7.74565	-2.28623
		endloop
	endfacet
	facet normal	0.000000	-0.502388	0.864642
		outer loop
			vertex	45.5000	8.07087	-2.09727
			vertex	45.0000	7.74565	-2.28623
			vertex	45.5000	7.74565	-2.28623
		endloop
	endfacet
	facet normal	0.000000	-0.502388	0.864642
		outer loop
			vertex	45.0000	7.74565	-2.28623
			vertex	45.5000	8.07087	-2.09727
			vertex	45.0000	8.07087	-2.09727
		endloop
	endfacet
	facet normal	0.000000	-0.621461	0.783445
		outer loop
			vertex	45.5000	8.35675	-1.87050
			vertex	45.0000	8.07087	-2.09727
			vertex	45.5000	8.07087	-2.09727
		endloop
	endfacet
	facet normal	0.000000	-0.621461	0.783445
		outer loop
			vertex	45.0000	8.07087	-2.09727
			vertex	45.5000	8.35675	-1.87050
			vertex	45.0000	8.35675	-1.87050
		endloop
	endfacet
	facet normal	0.000000	-0.731262	0.682096
		outer loop
			vertex	45.5000	8.60619	-1.60308
			vertex	45.0000	8.35675	-1.87050
			vertex	45.5000	8.35675	-1.87050
		endloop
	endfacet
	facet normal	0.000000	-0.731262	0.682096
		outer loop
			vertex	45.0000	8.35675	-1.87050
			vertex	45.5000	8.60619	-1.60308
			vertex	45.0000	8.60619	-1.60308
		endloop
	endfacet
	facet normal	0.000000	-0.824323	0.566120
		outer loop
			vertex	45.5000	8.81723	-1.29579
			vertex	45.0000	8.60619	-1.60308
			vertex	45.5000	8.60619	-1.60308
		endloop
	endfacet
	facet normal	0.000000	-0.824323	0.566120
		outer loop
			vertex	45.0000	8.60619	-1.60308
			vertex	45.5000	8.81723	-1.29579
			vertex	45.0000	8.81723	-1.29579
		endloop
	endfacet
	facet normal	0.000000	-0.892513	0.451022
		outer loop
			vertex	45.0000	8.81723	-1.29579
			vertex	45.5000	8.81723	-1.29579
			vertex	45.5000	8.98590	-0.962001
		endloop
	endfacet
	facet normal	0.000000	-0.892513	0.451022
		outer loop
			vertex	45.0000	8.81723	-1.29579
			vertex	45.5000	8.98590	-0.962001
			vertex	45.0000	8.98590	-0.962001
		endloop
	endfacet
	facet normal	0.000000	-0.936642	0.350287
		outer loop
			vertex	45.5000	9.15028	-0.522461
			vertex	45.0000	8.98590	-0.962001
			vertex	45.5000	8.98590	-0.962001
		endloop
	endfacet
	facet normal	0.000000	-0.936642	0.350287
		outer loop
			vertex	45.0000	8.98590	-0.962001
			vertex	45.5000	9.15028	-0.522461
			vertex	45.0000	9.15028	-0.522461
		endloop
	endfacet
	facet normal	0.000000	-0.965320	0.261068
		outer loop
			vertex	45.5000	9.29800	0.0237421
			vertex	45.0000	9.15028	-0.522461
			vertex	45.5000	9.15028	-0.522461
		endloop
	endfacet
	facet normal	0.000000	-0.965320	0.261068
		outer loop
			vertex	45.0000	9.15028	-0.522461
			vertex	45.5000	9.29800	0.0237421
			vertex	45.0000	9.29800	0.0237421
		endloop
	endfacet
	facet normal	0.000000	-0.982680	0.185308
		outer loop
			vertex	45.5000	9.42436	0.693815
			vertex	45.0000	9.29800	0.0237421
			vertex	45.5000	9.29800	0.0237421
		endloop
	endfacet
	facet normal	0.000000	-0.982680	0.185308
		outer loop
			vertex	45.0000	9.29800	0.0237421
			vertex	45.5000	9.42436	0.693815
			vertex	45.0000	9.42436	0.693815
		endloop
	endfacet
	facet normal	0.000000	-0.992596	0.121459
		outer loop
			vertex	45.5000	9.52380	1.50646
			vertex	45.0000	9.42436	0.693815
			vertex	45.5000	9.42436	0.693815
		endloop
	endfacet
	facet normal	0.000000	-0.992596	0.121459
		outer loop
			vertex	45.0000	9.42436	0.693815
			vertex	45.5000	9.52380	1.50646
			vertex	45.0000	9.52380	1.50646
		endloop
	endfacet
	facet normal	0.000000	-0.997704	0.0677295
		outer loop
			vertex	45.5000	9.59001	2.48175
			vertex	45.0000	9.52380	1.50646
			vertex	45.5000	9.52380	1.50646
		endloop
	endfacet
	facet normal	0.000000	-0.997704	0.0677295
		outer loop
			vertex	45.0000	9.52380	1.50646
			vertex	45.5000	9.59001	2.48175
			vertex	45.0000	9.59001	2.48175
		endloop
	endfacet
	facet normal	0.000000	-0.999782	0.0209009
		outer loop
			vertex	45.5000	9.61613	3.73149
			vertex	45.0000	9.59001	2.48175
			vertex	45.5000	9.59001	2.48175
		endloop
	endfacet
	facet normal	0.000000	-0.999782	0.0209009
		outer loop
			vertex	45.0000	9.59001	2.48175
			vertex	45.5000	9.61613	3.73149
			vertex	45.0000	9.61613	3.73149
		endloop
	endfacet
	facet normal	0.000000	-1.00000	0.000000
		outer loop
			vertex	45.0000	9.61613	6.08924
			vertex	45.0000	9.61613	3.73149
			vertex	45.5000	9.61613	6.08924
		endloop
	endfacet
	facet normal	0.000000	-1.00000	0.000000
		outer loop
			vertex	45.5000	9.61613	3.73149
			vertex	45.5000	9.61613	6.08924
			vertex	45.0000	9.61613	3.73149
		endloop
	endfacet
	facet normal	0.000000	0.000000	-1.00000
		outer loop
			vertex	45.0000	0.808652	6.08924
			vertex	45.0000	9.61613	6.08924
			vertex	45.5000	0.808652	6.08924
		endloop
	endfacet
	facet normal	0.000000	0.000000	-1.00000
		outer loop
			vertex	45.5000	9.61613	6.08924
			vertex	45.5000	0.808652	6.08924
			vertex	45.0000	9.61613	6.08924
		endloop
	endfacet
	facet normal	0.000000	1.00000	0.000000
		outer loop
			vertex	45.0000	0.808652	4.06274
			vertex	45.0000	0.808652	6.08924
			vertex	45.5000	0.808652	4.06274
		endloop
	endfacet
	facet normal	0.000000	1.00000	0.000000
		outer loop
			vertex	45.5000	0.808652	6.08924
			vertex	45.5000	0.808652	4.06274
			vertex	45.0000	0.808652	6.08924
		endloop
	endfacet
	facet normal	0.000000	0.999601	0.0282317
		outer loop
			vertex	45.0000	0.808652	4.06274
			vertex	45.5000	0.808652	4.06274
			vertex	45.5000	0.829956	3.30843
		endloop
	endfacet
	facet normal	0.000000	0.999601	0.0282317
		outer loop
			vertex	45.0000	0.808652	4.06274
			vertex	45.5000	0.829956	3.30843
			vertex	45.0000	0.829956	3.30843
		endloop
	endfacet
	facet normal	0.000000	0.995856	0.0909429
		outer loop
			vertex	45.5000	0.898738	2.55523
			vertex	45.0000	0.829956	3.30843
			vertex	45.5000	0.829956	3.30843
		endloop
	endfacet
	facet normal	0.000000	0.995856	0.0909429
		outer loop
			vertex	45.0000	0.829956	3.30843
			vertex	45.5000	0.898738	2.55523
			vertex	45.0000	0.898738	2.55523
		endloop
	endfacet
	facet normal	0.000000	0.986926	0.161177
		outer loop
			vertex	45.5000	1.01179	1.86299
			vertex	45.0000	0.898738	2.55523
			vertex	45.5000	0.898738	2.55523
		endloop
	endfacet
	facet normal	0.000000	0.986926	0.161177
		outer loop
			vertex	45.0000	0.898738	2.55523
			vertex	45.5000	1.01179	1.86299
			vertex	45.0000	1.01179	1.86299
		endloop
	endfacet
	facet normal	0.000000	0.971729	0.236099
		outer loop
			vertex	45.5000	1.16639	1.22668
			vertex	45.0000	1.01179	1.86299
			vertex	45.5000	1.01179	1.86299
		endloop
	endfacet
	facet normal	0.000000	0.971729	0.236099
		outer loop
			vertex	45.0000	1.01179	1.86299
			vertex	45.5000	1.16639	1.22668
			vertex	45.0000	1.16639	1.22668
		endloop
	endfacet
	facet normal	0.000000	0.949111	0.314942
		outer loop
			vertex	45.5000	1.36053	0.641643
			vertex	45.0000	1.16639	1.22668
			vertex	45.5000	1.16639	1.22668
		endloop
	endfacet
	facet normal	0.000000	0.949111	0.314942
		outer loop
			vertex	45.0000	1.16639	1.22668
			vertex	45.5000	1.36053	0.641643
			vertex	45.0000	1.36053	0.641643
		endloop
	endfacet
	facet normal	0.000000	0.918024	0.396524
		outer loop
			vertex	45.5000	1.59291	0.103625
			vertex	45.0000	1.36053	0.641643
			vertex	45.5000	1.36053	0.641643
		endloop
	endfacet
	facet normal	0.000000	0.918024	0.396524
		outer loop
			vertex	45.0000	1.36053	0.641643
			vertex	45.5000	1.59291	0.103625
			vertex	45.0000	1.59291	0.103625
		endloop
	endfacet
	facet normal	0.000000	0.877684	0.479239
		outer loop
			vertex	45.5000	1.86306	-0.391134
			vertex	45.0000	1.59291	0.103625
			vertex	45.5000	1.59291	0.103625
		endloop
	endfacet
	facet normal	0.000000	0.877684	0.479239
		outer loop
			vertex	45.0000	1.59291	0.103625
			vertex	45.5000	1.86306	-0.391134
			vertex	45.0000	1.86306	-0.391134
		endloop
	endfacet
	facet normal	0.000000	0.827630	0.561275
		outer loop
			vertex	45.5000	2.17264	-0.847623
			vertex	45.0000	1.86306	-0.391134
			vertex	45.5000	1.86306	-0.391134
		endloop
	endfacet
	facet normal	0.000000	0.827630	0.561275
		outer loop
			vertex	45.0000	1.86306	-0.391134
			vertex	45.5000	2.17264	-0.847623
			vertex	45.0000	2.17264	-0.847623
		endloop
	endfacet
	facet normal	0.000000	0.000000	-1.00000
		outer loop
			vertex	45.0000	-12.5000	6.08924
			vertex	45.0000	-2.09470	6.08924
			vertex	45.5000	-12.5000	6.08924
		endloop
	endfacet
	facet normal	0.000000	0.000000	-1.00000
		outer loop
			vertex	45.5000	-2.09470	6.08924
			vertex	45.5000	-12.5000	6.08924
			vertex	45.0000	-2.09470	6.08924
		endloop
	endfacet
	facet normal	0.000000	-1.00000	0.000000
		outer loop
			vertex	45.0000	-2.09470	6.08924
			vertex	45.0000	-2.09470	2.62081
			vertex	45.5000	-2.09470	6.08924
		endloop
	endfacet
	facet normal	0.000000	-1.00000	0.000000
		outer loop
			vertex	45.5000	-2.09470	2.62081
			vertex	45.5000	-2.09470	6.08924
			vertex	45.0000	-2.09470	2.62081
		endloop
	endfacet
	facet normal	0.000000	-0.604289	0.796766
		outer loop
			vertex	45.0000	-2.09470	2.62081
			vertex	45.0000	-12.5000	-5.27085
			vertex	45.5000	-2.09470	2.62081
		endloop
	endfacet
	facet normal	0.000000	-0.604289	0.796766
		outer loop
			vertex	45.5000	-12.5000	-5.27085
			vertex	45.5000	-2.09470	2.62081
			vertex	45.0000	-12.5000	-5.27085
		endloop
	endfacet
	facet normal	0.000000	-1.00000	0.000000
		outer loop
			vertex	45.0000	-12.5000	-5.27085
			vertex	45.0000	-12.5000	-9.92790
			vertex	45.5000	-12.5000	-5.27085
		endloop
	endfacet
	facet normal	0.000000	-1.00000	0.000000
		outer loop
			vertex	45.5000	-12.5000	-9.92790
			vertex	45.5000	-12.5000	-5.27085
			vertex	45.0000	-12.5000	-9.92790
		endloop
	endfacet
	facet normal	0.000000	0.613753	-0.789498
		outer loop
			vertex	45.0000	-12.5000	-9.92790
			vertex	45.0000	-1.12042	-1.08145
			vertex	45.5000	-12.5000	-9.92790
		endloop
	endfacet
	facet normal	0.000000	0.613753	-0.789498
		outer loop
			vertex	45.5000	-1.12042	-1.08145
			vertex	45.5000	-12.5000	-9.92790
			vertex	45.0000	-1.12042	-1.08145
		endloop
	endfacet
	facet normal	0.000000	-0.635580	-0.772035
		outer loop
			vertex	45.0000	2.12393	-5.44622
			vertex	45.5000	2.12393	-5.44622
			vertex	45.5000	1.66354	-5.06720
		endloop
	endfacet
	facet normal	0.000000	-0.635580	-0.772035
		outer loop
			vertex	45.0000	2.12393	-5.44622
			vertex	45.5000	1.66354	-5.06720
			vertex	45.0000	1.66354	-5.06720
		endloop
	endfacet
	facet normal	0.000000	-0.698931	-0.715189
		outer loop
			vertex	45.5000	1.20936	-4.62335
			vertex	45.0000	1.66354	-5.06720
			vertex	45.5000	1.66354	-5.06720
		endloop
	endfacet
	facet normal	0.000000	-0.698931	-0.715189
		outer loop
			vertex	45.0000	1.66354	-5.06720
			vertex	45.5000	1.20936	-4.62335
			vertex	45.0000	1.20936	-4.62335
		endloop
	endfacet
	facet normal	0.000000	-0.751798	-0.659394
		outer loop
			vertex	45.5000	0.751065	-4.10083
			vertex	45.0000	1.20936	-4.62335
			vertex	45.5000	1.20936	-4.62335
		endloop
	endfacet
	facet normal	0.000000	-0.751798	-0.659394
		outer loop
			vertex	45.0000	1.20936	-4.62335
			vertex	45.5000	0.751065	-4.10083
			vertex	45.0000	0.751065	-4.10083
		endloop
	endfacet
	facet normal	0.000000	-0.795954	-0.605357
		outer loop
			vertex	45.5000	0.288158	-3.49218
			vertex	45.0000	0.751065	-4.10083
			vertex	45.5000	0.751065	-4.10083
		endloop
	endfacet
	facet normal	0.000000	-0.795954	-0.605357
		outer loop
			vertex	45.0000	0.751065	-4.10083
			vertex	45.5000	0.288158	-3.49218
			vertex	45.0000	0.288158	-3.49218
		endloop
	endfacet
	facet normal	0.000000	-0.832565	-0.553928
		outer loop
			vertex	45.5000	-0.179648	-2.78906
			vertex	45.0000	0.288158	-3.49218
			vertex	45.5000	0.288158	-3.49218
		endloop
	endfacet
	facet normal	0.000000	-0.832565	-0.553928
		outer loop
			vertex	45.0000	0.288158	-3.49218
			vertex	45.5000	-0.179648	-2.78906
			vertex	45.0000	-0.179648	-2.78906
		endloop
	endfacet
	facet normal	0.000000	-0.862769	-0.505598
		outer loop
			vertex	45.5000	-0.652325	-1.98247
			vertex	45.0000	-0.179648	-2.78906
			vertex	45.5000	-0.179648	-2.78906
		endloop
	endfacet
	facet normal	0.000000	-0.862769	-0.505598
		outer loop
			vertex	45.0000	-0.179648	-2.78906
			vertex	45.5000	-0.652325	-1.98247
			vertex	45.0000	-0.652325	-1.98247
		endloop
	endfacet
	facet normal	0.000000	-0.887391	-0.461018
		outer loop
			vertex	45.5000	-1.12042	-1.08145
			vertex	45.0000	-0.652325	-1.98247
			vertex	45.5000	-0.652325	-1.98247
		endloop
	endfacet
	facet normal	0.000000	-0.887391	-0.461018
		outer loop
			vertex	45.0000	-0.652325	-1.98247
			vertex	45.5000	-1.12042	-1.08145
			vertex	45.0000	-1.12042	-1.08145
		endloop
	endfacet
	facet normal	0.000000	-0.0365891	-0.999330
		outer loop
			vertex	45.0000	6.47896	-6.75175
			vertex	45.5000	6.47896	-6.75175
			vertex	45.5000	5.75004	-6.72507
		endloop
	endfacet
	facet normal	0.000000	-0.0365891	-0.999330
		outer loop
			vertex	45.0000	6.47896	-6.75175
			vertex	45.5000	5.75004	-6.72507
			vertex	45.0000	5.75004	-6.72507
		endloop
	endfacet
	facet normal	0.000000	-0.114512	-0.993422
		outer loop
			vertex	45.5000	5.05959	-6.64548
			vertex	45.0000	5.75004	-6.72507
			vertex	45.5000	5.75004	-6.72507
		endloop
	endfacet
	facet normal	0.000000	-0.114512	-0.993422
		outer loop
			vertex	45.0000	5.75004	-6.72507
			vertex	45.5000	5.05959	-6.64548
			vertex	45.0000	5.05959	-6.64548
		endloop
	endfacet
	facet normal	0.000000	-0.197232	-0.980357
		outer loop
			vertex	45.5000	4.41811	-6.51642
			vertex	45.0000	5.05959	-6.64548
			vertex	45.5000	5.05959	-6.64548
		endloop
	endfacet
	facet normal	0.000000	-0.197232	-0.980357
		outer loop
			vertex	45.0000	5.05959	-6.64548
			vertex	45.5000	4.41811	-6.51642
			vertex	45.0000	4.41811	-6.51642
		endloop
	endfacet
	facet normal	0.000000	-0.282649	-0.959223
		outer loop
			vertex	45.5000	3.82151	-6.34062
			vertex	45.0000	4.41811	-6.51642
			vertex	45.5000	4.41811	-6.51642
		endloop
	endfacet
	facet normal	0.000000	-0.282649	-0.959223
		outer loop
			vertex	45.0000	4.41811	-6.51642
			vertex	45.5000	3.82151	-6.34062
			vertex	45.0000	3.82151	-6.34062
		endloop
	endfacet
	facet normal	0.000000	-0.369037	-0.929415
		outer loop
			vertex	45.5000	3.26584	-6.11999
			vertex	45.0000	3.82151	-6.34062
			vertex	45.5000	3.82151	-6.34062
		endloop
	endfacet
	facet normal	0.000000	-0.369037	-0.929415
		outer loop
			vertex	45.0000	3.82151	-6.34062
			vertex	45.5000	3.26584	-6.11999
			vertex	45.0000	3.26584	-6.11999
		endloop
	endfacet
	facet normal	0.000000	-0.454430	-0.890783
		outer loop
			vertex	45.5000	2.74754	-5.85558
			vertex	45.0000	3.26584	-6.11999
			vertex	45.5000	3.26584	-6.11999
		endloop
	endfacet
	facet normal	0.000000	-0.454430	-0.890783
		outer loop
			vertex	45.0000	3.26584	-6.11999
			vertex	45.5000	2.74754	-5.85558
			vertex	45.0000	2.74754	-5.85558
		endloop
	endfacet
	facet normal	0.000000	-0.536779	-0.843723
		outer loop
			vertex	45.5000	2.26346	-5.54760
			vertex	45.0000	2.74754	-5.85558
			vertex	45.5000	2.74754	-5.85558
		endloop
	endfacet
	facet normal	0.000000	-0.536779	-0.843723
		outer loop
			vertex	45.0000	2.74754	-5.85558
			vertex	45.5000	2.26346	-5.54760
			vertex	45.0000	2.26346	-5.54760
		endloop
	endfacet
	facet normal	0.000000	-0.587827	-0.808987
		outer loop
			vertex	45.5000	2.12393	-5.44622
			vertex	45.0000	2.26346	-5.54760
			vertex	45.5000	2.26346	-5.54760
		endloop
	endfacet
	facet normal	0.000000	-0.587827	-0.808987
		outer loop
			vertex	45.0000	2.26346	-5.54760
			vertex	45.5000	2.12393	-5.44622
			vertex	45.0000	2.12393	-5.44622
		endloop
	endfacet
	facet normal	0.000000	0.907900	-0.419187
		outer loop
			vertex	45.0000	11.7790	-3.12744
			vertex	45.5000	11.7790	-3.12744
			vertex	45.5000	11.5003	-3.73123
		endloop
	endfacet
	facet normal	0.000000	0.907900	-0.419187
		outer loop
			vertex	45.0000	11.7790	-3.12744
			vertex	45.5000	11.5003	-3.73123
			vertex	45.0000	11.5003	-3.73123
		endloop
	endfacet
	facet normal	0.000000	0.868328	-0.495991
		outer loop
			vertex	45.5000	11.1883	-4.27736
			vertex	45.0000	11.5003	-3.73123
			vertex	45.5000	11.5003	-3.73123
		endloop
	endfacet
	facet normal	0.000000	0.868328	-0.495991
		outer loop
			vertex	45.0000	11.5003	-3.73123
			vertex	45.5000	11.1883	-4.27736
			vertex	45.0000	11.1883	-4.27736
		endloop
	endfacet
	facet normal	0.000000	0.818167	-0.574981
		outer loop
			vertex	45.5000	10.8509	-4.75744
			vertex	45.0000	11.1883	-4.27736
			vertex	45.5000	11.1883	-4.27736
		endloop
	endfacet
	facet normal	0.000000	0.818167	-0.574981
		outer loop
			vertex	45.0000	11.1883	-4.27736
			vertex	45.5000	10.8509	-4.75744
			vertex	45.0000	10.8509	-4.75744
		endloop
	endfacet
	facet normal	0.000000	0.757336	-0.653025
		outer loop
			vertex	45.5000	10.4891	-5.17701
			vertex	45.0000	10.8509	-4.75744
			vertex	45.5000	10.8509	-4.75744
		endloop
	endfacet
	facet normal	0.000000	0.757336	-0.653025
		outer loop
			vertex	45.0000	10.8509	-4.75744
			vertex	45.5000	10.4891	-5.17701
			vertex	45.0000	10.4891	-5.17701
		endloop
	endfacet
	facet normal	0.000000	0.686067	-0.727539
		outer loop
			vertex	45.5000	10.1031	-5.54102
			vertex	45.0000	10.4891	-5.17701
			vertex	45.5000	10.4891	-5.17701
		endloop
	endfacet
	facet normal	0.000000	0.686067	-0.727539
		outer loop
			vertex	45.0000	10.4891	-5.17701
			vertex	45.5000	10.1031	-5.54102
			vertex	45.0000	10.1031	-5.54102
		endloop
	endfacet
	facet normal	0.000000	0.606572	-0.795029
		outer loop
			vertex	45.5000	9.70382	-5.84567
			vertex	45.0000	10.1031	-5.54102
			vertex	45.5000	10.1031	-5.54102
		endloop
	endfacet
	facet normal	0.000000	0.606572	-0.795029
		outer loop
			vertex	45.0000	10.1031	-5.54102
			vertex	45.5000	9.70382	-5.84567
			vertex	45.0000	9.70382	-5.84567
		endloop
	endfacet
	facet normal	0.000000	0.519768	-0.854308
		outer loop
			vertex	45.5000	9.26752	-6.11112
			vertex	45.0000	9.70382	-5.84567
			vertex	45.5000	9.70382	-5.84567
		endloop
	endfacet
	facet normal	0.000000	0.519768	-0.854308
		outer loop
			vertex	45.0000	9.70382	-5.84567
			vertex	45.5000	9.26752	-6.11112
			vertex	45.0000	9.26752	-6.11112
		endloop
	endfacet
	facet normal	0.000000	0.426728	-0.904380
		outer loop
			vertex	45.5000	8.80297	-6.33032
			vertex	45.0000	9.26752	-6.11112
			vertex	45.5000	9.26752	-6.11112
		endloop
	endfacet
	facet normal	0.000000	0.426728	-0.904380
		outer loop
			vertex	45.0000	9.26752	-6.11112
			vertex	45.5000	8.80297	-6.33032
			vertex	45.0000	8.80297	-6.33032
		endloop
	endfacet
	facet normal	0.000000	0.331390	-0.943494
		outer loop
			vertex	45.5000	8.30746	-6.50436
			vertex	45.0000	8.80297	-6.33032
			vertex	45.5000	8.80297	-6.33032
		endloop
	endfacet
	facet normal	0.000000	0.331390	-0.943494
		outer loop
			vertex	45.0000	8.80297	-6.33032
			vertex	45.5000	8.30746	-6.50436
			vertex	45.0000	8.30746	-6.50436
		endloop
	endfacet
	facet normal	0.000000	0.236481	-0.971636
		outer loop
			vertex	45.5000	7.77775	-6.63328
			vertex	45.0000	8.30746	-6.50436
			vertex	45.5000	8.30746	-6.50436
		endloop
	endfacet
	facet normal	0.000000	0.236481	-0.971636
		outer loop
			vertex	45.0000	8.30746	-6.50436
			vertex	45.5000	7.77775	-6.63328
			vertex	45.0000	7.77775	-6.63328
		endloop
	endfacet
	facet normal	0.000000	0.144364	-0.989525
		outer loop
			vertex	45.5000	7.21011	-6.71610
			vertex	45.0000	7.77775	-6.63328
			vertex	45.5000	7.77775	-6.63328
		endloop
	endfacet
	facet normal	0.000000	0.144364	-0.989525
		outer loop
			vertex	45.0000	7.77775	-6.63328
			vertex	45.5000	7.21011	-6.71610
			vertex	45.0000	7.21011	-6.71610
		endloop
	endfacet
	facet normal	0.000000	0.0581009	-0.998311
		outer loop
			vertex	45.5000	6.61874	-6.75051
			vertex	45.0000	7.21011	-6.71610
			vertex	45.5000	7.21011	-6.71610
		endloop
	endfacet
	facet normal	0.000000	0.0581009	-0.998311
		outer loop
			vertex	45.0000	7.21011	-6.71610
			vertex	45.5000	6.61874	-6.75051
			vertex	45.0000	6.61874	-6.75051
		endloop
	endfacet
	facet normal	0.000000	0.00887216	-0.999961
		outer loop
			vertex	45.5000	6.47896	-6.75175
			vertex	45.0000	6.61874	-6.75051
			vertex	45.5000	6.61874	-6.75051
		endloop
	endfacet
	facet normal	0.000000	0.00887216	-0.999961
		outer loop
			vertex	45.0000	6.61874	-6.75051
			vertex	45.5000	6.47896	-6.75175
			vertex	45.0000	6.47896	-6.75175
		endloop
	endfacet
	facet normal	0.000000	0.999861	-0.0166824
		outer loop
			vertex	45.0000	12.5000	2.93258
			vertex	45.5000	12.5000	2.93258
			vertex	45.5000	12.4739	1.36824
		endloop
	endfacet
	facet normal	0.000000	0.999861	-0.0166824
		outer loop
			vertex	45.0000	12.5000	2.93258
			vertex	45.5000	12.4739	1.36824
			vertex	45.0000	12.4739	1.36824
		endloop
	endfacet
	facet normal	0.000000	0.998528	-0.0542363
		outer loop
			vertex	45.5000	12.4080	0.154513
			vertex	45.0000	12.4739	1.36824
			vertex	45.5000	12.4739	1.36824
		endloop
	endfacet
	facet normal	0.000000	0.998528	-0.0542363
		outer loop
			vertex	45.0000	12.4739	1.36824
			vertex	45.5000	12.4080	0.154513
			vertex	45.0000	12.4080	0.154513
		endloop
	endfacet
	facet normal	0.000000	0.995220	-0.0976628
		outer loop
			vertex	45.5000	12.3093	-0.850603
			vertex	45.0000	12.4080	0.154513
			vertex	45.5000	12.4080	0.154513
		endloop
	endfacet
	facet normal	0.000000	0.995220	-0.0976628
		outer loop
			vertex	45.0000	12.4080	0.154513
			vertex	45.5000	12.3093	-0.850603
			vertex	45.0000	12.3093	-0.850603
		endloop
	endfacet
	facet normal	0.000000	0.988704	-0.149879
		outer loop
			vertex	45.5000	12.1846	-1.67322
			vertex	45.0000	12.3093	-0.850603
			vertex	45.5000	12.3093	-0.850603
		endloop
	endfacet
	facet normal	0.000000	0.988704	-0.149879
		outer loop
			vertex	45.0000	12.3093	-0.850603
			vertex	45.5000	12.1846	-1.67322
			vertex	45.0000	12.1846	-1.67322
		endloop
	endfacet
	facet normal	0.000000	0.977070	-0.212921
		outer loop
			vertex	45.5000	12.0398	-2.33770
			vertex	45.0000	12.1846	-1.67322
			vertex	45.5000	12.1846	-1.67322
		endloop
	endfacet
	facet normal	0.000000	0.977070	-0.212921
		outer loop
			vertex	45.0000	12.1846	-1.67322
			vertex	45.5000	12.0398	-2.33770
			vertex	45.0000	12.0398	-2.33770
		endloop
	endfacet
	facet normal	0.000000	0.957312	-0.289057
		outer loop
			vertex	45.5000	11.8802	-2.86656
			vertex	45.0000	12.0398	-2.33770
			vertex	45.5000	12.0398	-2.33770
		endloop
	endfacet
	facet normal	0.000000	0.957312	-0.289057
		outer loop
			vertex	45.0000	12.0398	-2.33770
			vertex	45.5000	11.8802	-2.86656
			vertex	45.0000	11.8802	-2.86656
		endloop
	endfacet
	facet normal	0.000000	0.932410	-0.361403
		outer loop
			vertex	45.5000	11.7790	-3.12744
			vertex	45.0000	11.8802	-2.86656
			vertex	45.5000	11.8802	-2.86656
		endloop
	endfacet
	facet normal	0.000000	0.932410	-0.361403
		outer loop
			vertex	45.0000	11.8802	-2.86656
			vertex	45.5000	11.7790	-3.12744
			vertex	45.0000	11.7790	-3.12744
		endloop
	endfacet
	facet normal	0.000000	1.00000	0.000000
		outer loop
			vertex	45.0000	12.5000	2.93258
			vertex	45.0000	12.5000	9.92790
			vertex	45.5000	12.5000	2.93258
		endloop
	endfacet
	facet normal	0.000000	1.00000	0.000000
		outer loop
			vertex	45.5000	12.5000	9.92790
			vertex	45.5000	12.5000	2.93258
			vertex	45.0000	12.5000	9.92790
		endloop
	endfacet
	facet normal	0.000000	0.000000	1.00000
		outer loop
			vertex	45.0000	12.5000	9.92790
			vertex	45.0000	-12.5000	9.92790
			vertex	45.5000	12.5000	9.92790
		endloop
	endfacet
	facet normal	0.000000	0.000000	1.00000
		outer loop
			vertex	45.5000	-12.5000	9.92790
			vertex	45.5000	12.5000	9.92790
			vertex	45.0000	-12.5000	9.92790
		endloop
	endfacet
	facet normal	0.000000	-1.00000	0.000000
		outer loop
			vertex	45.0000	-12.5000	9.92790
			vertex	45.0000	-12.5000	6.08924
			vertex	45.5000	-12.5000	9.92790
		endloop
	endfacet
	facet normal	0.000000	-1.00000	0.000000
		outer loop
			vertex	45.5000	-12.5000	6.08924
			vertex	45.5000	-12.5000	9.92790
			vertex	45.0000	-12.5000	6.08924
		endloop
	endfacet
	facet normal	-1.00000	0.000000	0.000000
		outer loop
			vertex	45.0000	-2.09470	2.62081
			vertex	45.0000	-2.09470	6.08924
			vertex	45.0000	0.808652	6.08924
		endloop
	endfacet
	facet normal	-1.00000	0.000000	0.000000
		outer loop
			vertex	45.0000	7.74565	-2.28623
			vertex	45.0000	8.07087	-2.09727
			vertex	45.0000	10.1031	-5.54102
		endloop
	endfacet
	facet normal	-1.00000	0.000000	0.000000
		outer loop
			vertex	45.0000	10.1031	-5.54102
			vertex	45.0000	8.07087	-2.09727
			vertex	45.0000	10.4891	-5.17701
		endloop
	endfacet
	facet normal	-1.00000	0.000000	0.000000
		outer loop
			vertex	45.0000	8.35675	-1.87050
			vertex	45.0000	10.4891	-5.17701
			vertex	45.0000	8.07087	-2.09727
		endloop
	endfacet
	facet normal	-1.00000	0.000000	0.000000
		outer loop
			vertex	45.0000	10.4891	-5.17701
			vertex	45.0000	8.35675	-1.87050
			vertex	45.0000	10.8509	-4.75744
		endloop
	endfacet
	facet normal	-1.00000	0.000000	0.000000
		outer loop
			vertex	45.0000	10.8509	-4.75744
			vertex	45.0000	8.35675	-1.87050
			vertex	45.0000	11.1883	-4.27736
		endloop
	endfacet
	facet normal	-1.00000	0.000000	0.000000
		outer loop
			vertex	45.0000	8.60619	-1.60308
			vertex	45.0000	11.1883	-4.27736
			vertex	45.0000	8.35675	-1.87050
		endloop
	endfacet
	facet normal	-1.00000	0.000000	0.000000
		outer loop
			vertex	45.0000	11.1883	-4.27736
			vertex	45.0000	8.60619	-1.60308
			vertex	45.0000	11.5003	-3.73123
		endloop
	endfacet
	facet normal	-1.00000	0.000000	0.000000
		outer loop
			vertex	45.0000	-12.5000	6.08924
			vertex	45.0000	-12.5000	9.92790
			vertex	45.0000	-2.09470	6.08924
		endloop
	endfacet
	facet normal	-1.00000	0.000000	0.000000
		outer loop
			vertex	45.0000	12.5000	9.92790
			vertex	45.0000	-2.09470	6.08924
			vertex	45.0000	-12.5000	9.92790
		endloop
	endfacet
	facet normal	-1.00000	0.000000	0.000000
		outer loop
			vertex	45.0000	-2.09470	6.08924
			vertex	45.0000	12.5000	9.92790
			vertex	45.0000	0.808652	6.08924
		endloop
	endfacet
	facet normal	-1.00000	0.000000	0.000000
		outer loop
			vertex	45.0000	-12.5000	-9.92790
			vertex	45.0000	-12.5000	-5.27085
			vertex	45.0000	-1.12042	-1.08145
		endloop
	endfacet
	facet normal	-1.00000	0.000000	0.000000
		outer loop
			vertex	45.0000	-2.09470	2.62081
			vertex	45.0000	-1.12042	-1.08145
			vertex	45.0000	-12.5000	-5.27085
		endloop
	endfacet
	facet normal	-1.00000	0.000000	0.000000
		outer loop
			vertex	45.0000	11.5003	-3.73123
			vertex	45.0000	8.60619	-1.60308
			vertex	45.0000	11.7790	-3.12744
		endloop
	endfacet
	facet normal	-1.00000	0.000000	0.000000
		outer loop
			vertex	45.0000	8.81723	-1.29579
			vertex	45.0000	11.7790	-3.12744
			vertex	45.0000	8.60619	-1.60308
		endloop
	endfacet
	facet normal	-1.00000	0.000000	0.000000
		outer loop
			vertex	45.0000	11.7790	-3.12744
			vertex	45.0000	8.81723	-1.29579
			vertex	45.0000	11.8802	-2.86656
		endloop
	endfacet
	facet normal	-1.00000	0.000000	0.000000
		outer loop
			vertex	45.0000	8.98590	-0.962001
			vertex	45.0000	11.8802	-2.86656
			vertex	45.0000	8.81723	-1.29579
		endloop
	endfacet
	facet normal	-1.00000	0.000000	0.000000
		outer loop
			vertex	45.0000	11.8802	-2.86656
			vertex	45.0000	8.98590	-0.962001
			vertex	45.0000	12.0398	-2.33770
		endloop
	endfacet
	facet normal	-1.00000	0.000000	0.000000
		outer loop
			vertex	45.0000	3.86144	-2.24788
			vertex	45.0000	2.12393	-5.44622
			vertex	45.0000	3.44436	-2.02454
		endloop
	endfacet
	facet normal	-1.00000	0.000000	0.000000
		outer loop
			vertex	45.0000	1.66354	-5.06720
			vertex	45.0000	3.44436	-2.02454
			vertex	45.0000	2.12393	-5.44622
		endloop
	endfacet
	facet normal	-1.00000	0.000000	0.000000
		outer loop
			vertex	45.0000	3.44436	-2.02454
			vertex	45.0000	1.66354	-5.06720
			vertex	45.0000	3.05378	-1.75387
		endloop
	endfacet
	facet normal	-1.00000	0.000000	0.000000
		outer loop
			vertex	45.0000	7.46341	-2.40754
			vertex	45.0000	8.30746	-6.50436
			vertex	45.0000	7.05525	-2.53114
		endloop
	endfacet
	facet normal	-1.00000	0.000000	0.000000
		outer loop
			vertex	45.0000	7.77775	-6.63328
			vertex	45.0000	7.05525	-2.53114
			vertex	45.0000	8.30746	-6.50436
		endloop
	endfacet
	facet normal	-1.00000	0.000000	0.000000
		outer loop
			vertex	45.0000	7.05525	-2.53114
			vertex	45.0000	7.77775	-6.63328
			vertex	45.0000	6.59345	-2.61513
		endloop
	endfacet
	facet normal	-1.00000	0.000000	0.000000
		outer loop
			vertex	45.0000	10.1031	-5.54102
			vertex	45.0000	9.70382	-5.84567
			vertex	45.0000	7.74565	-2.28623
		endloop
	endfacet
	facet normal	-1.00000	0.000000	0.000000
		outer loop
			vertex	45.0000	9.26752	-6.11112
			vertex	45.0000	7.74565	-2.28623
			vertex	45.0000	9.70382	-5.84567
		endloop
	endfacet
	facet normal	-1.00000	0.000000	0.000000
		outer loop
			vertex	45.0000	7.74565	-2.28623
			vertex	45.0000	9.26752	-6.11112
			vertex	45.0000	7.46341	-2.40754
		endloop
	endfacet
	facet normal	-1.00000	0.000000	0.000000
		outer loop
			vertex	45.0000	8.80297	-6.33032
			vertex	45.0000	7.46341	-2.40754
			vertex	45.0000	9.26752	-6.11112
		endloop
	endfacet
	facet normal	-1.00000	0.000000	0.000000
		outer loop
			vertex	45.0000	7.46341	-2.40754
			vertex	45.0000	8.80297	-6.33032
			vertex	45.0000	8.30746	-6.50436
		endloop
	endfacet
	facet normal	-1.00000	0.000000	0.000000
		outer loop
			vertex	45.0000	4.30827	-2.42448
			vertex	45.0000	2.74754	-5.85558
			vertex	45.0000	3.86144	-2.24788
		endloop
	endfacet
	facet normal	-1.00000	0.000000	0.000000
		outer loop
			vertex	45.0000	2.26346	-5.54760
			vertex	45.0000	3.86144	-2.24788
			vertex	45.0000	2.74754	-5.85558
		endloop
	endfacet
	facet normal	-1.00000	0.000000	0.000000
		outer loop
			vertex	45.0000	3.86144	-2.24788
			vertex	45.0000	2.26346	-5.54760
			vertex	45.0000	2.12393	-5.44622
		endloop
	endfacet
	facet normal	-1.00000	0.000000	0.000000
		outer loop
			vertex	45.0000	12.0398	-2.33770
			vertex	45.0000	8.98590	-0.962001
			vertex	45.0000	12.1846	-1.67322
		endloop
	endfacet
	facet normal	-1.00000	0.000000	0.000000
		outer loop
			vertex	45.0000	9.15028	-0.522461
			vertex	45.0000	12.1846	-1.67322
			vertex	45.0000	8.98590	-0.962001
		endloop
	endfacet
	facet normal	-1.00000	0.000000	0.000000
		outer loop
			vertex	45.0000	12.1846	-1.67322
			vertex	45.0000	9.15028	-0.522461
			vertex	45.0000	12.3093	-0.850603
		endloop
	endfacet
	facet normal	-1.00000	0.000000	0.000000
		outer loop
			vertex	45.0000	9.29800	0.0237421
			vertex	45.0000	12.3093	-0.850603
			vertex	45.0000	9.15028	-0.522461
		endloop
	endfacet
	facet normal	-1.00000	0.000000	0.000000
		outer loop
			vertex	45.0000	12.3093	-0.850603
			vertex	45.0000	9.29800	0.0237421
			vertex	45.0000	12.4080	0.154513
		endloop
	endfacet
	facet normal	-1.00000	0.000000	0.000000
		outer loop
			vertex	45.0000	9.42436	0.693815
			vertex	45.0000	12.4080	0.154513
			vertex	45.0000	9.29800	0.0237421
		endloop
	endfacet
	facet normal	-1.00000	0.000000	0.000000
		outer loop
			vertex	45.0000	12.4080	0.154513
			vertex	45.0000	9.42436	0.693815
			vertex	45.0000	12.4739	1.36824
		endloop
	endfacet
	facet normal	-1.00000	0.000000	0.000000
		outer loop
			vertex	45.0000	9.52380	1.50646
			vertex	45.0000	12.4739	1.36824
			vertex	45.0000	9.42436	0.693815
		endloop
	endfacet
	facet normal	-1.00000	0.000000	0.000000
		outer loop
			vertex	45.0000	12.4739	1.36824
			vertex	45.0000	9.52380	1.50646
			vertex	45.0000	12.5000	2.93258
		endloop
	endfacet
	facet normal	-1.00000	0.000000	0.000000
		outer loop
			vertex	45.0000	1.16639	1.22668
			vertex	45.0000	1.36053	0.641643
			vertex	45.0000	-1.12042	-1.08145
		endloop
	endfacet
	facet normal	-1.00000	0.000000	0.000000
		outer loop
			vertex	45.0000	1.59291	0.103625
			vertex	45.0000	-1.12042	-1.08145
			vertex	45.0000	1.36053	0.641643
		endloop
	endfacet
	facet normal	-1.00000	0.000000	0.000000
		outer loop
			vertex	45.0000	-1.12042	-1.08145
			vertex	45.0000	1.59291	0.103625
			vertex	45.0000	-0.652325	-1.98247
		endloop
	endfacet
	facet normal	-1.00000	0.000000	0.000000
		outer loop
			vertex	45.0000	1.86306	-0.391134
			vertex	45.0000	-0.652325	-1.98247
			vertex	45.0000	1.59291	0.103625
		endloop
	endfacet
	facet normal	-1.00000	0.000000	0.000000
		outer loop
			vertex	45.0000	-0.652325	-1.98247
			vertex	45.0000	1.86306	-0.391134
			vertex	45.0000	-0.179648	-2.78906
		endloop
	endfacet
	facet normal	-1.00000	0.000000	0.000000
		outer loop
			vertex	45.0000	5.30684	-2.63311
			vertex	45.0000	4.41811	-6.51642
			vertex	45.0000	4.78867	-2.55358
		endloop
	endfacet
	facet normal	-1.00000	0.000000	0.000000
		outer loop
			vertex	45.0000	3.82151	-6.34062
			vertex	45.0000	4.78867	-2.55358
			vertex	45.0000	4.41811	-6.51642
		endloop
	endfacet
	facet normal	-1.00000	0.000000	0.000000
		outer loop
			vertex	45.0000	4.78867	-2.55358
			vertex	45.0000	3.82151	-6.34062
			vertex	45.0000	4.30827	-2.42448
		endloop
	endfacet
	facet normal	-1.00000	0.000000	0.000000
		outer loop
			vertex	45.0000	3.26584	-6.11999
			vertex	45.0000	4.30827	-2.42448
			vertex	45.0000	3.82151	-6.34062
		endloop
	endfacet
	facet normal	-1.00000	0.000000	0.000000
		outer loop
			vertex	45.0000	4.30827	-2.42448
			vertex	45.0000	3.26584	-6.11999
			vertex	45.0000	2.74754	-5.85558
		endloop
	endfacet
	facet normal	-1.00000	0.000000	0.000000
		outer loop
			vertex	45.0000	1.66354	-5.06720
			vertex	45.0000	1.20936	-4.62335
			vertex	45.0000	3.05378	-1.75387
		endloop
	endfacet
	facet normal	-1.00000	0.000000	0.000000
		outer loop
			vertex	45.0000	0.751065	-4.10083
			vertex	45.0000	3.05378	-1.75387
			vertex	45.0000	1.20936	-4.62335
		endloop
	endfacet
	facet normal	-1.00000	0.000000	0.000000
		outer loop
			vertex	45.0000	3.05378	-1.75387
			vertex	45.0000	0.751065	-4.10083
			vertex	45.0000	2.68714	-1.43404
		endloop
	endfacet
	facet normal	-1.00000	0.000000	0.000000
		outer loop
			vertex	45.0000	0.288158	-3.49218
			vertex	45.0000	2.68714	-1.43404
			vertex	45.0000	0.751065	-4.10083
		endloop
	endfacet
	facet normal	-1.00000	0.000000	0.000000
		outer loop
			vertex	45.0000	2.68714	-1.43404
			vertex	45.0000	0.288158	-3.49218
			vertex	45.0000	2.34265	-1.06202
		endloop
	endfacet
	facet normal	-1.00000	0.000000	0.000000
		outer loop
			vertex	45.0000	-0.179648	-2.78906
			vertex	45.0000	2.34265	-1.06202
			vertex	45.0000	0.288158	-3.49218
		endloop
	endfacet
	facet normal	-1.00000	0.000000	0.000000
		outer loop
			vertex	45.0000	2.34265	-1.06202
			vertex	45.0000	-0.179648	-2.78906
			vertex	45.0000	2.17264	-0.847623
		endloop
	endfacet
	facet normal	-1.00000	0.000000	0.000000
		outer loop
			vertex	45.0000	1.86306	-0.391134
			vertex	45.0000	2.17264	-0.847623
			vertex	45.0000	-0.179648	-2.78906
		endloop
	endfacet
	facet normal	-1.00000	0.000000	0.000000
		outer loop
			vertex	45.0000	9.52380	1.50646
			vertex	45.0000	9.59001	2.48175
			vertex	45.0000	12.5000	2.93258
		endloop
	endfacet
	facet normal	-1.00000	0.000000	0.000000
		outer loop
			vertex	45.0000	9.61613	3.73149
			vertex	45.0000	12.5000	2.93258
			vertex	45.0000	9.59001	2.48175
		endloop
	endfacet
	facet normal	-1.00000	0.000000	0.000000
		outer loop
			vertex	45.0000	12.5000	2.93258
			vertex	45.0000	9.61613	3.73149
			vertex	45.0000	12.5000	9.92790
		endloop
	endfacet
	facet normal	-1.00000	0.000000	0.000000
		outer loop
			vertex	45.0000	9.61613	6.08924
			vertex	45.0000	12.5000	9.92790
			vertex	45.0000	9.61613	3.73149
		endloop
	endfacet
	facet normal	-1.00000	0.000000	0.000000
		outer loop
			vertex	45.0000	12.5000	9.92790
			vertex	45.0000	9.61613	6.08924
			vertex	45.0000	0.808652	6.08924
		endloop
	endfacet
	facet normal	-1.00000	0.000000	0.000000
		outer loop
			vertex	45.0000	0.829956	3.30843
			vertex	45.0000	0.898738	2.55523
			vertex	45.0000	-1.12042	-1.08145
		endloop
	endfacet
	facet normal	-1.00000	0.000000	0.000000
		outer loop
			vertex	45.0000	1.01179	1.86299
			vertex	45.0000	-1.12042	-1.08145
			vertex	45.0000	0.898738	2.55523
		endloop
	endfacet
	facet normal	-1.00000	0.000000	0.000000
		outer loop
			vertex	45.0000	-1.12042	-1.08145
			vertex	45.0000	1.01179	1.86299
			vertex	45.0000	1.16639	1.22668
		endloop
	endfacet
	facet normal	-1.00000	0.000000	0.000000
		outer loop
			vertex	45.0000	7.77775	-6.63328
			vertex	45.0000	7.21011	-6.71610
			vertex	45.0000	6.59345	-2.61513
		endloop
	endfacet
	facet normal	-1.00000	0.000000	0.000000
		outer loop
			vertex	45.0000	6.61874	-6.75051
			vertex	45.0000	6.59345	-2.61513
			vertex	45.0000	7.21011	-6.71610
		endloop
	endfacet
	facet normal	-1.00000	0.000000	0.000000
		outer loop
			vertex	45.0000	6.59345	-2.61513
			vertex	45.0000	6.61874	-6.75051
			vertex	45.0000	6.06947	-2.65633
		endloop
	endfacet
	facet normal	-1.00000	0.000000	0.000000
		outer loop
			vertex	45.0000	6.47896	-6.75175
			vertex	45.0000	6.06947	-2.65633
			vertex	45.0000	6.61874	-6.75051
		endloop
	endfacet
	facet normal	-1.00000	0.000000	0.000000
		outer loop
			vertex	45.0000	6.06947	-2.65633
			vertex	45.0000	6.47896	-6.75175
			vertex	45.0000	5.85542	-2.65978
		endloop
	endfacet
	facet normal	-1.00000	0.000000	0.000000
		outer loop
			vertex	45.0000	5.75004	-6.72507
			vertex	45.0000	5.85542	-2.65978
			vertex	45.0000	6.47896	-6.75175
		endloop
	endfacet
	facet normal	-1.00000	0.000000	0.000000
		outer loop
			vertex	45.0000	5.85542	-2.65978
			vertex	45.0000	5.75004	-6.72507
			vertex	45.0000	5.30684	-2.63311
		endloop
	endfacet
	facet normal	-1.00000	0.000000	0.000000
		outer loop
			vertex	45.0000	5.05959	-6.64548
			vertex	45.0000	5.30684	-2.63311
			vertex	45.0000	5.75004	-6.72507
		endloop
	endfacet
	facet normal	-1.00000	0.000000	0.000000
		outer loop
			vertex	45.0000	5.30684	-2.63311
			vertex	45.0000	5.05959	-6.64548
			vertex	45.0000	4.41811	-6.51642
		endloop
	endfacet
	facet normal	-1.00000	0.000000	0.000000
		outer loop
			vertex	45.0000	-2.09470	2.62081
			vertex	45.0000	0.808652	6.08924
			vertex	45.0000	-1.12042	-1.08145
		endloop
	endfacet
	facet normal	-1.00000	0.000000	0.000000
		outer loop
			vertex	45.0000	0.808652	4.06274
			vertex	45.0000	-1.12042	-1.08145
			vertex	45.0000	0.808652	6.08924
		endloop
	endfacet
	facet normal	-1.00000	0.000000	0.000000
		outer loop
			vertex	45.0000	-1.12042	-1.08145
			vertex	45.0000	0.808652	4.06274
			vertex	45.0000	0.829956	3.30843
		endloop
	endfacet
	facet normal	1.00000	0.000000	0.000000
		outer loop
			vertex	45.5000	0.808652	6.08924
			vertex	45.5000	9.61613	6.08924
			vertex	45.5000	12.5000	9.92790
		endloop
	endfacet
	facet normal	1.00000	0.000000	0.000000
		outer loop
			vertex	45.5000	3.86144	-2.24788
			vertex	45.5000	2.74754	-5.85558
			vertex	45.5000	4.30827	-2.42448
		endloop
	endfacet
	facet normal	1.00000	0.000000	0.000000
		outer loop
			vertex	45.5000	3.26584	-6.11999
			vertex	45.5000	4.30827	-2.42448
			vertex	45.5000	2.74754	-5.85558
		endloop
	endfacet
	facet normal	1.00000	0.000000	0.000000
		outer loop
			vertex	45.5000	4.30827	-2.42448
			vertex	45.5000	3.26584	-6.11999
			vertex	45.5000	4.78867	-2.55358
		endloop
	endfacet
	facet normal	1.00000	0.000000	0.000000
		outer loop
			vertex	45.5000	3.44436	-2.02454
			vertex	45.5000	2.12393	-5.44622
			vertex	45.5000	3.86144	-2.24788
		endloop
	endfacet
	facet normal	1.00000	0.000000	0.000000
		outer loop
			vertex	45.5000	2.26346	-5.54760
			vertex	45.5000	3.86144	-2.24788
			vertex	45.5000	2.12393	-5.44622
		endloop
	endfacet
	facet normal	1.00000	0.000000	0.000000
		outer loop
			vertex	45.5000	3.86144	-2.24788
			vertex	45.5000	2.26346	-5.54760
			vertex	45.5000	2.74754	-5.85558
		endloop
	endfacet
	facet normal	1.00000	0.000000	0.000000
		outer loop
			vertex	45.5000	-12.5000	-5.27085
			vertex	45.5000	-12.5000	-9.92790
			vertex	45.5000	-2.09470	2.62081
		endloop
	endfacet
	facet normal	1.00000	0.000000	0.000000
		outer loop
			vertex	45.5000	-1.12042	-1.08145
			vertex	45.5000	-2.09470	2.62081
			vertex	45.5000	-12.5000	-9.92790
		endloop
	endfacet
	facet normal	1.00000	0.000000	0.000000
		outer loop
			vertex	45.5000	-2.09470	2.62081
			vertex	45.5000	-1.12042	-1.08145
			vertex	45.5000	-2.09470	6.08924
		endloop
	endfacet
	facet normal	1.00000	0.000000	0.000000
		outer loop
			vertex	45.5000	8.35675	-1.87050
			vertex	45.5000	11.1883	-4.27736
			vertex	45.5000	8.60619	-1.60308
		endloop
	endfacet
	facet normal	1.00000	0.000000	0.000000
		outer loop
			vertex	45.5000	11.5003	-3.73123
			vertex	45.5000	8.60619	-1.60308
			vertex	45.5000	11.1883	-4.27736
		endloop
	endfacet
	facet normal	1.00000	0.000000	0.000000
		outer loop
			vertex	45.5000	8.60619	-1.60308
			vertex	45.5000	11.5003	-3.73123
			vertex	45.5000	8.81723	-1.29579
		endloop
	endfacet
	facet normal	1.00000	0.000000	0.000000
		outer loop
			vertex	45.5000	8.07087	-2.09727
			vertex	45.5000	10.4891	-5.17701
			vertex	45.5000	8.35675	-1.87050
		endloop
	endfacet
	facet normal	1.00000	0.000000	0.000000
		outer loop
			vertex	45.5000	10.8509	-4.75744
			vertex	45.5000	8.35675	-1.87050
			vertex	45.5000	10.4891	-5.17701
		endloop
	endfacet
	facet normal	1.00000	0.000000	0.000000
		outer loop
			vertex	45.5000	8.35675	-1.87050
			vertex	45.5000	10.8509	-4.75744
			vertex	45.5000	11.1883	-4.27736
		endloop
	endfacet
	facet normal	1.00000	0.000000	0.000000
		outer loop
			vertex	45.5000	-0.179648	-2.78906
			vertex	45.5000	0.288158	-3.49218
			vertex	45.5000	2.68714	-1.43404
		endloop
	endfacet
	facet normal	1.00000	0.000000	0.000000
		outer loop
			vertex	45.5000	0.751065	-4.10083
			vertex	45.5000	2.68714	-1.43404
			vertex	45.5000	0.288158	-3.49218
		endloop
	endfacet
	facet normal	1.00000	0.000000	0.000000
		outer loop
			vertex	45.5000	2.68714	-1.43404
			vertex	45.5000	0.751065	-4.10083
			vertex	45.5000	3.05378	-1.75387
		endloop
	endfacet
	facet normal	1.00000	0.000000	0.000000
		outer loop
			vertex	45.5000	1.20936	-4.62335
			vertex	45.5000	3.05378	-1.75387
			vertex	45.5000	0.751065	-4.10083
		endloop
	endfacet
	facet normal	1.00000	0.000000	0.000000
		outer loop
			vertex	45.5000	3.05378	-1.75387
			vertex	45.5000	1.20936	-4.62335
			vertex	45.5000	3.44436	-2.02454
		endloop
	endfacet
	facet normal	1.00000	0.000000	0.000000
		outer loop
			vertex	45.5000	1.66354	-5.06720
			vertex	45.5000	3.44436	-2.02454
			vertex	45.5000	1.20936	-4.62335
		endloop
	endfacet
	facet normal	1.00000	0.000000	0.000000
		outer loop
			vertex	45.5000	3.44436	-2.02454
			vertex	45.5000	1.66354	-5.06720
			vertex	45.5000	2.12393	-5.44622
		endloop
	endfacet
	facet normal	1.00000	0.000000	0.000000
		outer loop
			vertex	45.5000	7.46341	-2.40754
			vertex	45.5000	9.26752	-6.11112
			vertex	45.5000	7.74565	-2.28623
		endloop
	endfacet
	facet normal	1.00000	0.000000	0.000000
		outer loop
			vertex	45.5000	9.70382	-5.84567
			vertex	45.5000	7.74565	-2.28623
			vertex	45.5000	9.26752	-6.11112
		endloop
	endfacet
	facet normal	1.00000	0.000000	0.000000
		outer loop
			vertex	45.5000	7.74565	-2.28623
			vertex	45.5000	9.70382	-5.84567
			vertex	45.5000	8.07087	-2.09727
		endloop
	endfacet
	facet normal	1.00000	0.000000	0.000000
		outer loop
			vertex	45.5000	10.1031	-5.54102
			vertex	45.5000	8.07087	-2.09727
			vertex	45.5000	9.70382	-5.84567
		endloop
	endfacet
	facet normal	1.00000	0.000000	0.000000
		outer loop
			vertex	45.5000	8.07087	-2.09727
			vertex	45.5000	10.1031	-5.54102
			vertex	45.5000	10.4891	-5.17701
		endloop
	endfacet
	facet normal	1.00000	0.000000	0.000000
		outer loop
			vertex	45.5000	7.05525	-2.53114
			vertex	45.5000	8.30746	-6.50436
			vertex	45.5000	7.46341	-2.40754
		endloop
	endfacet
	facet normal	1.00000	0.000000	0.000000
		outer loop
			vertex	45.5000	8.80297	-6.33032
			vertex	45.5000	7.46341	-2.40754
			vertex	45.5000	8.30746	-6.50436
		endloop
	endfacet
	facet normal	1.00000	0.000000	0.000000
		outer loop
			vertex	45.5000	7.46341	-2.40754
			vertex	45.5000	8.80297	-6.33032
			vertex	45.5000	9.26752	-6.11112
		endloop
	endfacet
	facet normal	1.00000	0.000000	0.000000
		outer loop
			vertex	45.5000	6.06947	-2.65633
			vertex	45.5000	6.61874	-6.75051
			vertex	45.5000	6.59345	-2.61513
		endloop
	endfacet
	facet normal	1.00000	0.000000	0.000000
		outer loop
			vertex	45.5000	7.21011	-6.71610
			vertex	45.5000	6.59345	-2.61513
			vertex	45.5000	6.61874	-6.75051
		endloop
	endfacet
	facet normal	1.00000	0.000000	0.000000
		outer loop
			vertex	45.5000	6.59345	-2.61513
			vertex	45.5000	7.21011	-6.71610
			vertex	45.5000	7.05525	-2.53114
		endloop
	endfacet
	facet normal	1.00000	0.000000	0.000000
		outer loop
			vertex	45.5000	7.77775	-6.63328
			vertex	45.5000	7.05525	-2.53114
			vertex	45.5000	7.21011	-6.71610
		endloop
	endfacet
	facet normal	1.00000	0.000000	0.000000
		outer loop
			vertex	45.5000	7.05525	-2.53114
			vertex	45.5000	7.77775	-6.63328
			vertex	45.5000	8.30746	-6.50436
		endloop
	endfacet
	facet normal	1.00000	0.000000	0.000000
		outer loop
			vertex	45.5000	3.26584	-6.11999
			vertex	45.5000	3.82151	-6.34062
			vertex	45.5000	4.78867	-2.55358
		endloop
	endfacet
	facet normal	1.00000	0.000000	0.000000
		outer loop
			vertex	45.5000	4.41811	-6.51642
			vertex	45.5000	4.78867	-2.55358
			vertex	45.5000	3.82151	-6.34062
		endloop
	endfacet
	facet normal	1.00000	0.000000	0.000000
		outer loop
			vertex	45.5000	4.78867	-2.55358
			vertex	45.5000	4.41811	-6.51642
			vertex	45.5000	5.30684	-2.63311
		endloop
	endfacet
	facet normal	1.00000	0.000000	0.000000
		outer loop
			vertex	45.5000	5.05959	-6.64548
			vertex	45.5000	5.30684	-2.63311
			vertex	45.5000	4.41811	-6.51642
		endloop
	endfacet
	facet normal	1.00000	0.000000	0.000000
		outer loop
			vertex	45.5000	5.30684	-2.63311
			vertex	45.5000	5.05959	-6.64548
			vertex	45.5000	5.85542	-2.65978
		endloop
	endfacet
	facet normal	1.00000	0.000000	0.000000
		outer loop
			vertex	45.5000	5.75004	-6.72507
			vertex	45.5000	5.85542	-2.65978
			vertex	45.5000	5.05959	-6.64548
		endloop
	endfacet
	facet normal	1.00000	0.000000	0.000000
		outer loop
			vertex	45.5000	5.85542	-2.65978
			vertex	45.5000	5.75004	-6.72507
			vertex	45.5000	6.06947	-2.65633
		endloop
	endfacet
	facet normal	1.00000	0.000000	0.000000
		outer loop
			vertex	45.5000	6.47896	-6.75175
			vertex	45.5000	6.06947	-2.65633
			vertex	45.5000	5.75004	-6.72507
		endloop
	endfacet
	facet normal	1.00000	0.000000	0.000000
		outer loop
			vertex	45.5000	6.06947	-2.65633
			vertex	45.5000	6.47896	-6.75175
			vertex	45.5000	6.61874	-6.75051
		endloop
	endfacet
	facet normal	1.00000	0.000000	0.000000
		outer loop
			vertex	45.5000	2.68714	-1.43404
			vertex	45.5000	2.34265	-1.06202
			vertex	45.5000	-0.179648	-2.78906
		endloop
	endfacet
	facet normal	1.00000	0.000000	0.000000
		outer loop
			vertex	45.5000	2.17264	-0.847623
			vertex	45.5000	-0.179648	-2.78906
			vertex	45.5000	2.34265	-1.06202
		endloop
	endfacet
	facet normal	1.00000	0.000000	0.000000
		outer loop
			vertex	45.5000	-0.179648	-2.78906
			vertex	45.5000	2.17264	-0.847623
			vertex	45.5000	-0.652325	-1.98247
		endloop
	endfacet
	facet normal	1.00000	0.000000	0.000000
		outer loop
			vertex	45.5000	1.86306	-0.391134
			vertex	45.5000	-0.652325	-1.98247
			vertex	45.5000	2.17264	-0.847623
		endloop
	endfacet
	facet normal	1.00000	0.000000	0.000000
		outer loop
			vertex	45.5000	-0.652325	-1.98247
			vertex	45.5000	1.86306	-0.391134
			vertex	45.5000	-1.12042	-1.08145
		endloop
	endfacet
	facet normal	1.00000	0.000000	0.000000
		outer loop
			vertex	45.5000	1.86306	-0.391134
			vertex	45.5000	1.59291	0.103625
			vertex	45.5000	-1.12042	-1.08145
		endloop
	endfacet
	facet normal	1.00000	0.000000	0.000000
		outer loop
			vertex	45.5000	1.36053	0.641643
			vertex	45.5000	-1.12042	-1.08145
			vertex	45.5000	1.59291	0.103625
		endloop
	endfacet
	facet normal	1.00000	0.000000	0.000000
		outer loop
			vertex	45.5000	-1.12042	-1.08145
			vertex	45.5000	1.36053	0.641643
			vertex	45.5000	1.16639	1.22668
		endloop
	endfacet
	facet normal	1.00000	0.000000	0.000000
		outer loop
			vertex	45.5000	12.5000	9.92790
			vertex	45.5000	9.61613	6.08924
			vertex	45.5000	12.5000	2.93258
		endloop
	endfacet
	facet normal	1.00000	0.000000	0.000000
		outer loop
			vertex	45.5000	1.16639	1.22668
			vertex	45.5000	1.01179	1.86299
			vertex	45.5000	-1.12042	-1.08145
		endloop
	endfacet
	facet normal	1.00000	0.000000	0.000000
		outer loop
			vertex	45.5000	0.898738	2.55523
			vertex	45.5000	-1.12042	-1.08145
			vertex	45.5000	1.01179	1.86299
		endloop
	endfacet
	facet normal	1.00000	0.000000	0.000000
		outer loop
			vertex	45.5000	-1.12042	-1.08145
			vertex	45.5000	0.898738	2.55523
			vertex	45.5000	0.829956	3.30843
		endloop
	endfacet
	facet normal	1.00000	0.000000	0.000000
		outer loop
			vertex	45.5000	11.5003	-3.73123
			vertex	45.5000	11.7790	-3.12744
			vertex	45.5000	8.81723	-1.29579
		endloop
	endfacet
	facet normal	1.00000	0.000000	0.000000
		outer loop
			vertex	45.5000	11.8802	-2.86656
			vertex	45.5000	8.81723	-1.29579
			vertex	45.5000	11.7790	-3.12744
		endloop
	endfacet
	facet normal	1.00000	0.000000	0.000000
		outer loop
			vertex	45.5000	8.81723	-1.29579
			vertex	45.5000	11.8802	-2.86656
			vertex	45.5000	8.98590	-0.962001
		endloop
	endfacet
	facet normal	1.00000	0.000000	0.000000
		outer loop
			vertex	45.5000	12.0398	-2.33770
			vertex	45.5000	8.98590	-0.962001
			vertex	45.5000	11.8802	-2.86656
		endloop
	endfacet
	facet normal	1.00000	0.000000	0.000000
		outer loop
			vertex	45.5000	8.98590	-0.962001
			vertex	45.5000	12.0398	-2.33770
			vertex	45.5000	9.15028	-0.522461
		endloop
	endfacet
	facet normal	1.00000	0.000000	0.000000
		outer loop
			vertex	45.5000	12.1846	-1.67322
			vertex	45.5000	9.15028	-0.522461
			vertex	45.5000	12.0398	-2.33770
		endloop
	endfacet
	facet normal	1.00000	0.000000	0.000000
		outer loop
			vertex	45.5000	9.15028	-0.522461
			vertex	45.5000	12.1846	-1.67322
			vertex	45.5000	9.29800	0.0237421
		endloop
	endfacet
	facet normal	1.00000	0.000000	0.000000
		outer loop
			vertex	45.5000	12.3093	-0.850603
			vertex	45.5000	9.29800	0.0237421
			vertex	45.5000	12.1846	-1.67322
		endloop
	endfacet
	facet normal	1.00000	0.000000	0.000000
		outer loop
			vertex	45.5000	9.29800	0.0237421
			vertex	45.5000	12.3093	-0.850603
			vertex	45.5000	9.42436	0.693815
		endloop
	endfacet
	facet normal	1.00000	0.000000	0.000000
		outer loop
			vertex	45.5000	12.4080	0.154513
			vertex	45.5000	9.42436	0.693815
			vertex	45.5000	12.3093	-0.850603
		endloop
	endfacet
	facet normal	1.00000	0.000000	0.000000
		outer loop
			vertex	45.5000	9.42436	0.693815
			vertex	45.5000	12.4080	0.154513
			vertex	45.5000	9.52380	1.50646
		endloop
	endfacet
	facet normal	1.00000	0.000000	0.000000
		outer loop
			vertex	45.5000	12.4739	1.36824
			vertex	45.5000	9.52380	1.50646
			vertex	45.5000	12.4080	0.154513
		endloop
	endfacet
	facet normal	1.00000	0.000000	0.000000
		outer loop
			vertex	45.5000	9.52380	1.50646
			vertex	45.5000	12.4739	1.36824
			vertex	45.5000	9.59001	2.48175
		endloop
	endfacet
	facet normal	1.00000	0.000000	0.000000
		outer loop
			vertex	45.5000	12.5000	2.93258
			vertex	45.5000	9.59001	2.48175
			vertex	45.5000	12.4739	1.36824
		endloop
	endfacet
	facet normal	1.00000	0.000000	0.000000
		outer loop
			vertex	45.5000	9.59001	2.48175
			vertex	45.5000	12.5000	2.93258
			vertex	45.5000	9.61613	3.73149
		endloop
	endfacet
	facet normal	1.00000	0.000000	0.000000
		outer loop
			vertex	45.5000	9.61613	6.08924
			vertex	45.5000	9.61613	3.73149
			vertex	45.5000	12.5000	2.93258
		endloop
	endfacet
	facet normal	1.00000	0.000000	0.000000
		outer loop
			vertex	45.5000	-12.5000	9.92790
			vertex	45.5000	-12.5000	6.08924
			vertex	45.5000	12.5000	9.92790
		endloop
	endfacet
	facet normal	1.00000	0.000000	0.000000
		outer loop
			vertex	45.5000	-2.09470	6.08924
			vertex	45.5000	12.5000	9.92790
			vertex	45.5000	-12.5000	6.08924
		endloop
	endfacet
	facet normal	1.00000	0.000000	0.000000
		outer loop
			vertex	45.5000	12.5000	9.92790
			vertex	45.5000	-2.09470	6.08924
			vertex	45.5000	0.808652	6.08924
		endloop
	endfacet
	facet normal	1.00000	0.000000	0.000000
		outer loop
			vertex	45.5000	-1.12042	-1.08145
			vertex	45.5000	0.808652	6.08924
			vertex	45.5000	-2.09470	6.08924
		endloop
	endfacet
	facet normal	1.00000	0.000000	0.000000
		outer loop
			vertex	45.5000	0.808652	6.08924
			vertex	45.5000	-1.12042	-1.08145
			vertex	45.5000	0.808652	4.06274
		endloop
	endfacet
	facet normal	1.00000	0.000000	0.000000
		outer loop
			vertex	45.5000	0.829956	3.30843
			vertex	45.5000	0.808652	4.06274
			vertex	45.5000	-1.12042	-1.08145
		endloop
	endfacet
	facet normal	0.000000	-1.00000	0.000000
		outer loop
			vertex	-8.89517	-12.5000	45.0000
			vertex	-5.05651	-12.5000	45.0000
			vertex	-8.89517	-12.5000	45.5000
		endloop
	endfacet
	facet normal	0.000000	-1.00000	0.000000
		outer loop
			vertex	-5.05651	-12.5000	45.5000
			vertex	-8.89517	-12.5000	45.5000
			vertex	-5.05651	-12.5000	45.0000
		endloop
	endfacet
	facet normal	1.00000	0.000000	0.000000
		outer loop
			vertex	-5.05651	-12.5000	45.0000
			vertex	-5.05651	-1.88036	45.0000
			vertex	-5.05651	-12.5000	45.5000
		endloop
	endfacet
	facet normal	1.00000	0.000000	0.000000
		outer loop
			vertex	-5.05651	-1.88036	45.5000
			vertex	-5.05651	-12.5000	45.5000
			vertex	-5.05651	-1.88036	45.0000
		endloop
	endfacet
	facet normal	0.000000	-1.00000	0.000000
		outer loop
			vertex	-5.05651	-1.88036	45.0000
			vertex	6.84918	-1.88036	45.0000
			vertex	-5.05651	-1.88036	45.5000
		endloop
	endfacet
	facet normal	0.000000	-1.00000	0.000000
		outer loop
			vertex	6.84918	-1.88036	45.5000
			vertex	-5.05651	-1.88036	45.5000
			vertex	6.84918	-1.88036	45.0000
		endloop
	endfacet
	facet normal	1.00000	0.000000	0.000000
		outer loop
			vertex	6.84918	-1.88036	45.0000
			vertex	6.84918	1.00351	45.0000
			vertex	6.84918	-1.88036	45.5000
		endloop
	endfacet
	facet normal	1.00000	0.000000	0.000000
		outer loop
			vertex	6.84918	1.00351	45.5000
			vertex	6.84918	-1.88036	45.5000
			vertex	6.84918	1.00351	45.0000
		endloop
	endfacet
	facet normal	0.000000	1.00000	0.000000
		outer loop
			vertex	6.84918	1.00351	45.0000
			vertex	-5.05651	1.00351	45.0000
			vertex	6.84918	1.00351	45.5000
		endloop
	endfacet
	facet normal	0.000000	1.00000	0.000000
		outer loop
			vertex	-5.05651	1.00351	45.5000
			vertex	6.84918	1.00351	45.5000
			vertex	-5.05651	1.00351	45.0000
		endloop
	endfacet
	facet normal	1.00000	0.000000	0.000000
		outer loop
			vertex	-5.05651	1.00351	45.0000
			vertex	-5.05651	9.61613	45.0000
			vertex	-5.05651	1.00351	45.5000
		endloop
	endfacet
	facet normal	1.00000	0.000000	0.000000
		outer loop
			vertex	-5.05651	9.61613	45.5000
			vertex	-5.05651	1.00351	45.5000
			vertex	-5.05651	9.61613	45.0000
		endloop
	endfacet
	facet normal	0.000000	-1.00000	0.000000
		outer loop
			vertex	-5.05651	9.61613	45.0000
			vertex	8.89517	9.61613	45.0000
			vertex	-5.05651	9.61613	45.5000
		endloop
	endfacet
	facet normal	0.000000	-1.00000	0.000000
		outer loop
			vertex	8.89517	9.61613	45.5000
			vertex	-5.05651	9.61613	45.5000
			vertex	8.89517	9.61613	45.0000
		endloop
	endfacet
	facet normal	1.00000	0.000000	0.000000
		outer loop
			vertex	8.89517	9.61613	45.0000
			vertex	8.89517	12.5000	45.0000
			vertex	8.89517	9.61613	45.5000
		endloop
	endfacet
	facet normal	1.00000	0.000000	0.000000
		outer loop
			vertex	8.89517	12.5000	45.5000
			vertex	8.89517	9.61613	45.5000
			vertex	8.89517	12.5000	45.0000
		endloop
	endfacet
	facet normal	0.000000	1.00000	0.000000
		outer loop
			vertex	8.89517	12.5000	45.0000
			vertex	-8.89517	12.5000	45.0000
			vertex	8.89517	12.5000	45.5000
		endloop
	endfacet
	facet normal	0.000000	1.00000	0.000000
		outer loop
			vertex	-8.89517	12.5000	45.5000
			vertex	8.89517	12.5000	45.5000
			vertex	-8.89517	12.5000	45.0000
		endloop
	endfacet
	facet normal	-1.00000	0.000000	0.000000
		outer loop
			vertex	-8.89517	12.5000	45.0000
			vertex	-8.89517	-12.5000	45.0000
			vertex	-8.89517	12.5000	45.5000
		endloop
	endfacet
	facet normal	-1.00000	0.000000	0.000000
		outer loop
			vertex	-8.89517	-12.5000	45.5000
			vertex	-8.89517	12.5000	45.5000
			vertex	-8.89517	-12.5000	45.0000
		endloop
	endfacet
	facet normal	0.000000	0.000000	-1.00000
		outer loop
			vertex	-5.05651	-1.88036	45.0000
			vertex	-5.05651	-12.5000	45.0000
			vertex	-8.89517	-12.5000	45.0000
		endloop
	endfacet
	facet normal	0.000000	0.000000	-1.00000
		outer loop
			vertex	-5.05651	1.00351	45.0000
			vertex	6.84918	1.00351	45.0000
			vertex	6.84918	-1.88036	45.0000
		endloop
	endfacet
	facet normal	0.000000	0.000000	-1.00000
		outer loop
			vertex	6.84918	-1.88036	45.0000
			vertex	-5.05651	-1.88036	45.0000
			vertex	-5.05651	1.00351	45.0000
		endloop
	endfacet
	facet normal	0.000000	0.000000	-1.00000
		outer loop
			vertex	-8.89517	-12.5000	45.0000
			vertex	-5.05651	1.00351	45.0000
			vertex	-5.05651	-1.88036	45.0000
		endloop
	endfacet
	facet normal	0.000000	0.000000	-1.00000
		outer loop
			vertex	-5.05651	1.00351	45.0000
			vertex	-8.89517	-12.5000	45.0000
			vertex	-5.05651	9.61613	45.0000
		endloop
	endfacet
	facet normal	0.000000	0.000000	-1.00000
		outer loop
			vertex	-8.89517	12.5000	45.0000
			vertex	-5.05651	9.61613	45.0000
			vertex	-8.89517	-12.5000	45.0000
		endloop
	endfacet
	facet normal	0.000000	0.000000	-1.00000
		outer loop
			vertex	-5.05651	9.61613	45.0000
			vertex	-8.89517	12.5000	45.0000
			vertex	8.89517	9.61613	45.0000
		endloop
	endfacet
	facet normal	0.000000	0.000000	-1.00000
		outer loop
			vertex	8.89517	12.5000	45.0000
			vertex	8.89517	9.61613	45.0000
			vertex	-8.89517	12.5000	45.0000
		endloop
	endfacet
	facet normal	0.000000	0.000000	1.00000
		outer loop
			vertex	-8.89517	-12.5000	45.5000
			vertex	-5.05651	-12.5000	45.5000
			vertex	-8.89517	12.5000	45.5000
		endloop
	endfacet
	facet normal	0.000000	0.000000	1.00000
		outer loop
			vertex	-5.05651	-1.88036	45.5000
			vertex	-8.89517	12.5000	45.5000
			vertex	-5.05651	-12.5000	45.5000
		endloop
	endfacet
	facet normal	0.000000	0.000000	1.00000
		outer loop
			vertex	8.89517	9.61613	45.5000
			vertex	8.89517	12.5000	45.5000
			vertex	-5.05651	9.61613	45.5000
		endloop
	endfacet
	facet normal	0.000000	0.000000	1.00000
		outer loop
			vertex	-8.89517	12.5000	45.5000
			vertex	-5.05651	9.61613	45.5000
			vertex	8.89517	12.5000	45.5000
		endloop
	endfacet
	facet normal	0.000000	0.000000	1.00000
		outer loop
			vertex	-5.05651	9.61613	45.5000
			vertex	-8.89517	12.5000	45.5000
			vertex	-5.05651	1.00351	45.5000
		endloop
	endfacet
	facet normal	0.000000	0.000000	1.00000
		outer loop
			vertex	-5.05651	-1.88036	45.5000
			vertex	-5.05651	1.00351	45.5000
			vertex	-8.89517	12.5000	45.5000
		endloop
	endfacet
	facet normal	0.000000	0.000000	1.00000
		outer loop
			vertex	-5.05651	1.00351	45.5000
			vertex	-5.05651	-1.88036	45.5000
			vertex	6.84918	1.00351	45.5000
		endloop
	endfacet
	facet normal	0.000000	0.000000	1.00000
		outer loop
			vertex	6.84918	-1.88036	45.5000
			vertex	6.84918	1.00351	45.5000
			vertex	-5.05651	-1.88036	45.5000
		endloop
	endfacet
	facet normal	-0.821781	0.000000	0.569803
		outer loop
			vertex	1.52377	-45.0000	-3.22291
			vertex	1.52377	-45.5000	-3.22291
			vertex	1.57656	-45.5000	-3.14678
		endloop
	endfacet
	facet normal	-0.821781	0.000000	0.569803
		outer loop
			vertex	1.52377	-45.0000	-3.22291
			vertex	1.57656	-45.5000	-3.14678
			vertex	1.57656	-45.0000	-3.14678
		endloop
	endfacet
	facet normal	-0.867631	0.000000	0.497208
		outer loop
			vertex	1.75734	-45.5000	-2.83132
			vertex	1.57656	-45.0000	-3.14678
			vertex	1.57656	-45.5000	-3.14678
		endloop
	endfacet
	facet normal	-0.867631	0.000000	0.497208
		outer loop
			vertex	1.57656	-45.0000	-3.14678
			vertex	1.75734	-45.5000	-2.83132
			vertex	1.75734	-45.0000	-2.83132
		endloop
	endfacet
	facet normal	-0.926454	0.000000	0.376407
		outer loop
			vertex	1.91983	-45.5000	-2.43137
			vertex	1.75734	-45.0000	-2.83132
			vertex	1.75734	-45.5000	-2.83132
		endloop
	endfacet
	facet normal	-0.926454	0.000000	0.376407
		outer loop
			vertex	1.75734	-45.0000	-2.83132
			vertex	1.91983	-45.5000	-2.43137
			vertex	1.91983	-45.0000	-2.43137
		endloop
	endfacet
	facet normal	-0.967041	0.000000	0.254622
		outer loop
			vertex	2.04290	-45.5000	-1.96399
			vertex	1.91983	-45.0000	-2.43137
			vertex	1.91983	-45.5000	-2.43137
		endloop
	endfacet
	facet normal	-0.967041	0.000000	0.254622
		outer loop
			vertex	1.91983	-45.0000	-2.43137
			vertex	2.04290	-45.5000	-1.96399
			vertex	2.04290	-45.0000	-1.96399
		endloop
	endfacet
	facet normal	-0.989850	0.000000	0.142116
		outer loop
			vertex	2.12098	-45.5000	-1.42013
			vertex	2.04290	-45.0000	-1.96399
			vertex	2.04290	-45.5000	-1.96399
		endloop
	endfacet
	facet normal	-0.989850	0.000000	0.142116
		outer loop
			vertex	2.04290	-45.0000	-1.96399
			vertex	2.12098	-45.5000	-1.42013
			vertex	2.12098	-45.0000	-1.42013
		endloop
	endfacet
	facet normal	-0.999056	0.000000	0.0434361
		outer loop
			vertex	2.14731	-45.5000	-0.814497
			vertex	2.12098	-45.0000	-1.42013
			vertex	2.12098	-45.5000	-1.42013
		endloop
	endfacet
	facet normal	-0.999056	0.000000	0.0434361
		outer loop
			vertex	2.12098	-45.0000	-1.42013
			vertex	2.14731	-45.5000	-0.814497
			vertex	2.14731	-45.0000	-0.814497
		endloop
	endfacet
	facet normal	-0.999811	0.000000	-0.0194571
		outer loop
			vertex	2.14731	-45.0000	-0.814497
			vertex	2.14731	-45.5000	-0.814497
			vertex	2.14182	-45.5000	-0.532106
		endloop
	endfacet
	facet normal	-0.999811	0.000000	-0.0194571
		outer loop
			vertex	2.14731	-45.0000	-0.814497
			vertex	2.14182	-45.5000	-0.532106
			vertex	2.14182	-45.0000	-0.532106
		endloop
	endfacet
	facet normal	-0.996484	0.000000	-0.0837785
		outer loop
			vertex	2.09636	-45.5000	0.00859318
			vertex	2.14182	-45.0000	-0.532106
			vertex	2.14182	-45.5000	-0.532106
		endloop
	endfacet
	facet normal	-0.996484	0.000000	-0.0837785
		outer loop
			vertex	2.14182	-45.0000	-0.532106
			vertex	2.09636	-45.5000	0.00859318
			vertex	2.09636	-45.0000	0.00859318
		endloop
	endfacet
	facet normal	-0.983477	0.000000	-0.181031
		outer loop
			vertex	2.00902	-45.5000	0.483054
			vertex	2.09636	-45.0000	0.00859318
			vertex	2.09636	-45.5000	0.00859318
		endloop
	endfacet
	facet normal	-0.983477	0.000000	-0.181031
		outer loop
			vertex	2.09636	-45.0000	0.00859318
			vertex	2.00902	-45.5000	0.483054
			vertex	2.00902	-45.0000	0.483054
		endloop
	endfacet
	facet normal	-0.957445	0.000000	-0.288616
		outer loop
			vertex	1.88360	-45.5000	0.899126
			vertex	2.00902	-45.0000	0.483054
			vertex	2.00902	-45.5000	0.483054
		endloop
	endfacet
	facet normal	-0.957445	0.000000	-0.288616
		outer loop
			vertex	2.00902	-45.0000	0.483054
			vertex	1.88360	-45.5000	0.899126
			vertex	1.88360	-45.0000	0.899126
		endloop
	endfacet
	facet normal	-0.914619	0.000000	-0.404317
		outer loop
			vertex	1.72241	-45.5000	1.26375
			vertex	1.88360	-45.0000	0.899126
			vertex	1.88360	-45.5000	0.899126
		endloop
	endfacet
	facet normal	-0.914619	0.000000	-0.404317
		outer loop
			vertex	1.88360	-45.0000	0.899126
			vertex	1.72241	-45.5000	1.26375
			vertex	1.72241	-45.0000	1.26375
		endloop
	endfacet
	facet normal	-0.851357	0.000000	-0.524587
		outer loop
			vertex	1.52377	-45.5000	1.58613
			vertex	1.72241	-45.0000	1.26375
			vertex	1.72241	-45.5000	1.26375
		endloop
	endfacet
	facet normal	-0.851357	0.000000	-0.524587
		outer loop
			vertex	1.72241	-45.0000	1.26375
			vertex	1.52377	-45.5000	1.58613
			vertex	1.52377	-45.0000	1.58613
		endloop
	endfacet
	facet normal	-0.771168	0.000000	-0.636632
		outer loop
			vertex	1.52377	-45.0000	1.58613
			vertex	1.52377	-45.5000	1.58613
			vertex	1.32380	-45.5000	1.82836
		endloop
	endfacet
	facet normal	-0.771168	0.000000	-0.636632
		outer loop
			vertex	1.52377	-45.0000	1.58613
			vertex	1.32380	-45.5000	1.82836
			vertex	1.32380	-45.0000	1.82836
		endloop
	endfacet
	facet normal	-0.668699	0.000000	-0.743533
		outer loop
			vertex	1.08006	-45.5000	2.04757
			vertex	1.32380	-45.0000	1.82836
			vertex	1.32380	-45.5000	1.82836
		endloop
	endfacet
	facet normal	-0.668699	0.000000	-0.743533
		outer loop
			vertex	1.32380	-45.0000	1.82836
			vertex	1.08006	-45.5000	2.04757
			vertex	1.08006	-45.0000	2.04757
		endloop
	endfacet
	facet normal	-0.536520	0.000000	-0.843888
		outer loop
			vertex	0.809171	-45.5000	2.21979
			vertex	1.08006	-45.0000	2.04757
			vertex	1.08006	-45.5000	2.04757
		endloop
	endfacet
	facet normal	-0.536520	0.000000	-0.843888
		outer loop
			vertex	1.08006	-45.0000	2.04757
			vertex	0.809171	-45.5000	2.21979
			vertex	0.809171	-45.0000	2.21979
		endloop
	endfacet
	facet normal	-0.385123	0.000000	-0.922865
		outer loop
			vertex	0.506394	-45.5000	2.34614
			vertex	0.809171	-45.0000	2.21979
			vertex	0.809171	-45.5000	2.21979
		endloop
	endfacet
	facet normal	-0.385123	0.000000	-0.922865
		outer loop
			vertex	0.809171	-45.0000	2.21979
			vertex	0.506394	-45.5000	2.34614
			vertex	0.506394	-45.0000	2.34614
		endloop
	endfacet
	facet normal	-0.225084	0.000000	-0.974339
		outer loop
			vertex	0.165818	-45.5000	2.42482
			vertex	0.506394	-45.0000	2.34614
			vertex	0.506394	-45.5000	2.34614
		endloop
	endfacet
	facet normal	-0.225084	0.000000	-0.974339
		outer loop
			vertex	0.506394	-45.0000	2.34614
			vertex	0.165818	-45.5000	2.42482
			vertex	0.165818	-45.0000	2.42482
		endloop
	endfacet
	facet normal	-0.0708927	0.000000	-0.997484
		outer loop
			vertex	-0.206547	-45.5000	2.45129
			vertex	0.165818	-45.0000	2.42482
			vertex	0.165818	-45.5000	2.42482
		endloop
	endfacet
	facet normal	-0.0708927	0.000000	-0.997484
		outer loop
			vertex	0.165818	-45.0000	2.42482
			vertex	-0.206547	-45.5000	2.45129
			vertex	-0.206547	-45.0000	2.45129
		endloop
	endfacet
	facet normal	0.0641371	0.000000	-0.997941
		outer loop
			vertex	-0.206547	-45.0000	2.45129
			vertex	-0.206547	-45.5000	2.45129
			vertex	-0.545748	-45.5000	2.42949
		endloop
	endfacet
	facet normal	0.0641371	0.000000	-0.997941
		outer loop
			vertex	-0.206547	-45.0000	2.45129
			vertex	-0.545748	-45.5000	2.42949
			vertex	-0.545748	-45.0000	2.42949
		endloop
	endfacet
	facet normal	0.206748	0.000000	-0.978394
		outer loop
			vertex	-0.874613	-45.5000	2.35999
			vertex	-0.545748	-45.0000	2.42949
			vertex	-0.545748	-45.5000	2.42949
		endloop
	endfacet
	facet normal	0.206748	0.000000	-0.978394
		outer loop
			vertex	-0.545748	-45.0000	2.42949
			vertex	-0.874613	-45.5000	2.35999
			vertex	-0.874613	-45.0000	2.35999
		endloop
	endfacet
	facet normal	0.361312	0.000000	-0.932445
		outer loop
			vertex	-1.17547	-45.5000	2.24342
			vertex	-0.874613	-45.0000	2.35999
			vertex	-0.874613	-45.5000	2.35999
		endloop
	endfacet
	facet normal	0.361312	0.000000	-0.932445
		outer loop
			vertex	-0.874613	-45.0000	2.35999
			vertex	-1.17547	-45.5000	2.24342
			vertex	-1.17547	-45.0000	2.24342
		endloop
	endfacet
	facet normal	0.513405	0.000000	-0.858147
		outer loop
			vertex	-1.45249	-45.5000	2.07768
			vertex	-1.17547	-45.0000	2.24342
			vertex	-1.17547	-45.5000	2.24342
		endloop
	endfacet
	facet normal	0.513405	0.000000	-0.858147
		outer loop
			vertex	-1.17547	-45.0000	2.24342
			vertex	-1.45249	-45.5000	2.07768
			vertex	-1.45249	-45.0000	2.07768
		endloop
	endfacet
	facet normal	0.651608	0.000000	-0.758556
		outer loop
			vertex	-1.70817	-45.5000	1.85804
			vertex	-1.45249	-45.0000	2.07768
			vertex	-1.45249	-45.5000	2.07768
		endloop
	endfacet
	facet normal	0.651608	0.000000	-0.758556
		outer loop
			vertex	-1.45249	-45.0000	2.07768
			vertex	-1.70817	-45.5000	1.85804
			vertex	-1.70817	-45.0000	1.85804
		endloop
	endfacet
	facet normal	0.765314	0.000000	-0.643657
		outer loop
			vertex	-1.93687	-45.5000	1.58613
			vertex	-1.70817	-45.0000	1.85804
			vertex	-1.70817	-45.5000	1.85804
		endloop
	endfacet
	facet normal	0.765314	0.000000	-0.643657
		outer loop
			vertex	-1.70817	-45.0000	1.85804
			vertex	-1.93687	-45.5000	1.58613
			vertex	-1.93687	-45.0000	1.58613
		endloop
	endfacet
	facet normal	0.821561	0.000000	-0.570120
		outer loop
			vertex	-1.93687	-45.0000	1.58613
			vertex	-1.93687	-45.5000	1.58613
			vertex	-1.98881	-45.5000	1.51128
		endloop
	endfacet
	facet normal	0.821561	0.000000	-0.570120
		outer loop
			vertex	-1.93687	-45.0000	1.58613
			vertex	-1.98881	-45.5000	1.51128
			vertex	-1.98881	-45.0000	1.51128
		endloop
	endfacet
	facet normal	0.867200	0.000000	-0.497960
		outer loop
			vertex	-2.17009	-45.5000	1.19557
			vertex	-1.98881	-45.0000	1.51128
			vertex	-1.98881	-45.5000	1.51128
		endloop
	endfacet
	facet normal	0.867200	0.000000	-0.497960
		outer loop
			vertex	-1.98881	-45.0000	1.51128
			vertex	-2.17009	-45.5000	1.19557
			vertex	-2.17009	-45.0000	1.19557
		endloop
	endfacet
	facet normal	0.926096	0.000000	-0.377287
		outer loop
			vertex	-2.33281	-45.5000	0.796160
			vertex	-2.17009	-45.0000	1.19557
			vertex	-2.17009	-45.5000	1.19557
		endloop
	endfacet
	facet normal	0.926096	0.000000	-0.377287
		outer loop
			vertex	-2.17009	-45.0000	1.19557
			vertex	-2.33281	-45.5000	0.796160
			vertex	-2.33281	-45.0000	0.796160
		endloop
	endfacet
	facet normal	0.966822	0.000000	-0.255450
		outer loop
			vertex	-2.45596	-45.5000	0.330046
			vertex	-2.33281	-45.0000	0.796160
			vertex	-2.33281	-45.5000	0.796160
		endloop
	endfacet
	facet normal	0.966822	0.000000	-0.255450
		outer loop
			vertex	-2.33281	-45.0000	0.796160
			vertex	-2.45596	-45.5000	0.330046
			vertex	-2.45596	-45.0000	0.330046
		endloop
	endfacet
	facet normal	0.989766	0.000000	-0.142699
		outer loop
			vertex	-2.53407	-45.5000	-0.211687
			vertex	-2.45596	-45.0000	0.330046
			vertex	-2.45596	-45.5000	0.330046
		endloop
	endfacet
	facet normal	0.989766	0.000000	-0.142699
		outer loop
			vertex	-2.45596	-45.0000	0.330046
			vertex	-2.53407	-45.5000	-0.211687
			vertex	-2.53407	-45.0000	-0.211687
		endloop
	endfacet
	facet normal	0.999047	0.000000	-0.0436471
		outer loop
			vertex	-2.56041	-45.5000	-0.814497
			vertex	-2.53407	-45.0000	-0.211687
			vertex	-2.53407	-45.5000	-0.211687
		endloop
	endfacet
	facet normal	0.999047	0.000000	-0.0436471
		outer loop
			vertex	-2.53407	-45.0000	-0.211687
			vertex	-2.56041	-45.5000	-0.814497
			vertex	-2.56041	-45.0000	-0.814497
		endloop
	endfacet
	facet normal	0.999806	0.000000	0.0196940
		outer loop
			vertex	-2.56041	-45.0000	-0.814497
			vertex	-2.56041	-45.5000	-0.814497
			vertex	-2.55472	-45.5000	-1.10296
		endloop
	endfacet
	facet normal	0.999806	0.000000	0.0196940
		outer loop
			vertex	-2.56041	-45.0000	-0.814497
			vertex	-2.55472	-45.5000	-1.10296
			vertex	-2.55472	-45.0000	-1.10296
		endloop
	endfacet
	facet normal	0.996456	0.000000	0.0841156
		outer loop
			vertex	-2.50895	-45.5000	-1.64517
			vertex	-2.55472	-45.0000	-1.10296
			vertex	-2.55472	-45.5000	-1.10296
		endloop
	endfacet
	facet normal	0.996456	0.000000	0.0841156
		outer loop
			vertex	-2.55472	-45.0000	-1.10296
			vertex	-2.50895	-45.5000	-1.64517
			vertex	-2.50895	-45.0000	-1.64517
		endloop
	endfacet
	facet normal	0.983470	0.000000	0.181072
		outer loop
			vertex	-2.42145	-45.5000	-2.12045
			vertex	-2.50895	-45.0000	-1.64517
			vertex	-2.50895	-45.5000	-1.64517
		endloop
	endfacet
	facet normal	0.983470	0.000000	0.181072
		outer loop
			vertex	-2.50895	-45.0000	-1.64517
			vertex	-2.42145	-45.5000	-2.12045
			vertex	-2.42145	-45.0000	-2.12045
		endloop
	endfacet
	facet normal	0.957495	0.000000	0.288449
		outer loop
			vertex	-2.29603	-45.5000	-2.53676
			vertex	-2.42145	-45.0000	-2.12045
			vertex	-2.42145	-45.5000	-2.12045
		endloop
	endfacet
	facet normal	0.957495	0.000000	0.288449
		outer loop
			vertex	-2.42145	-45.0000	-2.12045
			vertex	-2.29603	-45.5000	-2.53676
			vertex	-2.29603	-45.0000	-2.53676
		endloop
	endfacet
	facet normal	0.914728	0.000000	0.404071
		outer loop
			vertex	-2.13508	-45.5000	-2.90112
			vertex	-2.29603	-45.0000	-2.53676
			vertex	-2.29603	-45.5000	-2.53676
		endloop
	endfacet
	facet normal	0.914728	0.000000	0.404071
		outer loop
			vertex	-2.29603	-45.0000	-2.53676
			vertex	-2.13508	-45.5000	-2.90112
			vertex	-2.13508	-45.0000	-2.90112
		endloop
	endfacet
	facet normal	0.851440	0.000000	0.524452
		outer loop
			vertex	-1.93687	-45.5000	-3.22291
			vertex	-2.13508	-45.0000	-2.90112
			vertex	-2.13508	-45.5000	-2.90112
		endloop
	endfacet
	facet normal	0.851440	0.000000	0.524452
		outer loop
			vertex	-2.13508	-45.0000	-2.90112
			vertex	-1.93687	-45.5000	-3.22291
			vertex	-1.93687	-45.0000	-3.22291
		endloop
	endfacet
	facet normal	0.771168	0.000000	0.636632
		outer loop
			vertex	-1.93687	-45.0000	-3.22291
			vertex	-1.93687	-45.5000	-3.22291
			vertex	-1.73689	-45.5000	-3.46515
		endloop
	endfacet
	facet normal	0.771168	0.000000	0.636632
		outer loop
			vertex	-1.93687	-45.0000	-3.22291
			vertex	-1.73689	-45.5000	-3.46515
			vertex	-1.73689	-45.0000	-3.46515
		endloop
	endfacet
	facet normal	0.668699	0.000000	0.743533
		outer loop
			vertex	-1.49315	-45.5000	-3.68436
			vertex	-1.73689	-45.0000	-3.46515
			vertex	-1.73689	-45.5000	-3.46515
		endloop
	endfacet
	facet normal	0.668699	0.000000	0.743533
		outer loop
			vertex	-1.73689	-45.0000	-3.46515
			vertex	-1.49315	-45.5000	-3.68436
			vertex	-1.49315	-45.0000	-3.68436
		endloop
	endfacet
	facet normal	0.536520	0.000000	0.843888
		outer loop
			vertex	-1.22227	-45.5000	-3.85658
			vertex	-1.49315	-45.0000	-3.68436
			vertex	-1.49315	-45.5000	-3.68436
		endloop
	endfacet
	facet normal	0.536520	0.000000	0.843888
		outer loop
			vertex	-1.49315	-45.0000	-3.68436
			vertex	-1.22227	-45.5000	-3.85658
			vertex	-1.22227	-45.0000	-3.85658
		endloop
	endfacet
	facet normal	0.385122	0.000000	0.922865
		outer loop
			vertex	-0.919488	-45.5000	-3.98293
			vertex	-1.22227	-45.0000	-3.85658
			vertex	-1.22227	-45.5000	-3.85658
		endloop
	endfacet
	facet normal	0.385122	0.000000	0.922865
		outer loop
			vertex	-1.22227	-45.0000	-3.85658
			vertex	-0.919488	-45.5000	-3.98293
			vertex	-0.919488	-45.0000	-3.98293
		endloop
	endfacet
	facet normal	0.225084	0.000000	0.974339
		outer loop
			vertex	-0.578912	-45.5000	-4.06161
			vertex	-0.919488	-45.0000	-3.98293
			vertex	-0.919488	-45.5000	-3.98293
		endloop
	endfacet
	facet normal	0.225084	0.000000	0.974339
		outer loop
			vertex	-0.919488	-45.0000	-3.98293
			vertex	-0.578912	-45.5000	-4.06161
			vertex	-0.578912	-45.0000	-4.06161
		endloop
	endfacet
	facet normal	0.0708927	0.000000	0.997484
		outer loop
			vertex	-0.206547	-45.5000	-4.08807
			vertex	-0.578912	-45.0000	-4.06161
			vertex	-0.578912	-45.5000	-4.06161
		endloop
	endfacet
	facet normal	0.0708927	0.000000	0.997484
		outer loop
			vertex	-0.578912	-45.0000	-4.06161
			vertex	-0.206547	-45.5000	-4.08807
			vertex	-0.206547	-45.0000	-4.08807
		endloop
	endfacet
	facet normal	-0.0641371	0.000000	0.997941
		outer loop
			vertex	-0.206547	-45.0000	-4.08807
			vertex	-0.206547	-45.5000	-4.08807
			vertex	0.132654	-45.5000	-4.06627
		endloop
	endfacet
	facet normal	-0.0641371	0.000000	0.997941
		outer loop
			vertex	-0.206547	-45.0000	-4.08807
			vertex	0.132654	-45.5000	-4.06627
			vertex	0.132654	-45.0000	-4.06627
		endloop
	endfacet
	facet normal	-0.206749	0.000000	0.978394
		outer loop
			vertex	0.461519	-45.5000	-3.99678
			vertex	0.132654	-45.0000	-4.06627
			vertex	0.132654	-45.5000	-4.06627
		endloop
	endfacet
	facet normal	-0.206749	0.000000	0.978394
		outer loop
			vertex	0.132654	-45.0000	-4.06627
			vertex	0.461519	-45.5000	-3.99678
			vertex	0.461519	-45.0000	-3.99678
		endloop
	endfacet
	facet normal	-0.361312	0.000000	0.932445
		outer loop
			vertex	0.762371	-45.5000	-3.88020
			vertex	0.461519	-45.0000	-3.99678
			vertex	0.461519	-45.5000	-3.99678
		endloop
	endfacet
	facet normal	-0.361312	0.000000	0.932445
		outer loop
			vertex	0.461519	-45.0000	-3.99678
			vertex	0.762371	-45.5000	-3.88020
			vertex	0.762371	-45.0000	-3.88020
		endloop
	endfacet
	facet normal	-0.513404	0.000000	0.858147
		outer loop
			vertex	1.03940	-45.5000	-3.71447
			vertex	0.762371	-45.0000	-3.88020
			vertex	0.762371	-45.5000	-3.88020
		endloop
	endfacet
	facet normal	-0.513404	0.000000	0.858147
		outer loop
			vertex	0.762371	-45.0000	-3.88020
			vertex	1.03940	-45.5000	-3.71447
			vertex	1.03940	-45.0000	-3.71447
		endloop
	endfacet
	facet normal	-0.651608	0.000000	0.758556
		outer loop
			vertex	1.29508	-45.5000	-3.49483
			vertex	1.03940	-45.0000	-3.71447
			vertex	1.03940	-45.5000	-3.71447
		endloop
	endfacet
	facet normal	-0.651608	0.000000	0.758556
		outer loop
			vertex	1.03940	-45.0000	-3.71447
			vertex	1.29508	-45.5000	-3.49483
			vertex	1.29508	-45.0000	-3.49483
		endloop
	endfacet
	facet normal	-0.765314	0.000000	0.643657
		outer loop
			vertex	1.52377	-45.5000	-3.22291
			vertex	1.29508	-45.0000	-3.49483
			vertex	1.29508	-45.5000	-3.49483
		endloop
	endfacet
	facet normal	-0.765314	0.000000	0.643657
		outer loop
			vertex	1.29508	-45.0000	-3.49483
			vertex	1.52377	-45.5000	-3.22291
			vertex	1.52377	-45.0000	-3.22291
		endloop
	endfacet
	facet normal	0.999116	0.000000	-0.0420493
		outer loop
			vertex	3.78410	-45.0000	-0.814497
			vertex	3.78410	-45.5000	-0.814497
			vertex	3.75758	-45.5000	-1.44467
		endloop
	endfacet
	facet normal	0.999116	0.000000	-0.0420493
		outer loop
			vertex	3.78410	-45.0000	-0.814497
			vertex	3.75758	-45.5000	-1.44467
			vertex	3.75758	-45.0000	-1.44467
		endloop
	endfacet
	facet normal	0.990953	0.000000	-0.134213
		outer loop
			vertex	3.67869	-45.5000	-2.02712
			vertex	3.75758	-45.0000	-1.44467
			vertex	3.75758	-45.5000	-1.44467
		endloop
	endfacet
	facet normal	0.990953	0.000000	-0.134213
		outer loop
			vertex	3.75758	-45.0000	-1.44467
			vertex	3.67869	-45.5000	-2.02712
			vertex	3.67869	-45.0000	-2.02712
		endloop
	endfacet
	facet normal	0.972009	0.000000	-0.234944
		outer loop
			vertex	3.55238	-45.5000	-2.54969
			vertex	3.67869	-45.0000	-2.02712
			vertex	3.67869	-45.5000	-2.02712
		endloop
	endfacet
	facet normal	0.972009	0.000000	-0.234944
		outer loop
			vertex	3.67869	-45.0000	-2.02712
			vertex	3.55238	-45.5000	-2.54969
			vertex	3.55238	-45.0000	-2.54969
		endloop
	endfacet
	facet normal	0.940201	0.000000	-0.340620
		outer loop
			vertex	3.38257	-45.5000	-3.01841
			vertex	3.55238	-45.0000	-2.54969
			vertex	3.55238	-45.5000	-2.54969
		endloop
	endfacet
	facet normal	0.940201	0.000000	-0.340620
		outer loop
			vertex	3.55238	-45.0000	-2.54969
			vertex	3.38257	-45.5000	-3.01841
			vertex	3.38257	-45.0000	-3.01841
		endloop
	endfacet
	facet normal	0.894128	0.000000	-0.447811
		outer loop
			vertex	3.17191	-45.5000	-3.43903
			vertex	3.38257	-45.0000	-3.01841
			vertex	3.38257	-45.5000	-3.01841
		endloop
	endfacet
	facet normal	0.894128	0.000000	-0.447811
		outer loop
			vertex	3.38257	-45.0000	-3.01841
			vertex	3.17191	-45.5000	-3.43903
			vertex	3.17191	-45.0000	-3.43903
		endloop
	endfacet
	facet normal	0.833595	0.000000	-0.552376
		outer loop
			vertex	2.92173	-45.5000	-3.81658
			vertex	3.17191	-45.0000	-3.43903
			vertex	3.17191	-45.5000	-3.43903
		endloop
	endfacet
	facet normal	0.833595	0.000000	-0.552376
		outer loop
			vertex	3.17191	-45.0000	-3.43903
			vertex	2.92173	-45.5000	-3.81658
			vertex	2.92173	-45.0000	-3.81658
		endloop
	endfacet
	facet normal	0.771272	0.000000	-0.636505
		outer loop
			vertex	2.72019	-45.5000	-4.06079
			vertex	2.92173	-45.0000	-3.81658
			vertex	2.92173	-45.5000	-3.81658
		endloop
	endfacet
	facet normal	0.771272	0.000000	-0.636505
		outer loop
			vertex	2.92173	-45.0000	-3.81658
			vertex	2.72019	-45.5000	-4.06079
			vertex	2.72019	-45.0000	-4.06079
		endloop
	endfacet
	facet normal	0.782233	0.000000	0.622986
		outer loop
			vertex	2.72019	-45.0000	2.42401
			vertex	2.72019	-45.5000	2.42401
			vertex	2.99748	-45.5000	2.07583
		endloop
	endfacet
	facet normal	0.782233	0.000000	0.622986
		outer loop
			vertex	2.72019	-45.0000	2.42401
			vertex	2.99748	-45.5000	2.07583
			vertex	2.99748	-45.0000	2.07583
		endloop
	endfacet
	facet normal	0.851610	0.000000	0.524176
		outer loop
			vertex	3.23300	-45.5000	1.69319
			vertex	2.99748	-45.0000	2.07583
			vertex	2.99748	-45.5000	2.07583
		endloop
	endfacet
	facet normal	0.851610	0.000000	0.524176
		outer loop
			vertex	2.99748	-45.0000	2.07583
			vertex	3.23300	-45.5000	1.69319
			vertex	3.23300	-45.0000	1.69319
		endloop
	endfacet
	facet normal	0.907054	0.000000	0.421013
		outer loop
			vertex	3.42754	-45.5000	1.27406
			vertex	3.23300	-45.0000	1.69319
			vertex	3.23300	-45.5000	1.69319
		endloop
	endfacet
	facet normal	0.907054	0.000000	0.421013
		outer loop
			vertex	3.23300	-45.0000	1.69319
			vertex	3.42754	-45.5000	1.27406
			vertex	3.42754	-45.0000	1.27406
		endloop
	endfacet
	facet normal	0.948219	0.000000	0.317618
		outer loop
			vertex	3.58143	-45.5000	0.814646
			vertex	3.42754	-45.0000	1.27406
			vertex	3.42754	-45.5000	1.27406
		endloop
	endfacet
	facet normal	0.948219	0.000000	0.317618
		outer loop
			vertex	3.42754	-45.0000	1.27406
			vertex	3.58143	-45.5000	0.814646
			vertex	3.58143	-45.0000	0.814646
		endloop
	endfacet
	facet normal	0.976084	0.000000	0.217392
		outer loop
			vertex	3.69374	-45.5000	0.310383
			vertex	3.58143	-45.0000	0.814646
			vertex	3.58143	-45.5000	0.814646
		endloop
	endfacet
	facet normal	0.976084	0.000000	0.217392
		outer loop
			vertex	3.58143	-45.0000	0.814646
			vertex	3.69374	-45.5000	0.310383
			vertex	3.69374	-45.0000	0.310383
		endloop
	endfacet
	facet normal	0.992427	0.000000	0.122835
		outer loop
			vertex	3.76234	-45.5000	-0.243878
			vertex	3.69374	-45.0000	0.310383
			vertex	3.69374	-45.5000	0.310383
		endloop
	endfacet
	facet normal	0.992427	0.000000	0.122835
		outer loop
			vertex	3.69374	-45.0000	0.310383
			vertex	3.76234	-45.5000	-0.243878
			vertex	3.76234	-45.0000	-0.243878
		endloop
	endfacet
	facet normal	0.999274	0.000000	0.0381065
		outer loop
			vertex	3.78410	-45.5000	-0.814497
			vertex	3.76234	-45.0000	-0.243878
			vertex	3.76234	-45.5000	-0.243878
		endloop
	endfacet
	facet normal	0.999274	0.000000	0.0381065
		outer loop
			vertex	3.76234	-45.0000	-0.243878
			vertex	3.78410	-45.5000	-0.814497
			vertex	3.78410	-45.0000	-0.814497
		endloop
	endfacet
	facet normal	0.0490473	0.000000	0.998796
		outer loop
			vertex	-0.206547	-45.0000	3.60483
			vertex	-0.206547	-45.5000	3.60483
			vertex	0.334167	-45.5000	3.57828
		endloop
	endfacet
	facet normal	0.0490473	0.000000	0.998796
		outer loop
			vertex	-0.206547	-45.0000	3.60483
			vertex	0.334167	-45.5000	3.57828
			vertex	0.334167	-45.0000	3.57828
		endloop
	endfacet
	facet normal	0.155541	0.000000	0.987829
		outer loop
			vertex	0.836040	-45.5000	3.49926
			vertex	0.334167	-45.0000	3.57828
			vertex	0.334167	-45.5000	3.57828
		endloop
	endfacet
	facet normal	0.155541	0.000000	0.987829
		outer loop
			vertex	0.334167	-45.0000	3.57828
			vertex	0.836040	-45.5000	3.49926
			vertex	0.836040	-45.0000	3.49926
		endloop
	endfacet
	facet normal	0.269682	0.000000	0.962949
		outer loop
			vertex	1.28968	-45.5000	3.37221
			vertex	0.836040	-45.0000	3.49926
			vertex	0.836040	-45.5000	3.49926
		endloop
	endfacet
	facet normal	0.269682	0.000000	0.962949
		outer loop
			vertex	0.836040	-45.0000	3.49926
			vertex	1.28968	-45.5000	3.37221
			vertex	1.28968	-45.0000	3.37221
		endloop
	endfacet
	facet normal	0.386109	0.000000	0.922453
		outer loop
			vertex	1.70047	-45.5000	3.20027
			vertex	1.28968	-45.0000	3.37221
			vertex	1.28968	-45.5000	3.37221
		endloop
	endfacet
	facet normal	0.386109	0.000000	0.922453
		outer loop
			vertex	1.28968	-45.0000	3.37221
			vertex	1.70047	-45.5000	3.20027
			vertex	1.70047	-45.0000	3.20027
		endloop
	endfacet
	facet normal	0.499967	0.000000	0.866045
		outer loop
			vertex	2.07336	-45.5000	2.98500
			vertex	1.70047	-45.0000	3.20027
			vertex	1.70047	-45.5000	3.20027
		endloop
	endfacet
	facet normal	0.499967	0.000000	0.866045
		outer loop
			vertex	1.70047	-45.0000	3.20027
			vertex	2.07336	-45.5000	2.98500
			vertex	2.07336	-45.0000	2.98500
		endloop
	endfacet
	facet normal	0.606327	0.000000	0.795215
		outer loop
			vertex	2.41249	-45.5000	2.72642
			vertex	2.07336	-45.0000	2.98500
			vertex	2.07336	-45.5000	2.98500
		endloop
	endfacet
	facet normal	0.606327	0.000000	0.795215
		outer loop
			vertex	2.07336	-45.0000	2.98500
			vertex	2.41249	-45.5000	2.72642
			vertex	2.41249	-45.0000	2.72642
		endloop
	endfacet
	facet normal	0.700961	0.000000	0.713200
		outer loop
			vertex	2.72019	-45.5000	2.42401
			vertex	2.41249	-45.0000	2.72642
			vertex	2.41249	-45.5000	2.72642
		endloop
	endfacet
	facet normal	0.700961	0.000000	0.713200
		outer loop
			vertex	2.41249	-45.0000	2.72642
			vertex	2.72019	-45.5000	2.42401
			vertex	2.72019	-45.0000	2.42401
		endloop
	endfacet
	facet normal	-0.699289	0.000000	0.714839
		outer loop
			vertex	-3.12938	-45.0000	2.42401
			vertex	-3.12938	-45.5000	2.42401
			vertex	-2.81574	-45.5000	2.73083
		endloop
	endfacet
	facet normal	-0.699289	0.000000	0.714839
		outer loop
			vertex	-3.12938	-45.0000	2.42401
			vertex	-2.81574	-45.5000	2.73083
			vertex	-2.81574	-45.0000	2.73083
		endloop
	endfacet
	facet normal	-0.603792	0.000000	0.797142
		outer loop
			vertex	-2.47225	-45.5000	2.99100
			vertex	-2.81574	-45.0000	2.73083
			vertex	-2.81574	-45.5000	2.73083
		endloop
	endfacet
	facet normal	-0.603792	0.000000	0.797142
		outer loop
			vertex	-2.81574	-45.0000	2.73083
			vertex	-2.47225	-45.5000	2.99100
			vertex	-2.47225	-45.0000	2.99100
		endloop
	endfacet
	facet normal	-0.497582	0.000000	0.867417
		outer loop
			vertex	-2.10123	-45.5000	3.20384
			vertex	-2.47225	-45.0000	2.99100
			vertex	-2.47225	-45.5000	2.99100
		endloop
	endfacet
	facet normal	-0.497582	0.000000	0.867417
		outer loop
			vertex	-2.47225	-45.0000	2.99100
			vertex	-2.10123	-45.5000	3.20384
			vertex	-2.10123	-45.0000	3.20384
		endloop
	endfacet
	facet normal	-0.385707	0.000000	0.922621
		outer loop
			vertex	-1.70002	-45.5000	3.37156
			vertex	-2.10123	-45.0000	3.20384
			vertex	-2.10123	-45.5000	3.20384
		endloop
	endfacet
	facet normal	-0.385707	0.000000	0.922621
		outer loop
			vertex	-2.10123	-45.0000	3.20384
			vertex	-1.70002	-45.5000	3.37156
			vertex	-1.70002	-45.0000	3.37156
		endloop
	endfacet
	facet normal	-0.272901	0.000000	0.962042
		outer loop
			vertex	-1.26506	-45.5000	3.49495
			vertex	-1.70002	-45.0000	3.37156
			vertex	-1.70002	-45.5000	3.37156
		endloop
	endfacet
	facet normal	-0.272901	0.000000	0.962042
		outer loop
			vertex	-1.70002	-45.0000	3.37156
			vertex	-1.26506	-45.5000	3.49495
			vertex	-1.26506	-45.0000	3.49495
		endloop
	endfacet
	facet normal	-0.163362	0.000000	0.986566
		outer loop
			vertex	-0.792030	-45.5000	3.57327
			vertex	-1.26506	-45.0000	3.49495
			vertex	-1.26506	-45.5000	3.49495
		endloop
	endfacet
	facet normal	-0.163362	0.000000	0.986566
		outer loop
			vertex	-1.26506	-45.0000	3.49495
			vertex	-0.792030	-45.5000	3.57327
			vertex	-0.792030	-45.0000	3.57327
		endloop
	endfacet
	facet normal	-0.0614862	0.000000	0.998108
		outer loop
			vertex	-0.289387	-45.5000	3.60424
			vertex	-0.792030	-45.0000	3.57327
			vertex	-0.792030	-45.5000	3.57327
		endloop
	endfacet
	facet normal	-0.0614862	0.000000	0.998108
		outer loop
			vertex	-0.792030	-45.0000	3.57327
			vertex	-0.289387	-45.5000	3.60424
			vertex	-0.289387	-45.0000	3.60424
		endloop
	endfacet
	facet normal	-0.00717374	0.000000	0.999974
		outer loop
			vertex	-0.206547	-45.5000	3.60483
			vertex	-0.289387	-45.0000	3.60424
			vertex	-0.289387	-45.5000	3.60424
		endloop
	endfacet
	facet normal	-0.00717374	0.000000	0.999974
		outer loop
			vertex	-0.289387	-45.0000	3.60424
			vertex	-0.206547	-45.5000	3.60483
			vertex	-0.206547	-45.0000	3.60483
		endloop
	endfacet
	facet normal	-0.999106	0.000000	0.0422783
		outer loop
			vertex	-4.19719	-45.0000	-0.814497
			vertex	-4.19719	-45.5000	-0.814497
			vertex	-4.17067	-45.5000	-0.187655
		endloop
	endfacet
	facet normal	-0.999106	0.000000	0.0422783
		outer loop
			vertex	-4.19719	-45.0000	-0.814497
			vertex	-4.17067	-45.5000	-0.187655
			vertex	-4.17067	-45.0000	-0.187655
		endloop
	endfacet
	facet normal	-0.990864	0.000000	0.134865
		outer loop
			vertex	-4.09177	-45.5000	0.392050
			vertex	-4.17067	-45.0000	-0.187655
			vertex	-4.17067	-45.5000	-0.187655
		endloop
	endfacet
	facet normal	-0.990864	0.000000	0.134865
		outer loop
			vertex	-4.17067	-45.0000	-0.187655
			vertex	-4.09177	-45.5000	0.392050
			vertex	-4.09177	-45.0000	0.392050
		endloop
	endfacet
	facet normal	-0.971770	0.000000	0.235928
		outer loop
			vertex	-3.96538	-45.5000	0.912620
			vertex	-4.09177	-45.0000	0.392050
			vertex	-4.09177	-45.5000	0.392050
		endloop
	endfacet
	facet normal	-0.971770	0.000000	0.235928
		outer loop
			vertex	-4.09177	-45.0000	0.392050
			vertex	-3.96538	-45.5000	0.912620
			vertex	-3.96538	-45.0000	0.912620
		endloop
	endfacet
	facet normal	-0.939773	0.000000	0.341800
		outer loop
			vertex	-3.79538	-45.5000	1.38002
			vertex	-3.96538	-45.0000	0.912620
			vertex	-3.96538	-45.5000	0.912620
		endloop
	endfacet
	facet normal	-0.939773	0.000000	0.341800
		outer loop
			vertex	-3.96538	-45.0000	0.912620
			vertex	-3.79538	-45.5000	1.38002
			vertex	-3.79538	-45.0000	1.38002
		endloop
	endfacet
	facet normal	-0.893522	0.000000	0.449019
		outer loop
			vertex	-3.58437	-45.5000	1.79992
			vertex	-3.79538	-45.0000	1.38002
			vertex	-3.79538	-45.5000	1.38002
		endloop
	endfacet
	facet normal	-0.893522	0.000000	0.449019
		outer loop
			vertex	-3.79538	-45.0000	1.38002
			vertex	-3.58437	-45.5000	1.79992
			vertex	-3.58437	-45.0000	1.79992
		endloop
	endfacet
	facet normal	-0.832888	0.000000	0.553442
		outer loop
			vertex	-3.33362	-45.5000	2.17729
			vertex	-3.58437	-45.0000	1.79992
			vertex	-3.58437	-45.5000	1.79992
		endloop
	endfacet
	facet normal	-0.832888	0.000000	0.553442
		outer loop
			vertex	-3.58437	-45.0000	1.79992
			vertex	-3.33362	-45.5000	2.17729
			vertex	-3.33362	-45.0000	2.17729
		endloop
	endfacet
	facet normal	-0.770311	0.000000	0.637668
		outer loop
			vertex	-3.12938	-45.5000	2.42401
			vertex	-3.33362	-45.0000	2.17729
			vertex	-3.33362	-45.5000	2.17729
		endloop
	endfacet
	facet normal	-0.770311	0.000000	0.637668
		outer loop
			vertex	-3.33362	-45.0000	2.17729
			vertex	-3.12938	-45.5000	2.42401
			vertex	-3.12938	-45.0000	2.42401
		endloop
	endfacet
	facet normal	-0.782298	0.000000	-0.622905
		outer loop
			vertex	-3.13328	-45.0000	-4.06079
			vertex	-3.13328	-45.5000	-4.06079
			vertex	-3.41011	-45.5000	-3.71313
		endloop
	endfacet
	facet normal	-0.782298	0.000000	-0.622905
		outer loop
			vertex	-3.13328	-45.0000	-4.06079
			vertex	-3.41011	-45.5000	-3.71313
			vertex	-3.41011	-45.0000	-3.71313
		endloop
	endfacet
	facet normal	-0.851722	0.000000	-0.523994
		outer loop
			vertex	-3.64533	-45.5000	-3.33079
			vertex	-3.41011	-45.0000	-3.71313
			vertex	-3.41011	-45.5000	-3.71313
		endloop
	endfacet
	facet normal	-0.851722	0.000000	-0.523994
		outer loop
			vertex	-3.41011	-45.0000	-3.71313
			vertex	-3.64533	-45.5000	-3.33079
			vertex	-3.64533	-45.0000	-3.33079
		endloop
	endfacet
	facet normal	-0.907142	0.000000	-0.420824
		outer loop
			vertex	-3.83976	-45.5000	-2.91167
			vertex	-3.64533	-45.0000	-3.33079
			vertex	-3.64533	-45.5000	-3.33079
		endloop
	endfacet
	facet normal	-0.907142	0.000000	-0.420824
		outer loop
			vertex	-3.64533	-45.0000	-3.33079
			vertex	-3.83976	-45.5000	-2.91167
			vertex	-3.83976	-45.0000	-2.91167
		endloop
	endfacet
	facet normal	-0.948255	0.000000	-0.317509
		outer loop
			vertex	-3.99371	-45.5000	-2.45191
			vertex	-3.83976	-45.0000	-2.91167
			vertex	-3.83976	-45.5000	-2.91167
		endloop
	endfacet
	facet normal	-0.948255	0.000000	-0.317509
		outer loop
			vertex	-3.83976	-45.0000	-2.91167
			vertex	-3.99371	-45.5000	-2.45191
			vertex	-3.99371	-45.0000	-2.45191
		endloop
	endfacet
	facet normal	-0.976074	0.000000	-0.217439
		outer loop
			vertex	-4.10620	-45.5000	-1.94692
			vertex	-3.99371	-45.0000	-2.45191
			vertex	-3.99371	-45.5000	-2.45191
		endloop
	endfacet
	facet normal	-0.976074	0.000000	-0.217439
		outer loop
			vertex	-3.99371	-45.0000	-2.45191
			vertex	-4.10620	-45.5000	-1.94692
			vertex	-4.10620	-45.0000	-1.94692
		endloop
	endfacet
	facet normal	-0.992395	0.000000	-0.123093
		outer loop
			vertex	-4.17509	-45.5000	-1.39152
			vertex	-4.10620	-45.0000	-1.94692
			vertex	-4.10620	-45.5000	-1.94692
		endloop
	endfacet
	facet normal	-0.992395	0.000000	-0.123093
		outer loop
			vertex	-4.10620	-45.0000	-1.94692
			vertex	-4.17509	-45.5000	-1.39152
			vertex	-4.17509	-45.0000	-1.39152
		endloop
	endfacet
	facet normal	-0.999267	0.000000	-0.0382750
		outer loop
			vertex	-4.19719	-45.5000	-0.814497
			vertex	-4.17509	-45.0000	-1.39152
			vertex	-4.17509	-45.5000	-1.39152
		endloop
	endfacet
	facet normal	-0.999267	0.000000	-0.0382750
		outer loop
			vertex	-4.17509	-45.0000	-1.39152
			vertex	-4.19719	-45.5000	-0.814497
			vertex	-4.19719	-45.0000	-0.814497
		endloop
	endfacet
	facet normal	-0.0490478	0.000000	-0.998796
		outer loop
			vertex	-0.206547	-45.0000	-5.24162
			vertex	-0.206547	-45.5000	-5.24162
			vertex	-0.747262	-45.5000	-5.21507
		endloop
	endfacet
	facet normal	-0.0490478	0.000000	-0.998796
		outer loop
			vertex	-0.206547	-45.0000	-5.24162
			vertex	-0.747262	-45.5000	-5.21507
			vertex	-0.747262	-45.0000	-5.21507
		endloop
	endfacet
	facet normal	-0.155541	0.000000	-0.987829
		outer loop
			vertex	-1.24913	-45.5000	-5.13604
			vertex	-0.747262	-45.0000	-5.21507
			vertex	-0.747262	-45.5000	-5.21507
		endloop
	endfacet
	facet normal	-0.155541	0.000000	-0.987829
		outer loop
			vertex	-0.747262	-45.0000	-5.21507
			vertex	-1.24913	-45.5000	-5.13604
			vertex	-1.24913	-45.0000	-5.13604
		endloop
	endfacet
	facet normal	-0.269681	0.000000	-0.962950
		outer loop
			vertex	-1.70278	-45.5000	-5.00900
			vertex	-1.24913	-45.0000	-5.13604
			vertex	-1.24913	-45.5000	-5.13604
		endloop
	endfacet
	facet normal	-0.269681	0.000000	-0.962950
		outer loop
			vertex	-1.24913	-45.0000	-5.13604
			vertex	-1.70278	-45.5000	-5.00900
			vertex	-1.70278	-45.0000	-5.00900
		endloop
	endfacet
	facet normal	-0.386110	0.000000	-0.922453
		outer loop
			vertex	-2.11357	-45.5000	-4.83705
			vertex	-1.70278	-45.0000	-5.00900
			vertex	-1.70278	-45.5000	-5.00900
		endloop
	endfacet
	facet normal	-0.386110	0.000000	-0.922453
		outer loop
			vertex	-1.70278	-45.0000	-5.00900
			vertex	-2.11357	-45.5000	-4.83705
			vertex	-2.11357	-45.0000	-4.83705
		endloop
	endfacet
	facet normal	-0.499966	0.000000	-0.866045
		outer loop
			vertex	-2.48646	-45.5000	-4.62179
			vertex	-2.11357	-45.0000	-4.83705
			vertex	-2.11357	-45.5000	-4.83705
		endloop
	endfacet
	facet normal	-0.499966	0.000000	-0.866045
		outer loop
			vertex	-2.11357	-45.0000	-4.83705
			vertex	-2.48646	-45.5000	-4.62179
			vertex	-2.48646	-45.0000	-4.62179
		endloop
	endfacet
	facet normal	-0.606327	0.000000	-0.795215
		outer loop
			vertex	-2.82558	-45.5000	-4.36321
			vertex	-2.48646	-45.0000	-4.62179
			vertex	-2.48646	-45.5000	-4.62179
		endloop
	endfacet
	facet normal	-0.606327	0.000000	-0.795215
		outer loop
			vertex	-2.48646	-45.0000	-4.62179
			vertex	-2.82558	-45.5000	-4.36321
			vertex	-2.82558	-45.0000	-4.36321
		endloop
	endfacet
	facet normal	-0.700961	0.000000	-0.713200
		outer loop
			vertex	-3.13328	-45.5000	-4.06079
			vertex	-2.82558	-45.0000	-4.36321
			vertex	-2.82558	-45.5000	-4.36321
		endloop
	endfacet
	facet normal	-0.700961	0.000000	-0.713200
		outer loop
			vertex	-2.82558	-45.0000	-4.36321
			vertex	-3.13328	-45.5000	-4.06079
			vertex	-3.13328	-45.0000	-4.06079
		endloop
	endfacet
	facet normal	0.700397	0.000000	-0.713754
		outer loop
			vertex	2.72019	-45.0000	-4.06079
			vertex	2.72019	-45.5000	-4.06079
			vertex	2.40833	-45.5000	-4.36681
		endloop
	endfacet
	facet normal	0.700397	0.000000	-0.713754
		outer loop
			vertex	2.72019	-45.0000	-4.06079
			vertex	2.40833	-45.5000	-4.36681
			vertex	2.40833	-45.0000	-4.36681
		endloop
	endfacet
	facet normal	0.604675	0.000000	-0.796472
		outer loop
			vertex	2.06633	-45.5000	-4.62646
			vertex	2.40833	-45.0000	-4.36681
			vertex	2.40833	-45.5000	-4.36681
		endloop
	endfacet
	facet normal	0.604675	0.000000	-0.796472
		outer loop
			vertex	2.40833	-45.0000	-4.36681
			vertex	2.06633	-45.5000	-4.62646
			vertex	2.06633	-45.0000	-4.62646
		endloop
	endfacet
	facet normal	0.498292	0.000000	-0.867009
		outer loop
			vertex	1.69638	-45.5000	-4.83908
			vertex	2.06633	-45.0000	-4.62646
			vertex	2.06633	-45.5000	-4.62646
		endloop
	endfacet
	facet normal	0.498292	0.000000	-0.867009
		outer loop
			vertex	2.06633	-45.0000	-4.62646
			vertex	1.69638	-45.5000	-4.83908
			vertex	1.69638	-45.0000	-4.83908
		endloop
	endfacet
	facet normal	0.386340	0.000000	-0.922357
		outer loop
			vertex	1.29579	-45.5000	-5.00687
			vertex	1.69638	-45.0000	-4.83908
			vertex	1.69638	-45.5000	-4.83908
		endloop
	endfacet
	facet normal	0.386340	0.000000	-0.922357
		outer loop
			vertex	1.69638	-45.0000	-4.83908
			vertex	1.29579	-45.5000	-5.00687
			vertex	1.29579	-45.0000	-5.00687
		endloop
	endfacet
	facet normal	0.273573	0.000000	-0.961851
		outer loop
			vertex	0.860952	-45.5000	-5.13055
			vertex	1.29579	-45.0000	-5.00687
			vertex	1.29579	-45.5000	-5.00687
		endloop
	endfacet
	facet normal	0.273573	0.000000	-0.961851
		outer loop
			vertex	1.29579	-45.0000	-5.00687
			vertex	0.860952	-45.5000	-5.13055
			vertex	0.860952	-45.0000	-5.13055
		endloop
	endfacet
	facet normal	0.164188	0.000000	-0.986429
		outer loop
			vertex	0.387498	-45.5000	-5.20935
			vertex	0.860952	-45.0000	-5.13055
			vertex	0.860952	-45.5000	-5.13055
		endloop
	endfacet
	facet normal	0.164188	0.000000	-0.986429
		outer loop
			vertex	0.860952	-45.0000	-5.13055
			vertex	0.387498	-45.5000	-5.20935
			vertex	0.387498	-45.0000	-5.20935
		endloop
	endfacet
	facet normal	0.0625255	0.000000	-0.998043
		outer loop
			vertex	-0.116427	-45.5000	-5.24092
			vertex	0.387498	-45.0000	-5.20935
			vertex	0.387498	-45.5000	-5.20935
		endloop
	endfacet
	facet normal	0.0625255	0.000000	-0.998043
		outer loop
			vertex	0.387498	-45.0000	-5.20935
			vertex	-0.116427	-45.5000	-5.24092
			vertex	-0.116427	-45.0000	-5.24092
		endloop
	endfacet
	facet normal	0.00774635	0.000000	-0.999970
		outer loop
			vertex	-0.206547	-45.5000	-5.24162
			vertex	-0.116427	-45.0000	-5.24092
			vertex	-0.116427	-45.5000	-5.24092
		endloop
	endfacet
	facet normal	0.00774635	0.000000	-0.999970
		outer loop
			vertex	-0.116427	-45.0000	-5.24092
			vertex	-0.206547	-45.5000	-5.24162
			vertex	-0.206547	-45.0000	-5.24162
		endloop
	endfacet
	facet normal	0.000000	1.00000	0.000000
		outer loop
			vertex	-0.545748	-45.0000	2.42949
			vertex	-0.289387	-45.0000	3.60424
			vertex	-0.206547	-45.0000	2.45129
		endloop
	endfacet
	facet normal	0.000000	1.00000	0.000000
		outer loop
			vertex	-0.206547	-45.0000	3.60483
			vertex	-0.206547	-45.0000	2.45129
			vertex	-0.289387	-45.0000	3.60424
		endloop
	endfacet
	facet normal	0.000000	1.00000	0.000000
		outer loop
			vertex	-0.206547	-45.0000	2.45129
			vertex	-0.206547	-45.0000	3.60483
			vertex	0.165818	-45.0000	2.42482
		endloop
	endfacet
	facet normal	0.000000	1.00000	0.000000
		outer loop
			vertex	0.334167	-45.0000	3.57828
			vertex	0.165818	-45.0000	2.42482
			vertex	-0.206547	-45.0000	3.60483
		endloop
	endfacet
	facet normal	0.000000	1.00000	0.000000
		outer loop
			vertex	0.165818	-45.0000	2.42482
			vertex	0.334167	-45.0000	3.57828
			vertex	0.506394	-45.0000	2.34614
		endloop
	endfacet
	facet normal	0.000000	1.00000	0.000000
		outer loop
			vertex	0.836040	-45.0000	3.49926
			vertex	0.506394	-45.0000	2.34614
			vertex	0.334167	-45.0000	3.57828
		endloop
	endfacet
	facet normal	0.000000	1.00000	0.000000
		outer loop
			vertex	0.506394	-45.0000	2.34614
			vertex	0.836040	-45.0000	3.49926
			vertex	0.809171	-45.0000	2.21979
		endloop
	endfacet
	facet normal	0.000000	1.00000	0.000000
		outer loop
			vertex	1.28968	-45.0000	3.37221
			vertex	0.809171	-45.0000	2.21979
			vertex	0.836040	-45.0000	3.49926
		endloop
	endfacet
	facet normal	0.000000	1.00000	0.000000
		outer loop
			vertex	0.809171	-45.0000	2.21979
			vertex	1.28968	-45.0000	3.37221
			vertex	1.08006	-45.0000	2.04757
		endloop
	endfacet
	facet normal	0.000000	1.00000	0.000000
		outer loop
			vertex	-1.70817	-45.0000	1.85804
			vertex	-2.47225	-45.0000	2.99100
			vertex	-1.45249	-45.0000	2.07768
		endloop
	endfacet
	facet normal	0.000000	1.00000	0.000000
		outer loop
			vertex	-2.10123	-45.0000	3.20384
			vertex	-1.45249	-45.0000	2.07768
			vertex	-2.47225	-45.0000	2.99100
		endloop
	endfacet
	facet normal	0.000000	1.00000	0.000000
		outer loop
			vertex	-1.45249	-45.0000	2.07768
			vertex	-2.10123	-45.0000	3.20384
			vertex	-1.17547	-45.0000	2.24342
		endloop
	endfacet
	facet normal	0.000000	1.00000	0.000000
		outer loop
			vertex	-1.70002	-45.0000	3.37156
			vertex	-1.17547	-45.0000	2.24342
			vertex	-2.10123	-45.0000	3.20384
		endloop
	endfacet
	facet normal	0.000000	1.00000	0.000000
		outer loop
			vertex	-1.17547	-45.0000	2.24342
			vertex	-1.70002	-45.0000	3.37156
			vertex	-0.874613	-45.0000	2.35999
		endloop
	endfacet
	facet normal	0.000000	1.00000	0.000000
		outer loop
			vertex	-1.26506	-45.0000	3.49495
			vertex	-0.874613	-45.0000	2.35999
			vertex	-1.70002	-45.0000	3.37156
		endloop
	endfacet
	facet normal	0.000000	1.00000	0.000000
		outer loop
			vertex	-0.874613	-45.0000	2.35999
			vertex	-1.26506	-45.0000	3.49495
			vertex	-0.545748	-45.0000	2.42949
		endloop
	endfacet
	facet normal	0.000000	1.00000	0.000000
		outer loop
			vertex	-0.792030	-45.0000	3.57327
			vertex	-0.545748	-45.0000	2.42949
			vertex	-1.26506	-45.0000	3.49495
		endloop
	endfacet
	facet normal	0.000000	1.00000	0.000000
		outer loop
			vertex	-0.545748	-45.0000	2.42949
			vertex	-0.792030	-45.0000	3.57327
			vertex	-0.289387	-45.0000	3.60424
		endloop
	endfacet
	facet normal	0.000000	1.00000	0.000000
		outer loop
			vertex	-1.49315	-45.0000	-3.68436
			vertex	-2.48646	-45.0000	-4.62179
			vertex	-1.73689	-45.0000	-3.46515
		endloop
	endfacet
	facet normal	0.000000	1.00000	0.000000
		outer loop
			vertex	-2.82558	-45.0000	-4.36321
			vertex	-1.73689	-45.0000	-3.46515
			vertex	-2.48646	-45.0000	-4.62179
		endloop
	endfacet
	facet normal	0.000000	1.00000	0.000000
		outer loop
			vertex	-1.73689	-45.0000	-3.46515
			vertex	-2.82558	-45.0000	-4.36321
			vertex	-1.93687	-45.0000	-3.22291
		endloop
	endfacet
	facet normal	0.000000	1.00000	0.000000
		outer loop
			vertex	-3.13328	-45.0000	-4.06079
			vertex	-1.93687	-45.0000	-3.22291
			vertex	-2.82558	-45.0000	-4.36321
		endloop
	endfacet
	facet normal	0.000000	1.00000	0.000000
		outer loop
			vertex	-1.93687	-45.0000	-3.22291
			vertex	-3.13328	-45.0000	-4.06079
			vertex	-2.13508	-45.0000	-2.90112
		endloop
	endfacet
	facet normal	0.000000	1.00000	0.000000
		outer loop
			vertex	1.29508	-45.0000	-3.49483
			vertex	2.06633	-45.0000	-4.62646
			vertex	1.03940	-45.0000	-3.71447
		endloop
	endfacet
	facet normal	0.000000	1.00000	0.000000
		outer loop
			vertex	1.69638	-45.0000	-4.83908
			vertex	1.03940	-45.0000	-3.71447
			vertex	2.06633	-45.0000	-4.62646
		endloop
	endfacet
	facet normal	0.000000	1.00000	0.000000
		outer loop
			vertex	1.03940	-45.0000	-3.71447
			vertex	1.69638	-45.0000	-4.83908
			vertex	0.762371	-45.0000	-3.88020
		endloop
	endfacet
	facet normal	0.000000	1.00000	0.000000
		outer loop
			vertex	1.29579	-45.0000	-5.00687
			vertex	0.762371	-45.0000	-3.88020
			vertex	1.69638	-45.0000	-4.83908
		endloop
	endfacet
	facet normal	0.000000	1.00000	0.000000
		outer loop
			vertex	0.762371	-45.0000	-3.88020
			vertex	1.29579	-45.0000	-5.00687
			vertex	0.461519	-45.0000	-3.99678
		endloop
	endfacet
	facet normal	0.000000	1.00000	0.000000
		outer loop
			vertex	0.860952	-45.0000	-5.13055
			vertex	0.461519	-45.0000	-3.99678
			vertex	1.29579	-45.0000	-5.00687
		endloop
	endfacet
	facet normal	0.000000	1.00000	0.000000
		outer loop
			vertex	0.461519	-45.0000	-3.99678
			vertex	0.860952	-45.0000	-5.13055
			vertex	0.132654	-45.0000	-4.06627
		endloop
	endfacet
	facet normal	0.000000	1.00000	0.000000
		outer loop
			vertex	1.28968	-45.0000	3.37221
			vertex	1.70047	-45.0000	3.20027
			vertex	1.08006	-45.0000	2.04757
		endloop
	endfacet
	facet normal	0.000000	1.00000	0.000000
		outer loop
			vertex	2.07336	-45.0000	2.98500
			vertex	1.08006	-45.0000	2.04757
			vertex	1.70047	-45.0000	3.20027
		endloop
	endfacet
	facet normal	0.000000	1.00000	0.000000
		outer loop
			vertex	1.08006	-45.0000	2.04757
			vertex	2.07336	-45.0000	2.98500
			vertex	1.32380	-45.0000	1.82836
		endloop
	endfacet
	facet normal	0.000000	1.00000	0.000000
		outer loop
			vertex	2.41249	-45.0000	2.72642
			vertex	1.32380	-45.0000	1.82836
			vertex	2.07336	-45.0000	2.98500
		endloop
	endfacet
	facet normal	0.000000	1.00000	0.000000
		outer loop
			vertex	1.32380	-45.0000	1.82836
			vertex	2.41249	-45.0000	2.72642
			vertex	1.52377	-45.0000	1.58613
		endloop
	endfacet
	facet normal	0.000000	1.00000	0.000000
		outer loop
			vertex	2.72019	-45.0000	2.42401
			vertex	1.52377	-45.0000	1.58613
			vertex	2.41249	-45.0000	2.72642
		endloop
	endfacet
	facet normal	0.000000	1.00000	0.000000
		outer loop
			vertex	1.52377	-45.0000	1.58613
			vertex	2.72019	-45.0000	2.42401
			vertex	1.72241	-45.0000	1.26375
		endloop
	endfacet
	facet normal	0.000000	1.00000	0.000000
		outer loop
			vertex	0.860952	-45.0000	-5.13055
			vertex	0.387498	-45.0000	-5.20935
			vertex	0.132654	-45.0000	-4.06627
		endloop
	endfacet
	facet normal	0.000000	1.00000	0.000000
		outer loop
			vertex	-0.116427	-45.0000	-5.24092
			vertex	0.132654	-45.0000	-4.06627
			vertex	0.387498	-45.0000	-5.20935
		endloop
	endfacet
	facet normal	0.000000	1.00000	0.000000
		outer loop
			vertex	0.132654	-45.0000	-4.06627
			vertex	-0.116427	-45.0000	-5.24092
			vertex	-0.206547	-45.0000	-4.08807
		endloop
	endfacet
	facet normal	0.000000	1.00000	0.000000
		outer loop
			vertex	-0.206547	-45.0000	-5.24162
			vertex	-0.206547	-45.0000	-4.08807
			vertex	-0.116427	-45.0000	-5.24092
		endloop
	endfacet
	facet normal	0.000000	1.00000	0.000000
		outer loop
			vertex	-0.206547	-45.0000	-4.08807
			vertex	-0.206547	-45.0000	-5.24162
			vertex	-0.578912	-45.0000	-4.06161
		endloop
	endfacet
	facet normal	0.000000	1.00000	0.000000
		outer loop
			vertex	-0.747262	-45.0000	-5.21507
			vertex	-0.578912	-45.0000	-4.06161
			vertex	-0.206547	-45.0000	-5.24162
		endloop
	endfacet
	facet normal	0.000000	1.00000	0.000000
		outer loop
			vertex	-0.578912	-45.0000	-4.06161
			vertex	-0.747262	-45.0000	-5.21507
			vertex	-0.919488	-45.0000	-3.98293
		endloop
	endfacet
	facet normal	0.000000	1.00000	0.000000
		outer loop
			vertex	-1.24913	-45.0000	-5.13604
			vertex	-0.919488	-45.0000	-3.98293
			vertex	-0.747262	-45.0000	-5.21507
		endloop
	endfacet
	facet normal	0.000000	1.00000	0.000000
		outer loop
			vertex	-0.919488	-45.0000	-3.98293
			vertex	-1.24913	-45.0000	-5.13604
			vertex	-1.22227	-45.0000	-3.85658
		endloop
	endfacet
	facet normal	0.000000	1.00000	0.000000
		outer loop
			vertex	-1.70278	-45.0000	-5.00900
			vertex	-1.22227	-45.0000	-3.85658
			vertex	-1.24913	-45.0000	-5.13604
		endloop
	endfacet
	facet normal	0.000000	1.00000	0.000000
		outer loop
			vertex	-1.22227	-45.0000	-3.85658
			vertex	-1.70278	-45.0000	-5.00900
			vertex	-1.49315	-45.0000	-3.68436
		endloop
	endfacet
	facet normal	0.000000	1.00000	0.000000
		outer loop
			vertex	-2.11357	-45.0000	-4.83705
			vertex	-1.49315	-45.0000	-3.68436
			vertex	-1.70278	-45.0000	-5.00900
		endloop
	endfacet
	facet normal	0.000000	1.00000	0.000000
		outer loop
			vertex	-1.49315	-45.0000	-3.68436
			vertex	-2.11357	-45.0000	-4.83705
			vertex	-2.48646	-45.0000	-4.62179
		endloop
	endfacet
	facet normal	0.000000	1.00000	0.000000
		outer loop
			vertex	-2.45596	-45.0000	0.330046
			vertex	-3.96538	-45.0000	0.912620
			vertex	-2.33281	-45.0000	0.796160
		endloop
	endfacet
	facet normal	0.000000	1.00000	0.000000
		outer loop
			vertex	-3.79538	-45.0000	1.38002
			vertex	-2.33281	-45.0000	0.796160
			vertex	-3.96538	-45.0000	0.912620
		endloop
	endfacet
	facet normal	0.000000	1.00000	0.000000
		outer loop
			vertex	-2.33281	-45.0000	0.796160
			vertex	-3.79538	-45.0000	1.38002
			vertex	-2.17009	-45.0000	1.19557
		endloop
	endfacet
	facet normal	0.000000	1.00000	0.000000
		outer loop
			vertex	-3.58437	-45.0000	1.79992
			vertex	-2.17009	-45.0000	1.19557
			vertex	-3.79538	-45.0000	1.38002
		endloop
	endfacet
	facet normal	0.000000	1.00000	0.000000
		outer loop
			vertex	-2.17009	-45.0000	1.19557
			vertex	-3.58437	-45.0000	1.79992
			vertex	-1.98881	-45.0000	1.51128
		endloop
	endfacet
	facet normal	0.000000	1.00000	0.000000
		outer loop
			vertex	-3.33362	-45.0000	2.17729
			vertex	-1.98881	-45.0000	1.51128
			vertex	-3.58437	-45.0000	1.79992
		endloop
	endfacet
	facet normal	0.000000	1.00000	0.000000
		outer loop
			vertex	-1.98881	-45.0000	1.51128
			vertex	-3.33362	-45.0000	2.17729
			vertex	-1.93687	-45.0000	1.58613
		endloop
	endfacet
	facet normal	0.000000	1.00000	0.000000
		outer loop
			vertex	-3.12938	-45.0000	2.42401
			vertex	-1.93687	-45.0000	1.58613
			vertex	-3.33362	-45.0000	2.17729
		endloop
	endfacet
	facet normal	0.000000	1.00000	0.000000
		outer loop
			vertex	-1.93687	-45.0000	1.58613
			vertex	-3.12938	-45.0000	2.42401
			vertex	-1.70817	-45.0000	1.85804
		endloop
	endfacet
	facet normal	0.000000	1.00000	0.000000
		outer loop
			vertex	-2.81574	-45.0000	2.73083
			vertex	-1.70817	-45.0000	1.85804
			vertex	-3.12938	-45.0000	2.42401
		endloop
	endfacet
	facet normal	0.000000	1.00000	0.000000
		outer loop
			vertex	-1.70817	-45.0000	1.85804
			vertex	-2.81574	-45.0000	2.73083
			vertex	-2.47225	-45.0000	2.99100
		endloop
	endfacet
	facet normal	0.000000	1.00000	0.000000
		outer loop
			vertex	2.04290	-45.0000	-1.96399
			vertex	3.55238	-45.0000	-2.54969
			vertex	1.91983	-45.0000	-2.43137
		endloop
	endfacet
	facet normal	0.000000	1.00000	0.000000
		outer loop
			vertex	3.38257	-45.0000	-3.01841
			vertex	1.91983	-45.0000	-2.43137
			vertex	3.55238	-45.0000	-2.54969
		endloop
	endfacet
	facet normal	0.000000	1.00000	0.000000
		outer loop
			vertex	1.91983	-45.0000	-2.43137
			vertex	3.38257	-45.0000	-3.01841
			vertex	1.75734	-45.0000	-2.83132
		endloop
	endfacet
	facet normal	0.000000	1.00000	0.000000
		outer loop
			vertex	3.17191	-45.0000	-3.43903
			vertex	1.75734	-45.0000	-2.83132
			vertex	3.38257	-45.0000	-3.01841
		endloop
	endfacet
	facet normal	0.000000	1.00000	0.000000
		outer loop
			vertex	1.75734	-45.0000	-2.83132
			vertex	3.17191	-45.0000	-3.43903
			vertex	1.57656	-45.0000	-3.14678
		endloop
	endfacet
	facet normal	0.000000	1.00000	0.000000
		outer loop
			vertex	2.92173	-45.0000	-3.81658
			vertex	1.57656	-45.0000	-3.14678
			vertex	3.17191	-45.0000	-3.43903
		endloop
	endfacet
	facet normal	0.000000	1.00000	0.000000
		outer loop
			vertex	1.57656	-45.0000	-3.14678
			vertex	2.92173	-45.0000	-3.81658
			vertex	1.52377	-45.0000	-3.22291
		endloop
	endfacet
	facet normal	0.000000	1.00000	0.000000
		outer loop
			vertex	2.72019	-45.0000	-4.06079
			vertex	1.52377	-45.0000	-3.22291
			vertex	2.92173	-45.0000	-3.81658
		endloop
	endfacet
	facet normal	0.000000	1.00000	0.000000
		outer loop
			vertex	1.52377	-45.0000	-3.22291
			vertex	2.72019	-45.0000	-4.06079
			vertex	1.29508	-45.0000	-3.49483
		endloop
	endfacet
	facet normal	0.000000	1.00000	0.000000
		outer loop
			vertex	2.40833	-45.0000	-4.36681
			vertex	1.29508	-45.0000	-3.49483
			vertex	2.72019	-45.0000	-4.06079
		endloop
	endfacet
	facet normal	0.000000	1.00000	0.000000
		outer loop
			vertex	1.29508	-45.0000	-3.49483
			vertex	2.40833	-45.0000	-4.36681
			vertex	2.06633	-45.0000	-4.62646
		endloop
	endfacet
	facet normal	0.000000	1.00000	0.000000
		outer loop
			vertex	-3.13328	-45.0000	-4.06079
			vertex	-3.41011	-45.0000	-3.71313
			vertex	-2.13508	-45.0000	-2.90112
		endloop
	endfacet
	facet normal	0.000000	1.00000	0.000000
		outer loop
			vertex	-3.64533	-45.0000	-3.33079
			vertex	-2.13508	-45.0000	-2.90112
			vertex	-3.41011	-45.0000	-3.71313
		endloop
	endfacet
	facet normal	0.000000	1.00000	0.000000
		outer loop
			vertex	-2.13508	-45.0000	-2.90112
			vertex	-3.64533	-45.0000	-3.33079
			vertex	-2.29603	-45.0000	-2.53676
		endloop
	endfacet
	facet normal	0.000000	1.00000	0.000000
		outer loop
			vertex	-3.83976	-45.0000	-2.91167
			vertex	-2.29603	-45.0000	-2.53676
			vertex	-3.64533	-45.0000	-3.33079
		endloop
	endfacet
	facet normal	0.000000	1.00000	0.000000
		outer loop
			vertex	-2.29603	-45.0000	-2.53676
			vertex	-3.83976	-45.0000	-2.91167
			vertex	-2.42145	-45.0000	-2.12045
		endloop
	endfacet
	facet normal	0.000000	1.00000	0.000000
		outer loop
			vertex	-3.99371	-45.0000	-2.45191
			vertex	-2.42145	-45.0000	-2.12045
			vertex	-3.83976	-45.0000	-2.91167
		endloop
	endfacet
	facet normal	0.000000	1.00000	0.000000
		outer loop
			vertex	-2.42145	-45.0000	-2.12045
			vertex	-3.99371	-45.0000	-2.45191
			vertex	-2.50895	-45.0000	-1.64517
		endloop
	endfacet
	facet normal	0.000000	1.00000	0.000000
		outer loop
			vertex	-4.10620	-45.0000	-1.94692
			vertex	-2.50895	-45.0000	-1.64517
			vertex	-3.99371	-45.0000	-2.45191
		endloop
	endfacet
	facet normal	0.000000	1.00000	0.000000
		outer loop
			vertex	-2.50895	-45.0000	-1.64517
			vertex	-4.10620	-45.0000	-1.94692
			vertex	-2.55472	-45.0000	-1.10296
		endloop
	endfacet
	facet normal	0.000000	1.00000	0.000000
		outer loop
			vertex	-4.17509	-45.0000	-1.39152
			vertex	-2.55472	-45.0000	-1.10296
			vertex	-4.10620	-45.0000	-1.94692
		endloop
	endfacet
	facet normal	0.000000	1.00000	0.000000
		outer loop
			vertex	-2.55472	-45.0000	-1.10296
			vertex	-4.17509	-45.0000	-1.39152
			vertex	-2.56041	-45.0000	-0.814497
		endloop
	endfacet
	facet normal	0.000000	1.00000	0.000000
		outer loop
			vertex	-4.19719	-45.0000	-0.814497
			vertex	-2.56041	-45.0000	-0.814497
			vertex	-4.17509	-45.0000	-1.39152
		endloop
	endfacet
	facet normal	0.000000	1.00000	0.000000
		outer loop
			vertex	-2.56041	-45.0000	-0.814497
			vertex	-4.19719	-45.0000	-0.814497
			vertex	-2.53407	-45.0000	-0.211687
		endloop
	endfacet
	facet normal	0.000000	1.00000	0.000000
		outer loop
			vertex	-4.17067	-45.0000	-0.187655
			vertex	-2.53407	-45.0000	-0.211687
			vertex	-4.19719	-45.0000	-0.814497
		endloop
	endfacet
	facet normal	0.000000	1.00000	0.000000
		outer loop
			vertex	-2.53407	-45.0000	-0.211687
			vertex	-4.17067	-45.0000	-0.187655
			vertex	-2.45596	-45.0000	0.330046
		endloop
	endfacet
	facet normal	0.000000	1.00000	0.000000
		outer loop
			vertex	-4.09177	-45.0000	0.392050
			vertex	-2.45596	-45.0000	0.330046
			vertex	-4.17067	-45.0000	-0.187655
		endloop
	endfacet
	facet normal	0.000000	1.00000	0.000000
		outer loop
			vertex	-2.45596	-45.0000	0.330046
			vertex	-4.09177	-45.0000	0.392050
			vertex	-3.96538	-45.0000	0.912620
		endloop
	endfacet
	facet normal	0.000000	1.00000	0.000000
		outer loop
			vertex	2.72019	-45.0000	2.42401
			vertex	2.99748	-45.0000	2.07583
			vertex	1.72241	-45.0000	1.26375
		endloop
	endfacet
	facet normal	0.000000	1.00000	0.000000
		outer loop
			vertex	3.23300	-45.0000	1.69319
			vertex	1.72241	-45.0000	1.26375
			vertex	2.99748	-45.0000	2.07583
		endloop
	endfacet
	facet normal	0.000000	1.00000	0.000000
		outer loop
			vertex	1.72241	-45.0000	1.26375
			vertex	3.23300	-45.0000	1.69319
			vertex	1.88360	-45.0000	0.899126
		endloop
	endfacet
	facet normal	0.000000	1.00000	0.000000
		outer loop
			vertex	3.42754	-45.0000	1.27406
			vertex	1.88360	-45.0000	0.899126
			vertex	3.23300	-45.0000	1.69319
		endloop
	endfacet
	facet normal	0.000000	1.00000	0.000000
		outer loop
			vertex	1.88360	-45.0000	0.899126
			vertex	3.42754	-45.0000	1.27406
			vertex	2.00902	-45.0000	0.483054
		endloop
	endfacet
	facet normal	0.000000	1.00000	0.000000
		outer loop
			vertex	3.58143	-45.0000	0.814646
			vertex	2.00902	-45.0000	0.483054
			vertex	3.42754	-45.0000	1.27406
		endloop
	endfacet
	facet normal	0.000000	1.00000	0.000000
		outer loop
			vertex	2.00902	-45.0000	0.483054
			vertex	3.58143	-45.0000	0.814646
			vertex	2.09636	-45.0000	0.00859318
		endloop
	endfacet
	facet normal	0.000000	1.00000	0.000000
		outer loop
			vertex	3.69374	-45.0000	0.310383
			vertex	2.09636	-45.0000	0.00859318
			vertex	3.58143	-45.0000	0.814646
		endloop
	endfacet
	facet normal	0.000000	1.00000	0.000000
		outer loop
			vertex	2.09636	-45.0000	0.00859318
			vertex	3.69374	-45.0000	0.310383
			vertex	2.14182	-45.0000	-0.532106
		endloop
	endfacet
	facet normal	0.000000	1.00000	0.000000
		outer loop
			vertex	3.76234	-45.0000	-0.243878
			vertex	2.14182	-45.0000	-0.532106
			vertex	3.69374	-45.0000	0.310383
		endloop
	endfacet
	facet normal	0.000000	1.00000	0.000000
		outer loop
			vertex	2.14182	-45.0000	-0.532106
			vertex	3.76234	-45.0000	-0.243878
			vertex	2.14731	-45.0000	-0.814497
		endloop
	endfacet
	facet normal	0.000000	1.00000	0.000000
		outer loop
			vertex	3.78410	-45.0000	-0.814497
			vertex	2.14731	-45.0000	-0.814497
			vertex	3.76234	-45.0000	-0.243878
		endloop
	endfacet
	facet normal	0.000000	1.00000	0.000000
		outer loop
			vertex	2.14731	-45.0000	-0.814497
			vertex	3.78410	-45.0000	-0.814497
			vertex	2.12098	-45.0000	-1.42013
		endloop
	endfacet
	facet normal	0.000000	1.00000	0.000000
		outer loop
			vertex	3.75758	-45.0000	-1.44467
			vertex	2.12098	-45.0000	-1.42013
			vertex	3.78410	-45.0000	-0.814497
		endloop
	endfacet
	facet normal	0.000000	1.00000	0.000000
		outer loop
			vertex	2.12098	-45.0000	-1.42013
			vertex	3.75758	-45.0000	-1.44467
			vertex	2.04290	-45.0000	-1.96399
		endloop
	endfacet
	facet normal	0.000000	1.00000	0.000000
		outer loop
			vertex	3.67869	-45.0000	-2.02712
			vertex	2.04290	-45.0000	-1.96399
			vertex	3.75758	-45.0000	-1.44467
		endloop
	endfacet
	facet normal	0.000000	1.00000	0.000000
		outer loop
			vertex	2.04290	-45.0000	-1.96399
			vertex	3.67869	-45.0000	-2.02712
			vertex	3.55238	-45.0000	-2.54969
		endloop
	endfacet
	facet normal	0.000000	-1.00000	0.000000
		outer loop
			vertex	-1.73689	-45.5000	-3.46515
			vertex	-2.48646	-45.5000	-4.62179
			vertex	-1.49315	-45.5000	-3.68436
		endloop
	endfacet
	facet normal	0.000000	-1.00000	0.000000
		outer loop
			vertex	-2.11357	-45.5000	-4.83705
			vertex	-1.49315	-45.5000	-3.68436
			vertex	-2.48646	-45.5000	-4.62179
		endloop
	endfacet
	facet normal	0.000000	-1.00000	0.000000
		outer loop
			vertex	-1.49315	-45.5000	-3.68436
			vertex	-2.11357	-45.5000	-4.83705
			vertex	-1.22227	-45.5000	-3.85658
		endloop
	endfacet
	facet normal	0.000000	-1.00000	0.000000
		outer loop
			vertex	-1.70278	-45.5000	-5.00900
			vertex	-1.22227	-45.5000	-3.85658
			vertex	-2.11357	-45.5000	-4.83705
		endloop
	endfacet
	facet normal	0.000000	-1.00000	0.000000
		outer loop
			vertex	-1.22227	-45.5000	-3.85658
			vertex	-1.70278	-45.5000	-5.00900
			vertex	-0.919488	-45.5000	-3.98293
		endloop
	endfacet
	facet normal	0.000000	-1.00000	0.000000
		outer loop
			vertex	-1.24913	-45.5000	-5.13604
			vertex	-0.919488	-45.5000	-3.98293
			vertex	-1.70278	-45.5000	-5.00900
		endloop
	endfacet
	facet normal	0.000000	-1.00000	0.000000
		outer loop
			vertex	-0.919488	-45.5000	-3.98293
			vertex	-1.24913	-45.5000	-5.13604
			vertex	-0.578912	-45.5000	-4.06161
		endloop
	endfacet
	facet normal	0.000000	-1.00000	0.000000
		outer loop
			vertex	-0.747262	-45.5000	-5.21507
			vertex	-0.578912	-45.5000	-4.06161
			vertex	-1.24913	-45.5000	-5.13604
		endloop
	endfacet
	facet normal	0.000000	-1.00000	0.000000
		outer loop
			vertex	-0.578912	-45.5000	-4.06161
			vertex	-0.747262	-45.5000	-5.21507
			vertex	-0.206547	-45.5000	-4.08807
		endloop
	endfacet
	facet normal	0.000000	-1.00000	0.000000
		outer loop
			vertex	1.32380	-45.5000	1.82836
			vertex	2.07336	-45.5000	2.98500
			vertex	1.08006	-45.5000	2.04757
		endloop
	endfacet
	facet normal	0.000000	-1.00000	0.000000
		outer loop
			vertex	1.70047	-45.5000	3.20027
			vertex	1.08006	-45.5000	2.04757
			vertex	2.07336	-45.5000	2.98500
		endloop
	endfacet
	facet normal	0.000000	-1.00000	0.000000
		outer loop
			vertex	1.08006	-45.5000	2.04757
			vertex	1.70047	-45.5000	3.20027
			vertex	0.809171	-45.5000	2.21979
		endloop
	endfacet
	facet normal	0.000000	-1.00000	0.000000
		outer loop
			vertex	1.28968	-45.5000	3.37221
			vertex	0.809171	-45.5000	2.21979
			vertex	1.70047	-45.5000	3.20027
		endloop
	endfacet
	facet normal	0.000000	-1.00000	0.000000
		outer loop
			vertex	0.809171	-45.5000	2.21979
			vertex	1.28968	-45.5000	3.37221
			vertex	0.506394	-45.5000	2.34614
		endloop
	endfacet
	facet normal	0.000000	-1.00000	0.000000
		outer loop
			vertex	0.836040	-45.5000	3.49926
			vertex	0.506394	-45.5000	2.34614
			vertex	1.28968	-45.5000	3.37221
		endloop
	endfacet
	facet normal	0.000000	-1.00000	0.000000
		outer loop
			vertex	0.506394	-45.5000	2.34614
			vertex	0.836040	-45.5000	3.49926
			vertex	0.165818	-45.5000	2.42482
		endloop
	endfacet
	facet normal	0.000000	-1.00000	0.000000
		outer loop
			vertex	0.334167	-45.5000	3.57828
			vertex	0.165818	-45.5000	2.42482
			vertex	0.836040	-45.5000	3.49926
		endloop
	endfacet
	facet normal	0.000000	-1.00000	0.000000
		outer loop
			vertex	0.165818	-45.5000	2.42482
			vertex	0.334167	-45.5000	3.57828
			vertex	-0.206547	-45.5000	2.45129
		endloop
	endfacet
	facet normal	0.000000	-1.00000	0.000000
		outer loop
			vertex	-0.747262	-45.5000	-5.21507
			vertex	-0.206547	-45.5000	-5.24162
			vertex	-0.206547	-45.5000	-4.08807
		endloop
	endfacet
	facet normal	0.000000	-1.00000	0.000000
		outer loop
			vertex	-0.116427	-45.5000	-5.24092
			vertex	-0.206547	-45.5000	-4.08807
			vertex	-0.206547	-45.5000	-5.24162
		endloop
	endfacet
	facet normal	0.000000	-1.00000	0.000000
		outer loop
			vertex	-0.206547	-45.5000	-4.08807
			vertex	-0.116427	-45.5000	-5.24092
			vertex	0.132654	-45.5000	-4.06627
		endloop
	endfacet
	facet normal	0.000000	-1.00000	0.000000
		outer loop
			vertex	0.387498	-45.5000	-5.20935
			vertex	0.132654	-45.5000	-4.06627
			vertex	-0.116427	-45.5000	-5.24092
		endloop
	endfacet
	facet normal	0.000000	-1.00000	0.000000
		outer loop
			vertex	0.132654	-45.5000	-4.06627
			vertex	0.387498	-45.5000	-5.20935
			vertex	0.461519	-45.5000	-3.99678
		endloop
	endfacet
	facet normal	0.000000	-1.00000	0.000000
		outer loop
			vertex	0.860952	-45.5000	-5.13055
			vertex	0.461519	-45.5000	-3.99678
			vertex	0.387498	-45.5000	-5.20935
		endloop
	endfacet
	facet normal	0.000000	-1.00000	0.000000
		outer loop
			vertex	0.461519	-45.5000	-3.99678
			vertex	0.860952	-45.5000	-5.13055
			vertex	0.762371	-45.5000	-3.88020
		endloop
	endfacet
	facet normal	0.000000	-1.00000	0.000000
		outer loop
			vertex	1.29579	-45.5000	-5.00687
			vertex	0.762371	-45.5000	-3.88020
			vertex	0.860952	-45.5000	-5.13055
		endloop
	endfacet
	facet normal	0.000000	-1.00000	0.000000
		outer loop
			vertex	0.762371	-45.5000	-3.88020
			vertex	1.29579	-45.5000	-5.00687
			vertex	1.03940	-45.5000	-3.71447
		endloop
	endfacet
	facet normal	0.000000	-1.00000	0.000000
		outer loop
			vertex	0.334167	-45.5000	3.57828
			vertex	-0.206547	-45.5000	3.60483
			vertex	-0.206547	-45.5000	2.45129
		endloop
	endfacet
	facet normal	0.000000	-1.00000	0.000000
		outer loop
			vertex	-0.289387	-45.5000	3.60424
			vertex	-0.206547	-45.5000	2.45129
			vertex	-0.206547	-45.5000	3.60483
		endloop
	endfacet
	facet normal	0.000000	-1.00000	0.000000
		outer loop
			vertex	-0.206547	-45.5000	2.45129
			vertex	-0.289387	-45.5000	3.60424
			vertex	-0.545748	-45.5000	2.42949
		endloop
	endfacet
	facet normal	0.000000	-1.00000	0.000000
		outer loop
			vertex	-0.792030	-45.5000	3.57327
			vertex	-0.545748	-45.5000	2.42949
			vertex	-0.289387	-45.5000	3.60424
		endloop
	endfacet
	facet normal	0.000000	-1.00000	0.000000
		outer loop
			vertex	-0.545748	-45.5000	2.42949
			vertex	-0.792030	-45.5000	3.57327
			vertex	-0.874613	-45.5000	2.35999
		endloop
	endfacet
	facet normal	0.000000	-1.00000	0.000000
		outer loop
			vertex	-1.26506	-45.5000	3.49495
			vertex	-0.874613	-45.5000	2.35999
			vertex	-0.792030	-45.5000	3.57327
		endloop
	endfacet
	facet normal	0.000000	-1.00000	0.000000
		outer loop
			vertex	-0.874613	-45.5000	2.35999
			vertex	-1.26506	-45.5000	3.49495
			vertex	-1.17547	-45.5000	2.24342
		endloop
	endfacet
	facet normal	0.000000	-1.00000	0.000000
		outer loop
			vertex	-1.70002	-45.5000	3.37156
			vertex	-1.17547	-45.5000	2.24342
			vertex	-1.26506	-45.5000	3.49495
		endloop
	endfacet
	facet normal	0.000000	-1.00000	0.000000
		outer loop
			vertex	-1.17547	-45.5000	2.24342
			vertex	-1.70002	-45.5000	3.37156
			vertex	-1.45249	-45.5000	2.07768
		endloop
	endfacet
	facet normal	0.000000	-1.00000	0.000000
		outer loop
			vertex	-1.70002	-45.5000	3.37156
			vertex	-2.10123	-45.5000	3.20384
			vertex	-1.45249	-45.5000	2.07768
		endloop
	endfacet
	facet normal	0.000000	-1.00000	0.000000
		outer loop
			vertex	-2.47225	-45.5000	2.99100
			vertex	-1.45249	-45.5000	2.07768
			vertex	-2.10123	-45.5000	3.20384
		endloop
	endfacet
	facet normal	0.000000	-1.00000	0.000000
		outer loop
			vertex	-1.45249	-45.5000	2.07768
			vertex	-2.47225	-45.5000	2.99100
			vertex	-1.70817	-45.5000	1.85804
		endloop
	endfacet
	facet normal	0.000000	-1.00000	0.000000
		outer loop
			vertex	-2.81574	-45.5000	2.73083
			vertex	-1.70817	-45.5000	1.85804
			vertex	-2.47225	-45.5000	2.99100
		endloop
	endfacet
	facet normal	0.000000	-1.00000	0.000000
		outer loop
			vertex	-1.70817	-45.5000	1.85804
			vertex	-2.81574	-45.5000	2.73083
			vertex	-1.93687	-45.5000	1.58613
		endloop
	endfacet
	facet normal	0.000000	-1.00000	0.000000
		outer loop
			vertex	-3.12938	-45.5000	2.42401
			vertex	-1.93687	-45.5000	1.58613
			vertex	-2.81574	-45.5000	2.73083
		endloop
	endfacet
	facet normal	0.000000	-1.00000	0.000000
		outer loop
			vertex	-1.93687	-45.5000	1.58613
			vertex	-3.12938	-45.5000	2.42401
			vertex	-1.98881	-45.5000	1.51128
		endloop
	endfacet
	facet normal	0.000000	-1.00000	0.000000
		outer loop
			vertex	-3.33362	-45.5000	2.17729
			vertex	-1.98881	-45.5000	1.51128
			vertex	-3.12938	-45.5000	2.42401
		endloop
	endfacet
	facet normal	0.000000	-1.00000	0.000000
		outer loop
			vertex	-1.98881	-45.5000	1.51128
			vertex	-3.33362	-45.5000	2.17729
			vertex	-2.17009	-45.5000	1.19557
		endloop
	endfacet
	facet normal	0.000000	-1.00000	0.000000
		outer loop
			vertex	-3.58437	-45.5000	1.79992
			vertex	-2.17009	-45.5000	1.19557
			vertex	-3.33362	-45.5000	2.17729
		endloop
	endfacet
	facet normal	0.000000	-1.00000	0.000000
		outer loop
			vertex	-2.17009	-45.5000	1.19557
			vertex	-3.58437	-45.5000	1.79992
			vertex	-2.33281	-45.5000	0.796160
		endloop
	endfacet
	facet normal	0.000000	-1.00000	0.000000
		outer loop
			vertex	1.29579	-45.5000	-5.00687
			vertex	1.69638	-45.5000	-4.83908
			vertex	1.03940	-45.5000	-3.71447
		endloop
	endfacet
	facet normal	0.000000	-1.00000	0.000000
		outer loop
			vertex	2.06633	-45.5000	-4.62646
			vertex	1.03940	-45.5000	-3.71447
			vertex	1.69638	-45.5000	-4.83908
		endloop
	endfacet
	facet normal	0.000000	-1.00000	0.000000
		outer loop
			vertex	1.03940	-45.5000	-3.71447
			vertex	2.06633	-45.5000	-4.62646
			vertex	1.29508	-45.5000	-3.49483
		endloop
	endfacet
	facet normal	0.000000	-1.00000	0.000000
		outer loop
			vertex	2.40833	-45.5000	-4.36681
			vertex	1.29508	-45.5000	-3.49483
			vertex	2.06633	-45.5000	-4.62646
		endloop
	endfacet
	facet normal	0.000000	-1.00000	0.000000
		outer loop
			vertex	1.29508	-45.5000	-3.49483
			vertex	2.40833	-45.5000	-4.36681
			vertex	1.52377	-45.5000	-3.22291
		endloop
	endfacet
	facet normal	0.000000	-1.00000	0.000000
		outer loop
			vertex	2.72019	-45.5000	-4.06079
			vertex	1.52377	-45.5000	-3.22291
			vertex	2.40833	-45.5000	-4.36681
		endloop
	endfacet
	facet normal	0.000000	-1.00000	0.000000
		outer loop
			vertex	1.52377	-45.5000	-3.22291
			vertex	2.72019	-45.5000	-4.06079
			vertex	1.57656	-45.5000	-3.14678
		endloop
	endfacet
	facet normal	0.000000	-1.00000	0.000000
		outer loop
			vertex	2.92173	-45.5000	-3.81658
			vertex	1.57656	-45.5000	-3.14678
			vertex	2.72019	-45.5000	-4.06079
		endloop
	endfacet
	facet normal	0.000000	-1.00000	0.000000
		outer loop
			vertex	1.57656	-45.5000	-3.14678
			vertex	2.92173	-45.5000	-3.81658
			vertex	1.75734	-45.5000	-2.83132
		endloop
	endfacet
	facet normal	0.000000	-1.00000	0.000000
		outer loop
			vertex	3.17191	-45.5000	-3.43903
			vertex	1.75734	-45.5000	-2.83132
			vertex	2.92173	-45.5000	-3.81658
		endloop
	endfacet
	facet normal	0.000000	-1.00000	0.000000
		outer loop
			vertex	1.75734	-45.5000	-2.83132
			vertex	3.17191	-45.5000	-3.43903
			vertex	1.91983	-45.5000	-2.43137
		endloop
	endfacet
	facet normal	0.000000	-1.00000	0.000000
		outer loop
			vertex	-2.29603	-45.5000	-2.53676
			vertex	-3.64533	-45.5000	-3.33079
			vertex	-2.13508	-45.5000	-2.90112
		endloop
	endfacet
	facet normal	0.000000	-1.00000	0.000000
		outer loop
			vertex	-3.41011	-45.5000	-3.71313
			vertex	-2.13508	-45.5000	-2.90112
			vertex	-3.64533	-45.5000	-3.33079
		endloop
	endfacet
	facet normal	0.000000	-1.00000	0.000000
		outer loop
			vertex	-2.13508	-45.5000	-2.90112
			vertex	-3.41011	-45.5000	-3.71313
			vertex	-1.93687	-45.5000	-3.22291
		endloop
	endfacet
	facet normal	0.000000	-1.00000	0.000000
		outer loop
			vertex	-3.13328	-45.5000	-4.06079
			vertex	-1.93687	-45.5000	-3.22291
			vertex	-3.41011	-45.5000	-3.71313
		endloop
	endfacet
	facet normal	0.000000	-1.00000	0.000000
		outer loop
			vertex	-1.93687	-45.5000	-3.22291
			vertex	-3.13328	-45.5000	-4.06079
			vertex	-1.73689	-45.5000	-3.46515
		endloop
	endfacet
	facet normal	0.000000	-1.00000	0.000000
		outer loop
			vertex	-2.82558	-45.5000	-4.36321
			vertex	-1.73689	-45.5000	-3.46515
			vertex	-3.13328	-45.5000	-4.06079
		endloop
	endfacet
	facet normal	0.000000	-1.00000	0.000000
		outer loop
			vertex	-1.73689	-45.5000	-3.46515
			vertex	-2.82558	-45.5000	-4.36321
			vertex	-2.48646	-45.5000	-4.62179
		endloop
	endfacet
	facet normal	0.000000	-1.00000	0.000000
		outer loop
			vertex	1.88360	-45.5000	0.899126
			vertex	3.23300	-45.5000	1.69319
			vertex	1.72241	-45.5000	1.26375
		endloop
	endfacet
	facet normal	0.000000	-1.00000	0.000000
		outer loop
			vertex	2.99748	-45.5000	2.07583
			vertex	1.72241	-45.5000	1.26375
			vertex	3.23300	-45.5000	1.69319
		endloop
	endfacet
	facet normal	0.000000	-1.00000	0.000000
		outer loop
			vertex	1.72241	-45.5000	1.26375
			vertex	2.99748	-45.5000	2.07583
			vertex	1.52377	-45.5000	1.58613
		endloop
	endfacet
	facet normal	0.000000	-1.00000	0.000000
		outer loop
			vertex	2.72019	-45.5000	2.42401
			vertex	1.52377	-45.5000	1.58613
			vertex	2.99748	-45.5000	2.07583
		endloop
	endfacet
	facet normal	0.000000	-1.00000	0.000000
		outer loop
			vertex	1.52377	-45.5000	1.58613
			vertex	2.72019	-45.5000	2.42401
			vertex	1.32380	-45.5000	1.82836
		endloop
	endfacet
	facet normal	0.000000	-1.00000	0.000000
		outer loop
			vertex	2.41249	-45.5000	2.72642
			vertex	1.32380	-45.5000	1.82836
			vertex	2.72019	-45.5000	2.42401
		endloop
	endfacet
	facet normal	0.000000	-1.00000	0.000000
		outer loop
			vertex	1.32380	-45.5000	1.82836
			vertex	2.41249	-45.5000	2.72642
			vertex	2.07336	-45.5000	2.98500
		endloop
	endfacet
	facet normal	0.000000	-1.00000	0.000000
		outer loop
			vertex	-3.58437	-45.5000	1.79992
			vertex	-3.79538	-45.5000	1.38002
			vertex	-2.33281	-45.5000	0.796160
		endloop
	endfacet
	facet normal	0.000000	-1.00000	0.000000
		outer loop
			vertex	-3.96538	-45.5000	0.912620
			vertex	-2.33281	-45.5000	0.796160
			vertex	-3.79538	-45.5000	1.38002
		endloop
	endfacet
	facet normal	0.000000	-1.00000	0.000000
		outer loop
			vertex	-2.33281	-45.5000	0.796160
			vertex	-3.96538	-45.5000	0.912620
			vertex	-2.45596	-45.5000	0.330046
		endloop
	endfacet
	facet normal	0.000000	-1.00000	0.000000
		outer loop
			vertex	-4.09177	-45.5000	0.392050
			vertex	-2.45596	-45.5000	0.330046
			vertex	-3.96538	-45.5000	0.912620
		endloop
	endfacet
	facet normal	0.000000	-1.00000	0.000000
		outer loop
			vertex	-2.45596	-45.5000	0.330046
			vertex	-4.09177	-45.5000	0.392050
			vertex	-2.53407	-45.5000	-0.211687
		endloop
	endfacet
	facet normal	0.000000	-1.00000	0.000000
		outer loop
			vertex	-4.17067	-45.5000	-0.187655
			vertex	-2.53407	-45.5000	-0.211687
			vertex	-4.09177	-45.5000	0.392050
		endloop
	endfacet
	facet normal	0.000000	-1.00000	0.000000
		outer loop
			vertex	-2.53407	-45.5000	-0.211687
			vertex	-4.17067	-45.5000	-0.187655
			vertex	-2.56041	-45.5000	-0.814497
		endloop
	endfacet
	facet normal	0.000000	-1.00000	0.000000
		outer loop
			vertex	-4.19719	-45.5000	-0.814497
			vertex	-2.56041	-45.5000	-0.814497
			vertex	-4.17067	-45.5000	-0.187655
		endloop
	endfacet
	facet normal	0.000000	-1.00000	0.000000
		outer loop
			vertex	-2.56041	-45.5000	-0.814497
			vertex	-4.19719	-45.5000	-0.814497
			vertex	-2.55472	-45.5000	-1.10296
		endloop
	endfacet
	facet normal	0.000000	-1.00000	0.000000
		outer loop
			vertex	-4.17509	-45.5000	-1.39152
			vertex	-2.55472	-45.5000	-1.10296
			vertex	-4.19719	-45.5000	-0.814497
		endloop
	endfacet
	facet normal	0.000000	-1.00000	0.000000
		outer loop
			vertex	-2.55472	-45.5000	-1.10296
			vertex	-4.17509	-45.5000	-1.39152
			vertex	-2.50895	-45.5000	-1.64517
		endloop
	endfacet
	facet normal	0.000000	-1.00000	0.000000
		outer loop
			vertex	-4.10620	-45.5000	-1.94692
			vertex	-2.50895	-45.5000	-1.64517
			vertex	-4.17509	-45.5000	-1.39152
		endloop
	endfacet
	facet normal	0.000000	-1.00000	0.000000
		outer loop
			vertex	-2.50895	-45.5000	-1.64517
			vertex	-4.10620	-45.5000	-1.94692
			vertex	-2.42145	-45.5000	-2.12045
		endloop
	endfacet
	facet normal	0.000000	-1.00000	0.000000
		outer loop
			vertex	-3.99371	-45.5000	-2.45191
			vertex	-2.42145	-45.5000	-2.12045
			vertex	-4.10620	-45.5000	-1.94692
		endloop
	endfacet
	facet normal	0.000000	-1.00000	0.000000
		outer loop
			vertex	-2.42145	-45.5000	-2.12045
			vertex	-3.99371	-45.5000	-2.45191
			vertex	-2.29603	-45.5000	-2.53676
		endloop
	endfacet
	facet normal	0.000000	-1.00000	0.000000
		outer loop
			vertex	-3.83976	-45.5000	-2.91167
			vertex	-2.29603	-45.5000	-2.53676
			vertex	-3.99371	-45.5000	-2.45191
		endloop
	endfacet
	facet normal	0.000000	-1.00000	0.000000
		outer loop
			vertex	-2.29603	-45.5000	-2.53676
			vertex	-3.83976	-45.5000	-2.91167
			vertex	-3.64533	-45.5000	-3.33079
		endloop
	endfacet
	facet normal	0.000000	-1.00000	0.000000
		outer loop
			vertex	3.17191	-45.5000	-3.43903
			vertex	3.38257	-45.5000	-3.01841
			vertex	1.91983	-45.5000	-2.43137
		endloop
	endfacet
	facet normal	0.000000	-1.00000	0.000000
		outer loop
			vertex	3.55238	-45.5000	-2.54969
			vertex	1.91983	-45.5000	-2.43137
			vertex	3.38257	-45.5000	-3.01841
		endloop
	endfacet
	facet normal	0.000000	-1.00000	0.000000
		outer loop
			vertex	1.91983	-45.5000	-2.43137
			vertex	3.55238	-45.5000	-2.54969
			vertex	2.04290	-45.5000	-1.96399
		endloop
	endfacet
	facet normal	0.000000	-1.00000	0.000000
		outer loop
			vertex	3.67869	-45.5000	-2.02712
			vertex	2.04290	-45.5000	-1.96399
			vertex	3.55238	-45.5000	-2.54969
		endloop
	endfacet
	facet normal	0.000000	-1.00000	0.000000
		outer loop
			vertex	2.04290	-45.5000	-1.96399
			vertex	3.67869	-45.5000	-2.02712
			vertex	2.12098	-45.5000	-1.42013
		endloop
	endfacet
	facet normal	0.000000	-1.00000	0.000000
		outer loop
			vertex	3.75758	-45.5000	-1.44467
			vertex	2.12098	-45.5000	-1.42013
			vertex	3.67869	-45.5000	-2.02712
		endloop
	endfacet
	facet normal	0.000000	-1.00000	0.000000
		outer loop
			vertex	2.12098	-45.5000	-1.42013
			vertex	3.75758	-45.5000	-1.44467
			vertex	2.14731	-45.5000	-0.814497
		endloop
	endfacet
	facet normal	0.000000	-1.00000	0.000000
		outer loop
			vertex	3.78410	-45.5000	-0.814497
			vertex	2.14731	-45.5000	-0.814497
			vertex	3.75758	-45.5000	-1.44467
		endloop
	endfacet
	facet normal	0.000000	-1.00000	0.000000
		outer loop
			vertex	2.14731	-45.5000	-0.814497
			vertex	3.78410	-45.5000	-0.814497
			vertex	2.14182	-45.5000	-0.532106
		endloop
	endfacet
	facet normal	0.000000	-1.00000	0.000000
		outer loop
			vertex	3.76234	-45.5000	-0.243878
			vertex	2.14182	-45.5000	-0.532106
			vertex	3.78410	-45.5000	-0.814497
		endloop
	endfacet
	facet normal	0.000000	-1.00000	0.000000
		outer loop
			vertex	2.14182	-45.5000	-0.532106
			vertex	3.76234	-45.5000	-0.243878
			vertex	2.09636	-45.5000	0.00859318
		endloop
	endfacet
	facet normal	0.000000	-1.00000	0.000000
		outer loop
			vertex	3.69374	-45.5000	0.310383
			vertex	2.09636	-45.5000	0.00859318
			vertex	3.76234	-45.5000	-0.243878
		endloop
	endfacet
	facet normal	0.000000	-1.00000	0.000000
		outer loop
			vertex	2.09636	-45.5000	0.00859318
			vertex	3.69374	-45.5000	0.310383
			vertex	2.00902	-45.5000	0.483054
		endloop
	endfacet
	facet normal	0.000000	-1.00000	0.000000
		outer loop
			vertex	3.58143	-45.5000	0.814646
			vertex	2.00902	-45.5000	0.483054
			vertex	3.69374	-45.5000	0.310383
		endloop
	endfacet
	facet normal	0.000000	-1.00000	0.000000
		outer loop
			vertex	2.00902	-45.5000	0.483054
			vertex	3.58143	-45.5000	0.814646
			vertex	1.88360	-45.5000	0.899126
		endloop
	endfacet
	facet normal	0.000000	-1.00000	0.000000
		outer loop
			vertex	3.42754	-45.5000	1.27406
			vertex	1.88360	-45.5000	0.899126
			vertex	3.58143	-45.5000	0.814646
		endloop
	endfacet
	facet normal	0.000000	-1.00000	0.000000
		outer loop
			vertex	1.88360	-45.5000	0.899126
			vertex	3.42754	-45.5000	1.27406
			vertex	3.23300	-45.5000	1.69319
		endloop
	endfacet
	facet normal	0.384040	-0.923316	0.000000
		outer loop
			vertex	-2.40647	8.87568	-45.0000
			vertex	-2.40647	8.87568	-45.5000
			vertex	-1.99851	9.04537	-45.5000
		endloop
	endfacet
	facet normal	0.384040	-0.923316	0.000000
		outer loop
			vertex	-2.40647	8.87568	-45.0000
			vertex	-1.99851	9.04537	-45.5000
			vertex	-1.99851	9.04537	-45.0000
		endloop
	endfacet
	facet normal	0.286987	-0.957935	0.000000
		outer loop
			vertex	-1.49841	9.19519	-45.5000
			vertex	-1.99851	9.04537	-45.0000
			vertex	-1.99851	9.04537	-45.5000
		endloop
	endfacet
	facet normal	0.286987	-0.957935	0.000000
		outer loop
			vertex	-1.99851	9.04537	-45.0000
			vertex	-1.49841	9.19519	-45.5000
			vertex	-1.49841	9.19519	-45.0000
		endloop
	endfacet
	facet normal	0.209199	-0.977873	0.000000
		outer loop
			vertex	-0.862449	9.33124	-45.5000
			vertex	-1.49841	9.19519	-45.0000
			vertex	-1.49841	9.19519	-45.5000
		endloop
	endfacet
	facet normal	0.209199	-0.977873	0.000000
		outer loop
			vertex	-1.49841	9.19519	-45.0000
			vertex	-0.862449	9.33124	-45.5000
			vertex	-0.862449	9.33124	-45.0000
		endloop
	endfacet
	facet normal	0.145182	-0.989405	0.000000
		outer loop
			vertex	-0.0670531	9.44796	-45.5000
			vertex	-0.862449	9.33124	-45.0000
			vertex	-0.862449	9.33124	-45.5000
		endloop
	endfacet
	facet normal	0.145182	-0.989405	0.000000
		outer loop
			vertex	-0.862449	9.33124	-45.0000
			vertex	-0.0670531	9.44796	-45.5000
			vertex	-0.0670531	9.44796	-45.0000
		endloop
	endfacet
	facet normal	0.0924750	-0.995715	0.000000
		outer loop
			vertex	0.914729	9.53914	-45.5000
			vertex	-0.0670531	9.44796	-45.0000
			vertex	-0.0670531	9.44796	-45.5000
		endloop
	endfacet
	facet normal	0.0924750	-0.995715	0.000000
		outer loop
			vertex	-0.0670531	9.44796	-45.0000
			vertex	0.914729	9.53914	-45.5000
			vertex	0.914729	9.53914	-45.0000
		endloop
	endfacet
	facet normal	0.0488723	-0.998805	0.000000
		outer loop
			vertex	2.11216	9.59773	-45.5000
			vertex	0.914729	9.53914	-45.0000
			vertex	0.914729	9.53914	-45.5000
		endloop
	endfacet
	facet normal	0.0488723	-0.998805	0.000000
		outer loop
			vertex	0.914729	9.53914	-45.0000
			vertex	2.11216	9.59773	-45.5000
			vertex	2.11216	9.59773	-45.0000
		endloop
	endfacet
	facet normal	0.0142862	-0.999898	0.000000
		outer loop
			vertex	3.40023	9.61613	-45.5000
			vertex	2.11216	9.59773	-45.0000
			vertex	2.11216	9.59773	-45.5000
		endloop
	endfacet
	facet normal	0.0142862	-0.999898	0.000000
		outer loop
			vertex	2.11216	9.59773	-45.0000
			vertex	3.40023	9.61613	-45.5000
			vertex	3.40023	9.61613	-45.0000
		endloop
	endfacet
	facet normal	0.998805	-0.0488774	0.000000
		outer loop
			vertex	-3.90686	6.01130	-45.0000
			vertex	-3.90686	6.01130	-45.5000
			vertex	-3.88049	6.55011	-45.5000
		endloop
	endfacet
	facet normal	0.998805	-0.0488774	0.000000
		outer loop
			vertex	-3.90686	6.01130	-45.0000
			vertex	-3.88049	6.55011	-45.5000
			vertex	-3.88049	6.55011	-45.0000
		endloop
	endfacet
	facet normal	0.987307	-0.158824	0.000000
		outer loop
			vertex	-3.80225	7.03647	-45.5000
			vertex	-3.88049	6.55011	-45.0000
			vertex	-3.88049	6.55011	-45.5000
		endloop
	endfacet
	facet normal	0.987307	-0.158824	0.000000
		outer loop
			vertex	-3.88049	6.55011	-45.0000
			vertex	-3.80225	7.03647	-45.5000
			vertex	-3.80225	7.03647	-45.0000
		endloop
	endfacet
	facet normal	0.959484	-0.281763	0.000000
		outer loop
			vertex	-3.67841	7.45819	-45.5000
			vertex	-3.80225	7.03647	-45.0000
			vertex	-3.80225	7.03647	-45.5000
		endloop
	endfacet
	facet normal	0.959484	-0.281763	0.000000
		outer loop
			vertex	-3.80225	7.03647	-45.0000
			vertex	-3.67841	7.45819	-45.5000
			vertex	-3.67841	7.45819	-45.0000
		endloop
	endfacet
	facet normal	0.914363	-0.404894	0.000000
		outer loop
			vertex	-3.53176	7.78936	-45.5000
			vertex	-3.67841	7.45819	-45.0000
			vertex	-3.67841	7.45819	-45.5000
		endloop
	endfacet
	facet normal	0.914363	-0.404894	0.000000
		outer loop
			vertex	-3.67841	7.45819	-45.0000
			vertex	-3.53176	7.78936	-45.5000
			vertex	-3.53176	7.78936	-45.0000
		endloop
	endfacet
	facet normal	0.849392	-0.527763	0.000000
		outer loop
			vertex	-3.33312	8.10906	-45.5000
			vertex	-3.53176	7.78936	-45.0000
			vertex	-3.53176	7.78936	-45.5000
		endloop
	endfacet
	facet normal	0.849392	-0.527763	0.000000
		outer loop
			vertex	-3.53176	7.78936	-45.0000
			vertex	-3.33312	8.10906	-45.5000
			vertex	-3.33312	8.10906	-45.0000
		endloop
	endfacet
	facet normal	0.760302	-0.649569	0.000000
		outer loop
			vertex	-3.09720	8.38519	-45.5000
			vertex	-3.33312	8.10906	-45.0000
			vertex	-3.33312	8.10906	-45.5000
		endloop
	endfacet
	facet normal	0.760302	-0.649569	0.000000
		outer loop
			vertex	-3.33312	8.10906	-45.0000
			vertex	-3.09720	8.38519	-45.5000
			vertex	-3.09720	8.38519	-45.0000
		endloop
	endfacet
	facet normal	0.654128	-0.756384	0.000000
		outer loop
			vertex	-2.82329	8.62207	-45.5000
			vertex	-3.09720	8.38519	-45.0000
			vertex	-3.09720	8.38519	-45.5000
		endloop
	endfacet
	facet normal	0.654128	-0.756384	0.000000
		outer loop
			vertex	-3.09720	8.38519	-45.0000
			vertex	-2.82329	8.62207	-45.5000
			vertex	-2.82329	8.62207	-45.0000
		endloop
	endfacet
	facet normal	0.537639	-0.843175	0.000000
		outer loop
			vertex	-2.50860	8.82273	-45.5000
			vertex	-2.82329	8.62207	-45.0000
			vertex	-2.82329	8.62207	-45.5000
		endloop
	endfacet
	facet normal	0.537639	-0.843175	0.000000
		outer loop
			vertex	-2.82329	8.62207	-45.0000
			vertex	-2.50860	8.82273	-45.5000
			vertex	-2.50860	8.82273	-45.0000
		endloop
	endfacet
	facet normal	0.460269	-0.887780	0.000000
		outer loop
			vertex	-2.40647	8.87568	-45.5000
			vertex	-2.50860	8.82273	-45.0000
			vertex	-2.50860	8.82273	-45.5000
		endloop
	endfacet
	facet normal	0.460269	-0.887780	0.000000
		outer loop
			vertex	-2.50860	8.82273	-45.0000
			vertex	-2.40647	8.87568	-45.5000
			vertex	-2.40647	8.87568	-45.0000
		endloop
	endfacet
	facet normal	0.0226793	0.999743	0.000000
		outer loop
			vertex	3.84840	1.68550	-45.0000
			vertex	3.84840	1.68550	-45.5000
			vertex	2.68347	1.71193	-45.5000
		endloop
	endfacet
	facet normal	0.0226793	0.999743	0.000000
		outer loop
			vertex	3.84840	1.68550	-45.0000
			vertex	2.68347	1.71193	-45.5000
			vertex	2.68347	1.71193	-45.0000
		endloop
	endfacet
	facet normal	0.0736662	0.997283	0.000000
		outer loop
			vertex	1.62112	1.79040	-45.5000
			vertex	2.68347	1.71193	-45.0000
			vertex	2.68347	1.71193	-45.5000
		endloop
	endfacet
	facet normal	0.0736662	0.997283	0.000000
		outer loop
			vertex	2.68347	1.71193	-45.0000
			vertex	1.62112	1.79040	-45.5000
			vertex	1.62112	1.79040	-45.0000
		endloop
	endfacet
	facet normal	0.132183	0.991225	0.000000
		outer loop
			vertex	0.689228	1.91467	-45.5000
			vertex	1.62112	1.79040	-45.0000
			vertex	1.62112	1.79040	-45.5000
		endloop
	endfacet
	facet normal	0.132183	0.991225	0.000000
		outer loop
			vertex	1.62112	1.79040	-45.0000
			vertex	0.689228	1.91467	-45.5000
			vertex	0.689228	1.91467	-45.0000
		endloop
	endfacet
	facet normal	0.197999	0.980202	0.000000
		outer loop
			vertex	-0.123641	2.07887	-45.5000
			vertex	0.689228	1.91467	-45.0000
			vertex	0.689228	1.91467	-45.5000
		endloop
	endfacet
	facet normal	0.197999	0.980202	0.000000
		outer loop
			vertex	0.689228	1.91467	-45.0000
			vertex	-0.123641	2.07887	-45.5000
			vertex	-0.123641	2.07887	-45.0000
		endloop
	endfacet
	facet normal	0.271403	0.962466	0.000000
		outer loop
			vertex	-0.829008	2.27777	-45.5000
			vertex	-0.123641	2.07887	-45.0000
			vertex	-0.123641	2.07887	-45.5000
		endloop
	endfacet
	facet normal	0.271403	0.962466	0.000000
		outer loop
			vertex	-0.123641	2.07887	-45.0000
			vertex	-0.829008	2.27777	-45.5000
			vertex	-0.829008	2.27777	-45.0000
		endloop
	endfacet
	facet normal	0.352229	0.935914	0.000000
		outer loop
			vertex	-1.43770	2.50685	-45.5000
			vertex	-0.829008	2.27777	-45.0000
			vertex	-0.829008	2.27777	-45.5000
		endloop
	endfacet
	facet normal	0.352229	0.935914	0.000000
		outer loop
			vertex	-0.829008	2.27777	-45.0000
			vertex	-1.43770	2.50685	-45.5000
			vertex	-1.43770	2.50685	-45.0000
		endloop
	endfacet
	facet normal	0.439571	0.898208	0.000000
		outer loop
			vertex	-1.95978	2.76235	-45.5000
			vertex	-1.43770	2.50685	-45.0000
			vertex	-1.43770	2.50685	-45.5000
		endloop
	endfacet
	facet normal	0.439571	0.898208	0.000000
		outer loop
			vertex	-1.43770	2.50685	-45.0000
			vertex	-1.95978	2.76235	-45.5000
			vertex	-1.95978	2.76235	-45.0000
		endloop
	endfacet
	facet normal	0.488719	0.872441	0.000000
		outer loop
			vertex	-1.99272	2.78080	-45.5000
			vertex	-1.95978	2.76235	-45.0000
			vertex	-1.95978	2.76235	-45.5000
		endloop
	endfacet
	facet normal	0.488719	0.872441	0.000000
		outer loop
			vertex	-1.95978	2.76235	-45.0000
			vertex	-1.99272	2.78080	-45.5000
			vertex	-1.99272	2.78080	-45.0000
		endloop
	endfacet
	facet normal	0.537192	0.843460	0.000000
		outer loop
			vertex	-2.42598	3.05674	-45.5000
			vertex	-1.99272	2.78080	-45.0000
			vertex	-1.99272	2.78080	-45.5000
		endloop
	endfacet
	facet normal	0.537192	0.843460	0.000000
		outer loop
			vertex	-1.99272	2.78080	-45.0000
			vertex	-2.42598	3.05674	-45.5000
			vertex	-2.42598	3.05674	-45.0000
		endloop
	endfacet
	facet normal	0.629821	0.776740	0.000000
		outer loop
			vertex	-2.79806	3.35845	-45.5000
			vertex	-2.42598	3.05674	-45.0000
			vertex	-2.42598	3.05674	-45.5000
		endloop
	endfacet
	facet normal	0.629821	0.776740	0.000000
		outer loop
			vertex	-2.42598	3.05674	-45.0000
			vertex	-2.79806	3.35845	-45.5000
			vertex	-2.79806	3.35845	-45.0000
		endloop
	endfacet
	facet normal	0.720277	0.693687	0.000000
		outer loop
			vertex	-3.10868	3.68098	-45.5000
			vertex	-2.79806	3.35845	-45.0000
			vertex	-2.79806	3.35845	-45.5000
		endloop
	endfacet
	facet normal	0.720277	0.693687	0.000000
		outer loop
			vertex	-2.79806	3.35845	-45.0000
			vertex	-3.10868	3.68098	-45.5000
			vertex	-3.10868	3.68098	-45.0000
		endloop
	endfacet
	facet normal	0.803059	0.595899	0.000000
		outer loop
			vertex	-3.36364	4.02457	-45.5000
			vertex	-3.10868	3.68098	-45.0000
			vertex	-3.10868	3.68098	-45.5000
		endloop
	endfacet
	facet normal	0.803059	0.595899	0.000000
		outer loop
			vertex	-3.10868	3.68098	-45.0000
			vertex	-3.36364	4.02457	-45.5000
			vertex	-3.36364	4.02457	-45.0000
		endloop
	endfacet
	facet normal	0.873618	0.486613	0.000000
		outer loop
			vertex	-3.56671	4.38913	-45.5000
			vertex	-3.36364	4.02457	-45.0000
			vertex	-3.36364	4.02457	-45.5000
		endloop
	endfacet
	facet normal	0.873618	0.486613	0.000000
		outer loop
			vertex	-3.36364	4.02457	-45.0000
			vertex	-3.56671	4.38913	-45.5000
			vertex	-3.56671	4.38913	-45.0000
		endloop
	endfacet
	facet normal	0.928986	0.370114	0.000000
		outer loop
			vertex	-3.72243	4.77999	-45.5000
			vertex	-3.56671	4.38913	-45.0000
			vertex	-3.56671	4.38913	-45.5000
		endloop
	endfacet
	facet normal	0.928986	0.370114	0.000000
		outer loop
			vertex	-3.56671	4.38913	-45.0000
			vertex	-3.72243	4.77999	-45.5000
			vertex	-3.72243	4.77999	-45.0000
		endloop
	endfacet
	facet normal	0.967916	0.251274	0.000000
		outer loop
			vertex	-3.83121	5.19904	-45.5000
			vertex	-3.72243	4.77999	-45.0000
			vertex	-3.72243	4.77999	-45.5000
		endloop
	endfacet
	facet normal	0.967916	0.251274	0.000000
		outer loop
			vertex	-3.72243	4.77999	-45.0000
			vertex	-3.83121	5.19904	-45.5000
			vertex	-3.83121	5.19904	-45.0000
		endloop
	endfacet
	facet normal	0.990827	0.135136	0.000000
		outer loop
			vertex	-3.89276	5.65033	-45.5000
			vertex	-3.83121	5.19904	-45.0000
			vertex	-3.83121	5.19904	-45.5000
		endloop
	endfacet
	facet normal	0.990827	0.135136	0.000000
		outer loop
			vertex	-3.83121	5.19904	-45.0000
			vertex	-3.89276	5.65033	-45.5000
			vertex	-3.89276	5.65033	-45.0000
		endloop
	endfacet
	facet normal	0.999239	0.0390174	0.000000
		outer loop
			vertex	-3.90686	6.01130	-45.5000
			vertex	-3.89276	5.65033	-45.0000
			vertex	-3.89276	5.65033	-45.5000
		endloop
	endfacet
	facet normal	0.999239	0.0390174	0.000000
		outer loop
			vertex	-3.89276	5.65033	-45.0000
			vertex	-3.90686	6.01130	-45.5000
			vertex	-3.90686	6.01130	-45.0000
		endloop
	endfacet
	facet normal	0.000000	1.00000	0.000000
		outer loop
			vertex	3.84840	1.68550	-45.0000
			vertex	5.19291	1.68550	-45.0000
			vertex	3.84840	1.68550	-45.5000
		endloop
	endfacet
	facet normal	0.000000	1.00000	0.000000
		outer loop
			vertex	5.19291	1.68550	-45.5000
			vertex	3.84840	1.68550	-45.5000
			vertex	5.19291	1.68550	-45.0000
		endloop
	endfacet
	facet normal	-1.00000	0.000000	0.000000
		outer loop
			vertex	5.19291	1.68550	-45.0000
			vertex	5.19291	9.61613	-45.0000
			vertex	5.19291	1.68550	-45.5000
		endloop
	endfacet
	facet normal	-1.00000	0.000000	0.000000
		outer loop
			vertex	5.19291	9.61613	-45.5000
			vertex	5.19291	1.68550	-45.5000
			vertex	5.19291	9.61613	-45.0000
		endloop
	endfacet
	facet normal	0.000000	-1.00000	0.000000
		outer loop
			vertex	5.19291	9.61613	-45.0000
			vertex	3.40023	9.61613	-45.0000
			vertex	5.19291	9.61613	-45.5000
		endloop
	endfacet
	facet normal	0.000000	-1.00000	0.000000
		outer loop
			vertex	3.40023	9.61613	-45.5000
			vertex	5.19291	9.61613	-45.5000
			vertex	3.40023	9.61613	-45.0000
		endloop
	endfacet
	facet normal	0.481015	-0.876713	0.000000
		outer loop
			vertex	-2.59158	-2.13367	-45.0000
			vertex	-2.59158	-2.13367	-45.5000
			vertex	-2.03259	-1.82698	-45.5000
		endloop
	endfacet
	facet normal	0.481015	-0.876713	0.000000
		outer loop
			vertex	-2.59158	-2.13367	-45.0000
			vertex	-2.03259	-1.82698	-45.5000
			vertex	-2.03259	-1.82698	-45.0000
		endloop
	endfacet
	facet normal	0.407884	-0.913034	0.000000
		outer loop
			vertex	-1.42755	-1.55668	-45.5000
			vertex	-2.03259	-1.82698	-45.0000
			vertex	-2.03259	-1.82698	-45.5000
		endloop
	endfacet
	facet normal	0.407884	-0.913034	0.000000
		outer loop
			vertex	-2.03259	-1.82698	-45.0000
			vertex	-1.42755	-1.55668	-45.5000
			vertex	-1.42755	-1.55668	-45.0000
		endloop
	endfacet
	facet normal	0.336928	-0.941530	0.000000
		outer loop
			vertex	-0.766145	-1.32000	-45.5000
			vertex	-1.42755	-1.55668	-45.0000
			vertex	-1.42755	-1.55668	-45.5000
		endloop
	endfacet
	facet normal	0.336928	-0.941530	0.000000
		outer loop
			vertex	-1.42755	-1.55668	-45.0000
			vertex	-0.766145	-1.32000	-45.5000
			vertex	-0.766145	-1.32000	-45.0000
		endloop
	endfacet
	facet normal	0.268765	-0.963206	0.000000
		outer loop
			vertex	-0.0438008	-1.11844	-45.5000
			vertex	-0.766145	-1.32000	-45.0000
			vertex	-0.766145	-1.32000	-45.5000
		endloop
	endfacet
	facet normal	0.268765	-0.963206	0.000000
		outer loop
			vertex	-0.766145	-1.32000	-45.0000
			vertex	-0.0438008	-1.11844	-45.5000
			vertex	-0.0438008	-1.11844	-45.0000
		endloop
	endfacet
	facet normal	0.204122	-0.978945	0.000000
		outer loop
			vertex	0.744513	-0.954068	-45.5000
			vertex	-0.0438008	-1.11844	-45.0000
			vertex	-0.0438008	-1.11844	-45.5000
		endloop
	endfacet
	facet normal	0.204122	-0.978945	0.000000
		outer loop
			vertex	-0.0438008	-1.11844	-45.0000
			vertex	0.744513	-0.954068	-45.5000
			vertex	0.744513	-0.954068	-45.0000
		endloop
	endfacet
	facet normal	0.143441	-0.989659	0.000000
		outer loop
			vertex	1.60416	-0.829470	-45.5000
			vertex	0.744513	-0.954068	-45.0000
			vertex	0.744513	-0.954068	-45.5000
		endloop
	endfacet
	facet normal	0.143441	-0.989659	0.000000
		outer loop
			vertex	0.744513	-0.954068	-45.0000
			vertex	1.60416	-0.829470	-45.5000
			vertex	1.60416	-0.829470	-45.0000
		endloop
	endfacet
	facet normal	0.0869353	-0.996214	0.000000
		outer loop
			vertex	2.54083	-0.747731	-45.5000
			vertex	1.60416	-0.829470	-45.0000
			vertex	1.60416	-0.829470	-45.5000
		endloop
	endfacet
	facet normal	0.0869353	-0.996214	0.000000
		outer loop
			vertex	1.60416	-0.829470	-45.0000
			vertex	2.54083	-0.747731	-45.5000
			vertex	2.54083	-0.747731	-45.0000
		endloop
	endfacet
	facet normal	0.0352259	-0.999379	0.000000
		outer loop
			vertex	3.53607	-0.712651	-45.5000
			vertex	2.54083	-0.747731	-45.0000
			vertex	2.54083	-0.747731	-45.5000
		endloop
	endfacet
	facet normal	0.0352259	-0.999379	0.000000
		outer loop
			vertex	2.54083	-0.747731	-45.0000
			vertex	3.53607	-0.712651	-45.5000
			vertex	3.53607	-0.712651	-45.0000
		endloop
	endfacet
	facet normal	0.00562309	-0.999984	0.000000
		outer loop
			vertex	3.78995	-0.711224	-45.5000
			vertex	3.53607	-0.712651	-45.0000
			vertex	3.53607	-0.712651	-45.5000
		endloop
	endfacet
	facet normal	0.00562309	-0.999984	0.000000
		outer loop
			vertex	3.53607	-0.712651	-45.0000
			vertex	3.78995	-0.711224	-45.5000
			vertex	3.78995	-0.711224	-45.0000
		endloop
	endfacet
	facet normal	0.998598	-0.0529266	0.000000
		outer loop
			vertex	-4.93959	-5.97233	-45.0000
			vertex	-4.93959	-5.97233	-45.5000
			vertex	-4.91287	-5.46808	-45.5000
		endloop
	endfacet
	facet normal	0.998598	-0.0529266	0.000000
		outer loop
			vertex	-4.93959	-5.97233	-45.0000
			vertex	-4.91287	-5.46808	-45.5000
			vertex	-4.91287	-5.46808	-45.0000
		endloop
	endfacet
	facet normal	0.986462	-0.163990	0.000000
		outer loop
			vertex	-4.83311	-4.98829	-45.5000
			vertex	-4.91287	-5.46808	-45.0000
			vertex	-4.91287	-5.46808	-45.5000
		endloop
	endfacet
	facet normal	0.986462	-0.163990	0.000000
		outer loop
			vertex	-4.91287	-5.46808	-45.0000
			vertex	-4.83311	-4.98829	-45.5000
			vertex	-4.83311	-4.98829	-45.0000
		endloop
	endfacet
	facet normal	0.960614	-0.277887	0.000000
		outer loop
			vertex	-4.70296	-4.53837	-45.5000
			vertex	-4.83311	-4.98829	-45.0000
			vertex	-4.83311	-4.98829	-45.5000
		endloop
	endfacet
	facet normal	0.960614	-0.277887	0.000000
		outer loop
			vertex	-4.83311	-4.98829	-45.0000
			vertex	-4.70296	-4.53837	-45.5000
			vertex	-4.70296	-4.53837	-45.0000
		endloop
	endfacet
	facet normal	0.921002	-0.389559	0.000000
		outer loop
			vertex	-4.52367	-4.11451	-45.5000
			vertex	-4.70296	-4.53837	-45.0000
			vertex	-4.70296	-4.53837	-45.5000
		endloop
	endfacet
	facet normal	0.921002	-0.389559	0.000000
		outer loop
			vertex	-4.70296	-4.53837	-45.0000
			vertex	-4.52367	-4.11451	-45.5000
			vertex	-4.52367	-4.11451	-45.0000
		endloop
	endfacet
	facet normal	0.868785	-0.495190	0.000000
		outer loop
			vertex	-4.29438	-3.71222	-45.5000
			vertex	-4.52367	-4.11451	-45.0000
			vertex	-4.52367	-4.11451	-45.5000
		endloop
	endfacet
	facet normal	0.868785	-0.495190	0.000000
		outer loop
			vertex	-4.52367	-4.11451	-45.0000
			vertex	-4.29438	-3.71222	-45.5000
			vertex	-4.29438	-3.71222	-45.0000
		endloop
	endfacet
	facet normal	0.806394	-0.591379	0.000000
		outer loop
			vertex	-4.01472	-3.33088	-45.5000
			vertex	-4.29438	-3.71222	-45.0000
			vertex	-4.29438	-3.71222	-45.5000
		endloop
	endfacet
	facet normal	0.806394	-0.591379	0.000000
		outer loop
			vertex	-4.29438	-3.71222	-45.0000
			vertex	-4.01472	-3.33088	-45.5000
			vertex	-4.01472	-3.33088	-45.0000
		endloop
	endfacet
	facet normal	0.737001	-0.675892	0.000000
		outer loop
			vertex	-3.68121	-2.96722	-45.5000
			vertex	-4.01472	-3.33088	-45.0000
			vertex	-4.01472	-3.33088	-45.5000
		endloop
	endfacet
	facet normal	0.737001	-0.675892	0.000000
		outer loop
			vertex	-4.01472	-3.33088	-45.0000
			vertex	-3.68121	-2.96722	-45.5000
			vertex	-3.68121	-2.96722	-45.0000
		endloop
	endfacet
	facet normal	0.663736	-0.747967	0.000000
		outer loop
			vertex	-3.28977	-2.61986	-45.5000
			vertex	-3.68121	-2.96722	-45.0000
			vertex	-3.68121	-2.96722	-45.5000
		endloop
	endfacet
	facet normal	0.663736	-0.747967	0.000000
		outer loop
			vertex	-3.68121	-2.96722	-45.0000
			vertex	-3.28977	-2.61986	-45.5000
			vertex	-3.28977	-2.61986	-45.0000
		endloop
	endfacet
	facet normal	0.589504	-0.807765	0.000000
		outer loop
			vertex	-2.83522	-2.28814	-45.5000
			vertex	-3.28977	-2.61986	-45.0000
			vertex	-3.28977	-2.61986	-45.5000
		endloop
	endfacet
	facet normal	0.589504	-0.807765	0.000000
		outer loop
			vertex	-3.28977	-2.61986	-45.0000
			vertex	-2.83522	-2.28814	-45.5000
			vertex	-2.83522	-2.28814	-45.0000
		endloop
	endfacet
	facet normal	0.535445	-0.844570	0.000000
		outer loop
			vertex	-2.59158	-2.13367	-45.5000
			vertex	-2.83522	-2.28814	-45.0000
			vertex	-2.83522	-2.28814	-45.5000
		endloop
	endfacet
	facet normal	0.535445	-0.844570	0.000000
		outer loop
			vertex	-2.83522	-2.28814	-45.0000
			vertex	-2.59158	-2.13367	-45.5000
			vertex	-2.59158	-2.13367	-45.0000
		endloop
	endfacet
	facet normal	0.537721	0.843123	0.000000
		outer loop
			vertex	-3.50740	-8.83671	-45.0000
			vertex	-3.50740	-8.83671	-45.5000
			vertex	-3.83244	-8.62941	-45.5000
		endloop
	endfacet
	facet normal	0.537721	0.843123	0.000000
		outer loop
			vertex	-3.50740	-8.83671	-45.0000
			vertex	-3.83244	-8.62941	-45.5000
			vertex	-3.83244	-8.62941	-45.0000
		endloop
	endfacet
	facet normal	0.654544	0.756024	0.000000
		outer loop
			vertex	-4.11469	-8.38505	-45.5000
			vertex	-3.83244	-8.62941	-45.0000
			vertex	-3.83244	-8.62941	-45.5000
		endloop
	endfacet
	facet normal	0.654544	0.756024	0.000000
		outer loop
			vertex	-3.83244	-8.62941	-45.0000
			vertex	-4.11469	-8.38505	-45.5000
			vertex	-4.11469	-8.38505	-45.0000
		endloop
	endfacet
	facet normal	0.759964	0.649965	0.000000
		outer loop
			vertex	-4.35239	-8.10713	-45.5000
			vertex	-4.11469	-8.38505	-45.0000
			vertex	-4.11469	-8.38505	-45.5000
		endloop
	endfacet
	facet normal	0.759964	0.649965	0.000000
		outer loop
			vertex	-4.11469	-8.38505	-45.0000
			vertex	-4.35239	-8.10713	-45.5000
			vertex	-4.35239	-8.10713	-45.0000
		endloop
	endfacet
	facet normal	0.846982	0.531622	0.000000
		outer loop
			vertex	-4.54921	-7.79354	-45.5000
			vertex	-4.35239	-8.10713	-45.0000
			vertex	-4.35239	-8.10713	-45.5000
		endloop
	endfacet
	facet normal	0.846982	0.531622	0.000000
		outer loop
			vertex	-4.35239	-8.10713	-45.0000
			vertex	-4.54921	-7.79354	-45.5000
			vertex	-4.54921	-7.79354	-45.0000
		endloop
	endfacet
	facet normal	0.905554	0.424231	0.000000
		outer loop
			vertex	-4.67017	-7.53535	-45.5000
			vertex	-4.54921	-7.79354	-45.0000
			vertex	-4.54921	-7.79354	-45.5000
		endloop
	endfacet
	facet normal	0.905554	0.424231	0.000000
		outer loop
			vertex	-4.54921	-7.79354	-45.0000
			vertex	-4.67017	-7.53535	-45.5000
			vertex	-4.67017	-7.53535	-45.0000
		endloop
	endfacet
	facet normal	0.948323	0.317306	0.000000
		outer loop
			vertex	-4.79948	-7.14887	-45.5000
			vertex	-4.67017	-7.53535	-45.0000
			vertex	-4.67017	-7.53535	-45.5000
		endloop
	endfacet
	facet normal	0.948323	0.317306	0.000000
		outer loop
			vertex	-4.67017	-7.53535	-45.0000
			vertex	-4.79948	-7.14887	-45.5000
			vertex	-4.79948	-7.14887	-45.0000
		endloop
	endfacet
	facet normal	0.979714	0.200401	0.000000
		outer loop
			vertex	-4.88834	-6.71449	-45.5000
			vertex	-4.79948	-7.14887	-45.0000
			vertex	-4.79948	-7.14887	-45.5000
		endloop
	endfacet
	facet normal	0.979714	0.200401	0.000000
		outer loop
			vertex	-4.79948	-7.14887	-45.0000
			vertex	-4.88834	-6.71449	-45.5000
			vertex	-4.88834	-6.71449	-45.0000
		endloop
	endfacet
	facet normal	0.995658	0.0930901	0.000000
		outer loop
			vertex	-4.93415	-6.22447	-45.5000
			vertex	-4.88834	-6.71449	-45.0000
			vertex	-4.88834	-6.71449	-45.5000
		endloop
	endfacet
	facet normal	0.995658	0.0930901	0.000000
		outer loop
			vertex	-4.88834	-6.71449	-45.0000
			vertex	-4.93415	-6.22447	-45.5000
			vertex	-4.93415	-6.22447	-45.0000
		endloop
	endfacet
	facet normal	0.999767	0.0215891	0.000000
		outer loop
			vertex	-4.93959	-5.97233	-45.5000
			vertex	-4.93415	-6.22447	-45.0000
			vertex	-4.93415	-6.22447	-45.5000
		endloop
	endfacet
	facet normal	0.999767	0.0215891	0.000000
		outer loop
			vertex	-4.93415	-6.22447	-45.0000
			vertex	-4.93959	-5.97233	-45.5000
			vertex	-4.93959	-5.97233	-45.0000
		endloop
	endfacet
	facet normal	0.0199080	0.999802	0.000000
		outer loop
			vertex	1.72447	-9.61613	-45.0000
			vertex	1.72447	-9.61613	-45.5000
			vertex	0.412615	-9.59001	-45.5000
		endloop
	endfacet
	facet normal	0.0199080	0.999802	0.000000
		outer loop
			vertex	1.72447	-9.61613	-45.0000
			vertex	0.412615	-9.59001	-45.5000
			vertex	0.412615	-9.59001	-45.0000
		endloop
	endfacet
	facet normal	0.0645540	0.997914	0.000000
		outer loop
			vertex	-0.609972	-9.52386	-45.5000
			vertex	0.412615	-9.59001	-45.0000
			vertex	0.412615	-9.59001	-45.5000
		endloop
	endfacet
	facet normal	0.0645540	0.997914	0.000000
		outer loop
			vertex	0.412615	-9.59001	-45.0000
			vertex	-0.609972	-9.52386	-45.5000
			vertex	-0.609972	-9.52386	-45.0000
		endloop
	endfacet
	facet normal	0.115868	0.993265	0.000000
		outer loop
			vertex	-1.46096	-9.42459	-45.5000
			vertex	-0.609972	-9.52386	-45.0000
			vertex	-0.609972	-9.52386	-45.5000
		endloop
	endfacet
	facet normal	0.115868	0.993265	0.000000
		outer loop
			vertex	-0.609972	-9.52386	-45.0000
			vertex	-1.46096	-9.42459	-45.5000
			vertex	-1.46096	-9.42459	-45.0000
		endloop
	endfacet
	facet normal	0.177009	0.984209	0.000000
		outer loop
			vertex	-2.16158	-9.29859	-45.5000
			vertex	-1.46096	-9.42459	-45.0000
			vertex	-1.46096	-9.42459	-45.5000
		endloop
	endfacet
	facet normal	0.177009	0.984209	0.000000
		outer loop
			vertex	-1.46096	-9.42459	-45.0000
			vertex	-2.16158	-9.29859	-45.5000
			vertex	-2.16158	-9.29859	-45.0000
		endloop
	endfacet
	facet normal	0.249845	0.968286	0.000000
		outer loop
			vertex	-2.73160	-9.15150	-45.5000
			vertex	-2.16158	-9.29859	-45.0000
			vertex	-2.16158	-9.29859	-45.5000
		endloop
	endfacet
	facet normal	0.249845	0.968286	0.000000
		outer loop
			vertex	-2.16158	-9.29859	-45.0000
			vertex	-2.73160	-9.15150	-45.5000
			vertex	-2.73160	-9.15150	-45.0000
		endloop
	endfacet
	facet normal	0.336132	0.941815	0.000000
		outer loop
			vertex	-3.18926	-8.98817	-45.5000
			vertex	-2.73160	-9.15150	-45.0000
			vertex	-2.73160	-9.15150	-45.5000
		endloop
	endfacet
	facet normal	0.336132	0.941815	0.000000
		outer loop
			vertex	-2.73160	-9.15150	-45.0000
			vertex	-3.18926	-8.98817	-45.5000
			vertex	-3.18926	-8.98817	-45.0000
		endloop
	endfacet
	facet normal	0.429837	0.902906	0.000000
		outer loop
			vertex	-3.50740	-8.83671	-45.5000
			vertex	-3.18926	-8.98817	-45.0000
			vertex	-3.18926	-8.98817	-45.5000
		endloop
	endfacet
	facet normal	0.429837	0.902906	0.000000
		outer loop
			vertex	-3.18926	-8.98817	-45.0000
			vertex	-3.50740	-8.83671	-45.5000
			vertex	-3.50740	-8.83671	-45.0000
		endloop
	endfacet
	facet normal	0.000000	1.00000	0.000000
		outer loop
			vertex	1.72447	-9.61613	-45.0000
			vertex	5.19291	-9.61613	-45.0000
			vertex	1.72447	-9.61613	-45.5000
		endloop
	endfacet
	facet normal	0.000000	1.00000	0.000000
		outer loop
			vertex	5.19291	-9.61613	-45.5000
			vertex	1.72447	-9.61613	-45.5000
			vertex	5.19291	-9.61613	-45.0000
		endloop
	endfacet
	facet normal	-1.00000	0.000000	0.000000
		outer loop
			vertex	5.19291	-9.61613	-45.0000
			vertex	5.19291	-0.711224	-45.0000
			vertex	5.19291	-9.61613	-45.5000
		endloop
	endfacet
	facet normal	-1.00000	0.000000	0.000000
		outer loop
			vertex	5.19291	-0.711224	-45.5000
			vertex	5.19291	-9.61613	-45.5000
			vertex	5.19291	-0.711224	-45.0000
		endloop
	endfacet
	facet normal	0.000000	-1.00000	0.000000
		outer loop
			vertex	5.19291	-0.711224	-45.0000
			vertex	3.78995	-0.711224	-45.0000
			vertex	5.19291	-0.711224	-45.5000
		endloop
	endfacet
	facet normal	0.000000	-1.00000	0.000000
		outer loop
			vertex	3.78995	-0.711224	-45.5000
			vertex	5.19291	-0.711224	-45.5000
			vertex	3.78995	-0.711224	-45.0000
		endloop
	endfacet
	facet normal	0.000000	1.00000	0.000000
		outer loop
			vertex	0.964536	12.5000	-45.0000
			vertex	9.03157	12.5000	-45.0000
			vertex	0.964536	12.5000	-45.5000
		endloop
	endfacet
	facet normal	0.000000	1.00000	0.000000
		outer loop
			vertex	9.03157	12.5000	-45.5000
			vertex	0.964536	12.5000	-45.5000
			vertex	9.03157	12.5000	-45.0000
		endloop
	endfacet
	facet normal	-0.00396128	0.999992	0.000000
		outer loop
			vertex	0.964536	12.5000	-45.0000
			vertex	0.964536	12.5000	-45.5000
			vertex	0.757200	12.4992	-45.5000
		endloop
	endfacet
	facet normal	-0.00396128	0.999992	0.000000
		outer loop
			vertex	0.964536	12.5000	-45.0000
			vertex	0.757200	12.4992	-45.5000
			vertex	0.757200	12.4992	-45.0000
		endloop
	endfacet
	facet normal	-0.0301955	0.999544	0.000000
		outer loop
			vertex	-0.307318	12.4670	-45.5000
			vertex	0.757200	12.4992	-45.0000
			vertex	0.757200	12.4992	-45.5000
		endloop
	endfacet
	facet normal	-0.0301955	0.999544	0.000000
		outer loop
			vertex	0.757200	12.4992	-45.0000
			vertex	-0.307318	12.4670	-45.5000
			vertex	-0.307318	12.4670	-45.0000
		endloop
	endfacet
	facet normal	-0.0788047	0.996890	0.000000
		outer loop
			vertex	-1.28735	12.3895	-45.5000
			vertex	-0.307318	12.4670	-45.0000
			vertex	-0.307318	12.4670	-45.5000
		endloop
	endfacet
	facet normal	-0.0788047	0.996890	0.000000
		outer loop
			vertex	-0.307318	12.4670	-45.0000
			vertex	-1.28735	12.3895	-45.5000
			vertex	-1.28735	12.3895	-45.0000
		endloop
	endfacet
	facet normal	-0.132726	0.991153	0.000000
		outer loop
			vertex	-2.17087	12.2712	-45.5000
			vertex	-1.28735	12.3895	-45.0000
			vertex	-1.28735	12.3895	-45.5000
		endloop
	endfacet
	facet normal	-0.132726	0.991153	0.000000
		outer loop
			vertex	-1.28735	12.3895	-45.0000
			vertex	-2.17087	12.2712	-45.5000
			vertex	-2.17087	12.2712	-45.0000
		endloop
	endfacet
	facet normal	-0.191770	0.981440	0.000000
		outer loop
			vertex	-2.96574	12.1159	-45.5000
			vertex	-2.17087	12.2712	-45.0000
			vertex	-2.17087	12.2712	-45.5000
		endloop
	endfacet
	facet normal	-0.191770	0.981440	0.000000
		outer loop
			vertex	-2.17087	12.2712	-45.0000
			vertex	-2.96574	12.1159	-45.5000
			vertex	-2.96574	12.1159	-45.0000
		endloop
	endfacet
	facet normal	-0.256004	0.966676	0.000000
		outer loop
			vertex	-3.67938	11.9269	-45.5000
			vertex	-2.96574	12.1159	-45.0000
			vertex	-2.96574	12.1159	-45.5000
		endloop
	endfacet
	facet normal	-0.256004	0.966676	0.000000
		outer loop
			vertex	-2.96574	12.1159	-45.0000
			vertex	-3.67938	11.9269	-45.5000
			vertex	-3.67938	11.9269	-45.0000
		endloop
	endfacet
	facet normal	-0.325260	0.945625	0.000000
		outer loop
			vertex	-4.31874	11.7070	-45.5000
			vertex	-3.67938	11.9269	-45.0000
			vertex	-3.67938	11.9269	-45.5000
		endloop
	endfacet
	facet normal	-0.325260	0.945625	0.000000
		outer loop
			vertex	-3.67938	11.9269	-45.0000
			vertex	-4.31874	11.7070	-45.5000
			vertex	-4.31874	11.7070	-45.0000
		endloop
	endfacet
	facet normal	-0.399027	0.916939	0.000000
		outer loop
			vertex	-4.89029	11.4583	-45.5000
			vertex	-4.31874	11.7070	-45.0000
			vertex	-4.31874	11.7070	-45.5000
		endloop
	endfacet
	facet normal	-0.399027	0.916939	0.000000
		outer loop
			vertex	-4.31874	11.7070	-45.0000
			vertex	-4.89029	11.4583	-45.5000
			vertex	-4.89029	11.4583	-45.0000
		endloop
	endfacet
	facet normal	-0.476336	0.879263	0.000000
		outer loop
			vertex	-5.39983	11.1822	-45.5000
			vertex	-4.89029	11.4583	-45.0000
			vertex	-4.89029	11.4583	-45.5000
		endloop
	endfacet
	facet normal	-0.476336	0.879263	0.000000
		outer loop
			vertex	-4.89029	11.4583	-45.0000
			vertex	-5.39983	11.1822	-45.5000
			vertex	-5.39983	11.1822	-45.0000
		endloop
	endfacet
	facet normal	-0.556238	0.831023	0.000000
		outer loop
			vertex	-5.85849	10.8752	-45.5000
			vertex	-5.39983	11.1822	-45.0000
			vertex	-5.39983	11.1822	-45.5000
		endloop
	endfacet
	facet normal	-0.556238	0.831023	0.000000
		outer loop
			vertex	-5.39983	11.1822	-45.0000
			vertex	-5.85849	10.8752	-45.5000
			vertex	-5.85849	10.8752	-45.0000
		endloop
	endfacet
	facet normal	-0.636150	0.771565	0.000000
		outer loop
			vertex	-6.25853	10.5454	-45.5000
			vertex	-5.85849	10.8752	-45.0000
			vertex	-5.85849	10.8752	-45.5000
		endloop
	endfacet
	facet normal	-0.636150	0.771565	0.000000
		outer loop
			vertex	-5.85849	10.8752	-45.0000
			vertex	-6.25853	10.5454	-45.5000
			vertex	-6.25853	10.5454	-45.0000
		endloop
	endfacet
	facet normal	-0.712977	0.701187	0.000000
		outer loop
			vertex	-6.61010	10.1879	-45.5000
			vertex	-6.25853	10.5454	-45.0000
			vertex	-6.25853	10.5454	-45.5000
		endloop
	endfacet
	facet normal	-0.712977	0.701187	0.000000
		outer loop
			vertex	-6.25853	10.5454	-45.0000
			vertex	-6.61010	10.1879	-45.5000
			vertex	-6.61010	10.1879	-45.0000
		endloop
	endfacet
	facet normal	-0.784482	0.620151	0.000000
		outer loop
			vertex	-6.91591	9.80109	-45.5000
			vertex	-6.61010	10.1879	-45.0000
			vertex	-6.61010	10.1879	-45.5000
		endloop
	endfacet
	facet normal	-0.784482	0.620151	0.000000
		outer loop
			vertex	-6.61010	10.1879	-45.0000
			vertex	-6.91591	9.80109	-45.5000
			vertex	-6.91591	9.80109	-45.0000
		endloop
	endfacet
	facet normal	-0.847970	0.530043	0.000000
		outer loop
			vertex	-7.17763	9.38239	-45.5000
			vertex	-6.91591	9.80109	-45.0000
			vertex	-6.91591	9.80109	-45.5000
		endloop
	endfacet
	facet normal	-0.847970	0.530043	0.000000
		outer loop
			vertex	-6.91591	9.80109	-45.0000
			vertex	-7.17763	9.38239	-45.5000
			vertex	-7.17763	9.38239	-45.0000
		endloop
	endfacet
	facet normal	-0.901237	0.433327	0.000000
		outer loop
			vertex	-7.39582	8.92860	-45.5000
			vertex	-7.17763	9.38239	-45.0000
			vertex	-7.17763	9.38239	-45.5000
		endloop
	endfacet
	facet normal	-0.901237	0.433327	0.000000
		outer loop
			vertex	-7.17763	9.38239	-45.0000
			vertex	-7.39582	8.92860	-45.5000
			vertex	-7.39582	8.92860	-45.0000
		endloop
	endfacet
	facet normal	-0.942904	0.333065	0.000000
		outer loop
			vertex	-7.56987	8.43586	-45.5000
			vertex	-7.39582	8.92860	-45.0000
			vertex	-7.39582	8.92860	-45.5000
		endloop
	endfacet
	facet normal	-0.942904	0.333065	0.000000
		outer loop
			vertex	-7.39582	8.92860	-45.0000
			vertex	-7.56987	8.43586	-45.5000
			vertex	-7.56987	8.43586	-45.0000
		endloop
	endfacet
	facet normal	-0.972600	0.232486	0.000000
		outer loop
			vertex	-7.69802	7.89976	-45.5000
			vertex	-7.56987	8.43586	-45.0000
			vertex	-7.56987	8.43586	-45.5000
		endloop
	endfacet
	facet normal	-0.972600	0.232486	0.000000
		outer loop
			vertex	-7.56987	8.43586	-45.0000
			vertex	-7.69802	7.89976	-45.5000
			vertex	-7.69802	7.89976	-45.0000
		endloop
	endfacet
	facet normal	-0.990903	0.134578	0.000000
		outer loop
			vertex	-7.77735	7.31563	-45.5000
			vertex	-7.69802	7.89976	-45.0000
			vertex	-7.69802	7.89976	-45.5000
		endloop
	endfacet
	facet normal	-0.990903	0.134578	0.000000
		outer loop
			vertex	-7.69802	7.89976	-45.0000
			vertex	-7.77735	7.31563	-45.5000
			vertex	-7.77735	7.31563	-45.0000
		endloop
	endfacet
	facet normal	-0.999086	0.0427462	0.000000
		outer loop
			vertex	-7.80398	6.69330	-45.5000
			vertex	-7.77735	7.31563	-45.0000
			vertex	-7.77735	7.31563	-45.5000
		endloop
	endfacet
	facet normal	-0.999086	0.0427462	0.000000
		outer loop
			vertex	-7.77735	7.31563	-45.0000
			vertex	-7.80398	6.69330	-45.5000
			vertex	-7.80398	6.69330	-45.0000
		endloop
	endfacet
	facet normal	-0.999551	-0.0299662	0.000000
		outer loop
			vertex	-7.80398	6.69330	-45.0000
			vertex	-7.80398	6.69330	-45.5000
			vertex	-7.79251	6.31083	-45.5000
		endloop
	endfacet
	facet normal	-0.999551	-0.0299662	0.000000
		outer loop
			vertex	-7.80398	6.69330	-45.0000
			vertex	-7.79251	6.31083	-45.5000
			vertex	-7.79251	6.31083	-45.0000
		endloop
	endfacet
	facet normal	-0.994224	-0.107323	0.000000
		outer loop
			vertex	-7.73281	5.75778	-45.5000
			vertex	-7.79251	6.31083	-45.0000
			vertex	-7.79251	6.31083	-45.5000
		endloop
	endfacet
	facet normal	-0.994224	-0.107323	0.000000
		outer loop
			vertex	-7.79251	6.31083	-45.0000
			vertex	-7.73281	5.75778	-45.5000
			vertex	-7.73281	5.75778	-45.0000
		endloop
	endfacet
	facet normal	-0.979121	-0.203280	0.000000
		outer loop
			vertex	-7.62301	5.22890	-45.5000
			vertex	-7.73281	5.75778	-45.0000
			vertex	-7.73281	5.75778	-45.5000
		endloop
	endfacet
	facet normal	-0.979121	-0.203280	0.000000
		outer loop
			vertex	-7.73281	5.75778	-45.0000
			vertex	-7.62301	5.22890	-45.5000
			vertex	-7.62301	5.22890	-45.0000
		endloop
	endfacet
	facet normal	-0.953833	-0.300338	0.000000
		outer loop
			vertex	-7.46316	4.72124	-45.5000
			vertex	-7.62301	5.22890	-45.0000
			vertex	-7.62301	5.22890	-45.5000
		endloop
	endfacet
	facet normal	-0.953833	-0.300338	0.000000
		outer loop
			vertex	-7.62301	5.22890	-45.0000
			vertex	-7.46316	4.72124	-45.5000
			vertex	-7.46316	4.72124	-45.0000
		endloop
	endfacet
	facet normal	-0.918251	-0.396000	0.000000
		outer loop
			vertex	-7.25226	4.23221	-45.5000
			vertex	-7.46316	4.72124	-45.0000
			vertex	-7.46316	4.72124	-45.5000
		endloop
	endfacet
	facet normal	-0.918251	-0.396000	0.000000
		outer loop
			vertex	-7.46316	4.72124	-45.0000
			vertex	-7.25226	4.23221	-45.5000
			vertex	-7.25226	4.23221	-45.0000
		endloop
	endfacet
	facet normal	-0.873006	-0.487709	0.000000
		outer loop
			vertex	-6.98826	3.75964	-45.5000
			vertex	-7.25226	4.23221	-45.0000
			vertex	-7.25226	4.23221	-45.5000
		endloop
	endfacet
	facet normal	-0.873006	-0.487709	0.000000
		outer loop
			vertex	-7.25226	4.23221	-45.0000
			vertex	-6.98826	3.75964	-45.5000
			vertex	-6.98826	3.75964	-45.0000
		endloop
	endfacet
	facet normal	-0.819445	-0.573159	0.000000
		outer loop
			vertex	-6.66812	3.30193	-45.5000
			vertex	-6.98826	3.75964	-45.0000
			vertex	-6.98826	3.75964	-45.5000
		endloop
	endfacet
	facet normal	-0.819445	-0.573159	0.000000
		outer loop
			vertex	-6.98826	3.75964	-45.0000
			vertex	-6.66812	3.30193	-45.5000
			vertex	-6.66812	3.30193	-45.0000
		endloop
	endfacet
	facet normal	-0.759920	-0.650017	0.000000
		outer loop
			vertex	-6.29384	2.86438	-45.5000
			vertex	-6.66812	3.30193	-45.0000
			vertex	-6.66812	3.30193	-45.5000
		endloop
	endfacet
	facet normal	-0.759920	-0.650017	0.000000
		outer loop
			vertex	-6.66812	3.30193	-45.0000
			vertex	-6.29384	2.86438	-45.5000
			vertex	-6.29384	2.86438	-45.0000
		endloop
	endfacet
	facet normal	-0.696236	-0.717813	0.000000
		outer loop
			vertex	-6.29384	2.86438	-45.0000
			vertex	-6.29384	2.86438	-45.5000
			vertex	-5.85822	2.44186	-45.5000
		endloop
	endfacet
	facet normal	-0.696236	-0.717813	0.000000
		outer loop
			vertex	-6.29384	2.86438	-45.0000
			vertex	-5.85822	2.44186	-45.5000
			vertex	-5.85822	2.44186	-45.0000
		endloop
	endfacet
	facet normal	-0.628018	-0.778199	0.000000
		outer loop
			vertex	-5.37592	2.05263	-45.5000
			vertex	-5.85822	2.44186	-45.0000
			vertex	-5.85822	2.44186	-45.5000
		endloop
	endfacet
	facet normal	-0.628018	-0.778199	0.000000
		outer loop
			vertex	-5.85822	2.44186	-45.0000
			vertex	-5.37592	2.05263	-45.5000
			vertex	-5.37592	2.05263	-45.0000
		endloop
	endfacet
	facet normal	-0.557029	-0.830493	0.000000
		outer loop
			vertex	-4.83946	1.69281	-45.5000
			vertex	-5.37592	2.05263	-45.0000
			vertex	-5.37592	2.05263	-45.5000
		endloop
	endfacet
	facet normal	-0.557029	-0.830493	0.000000
		outer loop
			vertex	-5.37592	2.05263	-45.0000
			vertex	-4.83946	1.69281	-45.5000
			vertex	-4.83946	1.69281	-45.0000
		endloop
	endfacet
	facet normal	-0.484731	-0.874663	0.000000
		outer loop
			vertex	-4.24447	1.36307	-45.5000
			vertex	-4.83946	1.69281	-45.0000
			vertex	-4.83946	1.69281	-45.5000
		endloop
	endfacet
	facet normal	-0.484731	-0.874663	0.000000
		outer loop
			vertex	-4.83946	1.69281	-45.0000
			vertex	-4.24447	1.36307	-45.5000
			vertex	-4.24447	1.36307	-45.0000
		endloop
	endfacet
	facet normal	-0.412757	-0.910841	0.000000
		outer loop
			vertex	-3.58609	1.06472	-45.5000
			vertex	-4.24447	1.36307	-45.0000
			vertex	-4.24447	1.36307	-45.5000
		endloop
	endfacet
	facet normal	-0.412757	-0.910841	0.000000
		outer loop
			vertex	-4.24447	1.36307	-45.0000
			vertex	-3.58609	1.06472	-45.5000
			vertex	-3.58609	1.06472	-45.0000
		endloop
	endfacet
	facet normal	-0.342507	-0.939515	0.000000
		outer loop
			vertex	-2.85918	0.799723	-45.5000
			vertex	-3.58609	1.06472	-45.0000
			vertex	-3.58609	1.06472	-45.5000
		endloop
	endfacet
	facet normal	-0.342507	-0.939515	0.000000
		outer loop
			vertex	-3.58609	1.06472	-45.0000
			vertex	-2.85918	0.799723	-45.5000
			vertex	-2.85918	0.799723	-45.0000
		endloop
	endfacet
	facet normal	-0.275750	-0.961229	0.000000
		outer loop
			vertex	-2.07521	0.574825	-45.5000
			vertex	-2.85918	0.799723	-45.0000
			vertex	-2.85918	0.799723	-45.5000
		endloop
	endfacet
	facet normal	-0.275750	-0.961229	0.000000
		outer loop
			vertex	-2.85918	0.799723	-45.0000
			vertex	-2.07521	0.574825	-45.5000
			vertex	-2.07521	0.574825	-45.0000
		endloop
	endfacet
	facet normal	-0.204641	0.978837	0.000000
		outer loop
			vertex	-2.07521	0.574825	-45.0000
			vertex	-2.07521	0.574825	-45.5000
			vertex	-2.24429	0.539476	-45.5000
		endloop
	endfacet
	facet normal	-0.204641	0.978837	0.000000
		outer loop
			vertex	-2.07521	0.574825	-45.0000
			vertex	-2.24429	0.539476	-45.5000
			vertex	-2.24429	0.539476	-45.0000
		endloop
	endfacet
	facet normal	-0.233919	0.972256	0.000000
		outer loop
			vertex	-3.14657	0.322394	-45.5000
			vertex	-2.24429	0.539476	-45.0000
			vertex	-2.24429	0.539476	-45.5000
		endloop
	endfacet
	facet normal	-0.233919	0.972256	0.000000
		outer loop
			vertex	-2.24429	0.539476	-45.0000
			vertex	-3.14657	0.322394	-45.5000
			vertex	-3.14657	0.322394	-45.0000
		endloop
	endfacet
	facet normal	-0.287653	0.957735	0.000000
		outer loop
			vertex	-3.97914	0.0723354	-45.5000
			vertex	-3.14657	0.322394	-45.0000
			vertex	-3.14657	0.322394	-45.5000
		endloop
	endfacet
	facet normal	-0.287653	0.957735	0.000000
		outer loop
			vertex	-3.14657	0.322394	-45.0000
			vertex	-3.97914	0.0723354	-45.5000
			vertex	-3.97914	0.0723354	-45.0000
		endloop
	endfacet
	facet normal	-0.345956	0.938251	0.000000
		outer loop
			vertex	-4.72815	-0.203844	-45.5000
			vertex	-3.97914	0.0723354	-45.0000
			vertex	-3.97914	0.0723354	-45.5000
		endloop
	endfacet
	facet normal	-0.345956	0.938251	0.000000
		outer loop
			vertex	-3.97914	0.0723354	-45.0000
			vertex	-4.72815	-0.203844	-45.5000
			vertex	-4.72815	-0.203844	-45.0000
		endloop
	endfacet
	facet normal	-0.408008	0.912978	0.000000
		outer loop
			vertex	-5.40023	-0.504195	-45.5000
			vertex	-4.72815	-0.203844	-45.0000
			vertex	-4.72815	-0.203844	-45.5000
		endloop
	endfacet
	facet normal	-0.408008	0.912978	0.000000
		outer loop
			vertex	-4.72815	-0.203844	-45.0000
			vertex	-5.40023	-0.504195	-45.5000
			vertex	-5.40023	-0.504195	-45.0000
		endloop
	endfacet
	facet normal	-0.473299	0.880902	0.000000
		outer loop
			vertex	-6.00152	-0.827259	-45.5000
			vertex	-5.40023	-0.504195	-45.0000
			vertex	-5.40023	-0.504195	-45.5000
		endloop
	endfacet
	facet normal	-0.473299	0.880902	0.000000
		outer loop
			vertex	-5.40023	-0.504195	-45.0000
			vertex	-6.00152	-0.827259	-45.5000
			vertex	-6.00152	-0.827259	-45.0000
		endloop
	endfacet
	facet normal	-0.540996	0.841025	0.000000
		outer loop
			vertex	-6.53762	-1.17211	-45.5000
			vertex	-6.00152	-0.827259	-45.0000
			vertex	-6.00152	-0.827259	-45.5000
		endloop
	endfacet
	facet normal	-0.540996	0.841025	0.000000
		outer loop
			vertex	-6.00152	-0.827259	-45.0000
			vertex	-6.53762	-1.17211	-45.5000
			vertex	-6.53762	-1.17211	-45.0000
		endloop
	endfacet
	facet normal	-0.609892	0.792485	0.000000
		outer loop
			vertex	-7.01352	-1.53836	-45.5000
			vertex	-6.53762	-1.17211	-45.0000
			vertex	-6.53762	-1.17211	-45.5000
		endloop
	endfacet
	facet normal	-0.609892	0.792485	0.000000
		outer loop
			vertex	-6.53762	-1.17211	-45.0000
			vertex	-7.01352	-1.53836	-45.5000
			vertex	-7.01352	-1.53836	-45.0000
		endloop
	endfacet
	facet normal	-0.678793	0.734329	0.000000
		outer loop
			vertex	-7.43818	-1.93091	-45.5000
			vertex	-7.01352	-1.53836	-45.0000
			vertex	-7.01352	-1.53836	-45.5000
		endloop
	endfacet
	facet normal	-0.678793	0.734329	0.000000
		outer loop
			vertex	-7.01352	-1.53836	-45.0000
			vertex	-7.43818	-1.93091	-45.5000
			vertex	-7.43818	-1.93091	-45.0000
		endloop
	endfacet
	facet normal	-0.745373	0.666648	0.000000
		outer loop
			vertex	-7.80557	-2.34168	-45.5000
			vertex	-7.43818	-1.93091	-45.0000
			vertex	-7.43818	-1.93091	-45.5000
		endloop
	endfacet
	facet normal	-0.745373	0.666648	0.000000
		outer loop
			vertex	-7.43818	-1.93091	-45.0000
			vertex	-7.80557	-2.34168	-45.5000
			vertex	-7.80557	-2.34168	-45.0000
		endloop
	endfacet
	facet normal	-0.807145	0.590353	0.000000
		outer loop
			vertex	-8.12360	-2.77650	-45.5000
			vertex	-7.80557	-2.34168	-45.0000
			vertex	-7.80557	-2.34168	-45.5000
		endloop
	endfacet
	facet normal	-0.807145	0.590353	0.000000
		outer loop
			vertex	-7.80557	-2.34168	-45.0000
			vertex	-8.12360	-2.77650	-45.5000
			vertex	-8.12360	-2.77650	-45.0000
		endloop
	endfacet
	facet normal	-0.862417	0.506198	0.000000
		outer loop
			vertex	-8.39417	-3.23747	-45.5000
			vertex	-8.12360	-2.77650	-45.0000
			vertex	-8.12360	-2.77650	-45.5000
		endloop
	endfacet
	facet normal	-0.862417	0.506198	0.000000
		outer loop
			vertex	-8.12360	-2.77650	-45.0000
			vertex	-8.39417	-3.23747	-45.5000
			vertex	-8.39417	-3.23747	-45.0000
		endloop
	endfacet
	facet normal	-0.909389	0.415946	0.000000
		outer loop
			vertex	-8.61819	-3.72725	-45.5000
			vertex	-8.39417	-3.23747	-45.0000
			vertex	-8.39417	-3.23747	-45.5000
		endloop
	endfacet
	facet normal	-0.909389	0.415946	0.000000
		outer loop
			vertex	-8.39417	-3.23747	-45.0000
			vertex	-8.61819	-3.72725	-45.5000
			vertex	-8.61819	-3.72725	-45.0000
		endloop
	endfacet
	facet normal	-0.946781	0.321877	0.000000
		outer loop
			vertex	-8.79556	-4.24897	-45.5000
			vertex	-8.61819	-3.72725	-45.0000
			vertex	-8.61819	-3.72725	-45.5000
		endloop
	endfacet
	facet normal	-0.946781	0.321877	0.000000
		outer loop
			vertex	-8.61819	-3.72725	-45.0000
			vertex	-8.79556	-4.24897	-45.5000
			vertex	-8.79556	-4.24897	-45.0000
		endloop
	endfacet
	facet normal	-0.974005	0.226526	0.000000
		outer loop
			vertex	-8.92516	-4.80624	-45.5000
			vertex	-8.79556	-4.24897	-45.0000
			vertex	-8.79556	-4.24897	-45.5000
		endloop
	endfacet
	facet normal	-0.974005	0.226526	0.000000
		outer loop
			vertex	-8.79556	-4.24897	-45.0000
			vertex	-8.92516	-4.80624	-45.5000
			vertex	-8.92516	-4.80624	-45.0000
		endloop
	endfacet
	facet normal	-0.991197	0.132397	0.000000
		outer loop
			vertex	-9.00486	-5.40286	-45.5000
			vertex	-8.92516	-4.80624	-45.0000
			vertex	-8.92516	-4.80624	-45.5000
		endloop
	endfacet
	facet normal	-0.991197	0.132397	0.000000
		outer loop
			vertex	-8.92516	-4.80624	-45.0000
			vertex	-9.00486	-5.40286	-45.5000
			vertex	-9.00486	-5.40286	-45.0000
		endloop
	endfacet
	facet normal	-0.999096	0.0425012	0.000000
		outer loop
			vertex	-9.03157	-6.03079	-45.5000
			vertex	-9.00486	-5.40286	-45.0000
			vertex	-9.00486	-5.40286	-45.5000
		endloop
	endfacet
	facet normal	-0.999096	0.0425012	0.000000
		outer loop
			vertex	-9.00486	-5.40286	-45.0000
			vertex	-9.03157	-6.03079	-45.5000
			vertex	-9.03157	-6.03079	-45.0000
		endloop
	endfacet
	facet normal	-0.999936	-0.0113159	0.000000
		outer loop
			vertex	-9.03157	-6.03079	-45.0000
			vertex	-9.03157	-6.03079	-45.5000
			vertex	-9.02940	-6.22213	-45.5000
		endloop
	endfacet
	facet normal	-0.999936	-0.0113159	0.000000
		outer loop
			vertex	-9.03157	-6.03079	-45.0000
			vertex	-9.02940	-6.22213	-45.5000
			vertex	-9.02940	-6.22213	-45.0000
		endloop
	endfacet
	facet normal	-0.998016	-0.0629537	0.000000
		outer loop
			vertex	-8.98965	-6.85230	-45.5000
			vertex	-9.02940	-6.22213	-45.0000
			vertex	-9.02940	-6.22213	-45.5000
		endloop
	endfacet
	facet normal	-0.998016	-0.0629537	0.000000
		outer loop
			vertex	-9.02940	-6.22213	-45.0000
			vertex	-8.98965	-6.85230	-45.5000
			vertex	-8.98965	-6.85230	-45.0000
		endloop
	endfacet
	facet normal	-0.989051	-0.147575	0.000000
		outer loop
			vertex	-8.90182	-7.44092	-45.5000
			vertex	-8.98965	-6.85230	-45.0000
			vertex	-8.98965	-6.85230	-45.5000
		endloop
	endfacet
	facet normal	-0.989051	-0.147575	0.000000
		outer loop
			vertex	-8.98965	-6.85230	-45.0000
			vertex	-8.90182	-7.44092	-45.5000
			vertex	-8.90182	-7.44092	-45.0000
		endloop
	endfacet
	facet normal	-0.971665	-0.236362	0.000000
		outer loop
			vertex	-8.76780	-7.99190	-45.5000
			vertex	-8.90182	-7.44092	-45.0000
			vertex	-8.90182	-7.44092	-45.5000
		endloop
	endfacet
	facet normal	-0.971665	-0.236362	0.000000
		outer loop
			vertex	-8.90182	-7.44092	-45.0000
			vertex	-8.76780	-7.99190	-45.5000
			vertex	-8.76780	-7.99190	-45.0000
		endloop
	endfacet
	facet normal	-0.944793	-0.327668	0.000000
		outer loop
			vertex	-8.58852	-8.50881	-45.5000
			vertex	-8.76780	-7.99190	-45.0000
			vertex	-8.76780	-7.99190	-45.5000
		endloop
	endfacet
	facet normal	-0.944793	-0.327668	0.000000
		outer loop
			vertex	-8.76780	-7.99190	-45.0000
			vertex	-8.58852	-8.50881	-45.5000
			vertex	-8.58852	-8.50881	-45.0000
		endloop
	endfacet
	facet normal	-0.907805	-0.419392	0.000000
		outer loop
			vertex	-8.36400	-8.99480	-45.5000
			vertex	-8.58852	-8.50881	-45.0000
			vertex	-8.58852	-8.50881	-45.5000
		endloop
	endfacet
	facet normal	-0.907805	-0.419392	0.000000
		outer loop
			vertex	-8.58852	-8.50881	-45.0000
			vertex	-8.36400	-8.99480	-45.5000
			vertex	-8.36400	-8.99480	-45.0000
		endloop
	endfacet
	facet normal	-0.860696	-0.509119	0.000000
		outer loop
			vertex	-8.09326	-9.45251	-45.5000
			vertex	-8.36400	-8.99480	-45.0000
			vertex	-8.36400	-8.99480	-45.5000
		endloop
	endfacet
	facet normal	-0.860696	-0.509119	0.000000
		outer loop
			vertex	-8.36400	-8.99480	-45.0000
			vertex	-8.09326	-9.45251	-45.5000
			vertex	-8.09326	-9.45251	-45.0000
		endloop
	endfacet
	facet normal	-0.804184	-0.594381	0.000000
		outer loop
			vertex	-7.77434	-9.88400	-45.5000
			vertex	-8.09326	-9.45251	-45.0000
			vertex	-8.09326	-9.45251	-45.5000
		endloop
	endfacet
	facet normal	-0.804184	-0.594381	0.000000
		outer loop
			vertex	-8.09326	-9.45251	-45.0000
			vertex	-7.77434	-9.88400	-45.5000
			vertex	-7.77434	-9.88400	-45.0000
		endloop
	endfacet
	facet normal	-0.739702	-0.672934	0.000000
		outer loop
			vertex	-7.40439	-10.2907	-45.5000
			vertex	-7.77434	-9.88400	-45.0000
			vertex	-7.77434	-9.88400	-45.5000
		endloop
	endfacet
	facet normal	-0.739702	-0.672934	0.000000
		outer loop
			vertex	-7.77434	-9.88400	-45.0000
			vertex	-7.40439	-10.2907	-45.5000
			vertex	-7.40439	-10.2907	-45.0000
		endloop
	endfacet
	facet normal	-0.669721	-0.742613	0.000000
		outer loop
			vertex	-6.98558	-10.6684	-45.5000
			vertex	-7.40439	-10.2907	-45.0000
			vertex	-7.40439	-10.2907	-45.5000
		endloop
	endfacet
	facet normal	-0.669721	-0.742613	0.000000
		outer loop
			vertex	-7.40439	-10.2907	-45.0000
			vertex	-6.98558	-10.6684	-45.5000
			vertex	-6.98558	-10.6684	-45.0000
		endloop
	endfacet
	facet normal	-0.624947	-0.780667	0.000000
		outer loop
			vertex	-6.98558	-10.6684	-45.0000
			vertex	-6.98558	-10.6684	-45.5000
			vertex	-6.72920	-10.8736	-45.5000
		endloop
	endfacet
	facet normal	-0.624947	-0.780667	0.000000
		outer loop
			vertex	-6.98558	-10.6684	-45.0000
			vertex	-6.72920	-10.8736	-45.5000
			vertex	-6.72920	-10.8736	-45.0000
		endloop
	endfacet
	facet normal	-0.571851	-0.820358	0.000000
		outer loop
			vertex	-6.22727	-11.2235	-45.5000
			vertex	-6.72920	-10.8736	-45.0000
			vertex	-6.72920	-10.8736	-45.5000
		endloop
	endfacet
	facet normal	-0.571851	-0.820358	0.000000
		outer loop
			vertex	-6.72920	-10.8736	-45.0000
			vertex	-6.22727	-11.2235	-45.5000
			vertex	-6.22727	-11.2235	-45.0000
		endloop
	endfacet
	facet normal	-0.497031	-0.867733	0.000000
		outer loop
			vertex	-5.70173	-11.5245	-45.5000
			vertex	-6.22727	-11.2235	-45.0000
			vertex	-6.22727	-11.2235	-45.5000
		endloop
	endfacet
	facet normal	-0.497031	-0.867733	0.000000
		outer loop
			vertex	-6.22727	-11.2235	-45.0000
			vertex	-5.70173	-11.5245	-45.5000
			vertex	-5.70173	-11.5245	-45.0000
		endloop
	endfacet
	facet normal	-0.417323	-0.908758	0.000000
		outer loop
			vertex	-5.15039	-11.7777	-45.5000
			vertex	-5.70173	-11.5245	-45.0000
			vertex	-5.70173	-11.5245	-45.5000
		endloop
	endfacet
	facet normal	-0.417323	-0.908758	0.000000
		outer loop
			vertex	-5.70173	-11.5245	-45.0000
			vertex	-5.15039	-11.7777	-45.5000
			vertex	-5.15039	-11.7777	-45.0000
		endloop
	endfacet
	facet normal	-0.334243	-0.942487	0.000000
		outer loop
			vertex	-4.57066	-11.9833	-45.5000
			vertex	-5.15039	-11.7777	-45.0000
			vertex	-5.15039	-11.7777	-45.5000
		endloop
	endfacet
	facet normal	-0.334243	-0.942487	0.000000
		outer loop
			vertex	-5.15039	-11.7777	-45.0000
			vertex	-4.57066	-11.9833	-45.5000
			vertex	-4.57066	-11.9833	-45.0000
		endloop
	endfacet
	facet normal	-0.249896	-0.968273	0.000000
		outer loop
			vertex	-3.96532	-12.1395	-45.5000
			vertex	-4.57066	-11.9833	-45.0000
			vertex	-4.57066	-11.9833	-45.5000
		endloop
	endfacet
	facet normal	-0.249896	-0.968273	0.000000
		outer loop
			vertex	-4.57066	-11.9833	-45.0000
			vertex	-3.96532	-12.1395	-45.5000
			vertex	-3.96532	-12.1395	-45.0000
		endloop
	endfacet
	facet normal	-0.187443	-0.982276	0.000000
		outer loop
			vertex	-3.96532	-12.1395	-45.0000
			vertex	-3.96532	-12.1395	-45.5000
			vertex	-3.61310	-12.2067	-45.5000
		endloop
	endfacet
	facet normal	-0.187443	-0.982276	0.000000
		outer loop
			vertex	-3.96532	-12.1395	-45.0000
			vertex	-3.61310	-12.2067	-45.5000
			vertex	-3.61310	-12.2067	-45.0000
		endloop
	endfacet
	facet normal	-0.137095	-0.990558	0.000000
		outer loop
			vertex	-2.80188	-12.3190	-45.5000
			vertex	-3.61310	-12.2067	-45.0000
			vertex	-3.61310	-12.2067	-45.5000
		endloop
	endfacet
	facet normal	-0.137095	-0.990558	0.000000
		outer loop
			vertex	-3.61310	-12.2067	-45.0000
			vertex	-2.80188	-12.3190	-45.5000
			vertex	-2.80188	-12.3190	-45.0000
		endloop
	endfacet
	facet normal	-0.0860818	-0.996288	0.000000
		outer loop
			vertex	-1.73862	-12.4109	-45.5000
			vertex	-2.80188	-12.3190	-45.0000
			vertex	-2.80188	-12.3190	-45.5000
		endloop
	endfacet
	facet normal	-0.0860818	-0.996288	0.000000
		outer loop
			vertex	-2.80188	-12.3190	-45.0000
			vertex	-1.73862	-12.4109	-45.5000
			vertex	-1.73862	-12.4109	-45.0000
		endloop
	endfacet
	facet normal	-0.0463622	-0.998925	0.000000
		outer loop
			vertex	-0.374961	-12.4742	-45.5000
			vertex	-1.73862	-12.4109	-45.0000
			vertex	-1.73862	-12.4109	-45.5000
		endloop
	endfacet
	facet normal	-0.0463622	-0.998925	0.000000
		outer loop
			vertex	-1.73862	-12.4109	-45.0000
			vertex	-0.374961	-12.4742	-45.5000
			vertex	-0.374961	-12.4742	-45.0000
		endloop
	endfacet
	facet normal	-0.0138481	-0.999904	0.000000
		outer loop
			vertex	1.49065	-12.5000	-45.5000
			vertex	-0.374961	-12.4742	-45.0000
			vertex	-0.374961	-12.4742	-45.5000
		endloop
	endfacet
	facet normal	-0.0138481	-0.999904	0.000000
		outer loop
			vertex	-0.374961	-12.4742	-45.0000
			vertex	1.49065	-12.5000	-45.5000
			vertex	1.49065	-12.5000	-45.0000
		endloop
	endfacet
	facet normal	0.000000	-1.00000	0.000000
		outer loop
			vertex	9.03157	-12.5000	-45.0000
			vertex	1.49065	-12.5000	-45.0000
			vertex	9.03157	-12.5000	-45.5000
		endloop
	endfacet
	facet normal	0.000000	-1.00000	0.000000
		outer loop
			vertex	1.49065	-12.5000	-45.5000
			vertex	9.03157	-12.5000	-45.5000
			vertex	1.49065	-12.5000	-45.0000
		endloop
	endfacet
	facet normal	1.00000	0.000000	0.000000
		outer loop
			vertex	9.03157	12.5000	-45.0000
			vertex	9.03157	-12.5000	-45.0000
			vertex	9.03157	12.5000	-45.5000
		endloop
	endfacet
	facet normal	1.00000	0.000000	0.000000
		outer loop
			vertex	9.03157	-12.5000	-45.5000
			vertex	9.03157	12.5000	-45.5000
			vertex	9.03157	-12.5000	-45.0000
		endloop
	endfacet
	facet normal	0.000000	0.000000	1.00000
		outer loop
			vertex	-6.25853	10.5454	-45.0000
			vertex	-6.61010	10.1879	-45.0000
			vertex	-3.33312	8.10906	-45.0000
		endloop
	endfacet
	facet normal	0.000000	0.000000	1.00000
		outer loop
			vertex	-3.53176	7.78936	-45.0000
			vertex	-3.33312	8.10906	-45.0000
			vertex	-6.61010	10.1879	-45.0000
		endloop
	endfacet
	facet normal	0.000000	0.000000	1.00000
		outer loop
			vertex	-4.29438	-3.71222	-45.0000
			vertex	-4.01472	-3.33088	-45.0000
			vertex	-2.07521	0.574825	-45.0000
		endloop
	endfacet
	facet normal	0.000000	0.000000	1.00000
		outer loop
			vertex	-6.61010	10.1879	-45.0000
			vertex	-6.91591	9.80109	-45.0000
			vertex	-3.53176	7.78936	-45.0000
		endloop
	endfacet
	facet normal	0.000000	0.000000	1.00000
		outer loop
			vertex	-7.17763	9.38239	-45.0000
			vertex	-3.53176	7.78936	-45.0000
			vertex	-6.91591	9.80109	-45.0000
		endloop
	endfacet
	facet normal	0.000000	0.000000	1.00000
		outer loop
			vertex	-3.53176	7.78936	-45.0000
			vertex	-7.17763	9.38239	-45.0000
			vertex	-3.67841	7.45819	-45.0000
		endloop
	endfacet
	facet normal	0.000000	0.000000	1.00000
		outer loop
			vertex	-6.25853	10.5454	-45.0000
			vertex	-3.33312	8.10906	-45.0000
			vertex	-5.85849	10.8752	-45.0000
		endloop
	endfacet
	facet normal	0.000000	0.000000	1.00000
		outer loop
			vertex	-3.09720	8.38519	-45.0000
			vertex	-5.85849	10.8752	-45.0000
			vertex	-3.33312	8.10906	-45.0000
		endloop
	endfacet
	facet normal	0.000000	0.000000	1.00000
		outer loop
			vertex	-5.85849	10.8752	-45.0000
			vertex	-3.09720	8.38519	-45.0000
			vertex	-5.39983	11.1822	-45.0000
		endloop
	endfacet
	facet normal	0.000000	0.000000	1.00000
		outer loop
			vertex	-2.82329	8.62207	-45.0000
			vertex	-5.39983	11.1822	-45.0000
			vertex	-3.09720	8.38519	-45.0000
		endloop
	endfacet
	facet normal	0.000000	0.000000	1.00000
		outer loop
			vertex	-5.39983	11.1822	-45.0000
			vertex	-2.82329	8.62207	-45.0000
			vertex	-4.89029	11.4583	-45.0000
		endloop
	endfacet
	facet normal	0.000000	0.000000	1.00000
		outer loop
			vertex	-4.11469	-8.38505	-45.0000
			vertex	-6.22727	-11.2235	-45.0000
			vertex	-3.83244	-8.62941	-45.0000
		endloop
	endfacet
	facet normal	0.000000	0.000000	1.00000
		outer loop
			vertex	-5.70173	-11.5245	-45.0000
			vertex	-3.83244	-8.62941	-45.0000
			vertex	-6.22727	-11.2235	-45.0000
		endloop
	endfacet
	facet normal	0.000000	0.000000	1.00000
		outer loop
			vertex	-3.83244	-8.62941	-45.0000
			vertex	-5.70173	-11.5245	-45.0000
			vertex	-3.50740	-8.83671	-45.0000
		endloop
	endfacet
	facet normal	0.000000	0.000000	1.00000
		outer loop
			vertex	-5.15039	-11.7777	-45.0000
			vertex	-3.50740	-8.83671	-45.0000
			vertex	-5.70173	-11.5245	-45.0000
		endloop
	endfacet
	facet normal	0.000000	0.000000	1.00000
		outer loop
			vertex	-3.50740	-8.83671	-45.0000
			vertex	-5.15039	-11.7777	-45.0000
			vertex	-3.18926	-8.98817	-45.0000
		endloop
	endfacet
	facet normal	0.000000	0.000000	1.00000
		outer loop
			vertex	-4.35239	-8.10713	-45.0000
			vertex	-6.98558	-10.6684	-45.0000
			vertex	-4.11469	-8.38505	-45.0000
		endloop
	endfacet
	facet normal	0.000000	0.000000	1.00000
		outer loop
			vertex	-6.72920	-10.8736	-45.0000
			vertex	-4.11469	-8.38505	-45.0000
			vertex	-6.98558	-10.6684	-45.0000
		endloop
	endfacet
	facet normal	0.000000	0.000000	1.00000
		outer loop
			vertex	-4.11469	-8.38505	-45.0000
			vertex	-6.72920	-10.8736	-45.0000
			vertex	-6.22727	-11.2235	-45.0000
		endloop
	endfacet
	facet normal	0.000000	0.000000	1.00000
		outer loop
			vertex	-4.54921	-7.79354	-45.0000
			vertex	-7.77434	-9.88400	-45.0000
			vertex	-4.35239	-8.10713	-45.0000
		endloop
	endfacet
	facet normal	0.000000	0.000000	1.00000
		outer loop
			vertex	-7.40439	-10.2907	-45.0000
			vertex	-4.35239	-8.10713	-45.0000
			vertex	-7.77434	-9.88400	-45.0000
		endloop
	endfacet
	facet normal	0.000000	0.000000	1.00000
		outer loop
			vertex	-4.35239	-8.10713	-45.0000
			vertex	-7.40439	-10.2907	-45.0000
			vertex	-6.98558	-10.6684	-45.0000
		endloop
	endfacet
	facet normal	0.000000	0.000000	1.00000
		outer loop
			vertex	-4.01472	-3.33088	-45.0000
			vertex	-3.68121	-2.96722	-45.0000
			vertex	-2.07521	0.574825	-45.0000
		endloop
	endfacet
	facet normal	0.000000	0.000000	1.00000
		outer loop
			vertex	-3.28977	-2.61986	-45.0000
			vertex	-2.07521	0.574825	-45.0000
			vertex	-3.68121	-2.96722	-45.0000
		endloop
	endfacet
	facet normal	0.000000	0.000000	1.00000
		outer loop
			vertex	-2.07521	0.574825	-45.0000
			vertex	-3.28977	-2.61986	-45.0000
			vertex	-2.83522	-2.28814	-45.0000
		endloop
	endfacet
	facet normal	0.000000	0.000000	1.00000
		outer loop
			vertex	-4.91287	-5.46808	-45.0000
			vertex	-4.83311	-4.98829	-45.0000
			vertex	-8.79556	-4.24897	-45.0000
		endloop
	endfacet
	facet normal	0.000000	0.000000	1.00000
		outer loop
			vertex	-2.83522	-2.28814	-45.0000
			vertex	-2.59158	-2.13367	-45.0000
			vertex	-2.07521	0.574825	-45.0000
		endloop
	endfacet
	facet normal	0.000000	0.000000	1.00000
		outer loop
			vertex	-2.03259	-1.82698	-45.0000
			vertex	-2.07521	0.574825	-45.0000
			vertex	-2.59158	-2.13367	-45.0000
		endloop
	endfacet
	facet normal	0.000000	0.000000	1.00000
		outer loop
			vertex	-2.07521	0.574825	-45.0000
			vertex	-2.03259	-1.82698	-45.0000
			vertex	-1.42755	-1.55668	-45.0000
		endloop
	endfacet
	facet normal	0.000000	0.000000	1.00000
		outer loop
			vertex	-4.79948	-7.14887	-45.0000
			vertex	-8.58852	-8.50881	-45.0000
			vertex	-4.67017	-7.53535	-45.0000
		endloop
	endfacet
	facet normal	0.000000	0.000000	1.00000
		outer loop
			vertex	-8.36400	-8.99480	-45.0000
			vertex	-4.67017	-7.53535	-45.0000
			vertex	-8.58852	-8.50881	-45.0000
		endloop
	endfacet
	facet normal	0.000000	0.000000	1.00000
		outer loop
			vertex	-4.67017	-7.53535	-45.0000
			vertex	-8.36400	-8.99480	-45.0000
			vertex	-4.54921	-7.79354	-45.0000
		endloop
	endfacet
	facet normal	0.000000	0.000000	1.00000
		outer loop
			vertex	-8.09326	-9.45251	-45.0000
			vertex	-4.54921	-7.79354	-45.0000
			vertex	-8.36400	-8.99480	-45.0000
		endloop
	endfacet
	facet normal	0.000000	0.000000	1.00000
		outer loop
			vertex	-4.54921	-7.79354	-45.0000
			vertex	-8.09326	-9.45251	-45.0000
			vertex	-7.77434	-9.88400	-45.0000
		endloop
	endfacet
	facet normal	0.000000	0.000000	1.00000
		outer loop
			vertex	-8.79556	-4.24897	-45.0000
			vertex	-4.83311	-4.98829	-45.0000
			vertex	-8.61819	-3.72725	-45.0000
		endloop
	endfacet
	facet normal	0.000000	0.000000	1.00000
		outer loop
			vertex	-4.70296	-4.53837	-45.0000
			vertex	-8.61819	-3.72725	-45.0000
			vertex	-4.83311	-4.98829	-45.0000
		endloop
	endfacet
	facet normal	0.000000	0.000000	1.00000
		outer loop
			vertex	-8.61819	-3.72725	-45.0000
			vertex	-4.70296	-4.53837	-45.0000
			vertex	-8.39417	-3.23747	-45.0000
		endloop
	endfacet
	facet normal	0.000000	0.000000	1.00000
		outer loop
			vertex	-7.17763	9.38239	-45.0000
			vertex	-7.39582	8.92860	-45.0000
			vertex	-3.67841	7.45819	-45.0000
		endloop
	endfacet
	facet normal	0.000000	0.000000	1.00000
		outer loop
			vertex	-7.56987	8.43586	-45.0000
			vertex	-3.67841	7.45819	-45.0000
			vertex	-7.39582	8.92860	-45.0000
		endloop
	endfacet
	facet normal	0.000000	0.000000	1.00000
		outer loop
			vertex	-3.67841	7.45819	-45.0000
			vertex	-7.56987	8.43586	-45.0000
			vertex	-3.80225	7.03647	-45.0000
		endloop
	endfacet
	facet normal	0.000000	0.000000	1.00000
		outer loop
			vertex	-4.29438	-3.71222	-45.0000
			vertex	-2.07521	0.574825	-45.0000
			vertex	-4.52367	-4.11451	-45.0000
		endloop
	endfacet
	facet normal	0.000000	0.000000	1.00000
		outer loop
			vertex	-2.24429	0.539476	-45.0000
			vertex	-4.52367	-4.11451	-45.0000
			vertex	-2.07521	0.574825	-45.0000
		endloop
	endfacet
	facet normal	0.000000	0.000000	1.00000
		outer loop
			vertex	-4.52367	-4.11451	-45.0000
			vertex	-2.24429	0.539476	-45.0000
			vertex	-3.14657	0.322394	-45.0000
		endloop
	endfacet
	facet normal	0.000000	0.000000	1.00000
		outer loop
			vertex	-1.42755	-1.55668	-45.0000
			vertex	-0.766145	-1.32000	-45.0000
			vertex	-2.07521	0.574825	-45.0000
		endloop
	endfacet
	facet normal	0.000000	0.000000	1.00000
		outer loop
			vertex	0.689228	1.91467	-45.0000
			vertex	-2.07521	0.574825	-45.0000
			vertex	-0.766145	-1.32000	-45.0000
		endloop
	endfacet
	facet normal	0.000000	0.000000	1.00000
		outer loop
			vertex	-2.07521	0.574825	-45.0000
			vertex	0.689228	1.91467	-45.0000
			vertex	-0.123641	2.07887	-45.0000
		endloop
	endfacet
	facet normal	0.000000	0.000000	1.00000
		outer loop
			vertex	-3.72243	4.77999	-45.0000
			vertex	-6.66812	3.30193	-45.0000
			vertex	-3.56671	4.38913	-45.0000
		endloop
	endfacet
	facet normal	0.000000	0.000000	1.00000
		outer loop
			vertex	-6.29384	2.86438	-45.0000
			vertex	-3.56671	4.38913	-45.0000
			vertex	-6.66812	3.30193	-45.0000
		endloop
	endfacet
	facet normal	0.000000	0.000000	1.00000
		outer loop
			vertex	-3.56671	4.38913	-45.0000
			vertex	-6.29384	2.86438	-45.0000
			vertex	-3.36364	4.02457	-45.0000
		endloop
	endfacet
	facet normal	0.000000	0.000000	1.00000
		outer loop
			vertex	-5.85822	2.44186	-45.0000
			vertex	-3.36364	4.02457	-45.0000
			vertex	-6.29384	2.86438	-45.0000
		endloop
	endfacet
	facet normal	0.000000	0.000000	1.00000
		outer loop
			vertex	-3.36364	4.02457	-45.0000
			vertex	-5.85822	2.44186	-45.0000
			vertex	-3.10868	3.68098	-45.0000
		endloop
	endfacet
	facet normal	0.000000	0.000000	1.00000
		outer loop
			vertex	-4.89029	11.4583	-45.0000
			vertex	-2.82329	8.62207	-45.0000
			vertex	-4.31874	11.7070	-45.0000
		endloop
	endfacet
	facet normal	0.000000	0.000000	1.00000
		outer loop
			vertex	-2.50860	8.82273	-45.0000
			vertex	-4.31874	11.7070	-45.0000
			vertex	-2.82329	8.62207	-45.0000
		endloop
	endfacet
	facet normal	0.000000	0.000000	1.00000
		outer loop
			vertex	-4.31874	11.7070	-45.0000
			vertex	-2.50860	8.82273	-45.0000
			vertex	-3.67938	11.9269	-45.0000
		endloop
	endfacet
	facet normal	0.000000	0.000000	1.00000
		outer loop
			vertex	-2.40647	8.87568	-45.0000
			vertex	-3.67938	11.9269	-45.0000
			vertex	-2.50860	8.82273	-45.0000
		endloop
	endfacet
	facet normal	0.000000	0.000000	1.00000
		outer loop
			vertex	-3.67938	11.9269	-45.0000
			vertex	-2.40647	8.87568	-45.0000
			vertex	-2.96574	12.1159	-45.0000
		endloop
	endfacet
	facet normal	0.000000	0.000000	1.00000
		outer loop
			vertex	-1.99851	9.04537	-45.0000
			vertex	-2.96574	12.1159	-45.0000
			vertex	-2.40647	8.87568	-45.0000
		endloop
	endfacet
	facet normal	0.000000	0.000000	1.00000
		outer loop
			vertex	-2.96574	12.1159	-45.0000
			vertex	-1.99851	9.04537	-45.0000
			vertex	-2.17087	12.2712	-45.0000
		endloop
	endfacet
	facet normal	0.000000	0.000000	1.00000
		outer loop
			vertex	-1.49841	9.19519	-45.0000
			vertex	-2.17087	12.2712	-45.0000
			vertex	-1.99851	9.04537	-45.0000
		endloop
	endfacet
	facet normal	0.000000	0.000000	1.00000
		outer loop
			vertex	-2.17087	12.2712	-45.0000
			vertex	-1.49841	9.19519	-45.0000
			vertex	-1.28735	12.3895	-45.0000
		endloop
	endfacet
	facet normal	0.000000	0.000000	1.00000
		outer loop
			vertex	-0.862449	9.33124	-45.0000
			vertex	-1.28735	12.3895	-45.0000
			vertex	-1.49841	9.19519	-45.0000
		endloop
	endfacet
	facet normal	0.000000	0.000000	1.00000
		outer loop
			vertex	-1.28735	12.3895	-45.0000
			vertex	-0.862449	9.33124	-45.0000
			vertex	-0.307318	12.4670	-45.0000
		endloop
	endfacet
	facet normal	0.000000	0.000000	1.00000
		outer loop
			vertex	-0.0670531	9.44796	-45.0000
			vertex	-0.307318	12.4670	-45.0000
			vertex	-0.862449	9.33124	-45.0000
		endloop
	endfacet
	facet normal	0.000000	0.000000	1.00000
		outer loop
			vertex	-0.307318	12.4670	-45.0000
			vertex	-0.0670531	9.44796	-45.0000
			vertex	0.757200	12.4992	-45.0000
		endloop
	endfacet
	facet normal	0.000000	0.000000	1.00000
		outer loop
			vertex	0.914729	9.53914	-45.0000
			vertex	0.757200	12.4992	-45.0000
			vertex	-0.0670531	9.44796	-45.0000
		endloop
	endfacet
	facet normal	0.000000	0.000000	1.00000
		outer loop
			vertex	0.757200	12.4992	-45.0000
			vertex	0.914729	9.53914	-45.0000
			vertex	0.964536	12.5000	-45.0000
		endloop
	endfacet
	facet normal	0.000000	0.000000	1.00000
		outer loop
			vertex	-5.15039	-11.7777	-45.0000
			vertex	-4.57066	-11.9833	-45.0000
			vertex	-3.18926	-8.98817	-45.0000
		endloop
	endfacet
	facet normal	0.000000	0.000000	1.00000
		outer loop
			vertex	-3.96532	-12.1395	-45.0000
			vertex	-3.18926	-8.98817	-45.0000
			vertex	-4.57066	-11.9833	-45.0000
		endloop
	endfacet
	facet normal	0.000000	0.000000	1.00000
		outer loop
			vertex	-3.18926	-8.98817	-45.0000
			vertex	-3.96532	-12.1395	-45.0000
			vertex	-2.73160	-9.15150	-45.0000
		endloop
	endfacet
	facet normal	0.000000	0.000000	1.00000
		outer loop
			vertex	-3.61310	-12.2067	-45.0000
			vertex	-2.73160	-9.15150	-45.0000
			vertex	-3.96532	-12.1395	-45.0000
		endloop
	endfacet
	facet normal	0.000000	0.000000	1.00000
		outer loop
			vertex	-2.73160	-9.15150	-45.0000
			vertex	-3.61310	-12.2067	-45.0000
			vertex	-2.16158	-9.29859	-45.0000
		endloop
	endfacet
	facet normal	0.000000	0.000000	1.00000
		outer loop
			vertex	-2.80188	-12.3190	-45.0000
			vertex	-2.16158	-9.29859	-45.0000
			vertex	-3.61310	-12.2067	-45.0000
		endloop
	endfacet
	facet normal	0.000000	0.000000	1.00000
		outer loop
			vertex	-2.16158	-9.29859	-45.0000
			vertex	-2.80188	-12.3190	-45.0000
			vertex	-1.46096	-9.42459	-45.0000
		endloop
	endfacet
	facet normal	0.000000	0.000000	1.00000
		outer loop
			vertex	-1.73862	-12.4109	-45.0000
			vertex	-1.46096	-9.42459	-45.0000
			vertex	-2.80188	-12.3190	-45.0000
		endloop
	endfacet
	facet normal	0.000000	0.000000	1.00000
		outer loop
			vertex	-1.46096	-9.42459	-45.0000
			vertex	-1.73862	-12.4109	-45.0000
			vertex	-0.609972	-9.52386	-45.0000
		endloop
	endfacet
	facet normal	0.000000	0.000000	1.00000
		outer loop
			vertex	-0.374961	-12.4742	-45.0000
			vertex	-0.609972	-9.52386	-45.0000
			vertex	-1.73862	-12.4109	-45.0000
		endloop
	endfacet
	facet normal	0.000000	0.000000	1.00000
		outer loop
			vertex	-0.609972	-9.52386	-45.0000
			vertex	-0.374961	-12.4742	-45.0000
			vertex	0.412615	-9.59001	-45.0000
		endloop
	endfacet
	facet normal	0.000000	0.000000	1.00000
		outer loop
			vertex	-0.123641	2.07887	-45.0000
			vertex	-0.829008	2.27777	-45.0000
			vertex	-2.07521	0.574825	-45.0000
		endloop
	endfacet
	facet normal	0.000000	0.000000	1.00000
		outer loop
			vertex	-1.43770	2.50685	-45.0000
			vertex	-2.07521	0.574825	-45.0000
			vertex	-0.829008	2.27777	-45.0000
		endloop
	endfacet
	facet normal	0.000000	0.000000	1.00000
		outer loop
			vertex	-2.07521	0.574825	-45.0000
			vertex	-1.43770	2.50685	-45.0000
			vertex	-2.85918	0.799723	-45.0000
		endloop
	endfacet
	facet normal	0.000000	0.000000	1.00000
		outer loop
			vertex	-3.83121	5.19904	-45.0000
			vertex	-7.25226	4.23221	-45.0000
			vertex	-3.72243	4.77999	-45.0000
		endloop
	endfacet
	facet normal	0.000000	0.000000	1.00000
		outer loop
			vertex	-6.98826	3.75964	-45.0000
			vertex	-3.72243	4.77999	-45.0000
			vertex	-7.25226	4.23221	-45.0000
		endloop
	endfacet
	facet normal	0.000000	0.000000	1.00000
		outer loop
			vertex	-3.72243	4.77999	-45.0000
			vertex	-6.98826	3.75964	-45.0000
			vertex	-6.66812	3.30193	-45.0000
		endloop
	endfacet
	facet normal	0.000000	0.000000	1.00000
		outer loop
			vertex	-8.79556	-4.24897	-45.0000
			vertex	-8.92516	-4.80624	-45.0000
			vertex	-4.91287	-5.46808	-45.0000
		endloop
	endfacet
	facet normal	0.000000	0.000000	1.00000
		outer loop
			vertex	-9.00486	-5.40286	-45.0000
			vertex	-4.91287	-5.46808	-45.0000
			vertex	-8.92516	-4.80624	-45.0000
		endloop
	endfacet
	facet normal	0.000000	0.000000	1.00000
		outer loop
			vertex	-4.91287	-5.46808	-45.0000
			vertex	-9.00486	-5.40286	-45.0000
			vertex	-4.93959	-5.97233	-45.0000
		endloop
	endfacet
	facet normal	0.000000	0.000000	1.00000
		outer loop
			vertex	-9.03157	-6.03079	-45.0000
			vertex	-4.93959	-5.97233	-45.0000
			vertex	-9.00486	-5.40286	-45.0000
		endloop
	endfacet
	facet normal	0.000000	0.000000	1.00000
		outer loop
			vertex	-4.93959	-5.97233	-45.0000
			vertex	-9.03157	-6.03079	-45.0000
			vertex	-4.93415	-6.22447	-45.0000
		endloop
	endfacet
	facet normal	0.000000	0.000000	1.00000
		outer loop
			vertex	-5.85822	2.44186	-45.0000
			vertex	-5.37592	2.05263	-45.0000
			vertex	-3.10868	3.68098	-45.0000
		endloop
	endfacet
	facet normal	0.000000	0.000000	1.00000
		outer loop
			vertex	-4.83946	1.69281	-45.0000
			vertex	-3.10868	3.68098	-45.0000
			vertex	-5.37592	2.05263	-45.0000
		endloop
	endfacet
	facet normal	0.000000	0.000000	1.00000
		outer loop
			vertex	-3.10868	3.68098	-45.0000
			vertex	-4.83946	1.69281	-45.0000
			vertex	-2.79806	3.35845	-45.0000
		endloop
	endfacet
	facet normal	0.000000	0.000000	1.00000
		outer loop
			vertex	-4.24447	1.36307	-45.0000
			vertex	-2.79806	3.35845	-45.0000
			vertex	-4.83946	1.69281	-45.0000
		endloop
	endfacet
	facet normal	0.000000	0.000000	1.00000
		outer loop
			vertex	-2.79806	3.35845	-45.0000
			vertex	-4.24447	1.36307	-45.0000
			vertex	-2.42598	3.05674	-45.0000
		endloop
	endfacet
	facet normal	0.000000	0.000000	1.00000
		outer loop
			vertex	-3.58609	1.06472	-45.0000
			vertex	-2.42598	3.05674	-45.0000
			vertex	-4.24447	1.36307	-45.0000
		endloop
	endfacet
	facet normal	0.000000	0.000000	1.00000
		outer loop
			vertex	-2.42598	3.05674	-45.0000
			vertex	-3.58609	1.06472	-45.0000
			vertex	-1.99272	2.78080	-45.0000
		endloop
	endfacet
	facet normal	0.000000	0.000000	1.00000
		outer loop
			vertex	-2.85918	0.799723	-45.0000
			vertex	-1.99272	2.78080	-45.0000
			vertex	-3.58609	1.06472	-45.0000
		endloop
	endfacet
	facet normal	0.000000	0.000000	1.00000
		outer loop
			vertex	-1.99272	2.78080	-45.0000
			vertex	-2.85918	0.799723	-45.0000
			vertex	-1.95978	2.76235	-45.0000
		endloop
	endfacet
	facet normal	0.000000	0.000000	1.00000
		outer loop
			vertex	-1.43770	2.50685	-45.0000
			vertex	-1.95978	2.76235	-45.0000
			vertex	-2.85918	0.799723	-45.0000
		endloop
	endfacet
	facet normal	0.000000	0.000000	1.00000
		outer loop
			vertex	-7.56987	8.43586	-45.0000
			vertex	-7.69802	7.89976	-45.0000
			vertex	-3.80225	7.03647	-45.0000
		endloop
	endfacet
	facet normal	0.000000	0.000000	1.00000
		outer loop
			vertex	-7.77735	7.31563	-45.0000
			vertex	-3.80225	7.03647	-45.0000
			vertex	-7.69802	7.89976	-45.0000
		endloop
	endfacet
	facet normal	0.000000	0.000000	1.00000
		outer loop
			vertex	-3.80225	7.03647	-45.0000
			vertex	-7.77735	7.31563	-45.0000
			vertex	-3.88049	6.55011	-45.0000
		endloop
	endfacet
	facet normal	0.000000	0.000000	1.00000
		outer loop
			vertex	0.914729	9.53914	-45.0000
			vertex	2.11216	9.59773	-45.0000
			vertex	0.964536	12.5000	-45.0000
		endloop
	endfacet
	facet normal	0.000000	0.000000	1.00000
		outer loop
			vertex	3.40023	9.61613	-45.0000
			vertex	0.964536	12.5000	-45.0000
			vertex	2.11216	9.59773	-45.0000
		endloop
	endfacet
	facet normal	0.000000	0.000000	1.00000
		outer loop
			vertex	0.964536	12.5000	-45.0000
			vertex	3.40023	9.61613	-45.0000
			vertex	9.03157	12.5000	-45.0000
		endloop
	endfacet
	facet normal	0.000000	0.000000	1.00000
		outer loop
			vertex	5.19291	9.61613	-45.0000
			vertex	9.03157	12.5000	-45.0000
			vertex	3.40023	9.61613	-45.0000
		endloop
	endfacet
	facet normal	0.000000	0.000000	1.00000
		outer loop
			vertex	9.03157	12.5000	-45.0000
			vertex	5.19291	9.61613	-45.0000
			vertex	5.19291	1.68550	-45.0000
		endloop
	endfacet
	facet normal	0.000000	0.000000	1.00000
		outer loop
			vertex	0.412615	-9.59001	-45.0000
			vertex	-0.374961	-12.4742	-45.0000
			vertex	1.72447	-9.61613	-45.0000
		endloop
	endfacet
	facet normal	0.000000	0.000000	1.00000
		outer loop
			vertex	1.49065	-12.5000	-45.0000
			vertex	1.72447	-9.61613	-45.0000
			vertex	-0.374961	-12.4742	-45.0000
		endloop
	endfacet
	facet normal	0.000000	0.000000	1.00000
		outer loop
			vertex	1.72447	-9.61613	-45.0000
			vertex	1.49065	-12.5000	-45.0000
			vertex	5.19291	-9.61613	-45.0000
		endloop
	endfacet
	facet normal	0.000000	0.000000	1.00000
		outer loop
			vertex	9.03157	-12.5000	-45.0000
			vertex	5.19291	-9.61613	-45.0000
			vertex	1.49065	-12.5000	-45.0000
		endloop
	endfacet
	facet normal	0.000000	0.000000	1.00000
		outer loop
			vertex	5.19291	-9.61613	-45.0000
			vertex	9.03157	-12.5000	-45.0000
			vertex	5.19291	-0.711224	-45.0000
		endloop
	endfacet
	facet normal	0.000000	0.000000	1.00000
		outer loop
			vertex	-3.14657	0.322394	-45.0000
			vertex	-3.97914	0.0723354	-45.0000
			vertex	-4.52367	-4.11451	-45.0000
		endloop
	endfacet
	facet normal	0.000000	0.000000	1.00000
		outer loop
			vertex	-4.72815	-0.203844	-45.0000
			vertex	-4.52367	-4.11451	-45.0000
			vertex	-3.97914	0.0723354	-45.0000
		endloop
	endfacet
	facet normal	0.000000	0.000000	1.00000
		outer loop
			vertex	-4.52367	-4.11451	-45.0000
			vertex	-4.72815	-0.203844	-45.0000
			vertex	-5.40023	-0.504195	-45.0000
		endloop
	endfacet
	facet normal	0.000000	0.000000	1.00000
		outer loop
			vertex	-0.766145	-1.32000	-45.0000
			vertex	-0.0438008	-1.11844	-45.0000
			vertex	0.689228	1.91467	-45.0000
		endloop
	endfacet
	facet normal	0.000000	0.000000	1.00000
		outer loop
			vertex	0.744513	-0.954068	-45.0000
			vertex	0.689228	1.91467	-45.0000
			vertex	-0.0438008	-1.11844	-45.0000
		endloop
	endfacet
	facet normal	0.000000	0.000000	1.00000
		outer loop
			vertex	0.689228	1.91467	-45.0000
			vertex	0.744513	-0.954068	-45.0000
			vertex	1.62112	1.79040	-45.0000
		endloop
	endfacet
	facet normal	0.000000	0.000000	1.00000
		outer loop
			vertex	1.60416	-0.829470	-45.0000
			vertex	1.62112	1.79040	-45.0000
			vertex	0.744513	-0.954068	-45.0000
		endloop
	endfacet
	facet normal	0.000000	0.000000	1.00000
		outer loop
			vertex	1.62112	1.79040	-45.0000
			vertex	1.60416	-0.829470	-45.0000
			vertex	2.68347	1.71193	-45.0000
		endloop
	endfacet
	facet normal	0.000000	0.000000	1.00000
		outer loop
			vertex	2.54083	-0.747731	-45.0000
			vertex	2.68347	1.71193	-45.0000
			vertex	1.60416	-0.829470	-45.0000
		endloop
	endfacet
	facet normal	0.000000	0.000000	1.00000
		outer loop
			vertex	2.68347	1.71193	-45.0000
			vertex	2.54083	-0.747731	-45.0000
			vertex	3.84840	1.68550	-45.0000
		endloop
	endfacet
	facet normal	0.000000	0.000000	1.00000
		outer loop
			vertex	-9.03157	-6.03079	-45.0000
			vertex	-9.02940	-6.22213	-45.0000
			vertex	-4.93415	-6.22447	-45.0000
		endloop
	endfacet
	facet normal	0.000000	0.000000	1.00000
		outer loop
			vertex	-8.98965	-6.85230	-45.0000
			vertex	-4.93415	-6.22447	-45.0000
			vertex	-9.02940	-6.22213	-45.0000
		endloop
	endfacet
	facet normal	0.000000	0.000000	1.00000
		outer loop
			vertex	-4.93415	-6.22447	-45.0000
			vertex	-8.98965	-6.85230	-45.0000
			vertex	-4.88834	-6.71449	-45.0000
		endloop
	endfacet
	facet normal	0.000000	0.000000	1.00000
		outer loop
			vertex	-8.90182	-7.44092	-45.0000
			vertex	-4.88834	-6.71449	-45.0000
			vertex	-8.98965	-6.85230	-45.0000
		endloop
	endfacet
	facet normal	0.000000	0.000000	1.00000
		outer loop
			vertex	-4.88834	-6.71449	-45.0000
			vertex	-8.90182	-7.44092	-45.0000
			vertex	-4.79948	-7.14887	-45.0000
		endloop
	endfacet
	facet normal	0.000000	0.000000	1.00000
		outer loop
			vertex	-8.76780	-7.99190	-45.0000
			vertex	-4.79948	-7.14887	-45.0000
			vertex	-8.90182	-7.44092	-45.0000
		endloop
	endfacet
	facet normal	0.000000	0.000000	1.00000
		outer loop
			vertex	-4.79948	-7.14887	-45.0000
			vertex	-8.76780	-7.99190	-45.0000
			vertex	-8.58852	-8.50881	-45.0000
		endloop
	endfacet
	facet normal	0.000000	0.000000	1.00000
		outer loop
			vertex	-7.77735	7.31563	-45.0000
			vertex	-7.80398	6.69330	-45.0000
			vertex	-3.88049	6.55011	-45.0000
		endloop
	endfacet
	facet normal	0.000000	0.000000	1.00000
		outer loop
			vertex	-7.79251	6.31083	-45.0000
			vertex	-3.88049	6.55011	-45.0000
			vertex	-7.80398	6.69330	-45.0000
		endloop
	endfacet
	facet normal	0.000000	0.000000	1.00000
		outer loop
			vertex	-3.88049	6.55011	-45.0000
			vertex	-7.79251	6.31083	-45.0000
			vertex	-3.90686	6.01130	-45.0000
		endloop
	endfacet
	facet normal	0.000000	0.000000	1.00000
		outer loop
			vertex	-7.73281	5.75778	-45.0000
			vertex	-3.90686	6.01130	-45.0000
			vertex	-7.79251	6.31083	-45.0000
		endloop
	endfacet
	facet normal	0.000000	0.000000	1.00000
		outer loop
			vertex	-3.90686	6.01130	-45.0000
			vertex	-7.73281	5.75778	-45.0000
			vertex	-3.89276	5.65033	-45.0000
		endloop
	endfacet
	facet normal	0.000000	0.000000	1.00000
		outer loop
			vertex	-7.62301	5.22890	-45.0000
			vertex	-3.89276	5.65033	-45.0000
			vertex	-7.73281	5.75778	-45.0000
		endloop
	endfacet
	facet normal	0.000000	0.000000	1.00000
		outer loop
			vertex	-3.89276	5.65033	-45.0000
			vertex	-7.62301	5.22890	-45.0000
			vertex	-3.83121	5.19904	-45.0000
		endloop
	endfacet
	facet normal	0.000000	0.000000	1.00000
		outer loop
			vertex	-7.46316	4.72124	-45.0000
			vertex	-3.83121	5.19904	-45.0000
			vertex	-7.62301	5.22890	-45.0000
		endloop
	endfacet
	facet normal	0.000000	0.000000	1.00000
		outer loop
			vertex	-3.83121	5.19904	-45.0000
			vertex	-7.46316	4.72124	-45.0000
			vertex	-7.25226	4.23221	-45.0000
		endloop
	endfacet
	facet normal	0.000000	0.000000	1.00000
		outer loop
			vertex	9.03157	-12.5000	-45.0000
			vertex	9.03157	12.5000	-45.0000
			vertex	5.19291	-0.711224	-45.0000
		endloop
	endfacet
	facet normal	0.000000	0.000000	1.00000
		outer loop
			vertex	5.19291	1.68550	-45.0000
			vertex	5.19291	-0.711224	-45.0000
			vertex	9.03157	12.5000	-45.0000
		endloop
	endfacet
	facet normal	0.000000	0.000000	1.00000
		outer loop
			vertex	5.19291	-0.711224	-45.0000
			vertex	5.19291	1.68550	-45.0000
			vertex	3.78995	-0.711224	-45.0000
		endloop
	endfacet
	facet normal	0.000000	0.000000	1.00000
		outer loop
			vertex	3.84840	1.68550	-45.0000
			vertex	3.78995	-0.711224	-45.0000
			vertex	5.19291	1.68550	-45.0000
		endloop
	endfacet
	facet normal	0.000000	0.000000	1.00000
		outer loop
			vertex	3.78995	-0.711224	-45.0000
			vertex	3.84840	1.68550	-45.0000
			vertex	3.53607	-0.712651	-45.0000
		endloop
	endfacet
	facet normal	0.000000	0.000000	1.00000
		outer loop
			vertex	2.54083	-0.747731	-45.0000
			vertex	3.53607	-0.712651	-45.0000
			vertex	3.84840	1.68550	-45.0000
		endloop
	endfacet
	facet normal	0.000000	0.000000	1.00000
		outer loop
			vertex	-5.40023	-0.504195	-45.0000
			vertex	-6.00152	-0.827259	-45.0000
			vertex	-4.52367	-4.11451	-45.0000
		endloop
	endfacet
	facet normal	0.000000	0.000000	1.00000
		outer loop
			vertex	-6.53762	-1.17211	-45.0000
			vertex	-4.52367	-4.11451	-45.0000
			vertex	-6.00152	-0.827259	-45.0000
		endloop
	endfacet
	facet normal	0.000000	0.000000	1.00000
		outer loop
			vertex	-4.52367	-4.11451	-45.0000
			vertex	-6.53762	-1.17211	-45.0000
			vertex	-7.01352	-1.53836	-45.0000
		endloop
	endfacet
	facet normal	0.000000	0.000000	1.00000
		outer loop
			vertex	-8.39417	-3.23747	-45.0000
			vertex	-4.70296	-4.53837	-45.0000
			vertex	-8.12360	-2.77650	-45.0000
		endloop
	endfacet
	facet normal	0.000000	0.000000	1.00000
		outer loop
			vertex	-4.52367	-4.11451	-45.0000
			vertex	-8.12360	-2.77650	-45.0000
			vertex	-4.70296	-4.53837	-45.0000
		endloop
	endfacet
	facet normal	0.000000	0.000000	1.00000
		outer loop
			vertex	-8.12360	-2.77650	-45.0000
			vertex	-4.52367	-4.11451	-45.0000
			vertex	-7.80557	-2.34168	-45.0000
		endloop
	endfacet
	facet normal	0.000000	0.000000	1.00000
		outer loop
			vertex	-7.01352	-1.53836	-45.0000
			vertex	-7.80557	-2.34168	-45.0000
			vertex	-4.52367	-4.11451	-45.0000
		endloop
	endfacet
	facet normal	0.000000	0.000000	1.00000
		outer loop
			vertex	-7.80557	-2.34168	-45.0000
			vertex	-7.01352	-1.53836	-45.0000
			vertex	-7.43818	-1.93091	-45.0000
		endloop
	endfacet
	facet normal	0.000000	0.000000	-1.00000
		outer loop
			vertex	5.19291	1.68550	-45.5000
			vertex	5.19291	9.61613	-45.5000
			vertex	9.03157	12.5000	-45.5000
		endloop
	endfacet
	facet normal	0.000000	0.000000	-1.00000
		outer loop
			vertex	-4.70296	-4.53837	-45.5000
			vertex	-8.12360	-2.77650	-45.5000
			vertex	-4.52367	-4.11451	-45.5000
		endloop
	endfacet
	facet normal	0.000000	0.000000	-1.00000
		outer loop
			vertex	-7.80557	-2.34168	-45.5000
			vertex	-4.52367	-4.11451	-45.5000
			vertex	-8.12360	-2.77650	-45.5000
		endloop
	endfacet
	facet normal	0.000000	0.000000	-1.00000
		outer loop
			vertex	-4.52367	-4.11451	-45.5000
			vertex	-7.80557	-2.34168	-45.5000
			vertex	-4.29438	-3.71222	-45.5000
		endloop
	endfacet
	facet normal	0.000000	0.000000	-1.00000
		outer loop
			vertex	-4.83311	-4.98829	-45.5000
			vertex	-8.61819	-3.72725	-45.5000
			vertex	-4.70296	-4.53837	-45.5000
		endloop
	endfacet
	facet normal	0.000000	0.000000	-1.00000
		outer loop
			vertex	-8.39417	-3.23747	-45.5000
			vertex	-4.70296	-4.53837	-45.5000
			vertex	-8.61819	-3.72725	-45.5000
		endloop
	endfacet
	facet normal	0.000000	0.000000	-1.00000
		outer loop
			vertex	-4.70296	-4.53837	-45.5000
			vertex	-8.39417	-3.23747	-45.5000
			vertex	-8.12360	-2.77650	-45.5000
		endloop
	endfacet
	facet normal	0.000000	0.000000	-1.00000
		outer loop
			vertex	-4.93959	-5.97233	-45.5000
			vertex	-9.00486	-5.40286	-45.5000
			vertex	-4.91287	-5.46808	-45.5000
		endloop
	endfacet
	facet normal	0.000000	0.000000	-1.00000
		outer loop
			vertex	-8.92516	-4.80624	-45.5000
			vertex	-4.91287	-5.46808	-45.5000
			vertex	-9.00486	-5.40286	-45.5000
		endloop
	endfacet
	facet normal	0.000000	0.000000	-1.00000
		outer loop
			vertex	-4.91287	-5.46808	-45.5000
			vertex	-8.92516	-4.80624	-45.5000
			vertex	-4.83311	-4.98829	-45.5000
		endloop
	endfacet
	facet normal	0.000000	0.000000	-1.00000
		outer loop
			vertex	-8.79556	-4.24897	-45.5000
			vertex	-4.83311	-4.98829	-45.5000
			vertex	-8.92516	-4.80624	-45.5000
		endloop
	endfacet
	facet normal	0.000000	0.000000	-1.00000
		outer loop
			vertex	-4.83311	-4.98829	-45.5000
			vertex	-8.79556	-4.24897	-45.5000
			vertex	-8.61819	-3.72725	-45.5000
		endloop
	endfacet
	facet normal	0.000000	0.000000	-1.00000
		outer loop
			vertex	-6.72920	-10.8736	-45.5000
			vertex	-6.98558	-10.6684	-45.5000
			vertex	-4.11469	-8.38505	-45.5000
		endloop
	endfacet
	facet normal	0.000000	0.000000	-1.00000
		outer loop
			vertex	-4.35239	-8.10713	-45.5000
			vertex	-4.11469	-8.38505	-45.5000
			vertex	-6.98558	-10.6684	-45.5000
		endloop
	endfacet
	facet normal	0.000000	0.000000	-1.00000
		outer loop
			vertex	-6.72920	-10.8736	-45.5000
			vertex	-4.11469	-8.38505	-45.5000
			vertex	-6.22727	-11.2235	-45.5000
		endloop
	endfacet
	facet normal	0.000000	0.000000	-1.00000
		outer loop
			vertex	-3.83244	-8.62941	-45.5000
			vertex	-6.22727	-11.2235	-45.5000
			vertex	-4.11469	-8.38505	-45.5000
		endloop
	endfacet
	facet normal	0.000000	0.000000	-1.00000
		outer loop
			vertex	-6.22727	-11.2235	-45.5000
			vertex	-3.83244	-8.62941	-45.5000
			vertex	-5.70173	-11.5245	-45.5000
		endloop
	endfacet
	facet normal	0.000000	0.000000	-1.00000
		outer loop
			vertex	-3.53176	7.78936	-45.5000
			vertex	-6.61010	10.1879	-45.5000
			vertex	-3.33312	8.10906	-45.5000
		endloop
	endfacet
	facet normal	0.000000	0.000000	-1.00000
		outer loop
			vertex	-6.25853	10.5454	-45.5000
			vertex	-3.33312	8.10906	-45.5000
			vertex	-6.61010	10.1879	-45.5000
		endloop
	endfacet
	facet normal	0.000000	0.000000	-1.00000
		outer loop
			vertex	-3.33312	8.10906	-45.5000
			vertex	-6.25853	10.5454	-45.5000
			vertex	-3.09720	8.38519	-45.5000
		endloop
	endfacet
	facet normal	0.000000	0.000000	-1.00000
		outer loop
			vertex	-6.29384	2.86438	-45.5000
			vertex	-6.66812	3.30193	-45.5000
			vertex	-3.56671	4.38913	-45.5000
		endloop
	endfacet
	facet normal	0.000000	0.000000	-1.00000
		outer loop
			vertex	-3.72243	4.77999	-45.5000
			vertex	-3.56671	4.38913	-45.5000
			vertex	-6.66812	3.30193	-45.5000
		endloop
	endfacet
	facet normal	0.000000	0.000000	-1.00000
		outer loop
			vertex	-6.29384	2.86438	-45.5000
			vertex	-3.56671	4.38913	-45.5000
			vertex	-5.85822	2.44186	-45.5000
		endloop
	endfacet
	facet normal	0.000000	0.000000	-1.00000
		outer loop
			vertex	-3.36364	4.02457	-45.5000
			vertex	-5.85822	2.44186	-45.5000
			vertex	-3.56671	4.38913	-45.5000
		endloop
	endfacet
	facet normal	0.000000	0.000000	-1.00000
		outer loop
			vertex	-5.85822	2.44186	-45.5000
			vertex	-3.36364	4.02457	-45.5000
			vertex	-5.37592	2.05263	-45.5000
		endloop
	endfacet
	facet normal	0.000000	0.000000	-1.00000
		outer loop
			vertex	-3.10868	3.68098	-45.5000
			vertex	-5.37592	2.05263	-45.5000
			vertex	-3.36364	4.02457	-45.5000
		endloop
	endfacet
	facet normal	0.000000	0.000000	-1.00000
		outer loop
			vertex	-5.37592	2.05263	-45.5000
			vertex	-3.10868	3.68098	-45.5000
			vertex	-4.83946	1.69281	-45.5000
		endloop
	endfacet
	facet normal	0.000000	0.000000	-1.00000
		outer loop
			vertex	-2.79806	3.35845	-45.5000
			vertex	-4.83946	1.69281	-45.5000
			vertex	-3.10868	3.68098	-45.5000
		endloop
	endfacet
	facet normal	0.000000	0.000000	-1.00000
		outer loop
			vertex	-4.83946	1.69281	-45.5000
			vertex	-2.79806	3.35845	-45.5000
			vertex	-4.24447	1.36307	-45.5000
		endloop
	endfacet
	facet normal	0.000000	0.000000	-1.00000
		outer loop
			vertex	-3.67841	7.45819	-45.5000
			vertex	-7.17763	9.38239	-45.5000
			vertex	-3.53176	7.78936	-45.5000
		endloop
	endfacet
	facet normal	0.000000	0.000000	-1.00000
		outer loop
			vertex	-6.91591	9.80109	-45.5000
			vertex	-3.53176	7.78936	-45.5000
			vertex	-7.17763	9.38239	-45.5000
		endloop
	endfacet
	facet normal	0.000000	0.000000	-1.00000
		outer loop
			vertex	-3.53176	7.78936	-45.5000
			vertex	-6.91591	9.80109	-45.5000
			vertex	-6.61010	10.1879	-45.5000
		endloop
	endfacet
	facet normal	0.000000	0.000000	-1.00000
		outer loop
			vertex	-3.80225	7.03647	-45.5000
			vertex	-7.56987	8.43586	-45.5000
			vertex	-3.67841	7.45819	-45.5000
		endloop
	endfacet
	facet normal	0.000000	0.000000	-1.00000
		outer loop
			vertex	-7.39582	8.92860	-45.5000
			vertex	-3.67841	7.45819	-45.5000
			vertex	-7.56987	8.43586	-45.5000
		endloop
	endfacet
	facet normal	0.000000	0.000000	-1.00000
		outer loop
			vertex	-3.67841	7.45819	-45.5000
			vertex	-7.39582	8.92860	-45.5000
			vertex	-7.17763	9.38239	-45.5000
		endloop
	endfacet
	facet normal	0.000000	0.000000	-1.00000
		outer loop
			vertex	-4.67017	-7.53535	-45.5000
			vertex	-8.58852	-8.50881	-45.5000
			vertex	-4.79948	-7.14887	-45.5000
		endloop
	endfacet
	facet normal	0.000000	0.000000	-1.00000
		outer loop
			vertex	-8.76780	-7.99190	-45.5000
			vertex	-4.79948	-7.14887	-45.5000
			vertex	-8.58852	-8.50881	-45.5000
		endloop
	endfacet
	facet normal	0.000000	0.000000	-1.00000
		outer loop
			vertex	-4.79948	-7.14887	-45.5000
			vertex	-8.76780	-7.99190	-45.5000
			vertex	-4.88834	-6.71449	-45.5000
		endloop
	endfacet
	facet normal	0.000000	0.000000	-1.00000
		outer loop
			vertex	-6.98558	-10.6684	-45.5000
			vertex	-7.40439	-10.2907	-45.5000
			vertex	-4.35239	-8.10713	-45.5000
		endloop
	endfacet
	facet normal	0.000000	0.000000	-1.00000
		outer loop
			vertex	-7.77434	-9.88400	-45.5000
			vertex	-4.35239	-8.10713	-45.5000
			vertex	-7.40439	-10.2907	-45.5000
		endloop
	endfacet
	facet normal	0.000000	0.000000	-1.00000
		outer loop
			vertex	-4.35239	-8.10713	-45.5000
			vertex	-7.77434	-9.88400	-45.5000
			vertex	-4.54921	-7.79354	-45.5000
		endloop
	endfacet
	facet normal	0.000000	0.000000	-1.00000
		outer loop
			vertex	-8.09326	-9.45251	-45.5000
			vertex	-4.54921	-7.79354	-45.5000
			vertex	-7.77434	-9.88400	-45.5000
		endloop
	endfacet
	facet normal	0.000000	0.000000	-1.00000
		outer loop
			vertex	-4.54921	-7.79354	-45.5000
			vertex	-8.09326	-9.45251	-45.5000
			vertex	-4.67017	-7.53535	-45.5000
		endloop
	endfacet
	facet normal	0.000000	0.000000	-1.00000
		outer loop
			vertex	-8.36400	-8.99480	-45.5000
			vertex	-4.67017	-7.53535	-45.5000
			vertex	-8.09326	-9.45251	-45.5000
		endloop
	endfacet
	facet normal	0.000000	0.000000	-1.00000
		outer loop
			vertex	-4.67017	-7.53535	-45.5000
			vertex	-8.36400	-8.99480	-45.5000
			vertex	-8.58852	-8.50881	-45.5000
		endloop
	endfacet
	facet normal	0.000000	0.000000	-1.00000
		outer loop
			vertex	-5.70173	-11.5245	-45.5000
			vertex	-3.83244	-8.62941	-45.5000
			vertex	-5.15039	-11.7777	-45.5000
		endloop
	endfacet
	facet normal	0.000000	0.000000	-1.00000
		outer loop
			vertex	-3.50740	-8.83671	-45.5000
			vertex	-5.15039	-11.7777	-45.5000
			vertex	-3.83244	-8.62941	-45.5000
		endloop
	endfacet
	facet normal	0.000000	0.000000	-1.00000
		outer loop
			vertex	-5.15039	-11.7777	-45.5000
			vertex	-3.50740	-8.83671	-45.5000
			vertex	-4.57066	-11.9833	-45.5000
		endloop
	endfacet
	facet normal	0.000000	0.000000	-1.00000
		outer loop
			vertex	-3.18926	-8.98817	-45.5000
			vertex	-4.57066	-11.9833	-45.5000
			vertex	-3.50740	-8.83671	-45.5000
		endloop
	endfacet
	facet normal	0.000000	0.000000	-1.00000
		outer loop
			vertex	-4.57066	-11.9833	-45.5000
			vertex	-3.18926	-8.98817	-45.5000
			vertex	-3.96532	-12.1395	-45.5000
		endloop
	endfacet
	facet normal	0.000000	0.000000	-1.00000
		outer loop
			vertex	-2.73160	-9.15150	-45.5000
			vertex	-3.96532	-12.1395	-45.5000
			vertex	-3.18926	-8.98817	-45.5000
		endloop
	endfacet
	facet normal	0.000000	0.000000	-1.00000
		outer loop
			vertex	-3.96532	-12.1395	-45.5000
			vertex	-2.73160	-9.15150	-45.5000
			vertex	-3.61310	-12.2067	-45.5000
		endloop
	endfacet
	facet normal	0.000000	0.000000	-1.00000
		outer loop
			vertex	-3.88049	6.55011	-45.5000
			vertex	-7.77735	7.31563	-45.5000
			vertex	-3.80225	7.03647	-45.5000
		endloop
	endfacet
	facet normal	0.000000	0.000000	-1.00000
		outer loop
			vertex	-7.69802	7.89976	-45.5000
			vertex	-3.80225	7.03647	-45.5000
			vertex	-7.77735	7.31563	-45.5000
		endloop
	endfacet
	facet normal	0.000000	0.000000	-1.00000
		outer loop
			vertex	-3.80225	7.03647	-45.5000
			vertex	-7.69802	7.89976	-45.5000
			vertex	-7.56987	8.43586	-45.5000
		endloop
	endfacet
	facet normal	0.000000	0.000000	-1.00000
		outer loop
			vertex	-3.90686	6.01130	-45.5000
			vertex	-7.79251	6.31083	-45.5000
			vertex	-3.88049	6.55011	-45.5000
		endloop
	endfacet
	facet normal	0.000000	0.000000	-1.00000
		outer loop
			vertex	-7.80398	6.69330	-45.5000
			vertex	-3.88049	6.55011	-45.5000
			vertex	-7.79251	6.31083	-45.5000
		endloop
	endfacet
	facet normal	0.000000	0.000000	-1.00000
		outer loop
			vertex	-3.88049	6.55011	-45.5000
			vertex	-7.80398	6.69330	-45.5000
			vertex	-7.77735	7.31563	-45.5000
		endloop
	endfacet
	facet normal	0.000000	0.000000	-1.00000
		outer loop
			vertex	-8.76780	-7.99190	-45.5000
			vertex	-8.90182	-7.44092	-45.5000
			vertex	-4.88834	-6.71449	-45.5000
		endloop
	endfacet
	facet normal	0.000000	0.000000	-1.00000
		outer loop
			vertex	-8.98965	-6.85230	-45.5000
			vertex	-4.88834	-6.71449	-45.5000
			vertex	-8.90182	-7.44092	-45.5000
		endloop
	endfacet
	facet normal	0.000000	0.000000	-1.00000
		outer loop
			vertex	-4.88834	-6.71449	-45.5000
			vertex	-8.98965	-6.85230	-45.5000
			vertex	-4.93415	-6.22447	-45.5000
		endloop
	endfacet
	facet normal	0.000000	0.000000	-1.00000
		outer loop
			vertex	-9.02940	-6.22213	-45.5000
			vertex	-4.93415	-6.22447	-45.5000
			vertex	-8.98965	-6.85230	-45.5000
		endloop
	endfacet
	facet normal	0.000000	0.000000	-1.00000
		outer loop
			vertex	-4.93415	-6.22447	-45.5000
			vertex	-9.02940	-6.22213	-45.5000
			vertex	-4.93959	-5.97233	-45.5000
		endloop
	endfacet
	facet normal	0.000000	0.000000	-1.00000
		outer loop
			vertex	-9.03157	-6.03079	-45.5000
			vertex	-4.93959	-5.97233	-45.5000
			vertex	-9.02940	-6.22213	-45.5000
		endloop
	endfacet
	facet normal	0.000000	0.000000	-1.00000
		outer loop
			vertex	-4.93959	-5.97233	-45.5000
			vertex	-9.03157	-6.03079	-45.5000
			vertex	-9.00486	-5.40286	-45.5000
		endloop
	endfacet
	facet normal	0.000000	0.000000	-1.00000
		outer loop
			vertex	-6.66812	3.30193	-45.5000
			vertex	-6.98826	3.75964	-45.5000
			vertex	-3.72243	4.77999	-45.5000
		endloop
	endfacet
	facet normal	0.000000	0.000000	-1.00000
		outer loop
			vertex	-7.25226	4.23221	-45.5000
			vertex	-3.72243	4.77999	-45.5000
			vertex	-6.98826	3.75964	-45.5000
		endloop
	endfacet
	facet normal	0.000000	0.000000	-1.00000
		outer loop
			vertex	-3.72243	4.77999	-45.5000
			vertex	-7.25226	4.23221	-45.5000
			vertex	-3.83121	5.19904	-45.5000
		endloop
	endfacet
	facet normal	0.000000	0.000000	-1.00000
		outer loop
			vertex	-7.46316	4.72124	-45.5000
			vertex	-3.83121	5.19904	-45.5000
			vertex	-7.25226	4.23221	-45.5000
		endloop
	endfacet
	facet normal	0.000000	0.000000	-1.00000
		outer loop
			vertex	-3.83121	5.19904	-45.5000
			vertex	-7.46316	4.72124	-45.5000
			vertex	-3.89276	5.65033	-45.5000
		endloop
	endfacet
	facet normal	0.000000	0.000000	-1.00000
		outer loop
			vertex	-7.62301	5.22890	-45.5000
			vertex	-3.89276	5.65033	-45.5000
			vertex	-7.46316	4.72124	-45.5000
		endloop
	endfacet
	facet normal	0.000000	0.000000	-1.00000
		outer loop
			vertex	-3.89276	5.65033	-45.5000
			vertex	-7.62301	5.22890	-45.5000
			vertex	-3.90686	6.01130	-45.5000
		endloop
	endfacet
	facet normal	0.000000	0.000000	-1.00000
		outer loop
			vertex	-7.73281	5.75778	-45.5000
			vertex	-3.90686	6.01130	-45.5000
			vertex	-7.62301	5.22890	-45.5000
		endloop
	endfacet
	facet normal	0.000000	0.000000	-1.00000
		outer loop
			vertex	-3.90686	6.01130	-45.5000
			vertex	-7.73281	5.75778	-45.5000
			vertex	-7.79251	6.31083	-45.5000
		endloop
	endfacet
	facet normal	0.000000	0.000000	-1.00000
		outer loop
			vertex	-4.24447	1.36307	-45.5000
			vertex	-2.79806	3.35845	-45.5000
			vertex	-3.58609	1.06472	-45.5000
		endloop
	endfacet
	facet normal	0.000000	0.000000	-1.00000
		outer loop
			vertex	-2.42598	3.05674	-45.5000
			vertex	-3.58609	1.06472	-45.5000
			vertex	-2.79806	3.35845	-45.5000
		endloop
	endfacet
	facet normal	0.000000	0.000000	-1.00000
		outer loop
			vertex	-3.58609	1.06472	-45.5000
			vertex	-2.42598	3.05674	-45.5000
			vertex	-2.85918	0.799723	-45.5000
		endloop
	endfacet
	facet normal	0.000000	0.000000	-1.00000
		outer loop
			vertex	-7.80557	-2.34168	-45.5000
			vertex	-7.43818	-1.93091	-45.5000
			vertex	-4.29438	-3.71222	-45.5000
		endloop
	endfacet
	facet normal	0.000000	0.000000	-1.00000
		outer loop
			vertex	-7.01352	-1.53836	-45.5000
			vertex	-4.29438	-3.71222	-45.5000
			vertex	-7.43818	-1.93091	-45.5000
		endloop
	endfacet
	facet normal	0.000000	0.000000	-1.00000
		outer loop
			vertex	-4.29438	-3.71222	-45.5000
			vertex	-7.01352	-1.53836	-45.5000
			vertex	-4.01472	-3.33088	-45.5000
		endloop
	endfacet
	facet normal	0.000000	0.000000	-1.00000
		outer loop
			vertex	-6.53762	-1.17211	-45.5000
			vertex	-4.01472	-3.33088	-45.5000
			vertex	-7.01352	-1.53836	-45.5000
		endloop
	endfacet
	facet normal	0.000000	0.000000	-1.00000
		outer loop
			vertex	-4.01472	-3.33088	-45.5000
			vertex	-6.53762	-1.17211	-45.5000
			vertex	-3.68121	-2.96722	-45.5000
		endloop
	endfacet
	facet normal	0.000000	0.000000	-1.00000
		outer loop
			vertex	-6.00152	-0.827259	-45.5000
			vertex	-3.68121	-2.96722	-45.5000
			vertex	-6.53762	-1.17211	-45.5000
		endloop
	endfacet
	facet normal	0.000000	0.000000	-1.00000
		outer loop
			vertex	-3.68121	-2.96722	-45.5000
			vertex	-6.00152	-0.827259	-45.5000
			vertex	-3.28977	-2.61986	-45.5000
		endloop
	endfacet
	facet normal	0.000000	0.000000	-1.00000
		outer loop
			vertex	-5.40023	-0.504195	-45.5000
			vertex	-3.28977	-2.61986	-45.5000
			vertex	-6.00152	-0.827259	-45.5000
		endloop
	endfacet
	facet normal	0.000000	0.000000	-1.00000
		outer loop
			vertex	-3.28977	-2.61986	-45.5000
			vertex	-5.40023	-0.504195	-45.5000
			vertex	-2.83522	-2.28814	-45.5000
		endloop
	endfacet
	facet normal	0.000000	0.000000	-1.00000
		outer loop
			vertex	-4.72815	-0.203844	-45.5000
			vertex	-2.83522	-2.28814	-45.5000
			vertex	-5.40023	-0.504195	-45.5000
		endloop
	endfacet
	facet normal	0.000000	0.000000	-1.00000
		outer loop
			vertex	-2.83522	-2.28814	-45.5000
			vertex	-4.72815	-0.203844	-45.5000
			vertex	-2.59158	-2.13367	-45.5000
		endloop
	endfacet
	facet normal	0.000000	0.000000	-1.00000
		outer loop
			vertex	-3.97914	0.0723354	-45.5000
			vertex	-2.59158	-2.13367	-45.5000
			vertex	-4.72815	-0.203844	-45.5000
		endloop
	endfacet
	facet normal	0.000000	0.000000	-1.00000
		outer loop
			vertex	-2.59158	-2.13367	-45.5000
			vertex	-3.97914	0.0723354	-45.5000
			vertex	-2.03259	-1.82698	-45.5000
		endloop
	endfacet
	facet normal	0.000000	0.000000	-1.00000
		outer loop
			vertex	-3.14657	0.322394	-45.5000
			vertex	-2.03259	-1.82698	-45.5000
			vertex	-3.97914	0.0723354	-45.5000
		endloop
	endfacet
	facet normal	0.000000	0.000000	-1.00000
		outer loop
			vertex	-2.03259	-1.82698	-45.5000
			vertex	-3.14657	0.322394	-45.5000
			vertex	-1.42755	-1.55668	-45.5000
		endloop
	endfacet
	facet normal	0.000000	0.000000	-1.00000
		outer loop
			vertex	-2.24429	0.539476	-45.5000
			vertex	-1.42755	-1.55668	-45.5000
			vertex	-3.14657	0.322394	-45.5000
		endloop
	endfacet
	facet normal	0.000000	0.000000	-1.00000
		outer loop
			vertex	-1.42755	-1.55668	-45.5000
			vertex	-2.24429	0.539476	-45.5000
			vertex	-0.766145	-1.32000	-45.5000
		endloop
	endfacet
	facet normal	0.000000	0.000000	-1.00000
		outer loop
			vertex	-2.07521	0.574825	-45.5000
			vertex	-0.766145	-1.32000	-45.5000
			vertex	-2.24429	0.539476	-45.5000
		endloop
	endfacet
	facet normal	0.000000	0.000000	-1.00000
		outer loop
			vertex	-0.766145	-1.32000	-45.5000
			vertex	-2.07521	0.574825	-45.5000
			vertex	-0.0438008	-1.11844	-45.5000
		endloop
	endfacet
	facet normal	0.000000	0.000000	-1.00000
		outer loop
			vertex	0.744513	-0.954068	-45.5000
			vertex	-0.0438008	-1.11844	-45.5000
			vertex	-2.07521	0.574825	-45.5000
		endloop
	endfacet
	facet normal	0.000000	0.000000	-1.00000
		outer loop
			vertex	-3.61310	-12.2067	-45.5000
			vertex	-2.73160	-9.15150	-45.5000
			vertex	-2.80188	-12.3190	-45.5000
		endloop
	endfacet
	facet normal	0.000000	0.000000	-1.00000
		outer loop
			vertex	-2.16158	-9.29859	-45.5000
			vertex	-2.80188	-12.3190	-45.5000
			vertex	-2.73160	-9.15150	-45.5000
		endloop
	endfacet
	facet normal	0.000000	0.000000	-1.00000
		outer loop
			vertex	-2.80188	-12.3190	-45.5000
			vertex	-2.16158	-9.29859	-45.5000
			vertex	-1.73862	-12.4109	-45.5000
		endloop
	endfacet
	facet normal	0.000000	0.000000	-1.00000
		outer loop
			vertex	-1.46096	-9.42459	-45.5000
			vertex	-1.73862	-12.4109	-45.5000
			vertex	-2.16158	-9.29859	-45.5000
		endloop
	endfacet
	facet normal	0.000000	0.000000	-1.00000
		outer loop
			vertex	-1.73862	-12.4109	-45.5000
			vertex	-1.46096	-9.42459	-45.5000
			vertex	-0.374961	-12.4742	-45.5000
		endloop
	endfacet
	facet normal	0.000000	0.000000	-1.00000
		outer loop
			vertex	-1.43770	2.50685	-45.5000
			vertex	-2.07521	0.574825	-45.5000
			vertex	-1.95978	2.76235	-45.5000
		endloop
	endfacet
	facet normal	0.000000	0.000000	-1.00000
		outer loop
			vertex	-2.85918	0.799723	-45.5000
			vertex	-1.95978	2.76235	-45.5000
			vertex	-2.07521	0.574825	-45.5000
		endloop
	endfacet
	facet normal	0.000000	0.000000	-1.00000
		outer loop
			vertex	-1.95978	2.76235	-45.5000
			vertex	-2.85918	0.799723	-45.5000
			vertex	-1.99272	2.78080	-45.5000
		endloop
	endfacet
	facet normal	0.000000	0.000000	-1.00000
		outer loop
			vertex	-2.42598	3.05674	-45.5000
			vertex	-1.99272	2.78080	-45.5000
			vertex	-2.85918	0.799723	-45.5000
		endloop
	endfacet
	facet normal	0.000000	0.000000	-1.00000
		outer loop
			vertex	-1.43770	2.50685	-45.5000
			vertex	-0.829008	2.27777	-45.5000
			vertex	-2.07521	0.574825	-45.5000
		endloop
	endfacet
	facet normal	0.000000	0.000000	-1.00000
		outer loop
			vertex	-0.123641	2.07887	-45.5000
			vertex	-2.07521	0.574825	-45.5000
			vertex	-0.829008	2.27777	-45.5000
		endloop
	endfacet
	facet normal	0.000000	0.000000	-1.00000
		outer loop
			vertex	-2.07521	0.574825	-45.5000
			vertex	-0.123641	2.07887	-45.5000
			vertex	0.689228	1.91467	-45.5000
		endloop
	endfacet
	facet normal	0.000000	0.000000	-1.00000
		outer loop
			vertex	9.03157	12.5000	-45.5000
			vertex	5.19291	9.61613	-45.5000
			vertex	0.964536	12.5000	-45.5000
		endloop
	endfacet
	facet normal	0.000000	0.000000	-1.00000
		outer loop
			vertex	3.53607	-0.712651	-45.5000
			vertex	2.54083	-0.747731	-45.5000
			vertex	-2.07521	0.574825	-45.5000
		endloop
	endfacet
	facet normal	0.000000	0.000000	-1.00000
		outer loop
			vertex	1.60416	-0.829470	-45.5000
			vertex	-2.07521	0.574825	-45.5000
			vertex	2.54083	-0.747731	-45.5000
		endloop
	endfacet
	facet normal	0.000000	0.000000	-1.00000
		outer loop
			vertex	-2.07521	0.574825	-45.5000
			vertex	1.60416	-0.829470	-45.5000
			vertex	0.744513	-0.954068	-45.5000
		endloop
	endfacet
	facet normal	0.000000	0.000000	-1.00000
		outer loop
			vertex	-1.46096	-9.42459	-45.5000
			vertex	-0.609972	-9.52386	-45.5000
			vertex	-0.374961	-12.4742	-45.5000
		endloop
	endfacet
	facet normal	0.000000	0.000000	-1.00000
		outer loop
			vertex	0.412615	-9.59001	-45.5000
			vertex	-0.374961	-12.4742	-45.5000
			vertex	-0.609972	-9.52386	-45.5000
		endloop
	endfacet
	facet normal	0.000000	0.000000	-1.00000
		outer loop
			vertex	-0.374961	-12.4742	-45.5000
			vertex	0.412615	-9.59001	-45.5000
			vertex	1.49065	-12.5000	-45.5000
		endloop
	endfacet
	facet normal	0.000000	0.000000	-1.00000
		outer loop
			vertex	1.72447	-9.61613	-45.5000
			vertex	1.49065	-12.5000	-45.5000
			vertex	0.412615	-9.59001	-45.5000
		endloop
	endfacet
	facet normal	0.000000	0.000000	-1.00000
		outer loop
			vertex	1.49065	-12.5000	-45.5000
			vertex	1.72447	-9.61613	-45.5000
			vertex	9.03157	-12.5000	-45.5000
		endloop
	endfacet
	facet normal	0.000000	0.000000	-1.00000
		outer loop
			vertex	5.19291	-9.61613	-45.5000
			vertex	9.03157	-12.5000	-45.5000
			vertex	1.72447	-9.61613	-45.5000
		endloop
	endfacet
	facet normal	0.000000	0.000000	-1.00000
		outer loop
			vertex	9.03157	-12.5000	-45.5000
			vertex	5.19291	-9.61613	-45.5000
			vertex	5.19291	-0.711224	-45.5000
		endloop
	endfacet
	facet normal	0.000000	0.000000	-1.00000
		outer loop
			vertex	0.689228	1.91467	-45.5000
			vertex	1.62112	1.79040	-45.5000
			vertex	5.19291	-0.711224	-45.5000
		endloop
	endfacet
	facet normal	0.000000	0.000000	-1.00000
		outer loop
			vertex	2.68347	1.71193	-45.5000
			vertex	5.19291	-0.711224	-45.5000
			vertex	1.62112	1.79040	-45.5000
		endloop
	endfacet
	facet normal	0.000000	0.000000	-1.00000
		outer loop
			vertex	-6.25853	10.5454	-45.5000
			vertex	-5.85849	10.8752	-45.5000
			vertex	-3.09720	8.38519	-45.5000
		endloop
	endfacet
	facet normal	0.000000	0.000000	-1.00000
		outer loop
			vertex	-5.39983	11.1822	-45.5000
			vertex	-3.09720	8.38519	-45.5000
			vertex	-5.85849	10.8752	-45.5000
		endloop
	endfacet
	facet normal	0.000000	0.000000	-1.00000
		outer loop
			vertex	-3.09720	8.38519	-45.5000
			vertex	-5.39983	11.1822	-45.5000
			vertex	-2.82329	8.62207	-45.5000
		endloop
	endfacet
	facet normal	0.000000	0.000000	-1.00000
		outer loop
			vertex	-4.89029	11.4583	-45.5000
			vertex	-2.82329	8.62207	-45.5000
			vertex	-5.39983	11.1822	-45.5000
		endloop
	endfacet
	facet normal	0.000000	0.000000	-1.00000
		outer loop
			vertex	-2.82329	8.62207	-45.5000
			vertex	-4.89029	11.4583	-45.5000
			vertex	-2.50860	8.82273	-45.5000
		endloop
	endfacet
	facet normal	0.000000	0.000000	-1.00000
		outer loop
			vertex	-4.31874	11.7070	-45.5000
			vertex	-2.50860	8.82273	-45.5000
			vertex	-4.89029	11.4583	-45.5000
		endloop
	endfacet
	facet normal	0.000000	0.000000	-1.00000
		outer loop
			vertex	-2.50860	8.82273	-45.5000
			vertex	-4.31874	11.7070	-45.5000
			vertex	-2.40647	8.87568	-45.5000
		endloop
	endfacet
	facet normal	0.000000	0.000000	-1.00000
		outer loop
			vertex	-3.67938	11.9269	-45.5000
			vertex	-2.40647	8.87568	-45.5000
			vertex	-4.31874	11.7070	-45.5000
		endloop
	endfacet
	facet normal	0.000000	0.000000	-1.00000
		outer loop
			vertex	-2.40647	8.87568	-45.5000
			vertex	-3.67938	11.9269	-45.5000
			vertex	-1.99851	9.04537	-45.5000
		endloop
	endfacet
	facet normal	0.000000	0.000000	-1.00000
		outer loop
			vertex	-2.96574	12.1159	-45.5000
			vertex	-1.99851	9.04537	-45.5000
			vertex	-3.67938	11.9269	-45.5000
		endloop
	endfacet
	facet normal	0.000000	0.000000	-1.00000
		outer loop
			vertex	-1.99851	9.04537	-45.5000
			vertex	-2.96574	12.1159	-45.5000
			vertex	-1.49841	9.19519	-45.5000
		endloop
	endfacet
	facet normal	0.000000	0.000000	-1.00000
		outer loop
			vertex	-2.17087	12.2712	-45.5000
			vertex	-1.49841	9.19519	-45.5000
			vertex	-2.96574	12.1159	-45.5000
		endloop
	endfacet
	facet normal	0.000000	0.000000	-1.00000
		outer loop
			vertex	-1.49841	9.19519	-45.5000
			vertex	-2.17087	12.2712	-45.5000
			vertex	-0.862449	9.33124	-45.5000
		endloop
	endfacet
	facet normal	0.000000	0.000000	-1.00000
		outer loop
			vertex	-1.28735	12.3895	-45.5000
			vertex	-0.862449	9.33124	-45.5000
			vertex	-2.17087	12.2712	-45.5000
		endloop
	endfacet
	facet normal	0.000000	0.000000	-1.00000
		outer loop
			vertex	-0.862449	9.33124	-45.5000
			vertex	-1.28735	12.3895	-45.5000
			vertex	-0.0670531	9.44796	-45.5000
		endloop
	endfacet
	facet normal	0.000000	0.000000	-1.00000
		outer loop
			vertex	-0.307318	12.4670	-45.5000
			vertex	-0.0670531	9.44796	-45.5000
			vertex	-1.28735	12.3895	-45.5000
		endloop
	endfacet
	facet normal	0.000000	0.000000	-1.00000
		outer loop
			vertex	-0.0670531	9.44796	-45.5000
			vertex	-0.307318	12.4670	-45.5000
			vertex	0.914729	9.53914	-45.5000
		endloop
	endfacet
	facet normal	0.000000	0.000000	-1.00000
		outer loop
			vertex	0.757200	12.4992	-45.5000
			vertex	0.914729	9.53914	-45.5000
			vertex	-0.307318	12.4670	-45.5000
		endloop
	endfacet
	facet normal	0.000000	0.000000	-1.00000
		outer loop
			vertex	0.914729	9.53914	-45.5000
			vertex	0.757200	12.4992	-45.5000
			vertex	2.11216	9.59773	-45.5000
		endloop
	endfacet
	facet normal	0.000000	0.000000	-1.00000
		outer loop
			vertex	0.964536	12.5000	-45.5000
			vertex	2.11216	9.59773	-45.5000
			vertex	0.757200	12.4992	-45.5000
		endloop
	endfacet
	facet normal	0.000000	0.000000	-1.00000
		outer loop
			vertex	2.11216	9.59773	-45.5000
			vertex	0.964536	12.5000	-45.5000
			vertex	3.40023	9.61613	-45.5000
		endloop
	endfacet
	facet normal	0.000000	0.000000	-1.00000
		outer loop
			vertex	5.19291	9.61613	-45.5000
			vertex	3.40023	9.61613	-45.5000
			vertex	0.964536	12.5000	-45.5000
		endloop
	endfacet
	facet normal	0.000000	0.000000	-1.00000
		outer loop
			vertex	9.03157	12.5000	-45.5000
			vertex	9.03157	-12.5000	-45.5000
			vertex	5.19291	1.68550	-45.5000
		endloop
	endfacet
	facet normal	0.000000	0.000000	-1.00000
		outer loop
			vertex	5.19291	-0.711224	-45.5000
			vertex	5.19291	1.68550	-45.5000
			vertex	9.03157	-12.5000	-45.5000
		endloop
	endfacet
	facet normal	0.000000	0.000000	-1.00000
		outer loop
			vertex	5.19291	1.68550	-45.5000
			vertex	5.19291	-0.711224	-45.5000
			vertex	3.84840	1.68550	-45.5000
		endloop
	endfacet
	facet normal	0.000000	0.000000	-1.00000
		outer loop
			vertex	2.68347	1.71193	-45.5000
			vertex	3.84840	1.68550	-45.5000
			vertex	5.19291	-0.711224	-45.5000
		endloop
	endfacet
	facet normal	0.000000	0.000000	-1.00000
		outer loop
			vertex	0.689228	1.91467	-45.5000
			vertex	5.19291	-0.711224	-45.5000
			vertex	-2.07521	0.574825	-45.5000
		endloop
	endfacet
	facet normal	0.000000	0.000000	-1.00000
		outer loop
			vertex	3.78995	-0.711224	-45.5000
			vertex	-2.07521	0.574825	-45.5000
			vertex	5.19291	-0.711224	-45.5000
		endloop
	endfacet
	facet normal	0.000000	0.000000	-1.00000
		outer loop
			vertex	-2.07521	0.574825	-45.5000
			vertex	3.78995	-0.711224	-45.5000
			vertex	3.53607	-0.712651	-45.5000
		endloop
	endfacet
	facet normal	0.000000	0.000000	1.00000
		outer loop
			vertex	-45.0000	-12.5000	8.65160
			vertex	-45.0000	-9.61613	8.65160
			vertex	-45.5000	-12.5000	8.65160
		endloop
	endfacet
	facet normal	0.000000	0.000000	1.00000
		outer loop
			vertex	-45.5000	-9.61613	8.65160
			vertex	-45.5000	-12.5000	8.65160
			vertex	-45.0000	-9.61613	8.65160
		endloop
	endfacet
	facet normal	0.000000	-1.00000	0.000000
		outer loop
			vertex	-45.0000	-12.5000	-8.65160
			vertex	-45.0000	-12.5000	8.65160
			vertex	-45.5000	-12.5000	-8.65160
		endloop
	endfacet
	facet normal	0.000000	-1.00000	0.000000
		outer loop
			vertex	-45.5000	-12.5000	8.65160
			vertex	-45.5000	-12.5000	-8.65160
			vertex	-45.0000	-12.5000	8.65160
		endloop
	endfacet
	facet normal	0.000000	0.000000	-1.00000
		outer loop
			vertex	-45.0000	12.5000	-8.65160
			vertex	-45.0000	-12.5000	-8.65160
			vertex	-45.5000	12.5000	-8.65160
		endloop
	endfacet
	facet normal	0.000000	0.000000	-1.00000
		outer loop
			vertex	-45.5000	-12.5000	-8.65160
			vertex	-45.5000	12.5000	-8.65160
			vertex	-45.0000	-12.5000	-8.65160
		endloop
	endfacet
	facet normal	0.000000	1.00000	0.000000
		outer loop
			vertex	-45.0000	12.5000	-4.81294
			vertex	-45.0000	12.5000	-8.65160
			vertex	-45.5000	12.5000	-4.81294
		endloop
	endfacet
	facet normal	0.000000	1.00000	0.000000
		outer loop
			vertex	-45.5000	12.5000	-8.65160
			vertex	-45.5000	12.5000	-4.81294
			vertex	-45.0000	12.5000	-8.65160
		endloop
	endfacet
	facet normal	0.000000	0.000000	1.00000
		outer loop
			vertex	-45.0000	-9.61613	-4.81294
			vertex	-45.0000	12.5000	-4.81294
			vertex	-45.5000	-9.61613	-4.81294
		endloop
	endfacet
	facet normal	0.000000	0.000000	1.00000
		outer loop
			vertex	-45.5000	12.5000	-4.81294
			vertex	-45.5000	-9.61613	-4.81294
			vertex	-45.0000	12.5000	-4.81294
		endloop
	endfacet
	facet normal	0.000000	1.00000	0.000000
		outer loop
			vertex	-45.0000	-9.61613	8.65160
			vertex	-45.0000	-9.61613	-4.81294
			vertex	-45.5000	-9.61613	8.65160
		endloop
	endfacet
	facet normal	0.000000	1.00000	0.000000
		outer loop
			vertex	-45.5000	-9.61613	-4.81294
			vertex	-45.5000	-9.61613	8.65160
			vertex	-45.0000	-9.61613	-4.81294
		endloop
	endfacet
	facet normal	1.00000	0.000000	0.000000
		outer loop
			vertex	-45.0000	-9.61613	8.65160
			vertex	-45.0000	-12.5000	8.65160
			vertex	-45.0000	-9.61613	-4.81294
		endloop
	endfacet
	facet normal	1.00000	0.000000	0.000000
		outer loop
			vertex	-45.0000	-12.5000	-8.65160
			vertex	-45.0000	-9.61613	-4.81294
			vertex	-45.0000	-12.5000	8.65160
		endloop
	endfacet
	facet normal	1.00000	0.000000	0.000000
		outer loop
			vertex	-45.0000	-9.61613	-4.81294
			vertex	-45.0000	-12.5000	-8.65160
			vertex	-45.0000	12.5000	-4.81294
		endloop
	endfacet
	facet normal	1.00000	0.000000	0.000000
		outer loop
			vertex	-45.0000	12.5000	-8.65160
			vertex	-45.0000	12.5000	-4.81294
			vertex	-45.0000	-12.5000	-8.65160
		endloop
	endfacet
	facet normal	-1.00000	0.000000	0.000000
		outer loop
			vertex	-45.5000	12.5000	-4.81294
			vertex	-45.5000	12.5000	-8.65160
			vertex	-45.5000	-9.61613	-4.81294
		endloop
	endfacet
	facet normal	-1.00000	0.000000	0.000000
		outer loop
			vertex	-45.5000	-12.5000	-8.65160
			vertex	-45.5000	-9.61613	-4.81294
			vertex	-45.5000	12.5000	-8.65160
		endloop
	endfacet
	facet normal	-1.00000	0.000000	0.000000
		outer loop
			vertex	-45.5000	-9.61613	-4.81294
			vertex	-45.5000	-12.5000	-8.65160
			vertex	-45.5000	-9.61613	8.65160
		endloop
	endfacet
	facet normal	-1.00000	0.000000	0.000000
		outer loop
			vertex	-45.5000	-12.5000	8.65160
			vertex	-45.5000	-9.61613	8.65160
			vertex	-45.5000	-12.5000	-8.65160
		endloop
	endfacet
	facet normal	0.000000	0.000000	1.00000
		outer loop
			vertex	-10.2689	-45.0000	-3.89322
			vertex	-11.6563	-45.0000	-3.89322
			vertex	-10.2689	-45.5000	-3.89322
		endloop
	endfacet
	facet normal	0.000000	0.000000	1.00000
		outer loop
			vertex	-11.6563	-45.5000	-3.89322
			vertex	-10.2689	-45.5000	-3.89322
			vertex	-11.6563	-45.0000	-3.89322
		endloop
	endfacet
	facet normal	-0.0133737	0.000000	0.999911
		outer loop
			vertex	-10.2689	-45.0000	-3.89322
			vertex	-10.2689	-45.5000	-3.89322
			vertex	-9.90284	-45.5000	-3.88832
		endloop
	endfacet
	facet normal	-0.0133737	0.000000	0.999911
		outer loop
			vertex	-10.2689	-45.0000	-3.89322
			vertex	-9.90284	-45.5000	-3.88832
			vertex	-9.90284	-45.0000	-3.88832
		endloop
	endfacet
	facet normal	-0.0603505	0.000000	0.998177
		outer loop
			vertex	-9.26750	-45.5000	-3.84991
			vertex	-9.90284	-45.0000	-3.88832
			vertex	-9.90284	-45.5000	-3.88832
		endloop
	endfacet
	facet normal	-0.0603505	0.000000	0.998177
		outer loop
			vertex	-9.90284	-45.0000	-3.88832
			vertex	-9.26750	-45.5000	-3.84991
			vertex	-9.26750	-45.0000	-3.84991
		endloop
	endfacet
	facet normal	-0.141203	0.000000	0.989981
		outer loop
			vertex	-8.79059	-45.5000	-3.78189
			vertex	-9.26750	-45.0000	-3.84991
			vertex	-9.26750	-45.5000	-3.84991
		endloop
	endfacet
	facet normal	-0.141203	0.000000	0.989981
		outer loop
			vertex	-9.26750	-45.0000	-3.84991
			vertex	-8.79059	-45.5000	-3.78189
			vertex	-8.79059	-45.0000	-3.78189
		endloop
	endfacet
	facet normal	-0.246350	0.000000	0.969181
		outer loop
			vertex	-8.44175	-45.5000	-3.69322
			vertex	-8.79059	-45.0000	-3.78189
			vertex	-8.79059	-45.5000	-3.78189
		endloop
	endfacet
	facet normal	-0.246350	0.000000	0.969181
		outer loop
			vertex	-8.79059	-45.0000	-3.78189
			vertex	-8.44175	-45.5000	-3.69322
			vertex	-8.44175	-45.0000	-3.69322
		endloop
	endfacet
	facet normal	-0.387871	0.000000	0.921713
		outer loop
			vertex	-8.17615	-45.5000	-3.58145
			vertex	-8.44175	-45.0000	-3.69322
			vertex	-8.44175	-45.5000	-3.69322
		endloop
	endfacet
	facet normal	-0.387871	0.000000	0.921713
		outer loop
			vertex	-8.44175	-45.0000	-3.69322
			vertex	-8.17615	-45.5000	-3.58145
			vertex	-8.17615	-45.0000	-3.58145
		endloop
	endfacet
	facet normal	-0.496569	0.000000	0.867997
		outer loop
			vertex	-8.17615	-45.0000	-3.58145
			vertex	-8.17615	-45.5000	-3.58145
			vertex	-8.13392	-45.5000	-3.55729
		endloop
	endfacet
	facet normal	-0.496569	0.000000	0.867997
		outer loop
			vertex	-8.17615	-45.0000	-3.58145
			vertex	-8.13392	-45.5000	-3.55729
			vertex	-8.13392	-45.0000	-3.55729
		endloop
	endfacet
	facet normal	-0.603106	0.000000	0.797661
		outer loop
			vertex	-7.95491	-45.5000	-3.42195
			vertex	-8.13392	-45.0000	-3.55729
			vertex	-8.13392	-45.5000	-3.55729
		endloop
	endfacet
	facet normal	-0.603106	0.000000	0.797661
		outer loop
			vertex	-8.13392	-45.0000	-3.55729
			vertex	-7.95491	-45.5000	-3.42195
			vertex	-7.95491	-45.0000	-3.42195
		endloop
	endfacet
	facet normal	-0.769249	0.000000	0.638949
		outer loop
			vertex	-7.80462	-45.5000	-3.24100
			vertex	-7.95491	-45.0000	-3.42195
			vertex	-7.95491	-45.5000	-3.42195
		endloop
	endfacet
	facet normal	-0.769249	0.000000	0.638949
		outer loop
			vertex	-7.95491	-45.0000	-3.42195
			vertex	-7.80462	-45.5000	-3.24100
			vertex	-7.80462	-45.0000	-3.24100
		endloop
	endfacet
	facet normal	-0.896121	0.000000	0.443809
		outer loop
			vertex	-7.69522	-45.5000	-3.02010
			vertex	-7.80462	-45.0000	-3.24100
			vertex	-7.80462	-45.5000	-3.24100
		endloop
	endfacet
	facet normal	-0.896121	0.000000	0.443809
		outer loop
			vertex	-7.80462	-45.0000	-3.24100
			vertex	-7.69522	-45.5000	-3.02010
			vertex	-7.69522	-45.0000	-3.02010
		endloop
	endfacet
	facet normal	-0.967620	0.000000	0.252410
		outer loop
			vertex	-7.62926	-45.5000	-2.76725
			vertex	-7.69522	-45.0000	-3.02010
			vertex	-7.69522	-45.5000	-3.02010
		endloop
	endfacet
	facet normal	-0.967620	0.000000	0.252410
		outer loop
			vertex	-7.69522	-45.0000	-3.02010
			vertex	-7.62926	-45.5000	-2.76725
			vertex	-7.62926	-45.0000	-2.76725
		endloop
	endfacet
	facet normal	-0.996943	0.000000	0.0781360
		outer loop
			vertex	-7.60327	-45.5000	-2.43570
			vertex	-7.62926	-45.0000	-2.76725
			vertex	-7.62926	-45.5000	-2.76725
		endloop
	endfacet
	facet normal	-0.996943	0.000000	0.0781360
		outer loop
			vertex	-7.62926	-45.0000	-2.76725
			vertex	-7.60327	-45.5000	-2.43570
			vertex	-7.60327	-45.0000	-2.43570
		endloop
	endfacet
	facet normal	-0.996275	0.000000	-0.0862343
		outer loop
			vertex	-7.60327	-45.0000	-2.43570
			vertex	-7.60327	-45.5000	-2.43570
			vertex	-7.63101	-45.5000	-2.11527
		endloop
	endfacet
	facet normal	-0.996275	0.000000	-0.0862343
		outer loop
			vertex	-7.60327	-45.0000	-2.43570
			vertex	-7.63101	-45.5000	-2.11527
			vertex	-7.63101	-45.0000	-2.11527
		endloop
	endfacet
	facet normal	-0.964239	0.000000	-0.265036
		outer loop
			vertex	-7.70861	-45.5000	-1.83292
			vertex	-7.63101	-45.0000	-2.11527
			vertex	-7.63101	-45.5000	-2.11527
		endloop
	endfacet
	facet normal	-0.964239	0.000000	-0.265036
		outer loop
			vertex	-7.63101	-45.0000	-2.11527
			vertex	-7.70861	-45.5000	-1.83292
			vertex	-7.70861	-45.0000	-1.83292
		endloop
	endfacet
	facet normal	-0.898077	0.000000	-0.439839
		outer loop
			vertex	-7.83807	-45.5000	-1.56859
			vertex	-7.70861	-45.0000	-1.83292
			vertex	-7.70861	-45.5000	-1.83292
		endloop
	endfacet
	facet normal	-0.898077	0.000000	-0.439839
		outer loop
			vertex	-7.70861	-45.0000	-1.83292
			vertex	-7.83807	-45.5000	-1.56859
			vertex	-7.83807	-45.0000	-1.56859
		endloop
	endfacet
	facet normal	-0.808607	0.000000	-0.588349
		outer loop
			vertex	-7.99390	-45.5000	-1.35443
			vertex	-7.83807	-45.0000	-1.56859
			vertex	-7.83807	-45.5000	-1.56859
		endloop
	endfacet
	facet normal	-0.808607	0.000000	-0.588349
		outer loop
			vertex	-7.83807	-45.0000	-1.56859
			vertex	-7.99390	-45.5000	-1.35443
			vertex	-7.99390	-45.0000	-1.35443
		endloop
	endfacet
	facet normal	-0.699963	0.000000	-0.714179
		outer loop
			vertex	-8.23736	-45.5000	-1.11581
			vertex	-7.99390	-45.0000	-1.35443
			vertex	-7.99390	-45.5000	-1.35443
		endloop
	endfacet
	facet normal	-0.699963	0.000000	-0.714179
		outer loop
			vertex	-7.99390	-45.0000	-1.35443
			vertex	-8.23736	-45.5000	-1.11581
			vertex	-8.23736	-45.0000	-1.11581
		endloop
	endfacet
	facet normal	-0.577047	0.000000	-0.816711
		outer loop
			vertex	-8.54248	-45.5000	-0.900234
			vertex	-8.23736	-45.0000	-1.11581
			vertex	-8.23736	-45.5000	-1.11581
		endloop
	endfacet
	facet normal	-0.577047	0.000000	-0.816711
		outer loop
			vertex	-8.23736	-45.0000	-1.11581
			vertex	-8.54248	-45.5000	-0.900234
			vertex	-8.54248	-45.0000	-0.900234
		endloop
	endfacet
	facet normal	-0.462212	0.000000	-0.886770
		outer loop
			vertex	-8.54248	-45.0000	-0.900234
			vertex	-8.54248	-45.5000	-0.900234
			vertex	-8.88681	-45.5000	-0.720759
		endloop
	endfacet
	facet normal	-0.462212	0.000000	-0.886770
		outer loop
			vertex	-8.54248	-45.0000	-0.900234
			vertex	-8.88681	-45.5000	-0.720759
			vertex	-8.88681	-45.0000	-0.720759
		endloop
	endfacet
	facet normal	-0.347252	0.000000	-0.937772
		outer loop
			vertex	-9.32454	-45.5000	-0.558668
			vertex	-8.88681	-45.0000	-0.720759
			vertex	-8.88681	-45.5000	-0.720759
		endloop
	endfacet
	facet normal	-0.347252	0.000000	-0.937772
		outer loop
			vertex	-8.88681	-45.0000	-0.720759
			vertex	-9.32454	-45.5000	-0.558668
			vertex	-9.32454	-45.0000	-0.558668
		endloop
	endfacet
	facet normal	-0.233607	0.000000	-0.972331
		outer loop
			vertex	-9.83647	-45.5000	-0.435675
			vertex	-9.32454	-45.0000	-0.558668
			vertex	-9.32454	-45.5000	-0.558668
		endloop
	endfacet
	facet normal	-0.233607	0.000000	-0.972331
		outer loop
			vertex	-9.32454	-45.0000	-0.558668
			vertex	-9.83647	-45.5000	-0.435675
			vertex	-9.83647	-45.0000	-0.435675
		endloop
	endfacet
	facet normal	-0.129987	0.000000	-0.991516
		outer loop
			vertex	-10.4321	-45.5000	-0.357588
			vertex	-9.83647	-45.0000	-0.435675
			vertex	-9.83647	-45.5000	-0.435675
		endloop
	endfacet
	facet normal	-0.129987	0.000000	-0.991516
		outer loop
			vertex	-9.83647	-45.0000	-0.435675
			vertex	-10.4321	-45.5000	-0.357588
			vertex	-10.4321	-45.0000	-0.357588
		endloop
	endfacet
	facet normal	-0.0396875	0.000000	-0.999212
		outer loop
			vertex	-11.0951	-45.5000	-0.331255
			vertex	-10.4321	-45.0000	-0.357588
			vertex	-10.4321	-45.5000	-0.357588
		endloop
	endfacet
	facet normal	-0.0396875	0.000000	-0.999212
		outer loop
			vertex	-10.4321	-45.0000	-0.357588
			vertex	-11.0951	-45.5000	-0.331255
			vertex	-11.0951	-45.0000	-0.331255
		endloop
	endfacet
	facet normal	0.000000	0.000000	-1.00000
		outer loop
			vertex	-11.6563	-45.0000	-0.331255
			vertex	-11.0951	-45.0000	-0.331255
			vertex	-11.6563	-45.5000	-0.331255
		endloop
	endfacet
	facet normal	0.000000	0.000000	-1.00000
		outer loop
			vertex	-11.0951	-45.5000	-0.331255
			vertex	-11.6563	-45.5000	-0.331255
			vertex	-11.0951	-45.0000	-0.331255
		endloop
	endfacet
	facet normal	1.00000	0.000000	0.000000
		outer loop
			vertex	-11.6563	-45.0000	-3.89322
			vertex	-11.6563	-45.0000	-0.331255
			vertex	-11.6563	-45.5000	-3.89322
		endloop
	endfacet
	facet normal	1.00000	0.000000	0.000000
		outer loop
			vertex	-11.6563	-45.5000	-0.331255
			vertex	-11.6563	-45.5000	-3.89322
			vertex	-11.6563	-45.0000	-0.331255
		endloop
	endfacet
	facet normal	0.000000	0.000000	1.00000
		outer loop
			vertex	-11.1185	-45.0000	0.627436
			vertex	-11.6563	-45.0000	0.627436
			vertex	-11.1185	-45.5000	0.627436
		endloop
	endfacet
	facet normal	0.000000	0.000000	1.00000
		outer loop
			vertex	-11.6563	-45.5000	0.627436
			vertex	-11.1185	-45.5000	0.627436
			vertex	-11.6563	-45.0000	0.627436
		endloop
	endfacet
	facet normal	-0.0143411	0.000000	0.999897
		outer loop
			vertex	-11.1185	-45.0000	0.627436
			vertex	-11.1185	-45.5000	0.627436
			vertex	-10.8152	-45.5000	0.631785
		endloop
	endfacet
	facet normal	-0.0143411	0.000000	0.999897
		outer loop
			vertex	-11.1185	-45.0000	0.627436
			vertex	-10.8152	-45.5000	0.631785
			vertex	-10.8152	-45.0000	0.631785
		endloop
	endfacet
	facet normal	-0.0659208	0.000000	0.997825
		outer loop
			vertex	-10.1966	-45.5000	0.672655
			vertex	-10.8152	-45.0000	0.631785
			vertex	-10.8152	-45.5000	0.631785
		endloop
	endfacet
	facet normal	-0.0659208	0.000000	0.997825
		outer loop
			vertex	-10.8152	-45.0000	0.631785
			vertex	-10.1966	-45.5000	0.672655
			vertex	-10.1966	-45.0000	0.672655
		endloop
	endfacet
	facet normal	-0.150328	0.000000	0.988636
		outer loop
			vertex	-9.68417	-45.5000	0.750569
			vertex	-10.1966	-45.0000	0.672655
			vertex	-10.1966	-45.5000	0.672655
		endloop
	endfacet
	facet normal	-0.150328	0.000000	0.988636
		outer loop
			vertex	-10.1966	-45.0000	0.672655
			vertex	-9.68417	-45.5000	0.750569
			vertex	-9.68417	-45.0000	0.750569
		endloop
	endfacet
	facet normal	-0.249997	0.000000	0.968247
		outer loop
			vertex	-9.26295	-45.5000	0.859326
			vertex	-9.68417	-45.0000	0.750569
			vertex	-9.68417	-45.5000	0.750569
		endloop
	endfacet
	facet normal	-0.249997	0.000000	0.968247
		outer loop
			vertex	-9.68417	-45.0000	0.750569
			vertex	-9.26295	-45.5000	0.859326
			vertex	-9.26295	-45.0000	0.859326
		endloop
	endfacet
	facet normal	-0.365626	0.000000	0.930762
		outer loop
			vertex	-8.91966	-45.5000	0.994181
			vertex	-9.26295	-45.0000	0.859326
			vertex	-9.26295	-45.5000	0.859326
		endloop
	endfacet
	facet normal	-0.365626	0.000000	0.930762
		outer loop
			vertex	-9.26295	-45.0000	0.859326
			vertex	-8.91966	-45.5000	0.994181
			vertex	-8.91966	-45.0000	0.994181
		endloop
	endfacet
	facet normal	-0.497668	0.000000	0.867368
		outer loop
			vertex	-8.63415	-45.5000	1.15800
			vertex	-8.91966	-45.0000	0.994181
			vertex	-8.91966	-45.5000	0.994181
		endloop
	endfacet
	facet normal	-0.497668	0.000000	0.867368
		outer loop
			vertex	-8.91966	-45.0000	0.994181
			vertex	-8.63415	-45.5000	1.15800
			vertex	-8.63415	-45.0000	1.15800
		endloop
	endfacet
	facet normal	-0.638156	0.000000	0.769907
		outer loop
			vertex	-8.41449	-45.5000	1.34007
			vertex	-8.63415	-45.0000	1.15800
			vertex	-8.63415	-45.5000	1.15800
		endloop
	endfacet
	facet normal	-0.638156	0.000000	0.769907
		outer loop
			vertex	-8.63415	-45.0000	1.15800
			vertex	-8.41449	-45.5000	1.34007
			vertex	-8.41449	-45.0000	1.34007
		endloop
	endfacet
	facet normal	-0.772192	0.000000	0.635389
		outer loop
			vertex	-8.24406	-45.5000	1.54719
			vertex	-8.41449	-45.0000	1.34007
			vertex	-8.41449	-45.5000	1.34007
		endloop
	endfacet
	facet normal	-0.772192	0.000000	0.635389
		outer loop
			vertex	-8.41449	-45.0000	1.34007
			vertex	-8.24406	-45.5000	1.54719
			vertex	-8.24406	-45.0000	1.54719
		endloop
	endfacet
	facet normal	-0.884590	0.000000	0.466369
		outer loop
			vertex	-8.12090	-45.5000	1.78080
			vertex	-8.24406	-45.0000	1.54719
			vertex	-8.24406	-45.5000	1.54719
		endloop
	endfacet
	facet normal	-0.884590	0.000000	0.466369
		outer loop
			vertex	-8.24406	-45.0000	1.54719
			vertex	-8.12090	-45.5000	1.78080
			vertex	-8.12090	-45.0000	1.78080
		endloop
	endfacet
	facet normal	-0.961279	0.000000	0.275577
		outer loop
			vertex	-8.04271	-45.5000	2.05354
			vertex	-8.12090	-45.0000	1.78080
			vertex	-8.12090	-45.5000	1.78080
		endloop
	endfacet
	facet normal	-0.961279	0.000000	0.275577
		outer loop
			vertex	-8.12090	-45.0000	1.78080
			vertex	-8.04271	-45.5000	2.05354
			vertex	-8.04271	-45.0000	2.05354
		endloop
	endfacet
	facet normal	-0.996272	0.000000	0.0862724
		outer loop
			vertex	-8.01637	-45.5000	2.35776
			vertex	-8.04271	-45.0000	2.05354
			vertex	-8.04271	-45.5000	2.05354
		endloop
	endfacet
	facet normal	-0.996272	0.000000	0.0862724
		outer loop
			vertex	-8.04271	-45.0000	2.05354
			vertex	-8.01637	-45.5000	2.35776
			vertex	-8.01637	-45.0000	2.35776
		endloop
	endfacet
	facet normal	-0.999685	0.000000	-0.0250810
		outer loop
			vertex	-8.01637	-45.0000	2.35776
			vertex	-8.01637	-45.5000	2.35776
			vertex	-8.01926	-45.5000	2.47303
		endloop
	endfacet
	facet normal	-0.999685	0.000000	-0.0250810
		outer loop
			vertex	-8.01637	-45.0000	2.35776
			vertex	-8.01926	-45.5000	2.47303
			vertex	-8.01926	-45.0000	2.47303
		endloop
	endfacet
	facet normal	-0.991584	0.000000	-0.129469
		outer loop
			vertex	-8.05710	-45.5000	2.76286
			vertex	-8.01926	-45.0000	2.47303
			vertex	-8.01926	-45.5000	2.47303
		endloop
	endfacet
	facet normal	-0.991584	0.000000	-0.129469
		outer loop
			vertex	-8.01926	-45.0000	2.47303
			vertex	-8.05710	-45.5000	2.76286
			vertex	-8.05710	-45.0000	2.76286
		endloop
	endfacet
	facet normal	-0.951472	0.000000	-0.307736
		outer loop
			vertex	-8.13512	-45.5000	3.00407
			vertex	-8.05710	-45.0000	2.76286
			vertex	-8.05710	-45.5000	2.76286
		endloop
	endfacet
	facet normal	-0.951472	0.000000	-0.307736
		outer loop
			vertex	-8.05710	-45.0000	2.76286
			vertex	-8.13512	-45.5000	3.00407
			vertex	-8.13512	-45.0000	3.00407
		endloop
	endfacet
	facet normal	-0.863971	0.000000	-0.503541
		outer loop
			vertex	-8.25341	-45.5000	3.20703
			vertex	-8.13512	-45.0000	3.00407
			vertex	-8.13512	-45.5000	3.00407
		endloop
	endfacet
	facet normal	-0.863971	0.000000	-0.503541
		outer loop
			vertex	-8.13512	-45.0000	3.00407
			vertex	-8.25341	-45.5000	3.20703
			vertex	-8.25341	-45.0000	3.20703
		endloop
	endfacet
	facet normal	-0.721209	0.000000	-0.692718
		outer loop
			vertex	-8.41369	-45.5000	3.37391
			vertex	-8.25341	-45.0000	3.20703
			vertex	-8.25341	-45.5000	3.20703
		endloop
	endfacet
	facet normal	-0.721209	0.000000	-0.692718
		outer loop
			vertex	-8.25341	-45.0000	3.20703
			vertex	-8.41369	-45.5000	3.37391
			vertex	-8.41369	-45.0000	3.37391
		endloop
	endfacet
	facet normal	-0.538428	0.000000	-0.842672
		outer loop
			vertex	-8.61652	-45.5000	3.50351
			vertex	-8.41369	-45.0000	3.37391
			vertex	-8.41369	-45.5000	3.37391
		endloop
	endfacet
	facet normal	-0.538428	0.000000	-0.842672
		outer loop
			vertex	-8.41369	-45.0000	3.37391
			vertex	-8.61652	-45.5000	3.50351
			vertex	-8.61652	-45.0000	3.50351
		endloop
	endfacet
	facet normal	-0.416161	0.000000	-0.909291
		outer loop
			vertex	-8.61652	-45.0000	3.50351
			vertex	-8.61652	-45.5000	3.50351
			vertex	-8.68343	-45.5000	3.53413
		endloop
	endfacet
	facet normal	-0.416161	0.000000	-0.909291
		outer loop
			vertex	-8.61652	-45.0000	3.50351
			vertex	-8.68343	-45.5000	3.53413
			vertex	-8.68343	-45.0000	3.53413
		endloop
	endfacet
	facet normal	-0.311572	0.000000	-0.950223
		outer loop
			vertex	-8.98004	-45.5000	3.63139
			vertex	-8.68343	-45.0000	3.53413
			vertex	-8.68343	-45.5000	3.53413
		endloop
	endfacet
	facet normal	-0.311572	0.000000	-0.950223
		outer loop
			vertex	-8.68343	-45.0000	3.53413
			vertex	-8.98004	-45.5000	3.63139
			vertex	-8.98004	-45.0000	3.63139
		endloop
	endfacet
	facet normal	-0.187876	0.000000	-0.982193
		outer loop
			vertex	-9.41490	-45.5000	3.71457
			vertex	-8.98004	-45.0000	3.63139
			vertex	-8.98004	-45.5000	3.63139
		endloop
	endfacet
	facet normal	-0.187876	0.000000	-0.982193
		outer loop
			vertex	-8.98004	-45.0000	3.63139
			vertex	-9.41490	-45.5000	3.71457
			vertex	-9.41490	-45.0000	3.71457
		endloop
	endfacet
	facet normal	-0.0972246	0.000000	-0.995262
		outer loop
			vertex	-10.0257	-45.5000	3.77423
			vertex	-9.41490	-45.0000	3.71457
			vertex	-9.41490	-45.5000	3.71457
		endloop
	endfacet
	facet normal	-0.0972246	0.000000	-0.995262
		outer loop
			vertex	-9.41490	-45.0000	3.71457
			vertex	-10.0257	-45.5000	3.77423
			vertex	-10.0257	-45.0000	3.77423
		endloop
	endfacet
	facet normal	-0.0278562	0.000000	-0.999612
		outer loop
			vertex	-10.9392	-45.5000	3.79969
			vertex	-10.0257	-45.0000	3.77423
			vertex	-10.0257	-45.5000	3.77423
		endloop
	endfacet
	facet normal	-0.0278562	0.000000	-0.999612
		outer loop
			vertex	-10.0257	-45.0000	3.77423
			vertex	-10.9392	-45.5000	3.79969
			vertex	-10.9392	-45.0000	3.79969
		endloop
	endfacet
	facet normal	0.000000	0.000000	-1.00000
		outer loop
			vertex	-11.6563	-45.0000	3.79969
			vertex	-10.9392	-45.0000	3.79969
			vertex	-11.6563	-45.5000	3.79969
		endloop
	endfacet
	facet normal	0.000000	0.000000	-1.00000
		outer loop
			vertex	-10.9392	-45.5000	3.79969
			vertex	-11.6563	-45.5000	3.79969
			vertex	-10.9392	-45.0000	3.79969
		endloop
	endfacet
	facet normal	1.00000	0.000000	0.000000
		outer loop
			vertex	-11.6563	-45.0000	0.627436
			vertex	-11.6563	-45.0000	3.79969
			vertex	-11.6563	-45.5000	0.627436
		endloop
	endfacet
	facet normal	1.00000	0.000000	0.000000
		outer loop
			vertex	-11.6563	-45.5000	3.79969
			vertex	-11.6563	-45.5000	0.627436
			vertex	-11.6563	-45.0000	3.79969
		endloop
	endfacet
	facet normal	0.149660	0.000000	-0.988738
		outer loop
			vertex	-7.99299	-45.0000	-4.90257
			vertex	-7.99299	-45.5000	-4.90257
			vertex	-8.49031	-45.5000	-4.97785
		endloop
	endfacet
	facet normal	0.149660	0.000000	-0.988738
		outer loop
			vertex	-7.99299	-45.0000	-4.90257
			vertex	-8.49031	-45.5000	-4.97785
			vertex	-8.49031	-45.0000	-4.97785
		endloop
	endfacet
	facet normal	0.0718362	0.000000	-0.997416
		outer loop
			vertex	-9.16949	-45.5000	-5.02677
			vertex	-8.49031	-45.0000	-4.97785
			vertex	-8.49031	-45.5000	-4.97785
		endloop
	endfacet
	facet normal	0.0718362	0.000000	-0.997416
		outer loop
			vertex	-8.49031	-45.0000	-4.97785
			vertex	-9.16949	-45.5000	-5.02677
			vertex	-9.16949	-45.0000	-5.02677
		endloop
	endfacet
	facet normal	0.0198790	0.000000	-0.999802
		outer loop
			vertex	-10.1754	-45.5000	-5.04677
			vertex	-9.16949	-45.0000	-5.02677
			vertex	-9.16949	-45.5000	-5.02677
		endloop
	endfacet
	facet normal	0.0198790	0.000000	-0.999802
		outer loop
			vertex	-9.16949	-45.0000	-5.02677
			vertex	-10.1754	-45.5000	-5.04677
			vertex	-10.1754	-45.0000	-5.04677
		endloop
	endfacet
	facet normal	0.588404	0.000000	-0.808567
		outer loop
			vertex	-6.78488	-45.0000	-4.31411
			vertex	-6.78488	-45.5000	-4.31411
			vertex	-7.10159	-45.5000	-4.54459
		endloop
	endfacet
	facet normal	0.588404	0.000000	-0.808567
		outer loop
			vertex	-6.78488	-45.0000	-4.31411
			vertex	-7.10159	-45.5000	-4.54459
			vertex	-7.10159	-45.0000	-4.54459
		endloop
	endfacet
	facet normal	0.468741	0.000000	-0.883335
		outer loop
			vertex	-7.44186	-45.5000	-4.72515
			vertex	-7.10159	-45.0000	-4.54459
			vertex	-7.10159	-45.5000	-4.54459
		endloop
	endfacet
	facet normal	0.468741	0.000000	-0.883335
		outer loop
			vertex	-7.10159	-45.0000	-4.54459
			vertex	-7.44186	-45.5000	-4.72515
			vertex	-7.44186	-45.0000	-4.72515
		endloop
	endfacet
	facet normal	0.339275	0.000000	-0.940687
		outer loop
			vertex	-7.80379	-45.5000	-4.85568
			vertex	-7.44186	-45.0000	-4.72515
			vertex	-7.44186	-45.5000	-4.72515
		endloop
	endfacet
	facet normal	0.339275	0.000000	-0.940687
		outer loop
			vertex	-7.44186	-45.0000	-4.72515
			vertex	-7.80379	-45.5000	-4.85568
			vertex	-7.80379	-45.0000	-4.85568
		endloop
	endfacet
	facet normal	0.240554	0.000000	-0.970636
		outer loop
			vertex	-7.99299	-45.5000	-4.90257
			vertex	-7.80379	-45.0000	-4.85568
			vertex	-7.80379	-45.5000	-4.85568
		endloop
	endfacet
	facet normal	0.240554	0.000000	-0.970636
		outer loop
			vertex	-7.80379	-45.0000	-4.85568
			vertex	-7.99299	-45.5000	-4.90257
			vertex	-7.99299	-45.0000	-4.90257
		endloop
	endfacet
	facet normal	0.997919	0.000000	-0.0644763
		outer loop
			vertex	-5.96648	-45.0000	-2.45908
			vertex	-5.96648	-45.5000	-2.45908
			vertex	-5.99293	-45.5000	-2.86839
		endloop
	endfacet
	facet normal	0.997919	0.000000	-0.0644763
		outer loop
			vertex	-5.96648	-45.0000	-2.45908
			vertex	-5.99293	-45.5000	-2.86839
			vertex	-5.99293	-45.0000	-2.86839
		endloop
	endfacet
	facet normal	0.978574	0.000000	-0.205894
		outer loop
			vertex	-6.07152	-45.5000	-3.24191
			vertex	-5.99293	-45.0000	-2.86839
			vertex	-5.99293	-45.5000	-2.86839
		endloop
	endfacet
	facet normal	0.978574	0.000000	-0.205894
		outer loop
			vertex	-5.99293	-45.0000	-2.86839
			vertex	-6.07152	-45.5000	-3.24191
			vertex	-6.07152	-45.0000	-3.24191
		endloop
	endfacet
	facet normal	0.934581	0.000000	-0.355750
		outer loop
			vertex	-6.19728	-45.5000	-3.57230
			vertex	-6.07152	-45.0000	-3.24191
			vertex	-6.07152	-45.5000	-3.24191
		endloop
	endfacet
	facet normal	0.934581	0.000000	-0.355750
		outer loop
			vertex	-6.07152	-45.0000	-3.24191
			vertex	-6.19728	-45.5000	-3.57230
			vertex	-6.19728	-45.0000	-3.57230
		endloop
	endfacet
	facet normal	0.864909	0.000000	-0.501929
		outer loop
			vertex	-6.36756	-45.5000	-3.86572
			vertex	-6.19728	-45.0000	-3.57230
			vertex	-6.19728	-45.5000	-3.57230
		endloop
	endfacet
	facet normal	0.864909	0.000000	-0.501929
		outer loop
			vertex	-6.19728	-45.0000	-3.57230
			vertex	-6.36756	-45.5000	-3.86572
			vertex	-6.36756	-45.0000	-3.86572
		endloop
	endfacet
	facet normal	0.772994	0.000000	-0.634413
		outer loop
			vertex	-6.58233	-45.5000	-4.12740
			vertex	-6.36756	-45.0000	-3.86572
			vertex	-6.36756	-45.5000	-3.86572
		endloop
	endfacet
	facet normal	0.772994	0.000000	-0.634413
		outer loop
			vertex	-6.36756	-45.0000	-3.86572
			vertex	-6.58233	-45.5000	-4.12740
			vertex	-6.58233	-45.0000	-4.12740
		endloop
	endfacet
	facet normal	0.677766	0.000000	-0.735278
		outer loop
			vertex	-6.78488	-45.5000	-4.31411
			vertex	-6.58233	-45.0000	-4.12740
			vertex	-6.58233	-45.5000	-4.12740
		endloop
	endfacet
	facet normal	0.677766	0.000000	-0.735278
		outer loop
			vertex	-6.58233	-45.0000	-4.12740
			vertex	-6.78488	-45.5000	-4.31411
			vertex	-6.78488	-45.0000	-4.31411
		endloop
	endfacet
	facet normal	0.241994	0.000000	0.970278
		outer loop
			vertex	-8.74903	-45.0000	0.183164
			vertex	-8.74903	-45.5000	0.183164
			vertex	-8.15210	-45.5000	0.0342871
		endloop
	endfacet
	facet normal	0.241994	0.000000	0.970278
		outer loop
			vertex	-8.74903	-45.0000	0.183164
			vertex	-8.15210	-45.5000	0.0342871
			vertex	-8.15210	-45.0000	0.0342871
		endloop
	endfacet
	facet normal	0.336351	0.000000	0.941737
		outer loop
			vertex	-7.63173	-45.5000	-0.151569
			vertex	-8.15210	-45.0000	0.0342871
			vertex	-8.15210	-45.5000	0.0342871
		endloop
	endfacet
	facet normal	0.336351	0.000000	0.941737
		outer loop
			vertex	-8.15210	-45.0000	0.0342871
			vertex	-7.63173	-45.5000	-0.151569
			vertex	-7.63173	-45.0000	-0.151569
		endloop
	endfacet
	facet normal	0.443117	0.000000	0.896464
		outer loop
			vertex	-7.20190	-45.5000	-0.364031
			vertex	-7.63173	-45.0000	-0.151569
			vertex	-7.63173	-45.5000	-0.151569
		endloop
	endfacet
	facet normal	0.443117	0.000000	0.896464
		outer loop
			vertex	-7.63173	-45.0000	-0.151569
			vertex	-7.20190	-45.5000	-0.364031
			vertex	-7.20190	-45.0000	-0.364031
		endloop
	endfacet
	facet normal	0.557012	0.000000	0.830505
		outer loop
			vertex	-6.85133	-45.5000	-0.599156
			vertex	-7.20190	-45.0000	-0.364031
			vertex	-7.20190	-45.5000	-0.364031
		endloop
	endfacet
	facet normal	0.557012	0.000000	0.830505
		outer loop
			vertex	-7.20190	-45.0000	-0.364031
			vertex	-6.85133	-45.5000	-0.599156
			vertex	-6.85133	-45.0000	-0.599156
		endloop
	endfacet
	facet normal	0.670287	0.000000	0.742102
		outer loop
			vertex	-6.57643	-45.5000	-0.847455
			vertex	-6.85133	-45.0000	-0.599156
			vertex	-6.85133	-45.5000	-0.599156
		endloop
	endfacet
	facet normal	0.670287	0.000000	0.742102
		outer loop
			vertex	-6.85133	-45.0000	-0.599156
			vertex	-6.57643	-45.5000	-0.847455
			vertex	-6.57643	-45.0000	-0.847455
		endloop
	endfacet
	facet normal	0.776206	0.000000	0.630480
		outer loop
			vertex	-6.35340	-45.5000	-1.12203
			vertex	-6.57643	-45.0000	-0.847455
			vertex	-6.57643	-45.5000	-0.847455
		endloop
	endfacet
	facet normal	0.776206	0.000000	0.630480
		outer loop
			vertex	-6.57643	-45.0000	-0.847455
			vertex	-6.35340	-45.5000	-1.12203
			vertex	-6.35340	-45.0000	-1.12203
		endloop
	endfacet
	facet normal	0.867427	0.000000	0.497564
		outer loop
			vertex	-6.18396	-45.5000	-1.41743
			vertex	-6.35340	-45.0000	-1.12203
			vertex	-6.35340	-45.5000	-1.12203
		endloop
	endfacet
	facet normal	0.867427	0.000000	0.497564
		outer loop
			vertex	-6.35340	-45.0000	-1.12203
			vertex	-6.18396	-45.5000	-1.41743
			vertex	-6.18396	-45.0000	-1.41743
		endloop
	endfacet
	facet normal	0.935740	0.000000	0.352690
		outer loop
			vertex	-6.06382	-45.5000	-1.73617
			vertex	-6.18396	-45.0000	-1.41743
			vertex	-6.18396	-45.5000	-1.41743
		endloop
	endfacet
	facet normal	0.935740	0.000000	0.352690
		outer loop
			vertex	-6.18396	-45.0000	-1.41743
			vertex	-6.06382	-45.5000	-1.73617
			vertex	-6.06382	-45.0000	-1.73617
		endloop
	endfacet
	facet normal	0.978639	0.000000	0.205585
		outer loop
			vertex	-5.99112	-45.5000	-2.08225
			vertex	-6.06382	-45.0000	-1.73617
			vertex	-6.06382	-45.5000	-1.73617
		endloop
	endfacet
	facet normal	0.978639	0.000000	0.205585
		outer loop
			vertex	-6.06382	-45.0000	-1.73617
			vertex	-5.99112	-45.5000	-2.08225
			vertex	-5.99112	-45.0000	-2.08225
		endloop
	endfacet
	facet normal	0.997870	0.000000	0.0652309
		outer loop
			vertex	-5.96648	-45.5000	-2.45908
			vertex	-5.99112	-45.0000	-2.08225
			vertex	-5.99112	-45.5000	-2.08225
		endloop
	endfacet
	facet normal	0.997870	0.000000	0.0652309
		outer loop
			vertex	-5.99112	-45.0000	-2.08225
			vertex	-5.96648	-45.5000	-2.45908
			vertex	-5.96648	-45.0000	-2.45908
		endloop
	endfacet
	facet normal	0.677733	0.000000	-0.735308
		outer loop
			vertex	-7.06157	-45.0000	1.09899
			vertex	-7.06157	-45.5000	1.09899
			vertex	-7.33991	-45.5000	0.842448
		endloop
	endfacet
	facet normal	0.677733	0.000000	-0.735308
		outer loop
			vertex	-7.06157	-45.0000	1.09899
			vertex	-7.33991	-45.5000	0.842448
			vertex	-7.33991	-45.0000	0.842448
		endloop
	endfacet
	facet normal	0.569876	0.000000	-0.821731
		outer loop
			vertex	-7.66228	-45.5000	0.618883
			vertex	-7.33991	-45.0000	0.842448
			vertex	-7.33991	-45.5000	0.842448
		endloop
	endfacet
	facet normal	0.569876	0.000000	-0.821731
		outer loop
			vertex	-7.33991	-45.0000	0.842448
			vertex	-7.66228	-45.5000	0.618883
			vertex	-7.66228	-45.0000	0.618883
		endloop
	endfacet
	facet normal	0.459974	0.000000	-0.887933
		outer loop
			vertex	-8.03468	-45.5000	0.425968
			vertex	-7.66228	-45.0000	0.618883
			vertex	-7.66228	-45.5000	0.618883
		endloop
	endfacet
	facet normal	0.459974	0.000000	-0.887933
		outer loop
			vertex	-7.66228	-45.0000	0.618883
			vertex	-8.03468	-45.5000	0.425968
			vertex	-8.03468	-45.0000	0.425968
		endloop
	endfacet
	facet normal	0.353147	0.000000	-0.935568
		outer loop
			vertex	-8.46319	-45.5000	0.264219
			vertex	-8.03468	-45.0000	0.425968
			vertex	-8.03468	-45.5000	0.425968
		endloop
	endfacet
	facet normal	0.353147	0.000000	-0.935568
		outer loop
			vertex	-8.03468	-45.0000	0.425968
			vertex	-8.46319	-45.5000	0.264219
			vertex	-8.46319	-45.0000	0.264219
		endloop
	endfacet
	facet normal	0.272813	0.000000	-0.962067
		outer loop
			vertex	-8.74903	-45.5000	0.183164
			vertex	-8.46319	-45.0000	0.264219
			vertex	-8.46319	-45.5000	0.264219
		endloop
	endfacet
	facet normal	0.272813	0.000000	-0.962067
		outer loop
			vertex	-8.46319	-45.0000	0.264219
			vertex	-8.74903	-45.5000	0.183164
			vertex	-8.74903	-45.0000	0.183164
		endloop
	endfacet
	facet normal	0.997311	0.000000	-0.0732903
		outer loop
			vertex	-6.45752	-45.0000	2.63055
			vertex	-6.45752	-45.5000	2.63055
			vertex	-6.48414	-45.5000	2.26831
		endloop
	endfacet
	facet normal	0.997311	0.000000	-0.0732903
		outer loop
			vertex	-6.45752	-45.0000	2.63055
			vertex	-6.48414	-45.5000	2.26831
			vertex	-6.48414	-45.0000	2.26831
		endloop
	endfacet
	facet normal	0.973686	0.000000	-0.227895
		outer loop
			vertex	-6.56348	-45.5000	1.92933
			vertex	-6.48414	-45.0000	2.26831
			vertex	-6.48414	-45.5000	2.26831
		endloop
	endfacet
	facet normal	0.973686	0.000000	-0.227895
		outer loop
			vertex	-6.48414	-45.0000	2.26831
			vertex	-6.56348	-45.5000	1.92933
			vertex	-6.56348	-45.0000	1.92933
		endloop
	endfacet
	facet normal	0.923926	0.000000	-0.382570
		outer loop
			vertex	-6.69261	-45.5000	1.61747
			vertex	-6.56348	-45.0000	1.92933
			vertex	-6.56348	-45.5000	1.92933
		endloop
	endfacet
	facet normal	0.923926	0.000000	-0.382570
		outer loop
			vertex	-6.56348	-45.0000	1.92933
			vertex	-6.69261	-45.5000	1.61747
			vertex	-6.69261	-45.0000	1.61747
		endloop
	endfacet
	facet normal	0.850994	0.000000	-0.525175
		outer loop
			vertex	-6.87128	-45.5000	1.32796
			vertex	-6.69261	-45.0000	1.61747
			vertex	-6.69261	-45.5000	1.61747
		endloop
	endfacet
	facet normal	0.850994	0.000000	-0.525175
		outer loop
			vertex	-6.69261	-45.0000	1.61747
			vertex	-6.87128	-45.5000	1.32796
			vertex	-6.87128	-45.0000	1.32796
		endloop
	endfacet
	facet normal	0.769071	0.000000	-0.639163
		outer loop
			vertex	-7.06157	-45.5000	1.09899
			vertex	-6.87128	-45.0000	1.32796
			vertex	-6.87128	-45.5000	1.32796
		endloop
	endfacet
	facet normal	0.769071	0.000000	-0.639163
		outer loop
			vertex	-6.87128	-45.0000	1.32796
			vertex	-7.06157	-45.5000	1.09899
			vertex	-7.06157	-45.0000	1.09899
		endloop
	endfacet
	facet normal	0.0371086	0.000000	0.999311
		outer loop
			vertex	-9.96493	-45.0000	4.95323
			vertex	-9.96493	-45.5000	4.95323
			vertex	-9.25955	-45.5000	4.92704
		endloop
	endfacet
	facet normal	0.0371086	0.000000	0.999311
		outer loop
			vertex	-9.96493	-45.0000	4.95323
			vertex	-9.25955	-45.5000	4.92704
			vertex	-9.25955	-45.0000	4.92704
		endloop
	endfacet
	facet normal	0.119032	0.000000	0.992890
		outer loop
			vertex	-8.70016	-45.5000	4.85998
			vertex	-9.25955	-45.0000	4.92704
			vertex	-9.25955	-45.5000	4.92704
		endloop
	endfacet
	facet normal	0.119032	0.000000	0.992890
		outer loop
			vertex	-9.25955	-45.0000	4.92704
			vertex	-8.70016	-45.5000	4.85998
			vertex	-8.70016	-45.0000	4.85998
		endloop
	endfacet
	facet normal	0.210302	0.000000	0.977637
		outer loop
			vertex	-8.22559	-45.5000	4.75789
			vertex	-8.70016	-45.0000	4.85998
			vertex	-8.70016	-45.5000	4.85998
		endloop
	endfacet
	facet normal	0.210302	0.000000	0.977637
		outer loop
			vertex	-8.70016	-45.0000	4.85998
			vertex	-8.22559	-45.5000	4.75789
			vertex	-8.22559	-45.0000	4.75789
		endloop
	endfacet
	facet normal	0.319578	0.000000	0.947560
		outer loop
			vertex	-7.78466	-45.5000	4.60919
			vertex	-8.22559	-45.0000	4.75789
			vertex	-8.22559	-45.5000	4.75789
		endloop
	endfacet
	facet normal	0.319578	0.000000	0.947560
		outer loop
			vertex	-8.22559	-45.0000	4.75789
			vertex	-7.78466	-45.5000	4.60919
			vertex	-7.78466	-45.0000	4.60919
		endloop
	endfacet
	facet normal	0.446925	0.000000	0.894572
		outer loop
			vertex	-7.42369	-45.5000	4.42884
			vertex	-7.78466	-45.0000	4.60919
			vertex	-7.78466	-45.5000	4.60919
		endloop
	endfacet
	facet normal	0.446925	0.000000	0.894572
		outer loop
			vertex	-7.78466	-45.0000	4.60919
			vertex	-7.42369	-45.5000	4.42884
			vertex	-7.42369	-45.0000	4.42884
		endloop
	endfacet
	facet normal	0.578226	0.000000	0.815877
		outer loop
			vertex	-7.14038	-45.5000	4.22806
			vertex	-7.42369	-45.0000	4.42884
			vertex	-7.42369	-45.5000	4.42884
		endloop
	endfacet
	facet normal	0.578226	0.000000	0.815877
		outer loop
			vertex	-7.42369	-45.0000	4.42884
			vertex	-7.14038	-45.5000	4.22806
			vertex	-7.14038	-45.0000	4.22806
		endloop
	endfacet
	facet normal	0.705181	0.000000	0.709027
		outer loop
			vertex	-6.90745	-45.5000	3.99639
			vertex	-7.14038	-45.0000	4.22806
			vertex	-7.14038	-45.5000	4.22806
		endloop
	endfacet
	facet normal	0.705181	0.000000	0.709027
		outer loop
			vertex	-7.14038	-45.0000	4.22806
			vertex	-6.90745	-45.5000	3.99639
			vertex	-6.90745	-45.0000	3.99639
		endloop
	endfacet
	facet normal	0.818112	0.000000	0.575059
		outer loop
			vertex	-6.72683	-45.5000	3.73943
			vertex	-6.90745	-45.0000	3.99639
			vertex	-6.90745	-45.5000	3.99639
		endloop
	endfacet
	facet normal	0.818112	0.000000	0.575059
		outer loop
			vertex	-6.90745	-45.0000	3.99639
			vertex	-6.72683	-45.5000	3.73943
			vertex	-6.72683	-45.0000	3.73943
		endloop
	endfacet
	facet normal	0.905373	0.000000	0.424618
		outer loop
			vertex	-6.59344	-45.5000	3.45502
			vertex	-6.72683	-45.0000	3.73943
			vertex	-6.72683	-45.5000	3.73943
		endloop
	endfacet
	facet normal	0.905373	0.000000	0.424618
		outer loop
			vertex	-6.72683	-45.0000	3.73943
			vertex	-6.59344	-45.5000	3.45502
			vertex	-6.59344	-45.0000	3.45502
		endloop
	endfacet
	facet normal	0.962905	0.000000	0.269839
		outer loop
			vertex	-6.50488	-45.5000	3.13899
			vertex	-6.59344	-45.0000	3.45502
			vertex	-6.59344	-45.5000	3.45502
		endloop
	endfacet
	facet normal	0.962905	0.000000	0.269839
		outer loop
			vertex	-6.59344	-45.0000	3.45502
			vertex	-6.50488	-45.5000	3.13899
			vertex	-6.50488	-45.0000	3.13899
		endloop
	endfacet
	facet normal	0.992570	0.000000	0.121678
		outer loop
			vertex	-6.46157	-45.5000	2.78568
			vertex	-6.50488	-45.0000	3.13899
			vertex	-6.50488	-45.5000	3.13899
		endloop
	endfacet
	facet normal	0.992570	0.000000	0.121678
		outer loop
			vertex	-6.50488	-45.0000	3.13899
			vertex	-6.46157	-45.5000	2.78568
			vertex	-6.46157	-45.0000	2.78568
		endloop
	endfacet
	facet normal	0.999660	0.000000	0.0260824
		outer loop
			vertex	-6.45752	-45.5000	2.63055
			vertex	-6.46157	-45.0000	2.78568
			vertex	-6.46157	-45.5000	2.78568
		endloop
	endfacet
	facet normal	0.999660	0.000000	0.0260824
		outer loop
			vertex	-6.46157	-45.0000	2.78568
			vertex	-6.45752	-45.5000	2.63055
			vertex	-6.45752	-45.0000	2.63055
		endloop
	endfacet
	facet normal	0.000000	0.000000	1.00000
		outer loop
			vertex	-9.96493	-45.0000	4.95323
			vertex	-13.1917	-45.0000	4.95323
			vertex	-9.96493	-45.5000	4.95323
		endloop
	endfacet
	facet normal	0.000000	0.000000	1.00000
		outer loop
			vertex	-13.1917	-45.5000	4.95323
			vertex	-9.96493	-45.5000	4.95323
			vertex	-13.1917	-45.0000	4.95323
		endloop
	endfacet
	facet normal	-1.00000	0.000000	0.000000
		outer loop
			vertex	-13.1917	-45.0000	4.95323
			vertex	-13.1917	-45.0000	-5.04677
			vertex	-13.1917	-45.5000	4.95323
		endloop
	endfacet
	facet normal	-1.00000	0.000000	0.000000
		outer loop
			vertex	-13.1917	-45.5000	-5.04677
			vertex	-13.1917	-45.5000	4.95323
			vertex	-13.1917	-45.0000	-5.04677
		endloop
	endfacet
	facet normal	0.000000	0.000000	-1.00000
		outer loop
			vertex	-13.1917	-45.0000	-5.04677
			vertex	-10.1754	-45.0000	-5.04677
			vertex	-13.1917	-45.5000	-5.04677
		endloop
	endfacet
	facet normal	0.000000	0.000000	-1.00000
		outer loop
			vertex	-10.1754	-45.5000	-5.04677
			vertex	-13.1917	-45.5000	-5.04677
			vertex	-10.1754	-45.0000	-5.04677
		endloop
	endfacet
	facet normal	0.000000	1.00000	0.000000
		outer loop
			vertex	-9.96493	-45.0000	4.95323
			vertex	-10.9392	-45.0000	3.79969
			vertex	-13.1917	-45.0000	4.95323
		endloop
	endfacet
	facet normal	0.000000	1.00000	0.000000
		outer loop
			vertex	-11.6563	-45.0000	3.79969
			vertex	-13.1917	-45.0000	4.95323
			vertex	-10.9392	-45.0000	3.79969
		endloop
	endfacet
	facet normal	0.000000	1.00000	0.000000
		outer loop
			vertex	-11.6563	-45.0000	0.627436
			vertex	-11.0951	-45.0000	-0.331255
			vertex	-11.6563	-45.0000	-0.331255
		endloop
	endfacet
	facet normal	0.000000	1.00000	0.000000
		outer loop
			vertex	-7.14038	-45.0000	4.22806
			vertex	-6.90745	-45.0000	3.99639
			vertex	-8.25341	-45.0000	3.20703
		endloop
	endfacet
	facet normal	0.000000	1.00000	0.000000
		outer loop
			vertex	-8.13512	-45.0000	3.00407
			vertex	-8.25341	-45.0000	3.20703
			vertex	-6.90745	-45.0000	3.99639
		endloop
	endfacet
	facet normal	0.000000	1.00000	0.000000
		outer loop
			vertex	-7.83807	-45.0000	-1.56859
			vertex	-7.99390	-45.0000	-1.35443
			vertex	-8.74903	-45.0000	0.183164
		endloop
	endfacet
	facet normal	0.000000	1.00000	0.000000
		outer loop
			vertex	-8.23736	-45.0000	-1.11581
			vertex	-8.74903	-45.0000	0.183164
			vertex	-7.99390	-45.0000	-1.35443
		endloop
	endfacet
	facet normal	0.000000	1.00000	0.000000
		outer loop
			vertex	-8.74903	-45.0000	0.183164
			vertex	-8.23736	-45.0000	-1.11581
			vertex	-8.54248	-45.0000	-0.900234
		endloop
	endfacet
	facet normal	0.000000	1.00000	0.000000
		outer loop
			vertex	-7.69522	-45.0000	-3.02010
			vertex	-6.19728	-45.0000	-3.57230
			vertex	-6.36756	-45.0000	-3.86572
		endloop
	endfacet
	facet normal	0.000000	1.00000	0.000000
		outer loop
			vertex	-8.12090	-45.0000	1.78080
			vertex	-8.04271	-45.0000	2.05354
			vertex	-6.69261	-45.0000	1.61747
		endloop
	endfacet
	facet normal	0.000000	1.00000	0.000000
		outer loop
			vertex	-8.54248	-45.0000	-0.900234
			vertex	-8.88681	-45.0000	-0.720759
			vertex	-8.74903	-45.0000	0.183164
		endloop
	endfacet
	facet normal	0.000000	1.00000	0.000000
		outer loop
			vertex	-9.32454	-45.0000	-0.558668
			vertex	-8.74903	-45.0000	0.183164
			vertex	-8.88681	-45.0000	-0.720759
		endloop
	endfacet
	facet normal	0.000000	1.00000	0.000000
		outer loop
			vertex	-8.74903	-45.0000	0.183164
			vertex	-9.32454	-45.0000	-0.558668
			vertex	-10.1966	-45.0000	0.672655
		endloop
	endfacet
	facet normal	0.000000	1.00000	0.000000
		outer loop
			vertex	-7.69522	-45.0000	-3.02010
			vertex	-6.36756	-45.0000	-3.86572
			vertex	-7.80462	-45.0000	-3.24100
		endloop
	endfacet
	facet normal	0.000000	1.00000	0.000000
		outer loop
			vertex	-6.90745	-45.0000	3.99639
			vertex	-6.72683	-45.0000	3.73943
			vertex	-8.13512	-45.0000	3.00407
		endloop
	endfacet
	facet normal	0.000000	1.00000	0.000000
		outer loop
			vertex	-6.59344	-45.0000	3.45502
			vertex	-8.13512	-45.0000	3.00407
			vertex	-6.72683	-45.0000	3.73943
		endloop
	endfacet
	facet normal	0.000000	1.00000	0.000000
		outer loop
			vertex	-8.13512	-45.0000	3.00407
			vertex	-6.59344	-45.0000	3.45502
			vertex	-8.05710	-45.0000	2.76286
		endloop
	endfacet
	facet normal	0.000000	1.00000	0.000000
		outer loop
			vertex	-7.14038	-45.0000	4.22806
			vertex	-8.25341	-45.0000	3.20703
			vertex	-7.42369	-45.0000	4.42884
		endloop
	endfacet
	facet normal	0.000000	1.00000	0.000000
		outer loop
			vertex	-8.41369	-45.0000	3.37391
			vertex	-7.42369	-45.0000	4.42884
			vertex	-8.25341	-45.0000	3.20703
		endloop
	endfacet
	facet normal	0.000000	1.00000	0.000000
		outer loop
			vertex	-7.42369	-45.0000	4.42884
			vertex	-8.41369	-45.0000	3.37391
			vertex	-7.78466	-45.0000	4.60919
		endloop
	endfacet
	facet normal	0.000000	1.00000	0.000000
		outer loop
			vertex	-8.61652	-45.0000	3.50351
			vertex	-7.78466	-45.0000	4.60919
			vertex	-8.41369	-45.0000	3.37391
		endloop
	endfacet
	facet normal	0.000000	1.00000	0.000000
		outer loop
			vertex	-7.78466	-45.0000	4.60919
			vertex	-8.61652	-45.0000	3.50351
			vertex	-8.22559	-45.0000	4.75789
		endloop
	endfacet
	facet normal	0.000000	1.00000	0.000000
		outer loop
			vertex	-8.68343	-45.0000	3.53413
			vertex	-8.22559	-45.0000	4.75789
			vertex	-8.61652	-45.0000	3.50351
		endloop
	endfacet
	facet normal	0.000000	1.00000	0.000000
		outer loop
			vertex	-8.22559	-45.0000	4.75789
			vertex	-8.68343	-45.0000	3.53413
			vertex	-8.70016	-45.0000	4.85998
		endloop
	endfacet
	facet normal	0.000000	1.00000	0.000000
		outer loop
			vertex	-8.98004	-45.0000	3.63139
			vertex	-8.70016	-45.0000	4.85998
			vertex	-8.68343	-45.0000	3.53413
		endloop
	endfacet
	facet normal	0.000000	1.00000	0.000000
		outer loop
			vertex	-8.70016	-45.0000	4.85998
			vertex	-8.98004	-45.0000	3.63139
			vertex	-9.25955	-45.0000	4.92704
		endloop
	endfacet
	facet normal	0.000000	1.00000	0.000000
		outer loop
			vertex	-9.41490	-45.0000	3.71457
			vertex	-9.25955	-45.0000	4.92704
			vertex	-8.98004	-45.0000	3.63139
		endloop
	endfacet
	facet normal	0.000000	1.00000	0.000000
		outer loop
			vertex	-9.25955	-45.0000	4.92704
			vertex	-9.41490	-45.0000	3.71457
			vertex	-9.96493	-45.0000	4.95323
		endloop
	endfacet
	facet normal	0.000000	1.00000	0.000000
		outer loop
			vertex	-10.0257	-45.0000	3.77423
			vertex	-9.96493	-45.0000	4.95323
			vertex	-9.41490	-45.0000	3.71457
		endloop
	endfacet
	facet normal	0.000000	1.00000	0.000000
		outer loop
			vertex	-9.96493	-45.0000	4.95323
			vertex	-10.0257	-45.0000	3.77423
			vertex	-10.9392	-45.0000	3.79969
		endloop
	endfacet
	facet normal	0.000000	1.00000	0.000000
		outer loop
			vertex	-6.69261	-45.0000	1.61747
			vertex	-6.87128	-45.0000	1.32796
			vertex	-8.12090	-45.0000	1.78080
		endloop
	endfacet
	facet normal	0.000000	1.00000	0.000000
		outer loop
			vertex	-7.06157	-45.0000	1.09899
			vertex	-8.12090	-45.0000	1.78080
			vertex	-6.87128	-45.0000	1.32796
		endloop
	endfacet
	facet normal	0.000000	1.00000	0.000000
		outer loop
			vertex	-8.12090	-45.0000	1.78080
			vertex	-7.06157	-45.0000	1.09899
			vertex	-8.24406	-45.0000	1.54719
		endloop
	endfacet
	facet normal	0.000000	1.00000	0.000000
		outer loop
			vertex	-7.33991	-45.0000	0.842448
			vertex	-8.24406	-45.0000	1.54719
			vertex	-7.06157	-45.0000	1.09899
		endloop
	endfacet
	facet normal	0.000000	1.00000	0.000000
		outer loop
			vertex	-8.24406	-45.0000	1.54719
			vertex	-7.33991	-45.0000	0.842448
			vertex	-8.41449	-45.0000	1.34007
		endloop
	endfacet
	facet normal	0.000000	1.00000	0.000000
		outer loop
			vertex	-7.66228	-45.0000	0.618883
			vertex	-8.41449	-45.0000	1.34007
			vertex	-7.33991	-45.0000	0.842448
		endloop
	endfacet
	facet normal	0.000000	1.00000	0.000000
		outer loop
			vertex	-8.41449	-45.0000	1.34007
			vertex	-7.66228	-45.0000	0.618883
			vertex	-8.63415	-45.0000	1.15800
		endloop
	endfacet
	facet normal	0.000000	1.00000	0.000000
		outer loop
			vertex	-8.03468	-45.0000	0.425968
			vertex	-8.63415	-45.0000	1.15800
			vertex	-7.66228	-45.0000	0.618883
		endloop
	endfacet
	facet normal	0.000000	1.00000	0.000000
		outer loop
			vertex	-8.63415	-45.0000	1.15800
			vertex	-8.03468	-45.0000	0.425968
			vertex	-8.91966	-45.0000	0.994181
		endloop
	endfacet
	facet normal	0.000000	1.00000	0.000000
		outer loop
			vertex	-8.46319	-45.0000	0.264219
			vertex	-8.91966	-45.0000	0.994181
			vertex	-8.03468	-45.0000	0.425968
		endloop
	endfacet
	facet normal	0.000000	1.00000	0.000000
		outer loop
			vertex	-8.91966	-45.0000	0.994181
			vertex	-8.46319	-45.0000	0.264219
			vertex	-9.26295	-45.0000	0.859326
		endloop
	endfacet
	facet normal	0.000000	1.00000	0.000000
		outer loop
			vertex	-8.74903	-45.0000	0.183164
			vertex	-9.26295	-45.0000	0.859326
			vertex	-8.46319	-45.0000	0.264219
		endloop
	endfacet
	facet normal	0.000000	1.00000	0.000000
		outer loop
			vertex	-9.26295	-45.0000	0.859326
			vertex	-8.74903	-45.0000	0.183164
			vertex	-9.68417	-45.0000	0.750569
		endloop
	endfacet
	facet normal	0.000000	1.00000	0.000000
		outer loop
			vertex	-10.1966	-45.0000	0.672655
			vertex	-9.68417	-45.0000	0.750569
			vertex	-8.74903	-45.0000	0.183164
		endloop
	endfacet
	facet normal	0.000000	1.00000	0.000000
		outer loop
			vertex	-6.59344	-45.0000	3.45502
			vertex	-6.50488	-45.0000	3.13899
			vertex	-8.05710	-45.0000	2.76286
		endloop
	endfacet
	facet normal	0.000000	1.00000	0.000000
		outer loop
			vertex	-6.46157	-45.0000	2.78568
			vertex	-8.05710	-45.0000	2.76286
			vertex	-6.50488	-45.0000	3.13899
		endloop
	endfacet
	facet normal	0.000000	1.00000	0.000000
		outer loop
			vertex	-8.05710	-45.0000	2.76286
			vertex	-6.46157	-45.0000	2.78568
			vertex	-8.01926	-45.0000	2.47303
		endloop
	endfacet
	facet normal	0.000000	1.00000	0.000000
		outer loop
			vertex	-6.45752	-45.0000	2.63055
			vertex	-8.01926	-45.0000	2.47303
			vertex	-6.46157	-45.0000	2.78568
		endloop
	endfacet
	facet normal	0.000000	1.00000	0.000000
		outer loop
			vertex	-8.01926	-45.0000	2.47303
			vertex	-6.45752	-45.0000	2.63055
			vertex	-8.01637	-45.0000	2.35776
		endloop
	endfacet
	facet normal	0.000000	1.00000	0.000000
		outer loop
			vertex	-6.48414	-45.0000	2.26831
			vertex	-8.01637	-45.0000	2.35776
			vertex	-6.45752	-45.0000	2.63055
		endloop
	endfacet
	facet normal	0.000000	1.00000	0.000000
		outer loop
			vertex	-8.01637	-45.0000	2.35776
			vertex	-6.48414	-45.0000	2.26831
			vertex	-8.04271	-45.0000	2.05354
		endloop
	endfacet
	facet normal	0.000000	1.00000	0.000000
		outer loop
			vertex	-6.56348	-45.0000	1.92933
			vertex	-8.04271	-45.0000	2.05354
			vertex	-6.48414	-45.0000	2.26831
		endloop
	endfacet
	facet normal	0.000000	1.00000	0.000000
		outer loop
			vertex	-8.04271	-45.0000	2.05354
			vertex	-6.56348	-45.0000	1.92933
			vertex	-6.69261	-45.0000	1.61747
		endloop
	endfacet
	facet normal	0.000000	1.00000	0.000000
		outer loop
			vertex	-9.32454	-45.0000	-0.558668
			vertex	-9.83647	-45.0000	-0.435675
			vertex	-10.1966	-45.0000	0.672655
		endloop
	endfacet
	facet normal	0.000000	1.00000	0.000000
		outer loop
			vertex	-10.4321	-45.0000	-0.357588
			vertex	-10.1966	-45.0000	0.672655
			vertex	-9.83647	-45.0000	-0.435675
		endloop
	endfacet
	facet normal	0.000000	1.00000	0.000000
		outer loop
			vertex	-10.1966	-45.0000	0.672655
			vertex	-10.4321	-45.0000	-0.357588
			vertex	-10.8152	-45.0000	0.631785
		endloop
	endfacet
	facet normal	0.000000	1.00000	0.000000
		outer loop
			vertex	-11.0951	-45.0000	-0.331255
			vertex	-10.8152	-45.0000	0.631785
			vertex	-10.4321	-45.0000	-0.357588
		endloop
	endfacet
	facet normal	0.000000	1.00000	0.000000
		outer loop
			vertex	-10.8152	-45.0000	0.631785
			vertex	-11.0951	-45.0000	-0.331255
			vertex	-11.1185	-45.0000	0.627436
		endloop
	endfacet
	facet normal	0.000000	1.00000	0.000000
		outer loop
			vertex	-11.6563	-45.0000	0.627436
			vertex	-11.1185	-45.0000	0.627436
			vertex	-11.0951	-45.0000	-0.331255
		endloop
	endfacet
	facet normal	0.000000	1.00000	0.000000
		outer loop
			vertex	-11.6563	-45.0000	3.79969
			vertex	-11.6563	-45.0000	0.627436
			vertex	-13.1917	-45.0000	4.95323
		endloop
	endfacet
	facet normal	0.000000	1.00000	0.000000
		outer loop
			vertex	-11.6563	-45.0000	-0.331255
			vertex	-13.1917	-45.0000	4.95323
			vertex	-11.6563	-45.0000	0.627436
		endloop
	endfacet
	facet normal	0.000000	1.00000	0.000000
		outer loop
			vertex	-13.1917	-45.0000	4.95323
			vertex	-11.6563	-45.0000	-0.331255
			vertex	-13.1917	-45.0000	-5.04677
		endloop
	endfacet
	facet normal	0.000000	1.00000	0.000000
		outer loop
			vertex	-11.6563	-45.0000	-3.89322
			vertex	-13.1917	-45.0000	-5.04677
			vertex	-11.6563	-45.0000	-0.331255
		endloop
	endfacet
	facet normal	0.000000	1.00000	0.000000
		outer loop
			vertex	-13.1917	-45.0000	-5.04677
			vertex	-11.6563	-45.0000	-3.89322
			vertex	-10.1754	-45.0000	-5.04677
		endloop
	endfacet
	facet normal	0.000000	1.00000	0.000000
		outer loop
			vertex	-6.19728	-45.0000	-3.57230
			vertex	-7.69522	-45.0000	-3.02010
			vertex	-6.07152	-45.0000	-3.24191
		endloop
	endfacet
	facet normal	0.000000	1.00000	0.000000
		outer loop
			vertex	-7.62926	-45.0000	-2.76725
			vertex	-6.07152	-45.0000	-3.24191
			vertex	-7.69522	-45.0000	-3.02010
		endloop
	endfacet
	facet normal	0.000000	1.00000	0.000000
		outer loop
			vertex	-6.07152	-45.0000	-3.24191
			vertex	-7.62926	-45.0000	-2.76725
			vertex	-5.99293	-45.0000	-2.86839
		endloop
	endfacet
	facet normal	0.000000	1.00000	0.000000
		outer loop
			vertex	-5.99293	-45.0000	-2.86839
			vertex	-7.62926	-45.0000	-2.76725
			vertex	-5.96648	-45.0000	-2.45908
		endloop
	endfacet
	facet normal	0.000000	1.00000	0.000000
		outer loop
			vertex	-7.60327	-45.0000	-2.43570
			vertex	-5.96648	-45.0000	-2.45908
			vertex	-7.62926	-45.0000	-2.76725
		endloop
	endfacet
	facet normal	0.000000	1.00000	0.000000
		outer loop
			vertex	-5.96648	-45.0000	-2.45908
			vertex	-7.60327	-45.0000	-2.43570
			vertex	-5.99112	-45.0000	-2.08225
		endloop
	endfacet
	facet normal	0.000000	1.00000	0.000000
		outer loop
			vertex	-7.63101	-45.0000	-2.11527
			vertex	-5.99112	-45.0000	-2.08225
			vertex	-7.60327	-45.0000	-2.43570
		endloop
	endfacet
	facet normal	0.000000	1.00000	0.000000
		outer loop
			vertex	-5.99112	-45.0000	-2.08225
			vertex	-7.63101	-45.0000	-2.11527
			vertex	-6.06382	-45.0000	-1.73617
		endloop
	endfacet
	facet normal	0.000000	1.00000	0.000000
		outer loop
			vertex	-8.74903	-45.0000	0.183164
			vertex	-8.15210	-45.0000	0.0342871
			vertex	-7.83807	-45.0000	-1.56859
		endloop
	endfacet
	facet normal	0.000000	1.00000	0.000000
		outer loop
			vertex	-7.63173	-45.0000	-0.151569
			vertex	-7.83807	-45.0000	-1.56859
			vertex	-8.15210	-45.0000	0.0342871
		endloop
	endfacet
	facet normal	0.000000	1.00000	0.000000
		outer loop
			vertex	-7.83807	-45.0000	-1.56859
			vertex	-7.63173	-45.0000	-0.151569
			vertex	-7.20190	-45.0000	-0.364031
		endloop
	endfacet
	facet normal	0.000000	1.00000	0.000000
		outer loop
			vertex	-6.36756	-45.0000	-3.86572
			vertex	-6.58233	-45.0000	-4.12740
			vertex	-7.80462	-45.0000	-3.24100
		endloop
	endfacet
	facet normal	0.000000	1.00000	0.000000
		outer loop
			vertex	-6.78488	-45.0000	-4.31411
			vertex	-7.80462	-45.0000	-3.24100
			vertex	-6.58233	-45.0000	-4.12740
		endloop
	endfacet
	facet normal	0.000000	1.00000	0.000000
		outer loop
			vertex	-7.80462	-45.0000	-3.24100
			vertex	-6.78488	-45.0000	-4.31411
			vertex	-7.95491	-45.0000	-3.42195
		endloop
	endfacet
	facet normal	0.000000	1.00000	0.000000
		outer loop
			vertex	-7.10159	-45.0000	-4.54459
			vertex	-7.95491	-45.0000	-3.42195
			vertex	-6.78488	-45.0000	-4.31411
		endloop
	endfacet
	facet normal	0.000000	1.00000	0.000000
		outer loop
			vertex	-7.95491	-45.0000	-3.42195
			vertex	-7.10159	-45.0000	-4.54459
			vertex	-8.13392	-45.0000	-3.55729
		endloop
	endfacet
	facet normal	0.000000	1.00000	0.000000
		outer loop
			vertex	-7.44186	-45.0000	-4.72515
			vertex	-8.13392	-45.0000	-3.55729
			vertex	-7.10159	-45.0000	-4.54459
		endloop
	endfacet
	facet normal	0.000000	1.00000	0.000000
		outer loop
			vertex	-8.13392	-45.0000	-3.55729
			vertex	-7.44186	-45.0000	-4.72515
			vertex	-8.17615	-45.0000	-3.58145
		endloop
	endfacet
	facet normal	0.000000	1.00000	0.000000
		outer loop
			vertex	-7.80379	-45.0000	-4.85568
			vertex	-8.17615	-45.0000	-3.58145
			vertex	-7.44186	-45.0000	-4.72515
		endloop
	endfacet
	facet normal	0.000000	1.00000	0.000000
		outer loop
			vertex	-8.17615	-45.0000	-3.58145
			vertex	-7.80379	-45.0000	-4.85568
			vertex	-8.44175	-45.0000	-3.69322
		endloop
	endfacet
	facet normal	0.000000	1.00000	0.000000
		outer loop
			vertex	-7.99299	-45.0000	-4.90257
			vertex	-8.44175	-45.0000	-3.69322
			vertex	-7.80379	-45.0000	-4.85568
		endloop
	endfacet
	facet normal	0.000000	1.00000	0.000000
		outer loop
			vertex	-8.44175	-45.0000	-3.69322
			vertex	-7.99299	-45.0000	-4.90257
			vertex	-8.79059	-45.0000	-3.78189
		endloop
	endfacet
	facet normal	0.000000	1.00000	0.000000
		outer loop
			vertex	-8.49031	-45.0000	-4.97785
			vertex	-8.79059	-45.0000	-3.78189
			vertex	-7.99299	-45.0000	-4.90257
		endloop
	endfacet
	facet normal	0.000000	1.00000	0.000000
		outer loop
			vertex	-8.79059	-45.0000	-3.78189
			vertex	-8.49031	-45.0000	-4.97785
			vertex	-9.26750	-45.0000	-3.84991
		endloop
	endfacet
	facet normal	0.000000	1.00000	0.000000
		outer loop
			vertex	-9.16949	-45.0000	-5.02677
			vertex	-9.26750	-45.0000	-3.84991
			vertex	-8.49031	-45.0000	-4.97785
		endloop
	endfacet
	facet normal	0.000000	1.00000	0.000000
		outer loop
			vertex	-9.26750	-45.0000	-3.84991
			vertex	-9.16949	-45.0000	-5.02677
			vertex	-9.90284	-45.0000	-3.88832
		endloop
	endfacet
	facet normal	0.000000	1.00000	0.000000
		outer loop
			vertex	-10.1754	-45.0000	-5.04677
			vertex	-9.90284	-45.0000	-3.88832
			vertex	-9.16949	-45.0000	-5.02677
		endloop
	endfacet
	facet normal	0.000000	1.00000	0.000000
		outer loop
			vertex	-9.90284	-45.0000	-3.88832
			vertex	-10.1754	-45.0000	-5.04677
			vertex	-10.2689	-45.0000	-3.89322
		endloop
	endfacet
	facet normal	0.000000	1.00000	0.000000
		outer loop
			vertex	-11.6563	-45.0000	-3.89322
			vertex	-10.2689	-45.0000	-3.89322
			vertex	-10.1754	-45.0000	-5.04677
		endloop
	endfacet
	facet normal	0.000000	1.00000	0.000000
		outer loop
			vertex	-6.06382	-45.0000	-1.73617
			vertex	-7.63101	-45.0000	-2.11527
			vertex	-6.18396	-45.0000	-1.41743
		endloop
	endfacet
	facet normal	0.000000	1.00000	0.000000
		outer loop
			vertex	-7.70861	-45.0000	-1.83292
			vertex	-6.18396	-45.0000	-1.41743
			vertex	-7.63101	-45.0000	-2.11527
		endloop
	endfacet
	facet normal	0.000000	1.00000	0.000000
		outer loop
			vertex	-6.18396	-45.0000	-1.41743
			vertex	-7.70861	-45.0000	-1.83292
			vertex	-6.35340	-45.0000	-1.12203
		endloop
	endfacet
	facet normal	0.000000	1.00000	0.000000
		outer loop
			vertex	-7.83807	-45.0000	-1.56859
			vertex	-6.35340	-45.0000	-1.12203
			vertex	-7.70861	-45.0000	-1.83292
		endloop
	endfacet
	facet normal	0.000000	1.00000	0.000000
		outer loop
			vertex	-6.35340	-45.0000	-1.12203
			vertex	-7.83807	-45.0000	-1.56859
			vertex	-6.57643	-45.0000	-0.847455
		endloop
	endfacet
	facet normal	0.000000	1.00000	0.000000
		outer loop
			vertex	-7.20190	-45.0000	-0.364031
			vertex	-6.57643	-45.0000	-0.847455
			vertex	-7.83807	-45.0000	-1.56859
		endloop
	endfacet
	facet normal	0.000000	1.00000	0.000000
		outer loop
			vertex	-6.57643	-45.0000	-0.847455
			vertex	-7.20190	-45.0000	-0.364031
			vertex	-6.85133	-45.0000	-0.599156
		endloop
	endfacet
	facet normal	0.000000	-1.00000	0.000000
		outer loop
			vertex	-6.36756	-45.5000	-3.86572
			vertex	-7.69522	-45.5000	-3.02010
			vertex	-7.80462	-45.5000	-3.24100
		endloop
	endfacet
	facet normal	0.000000	-1.00000	0.000000
		outer loop
			vertex	-7.44186	-45.5000	-4.72515
			vertex	-7.10159	-45.5000	-4.54459
			vertex	-7.95491	-45.5000	-3.42195
		endloop
	endfacet
	facet normal	0.000000	-1.00000	0.000000
		outer loop
			vertex	-6.78488	-45.5000	-4.31411
			vertex	-7.95491	-45.5000	-3.42195
			vertex	-7.10159	-45.5000	-4.54459
		endloop
	endfacet
	facet normal	0.000000	-1.00000	0.000000
		outer loop
			vertex	-7.95491	-45.5000	-3.42195
			vertex	-6.78488	-45.5000	-4.31411
			vertex	-7.80462	-45.5000	-3.24100
		endloop
	endfacet
	facet normal	0.000000	-1.00000	0.000000
		outer loop
			vertex	-6.58233	-45.5000	-4.12740
			vertex	-7.80462	-45.5000	-3.24100
			vertex	-6.78488	-45.5000	-4.31411
		endloop
	endfacet
	facet normal	0.000000	-1.00000	0.000000
		outer loop
			vertex	-7.80462	-45.5000	-3.24100
			vertex	-6.58233	-45.5000	-4.12740
			vertex	-6.36756	-45.5000	-3.86572
		endloop
	endfacet
	facet normal	0.000000	-1.00000	0.000000
		outer loop
			vertex	-7.70861	-45.5000	-1.83292
			vertex	-6.35340	-45.5000	-1.12203
			vertex	-7.83807	-45.5000	-1.56859
		endloop
	endfacet
	facet normal	0.000000	-1.00000	0.000000
		outer loop
			vertex	-6.57643	-45.5000	-0.847455
			vertex	-7.83807	-45.5000	-1.56859
			vertex	-6.35340	-45.5000	-1.12203
		endloop
	endfacet
	facet normal	0.000000	-1.00000	0.000000
		outer loop
			vertex	-7.83807	-45.5000	-1.56859
			vertex	-6.57643	-45.5000	-0.847455
			vertex	-7.99390	-45.5000	-1.35443
		endloop
	endfacet
	facet normal	0.000000	-1.00000	0.000000
		outer loop
			vertex	-6.36756	-45.5000	-3.86572
			vertex	-6.19728	-45.5000	-3.57230
			vertex	-7.69522	-45.5000	-3.02010
		endloop
	endfacet
	facet normal	0.000000	-1.00000	0.000000
		outer loop
			vertex	-6.07152	-45.5000	-3.24191
			vertex	-7.69522	-45.5000	-3.02010
			vertex	-6.19728	-45.5000	-3.57230
		endloop
	endfacet
	facet normal	0.000000	-1.00000	0.000000
		outer loop
			vertex	-7.69522	-45.5000	-3.02010
			vertex	-6.07152	-45.5000	-3.24191
			vertex	-7.62926	-45.5000	-2.76725
		endloop
	endfacet
	facet normal	0.000000	-1.00000	0.000000
		outer loop
			vertex	-5.99293	-45.5000	-2.86839
			vertex	-7.62926	-45.5000	-2.76725
			vertex	-6.07152	-45.5000	-3.24191
		endloop
	endfacet
	facet normal	0.000000	-1.00000	0.000000
		outer loop
			vertex	-7.62926	-45.5000	-2.76725
			vertex	-5.99293	-45.5000	-2.86839
			vertex	-7.60327	-45.5000	-2.43570
		endloop
	endfacet
	facet normal	0.000000	-1.00000	0.000000
		outer loop
			vertex	-7.95491	-45.5000	-3.42195
			vertex	-8.13392	-45.5000	-3.55729
			vertex	-7.44186	-45.5000	-4.72515
		endloop
	endfacet
	facet normal	0.000000	-1.00000	0.000000
		outer loop
			vertex	-8.17615	-45.5000	-3.58145
			vertex	-7.44186	-45.5000	-4.72515
			vertex	-8.13392	-45.5000	-3.55729
		endloop
	endfacet
	facet normal	0.000000	-1.00000	0.000000
		outer loop
			vertex	-7.44186	-45.5000	-4.72515
			vertex	-8.17615	-45.5000	-3.58145
			vertex	-7.80379	-45.5000	-4.85568
		endloop
	endfacet
	facet normal	0.000000	-1.00000	0.000000
		outer loop
			vertex	-8.44175	-45.5000	-3.69322
			vertex	-7.80379	-45.5000	-4.85568
			vertex	-8.17615	-45.5000	-3.58145
		endloop
	endfacet
	facet normal	0.000000	-1.00000	0.000000
		outer loop
			vertex	-7.80379	-45.5000	-4.85568
			vertex	-8.44175	-45.5000	-3.69322
			vertex	-7.99299	-45.5000	-4.90257
		endloop
	endfacet
	facet normal	0.000000	-1.00000	0.000000
		outer loop
			vertex	-7.99299	-45.5000	-4.90257
			vertex	-8.44175	-45.5000	-3.69322
			vertex	-8.49031	-45.5000	-4.97785
		endloop
	endfacet
	facet normal	0.000000	-1.00000	0.000000
		outer loop
			vertex	-8.79059	-45.5000	-3.78189
			vertex	-8.49031	-45.5000	-4.97785
			vertex	-8.44175	-45.5000	-3.69322
		endloop
	endfacet
	facet normal	0.000000	-1.00000	0.000000
		outer loop
			vertex	-8.49031	-45.5000	-4.97785
			vertex	-8.79059	-45.5000	-3.78189
			vertex	-9.16949	-45.5000	-5.02677
		endloop
	endfacet
	facet normal	0.000000	-1.00000	0.000000
		outer loop
			vertex	-9.26750	-45.5000	-3.84991
			vertex	-9.16949	-45.5000	-5.02677
			vertex	-8.79059	-45.5000	-3.78189
		endloop
	endfacet
	facet normal	0.000000	-1.00000	0.000000
		outer loop
			vertex	-9.16949	-45.5000	-5.02677
			vertex	-9.26750	-45.5000	-3.84991
			vertex	-10.1754	-45.5000	-5.04677
		endloop
	endfacet
	facet normal	0.000000	-1.00000	0.000000
		outer loop
			vertex	-8.91966	-45.5000	0.994181
			vertex	-9.26295	-45.5000	0.859326
			vertex	-11.6563	-45.5000	-0.331255
		endloop
	endfacet
	facet normal	0.000000	-1.00000	0.000000
		outer loop
			vertex	-9.68417	-45.5000	0.750569
			vertex	-11.6563	-45.5000	-0.331255
			vertex	-9.26295	-45.5000	0.859326
		endloop
	endfacet
	facet normal	0.000000	-1.00000	0.000000
		outer loop
			vertex	-11.6563	-45.5000	-0.331255
			vertex	-9.68417	-45.5000	0.750569
			vertex	-10.1966	-45.5000	0.672655
		endloop
	endfacet
	facet normal	0.000000	-1.00000	0.000000
		outer loop
			vertex	-7.33991	-45.5000	0.842448
			vertex	-7.06157	-45.5000	1.09899
			vertex	-8.24406	-45.5000	1.54719
		endloop
	endfacet
	facet normal	0.000000	-1.00000	0.000000
		outer loop
			vertex	-8.12090	-45.5000	1.78080
			vertex	-8.24406	-45.5000	1.54719
			vertex	-7.06157	-45.5000	1.09899
		endloop
	endfacet
	facet normal	0.000000	-1.00000	0.000000
		outer loop
			vertex	-5.99293	-45.5000	-2.86839
			vertex	-5.96648	-45.5000	-2.45908
			vertex	-7.60327	-45.5000	-2.43570
		endloop
	endfacet
	facet normal	0.000000	-1.00000	0.000000
		outer loop
			vertex	-5.99112	-45.5000	-2.08225
			vertex	-7.60327	-45.5000	-2.43570
			vertex	-5.96648	-45.5000	-2.45908
		endloop
	endfacet
	facet normal	0.000000	-1.00000	0.000000
		outer loop
			vertex	-7.60327	-45.5000	-2.43570
			vertex	-5.99112	-45.5000	-2.08225
			vertex	-7.63101	-45.5000	-2.11527
		endloop
	endfacet
	facet normal	0.000000	-1.00000	0.000000
		outer loop
			vertex	-6.06382	-45.5000	-1.73617
			vertex	-7.63101	-45.5000	-2.11527
			vertex	-5.99112	-45.5000	-2.08225
		endloop
	endfacet
	facet normal	0.000000	-1.00000	0.000000
		outer loop
			vertex	-7.63101	-45.5000	-2.11527
			vertex	-6.06382	-45.5000	-1.73617
			vertex	-7.70861	-45.5000	-1.83292
		endloop
	endfacet
	facet normal	0.000000	-1.00000	0.000000
		outer loop
			vertex	-6.18396	-45.5000	-1.41743
			vertex	-7.70861	-45.5000	-1.83292
			vertex	-6.06382	-45.5000	-1.73617
		endloop
	endfacet
	facet normal	0.000000	-1.00000	0.000000
		outer loop
			vertex	-7.70861	-45.5000	-1.83292
			vertex	-6.18396	-45.5000	-1.41743
			vertex	-6.35340	-45.5000	-1.12203
		endloop
	endfacet
	facet normal	0.000000	-1.00000	0.000000
		outer loop
			vertex	-11.6563	-45.5000	-3.89322
			vertex	-13.1917	-45.5000	-5.04677
			vertex	-10.2689	-45.5000	-3.89322
		endloop
	endfacet
	facet normal	0.000000	-1.00000	0.000000
		outer loop
			vertex	-10.1754	-45.5000	-5.04677
			vertex	-10.2689	-45.5000	-3.89322
			vertex	-13.1917	-45.5000	-5.04677
		endloop
	endfacet
	facet normal	0.000000	-1.00000	0.000000
		outer loop
			vertex	-10.2689	-45.5000	-3.89322
			vertex	-10.1754	-45.5000	-5.04677
			vertex	-9.90284	-45.5000	-3.88832
		endloop
	endfacet
	facet normal	0.000000	-1.00000	0.000000
		outer loop
			vertex	-9.26750	-45.5000	-3.84991
			vertex	-9.90284	-45.5000	-3.88832
			vertex	-10.1754	-45.5000	-5.04677
		endloop
	endfacet
	facet normal	0.000000	-1.00000	0.000000
		outer loop
			vertex	-10.1966	-45.5000	0.672655
			vertex	-10.8152	-45.5000	0.631785
			vertex	-11.6563	-45.5000	-0.331255
		endloop
	endfacet
	facet normal	0.000000	-1.00000	0.000000
		outer loop
			vertex	-11.1185	-45.5000	0.627436
			vertex	-11.6563	-45.5000	-0.331255
			vertex	-10.8152	-45.5000	0.631785
		endloop
	endfacet
	facet normal	0.000000	-1.00000	0.000000
		outer loop
			vertex	-11.6563	-45.5000	-0.331255
			vertex	-11.1185	-45.5000	0.627436
			vertex	-11.6563	-45.5000	0.627436
		endloop
	endfacet
	facet normal	0.000000	-1.00000	0.000000
		outer loop
			vertex	-6.59344	-45.5000	3.45502
			vertex	-8.13512	-45.5000	3.00407
			vertex	-8.05710	-45.5000	2.76286
		endloop
	endfacet
	facet normal	0.000000	-1.00000	0.000000
		outer loop
			vertex	-6.57643	-45.5000	-0.847455
			vertex	-6.85133	-45.5000	-0.599156
			vertex	-7.99390	-45.5000	-1.35443
		endloop
	endfacet
	facet normal	0.000000	-1.00000	0.000000
		outer loop
			vertex	-7.20190	-45.5000	-0.364031
			vertex	-7.99390	-45.5000	-1.35443
			vertex	-6.85133	-45.5000	-0.599156
		endloop
	endfacet
	facet normal	0.000000	-1.00000	0.000000
		outer loop
			vertex	-7.99390	-45.5000	-1.35443
			vertex	-7.20190	-45.5000	-0.364031
			vertex	-8.23736	-45.5000	-1.11581
		endloop
	endfacet
	facet normal	0.000000	-1.00000	0.000000
		outer loop
			vertex	-7.63173	-45.5000	-0.151569
			vertex	-8.23736	-45.5000	-1.11581
			vertex	-7.20190	-45.5000	-0.364031
		endloop
	endfacet
	facet normal	0.000000	-1.00000	0.000000
		outer loop
			vertex	-8.23736	-45.5000	-1.11581
			vertex	-7.63173	-45.5000	-0.151569
			vertex	-8.54248	-45.5000	-0.900234
		endloop
	endfacet
	facet normal	0.000000	-1.00000	0.000000
		outer loop
			vertex	-8.15210	-45.5000	0.0342871
			vertex	-8.54248	-45.5000	-0.900234
			vertex	-7.63173	-45.5000	-0.151569
		endloop
	endfacet
	facet normal	0.000000	-1.00000	0.000000
		outer loop
			vertex	-8.54248	-45.5000	-0.900234
			vertex	-8.15210	-45.5000	0.0342871
			vertex	-8.88681	-45.5000	-0.720759
		endloop
	endfacet
	facet normal	0.000000	-1.00000	0.000000
		outer loop
			vertex	-8.74903	-45.5000	0.183164
			vertex	-8.88681	-45.5000	-0.720759
			vertex	-8.15210	-45.5000	0.0342871
		endloop
	endfacet
	facet normal	0.000000	-1.00000	0.000000
		outer loop
			vertex	-11.6563	-45.5000	-3.89322
			vertex	-11.6563	-45.5000	-0.331255
			vertex	-13.1917	-45.5000	-5.04677
		endloop
	endfacet
	facet normal	0.000000	-1.00000	0.000000
		outer loop
			vertex	-11.6563	-45.5000	0.627436
			vertex	-13.1917	-45.5000	-5.04677
			vertex	-11.6563	-45.5000	-0.331255
		endloop
	endfacet
	facet normal	0.000000	-1.00000	0.000000
		outer loop
			vertex	-13.1917	-45.5000	-5.04677
			vertex	-11.6563	-45.5000	0.627436
			vertex	-13.1917	-45.5000	4.95323
		endloop
	endfacet
	facet normal	0.000000	-1.00000	0.000000
		outer loop
			vertex	-11.6563	-45.5000	3.79969
			vertex	-13.1917	-45.5000	4.95323
			vertex	-11.6563	-45.5000	0.627436
		endloop
	endfacet
	facet normal	0.000000	-1.00000	0.000000
		outer loop
			vertex	-13.1917	-45.5000	4.95323
			vertex	-11.6563	-45.5000	3.79969
			vertex	-9.96493	-45.5000	4.95323
		endloop
	endfacet
	facet normal	0.000000	-1.00000	0.000000
		outer loop
			vertex	-10.4321	-45.5000	-0.357588
			vertex	-9.83647	-45.5000	-0.435675
			vertex	-8.74903	-45.5000	0.183164
		endloop
	endfacet
	facet normal	0.000000	-1.00000	0.000000
		outer loop
			vertex	-9.32454	-45.5000	-0.558668
			vertex	-8.74903	-45.5000	0.183164
			vertex	-9.83647	-45.5000	-0.435675
		endloop
	endfacet
	facet normal	0.000000	-1.00000	0.000000
		outer loop
			vertex	-8.74903	-45.5000	0.183164
			vertex	-9.32454	-45.5000	-0.558668
			vertex	-8.88681	-45.5000	-0.720759
		endloop
	endfacet
	facet normal	0.000000	-1.00000	0.000000
		outer loop
			vertex	-6.59344	-45.5000	3.45502
			vertex	-6.72683	-45.5000	3.73943
			vertex	-8.13512	-45.5000	3.00407
		endloop
	endfacet
	facet normal	0.000000	-1.00000	0.000000
		outer loop
			vertex	-6.90745	-45.5000	3.99639
			vertex	-8.13512	-45.5000	3.00407
			vertex	-6.72683	-45.5000	3.73943
		endloop
	endfacet
	facet normal	0.000000	-1.00000	0.000000
		outer loop
			vertex	-8.13512	-45.5000	3.00407
			vertex	-6.90745	-45.5000	3.99639
			vertex	-8.25341	-45.5000	3.20703
		endloop
	endfacet
	facet normal	0.000000	-1.00000	0.000000
		outer loop
			vertex	-7.14038	-45.5000	4.22806
			vertex	-8.25341	-45.5000	3.20703
			vertex	-6.90745	-45.5000	3.99639
		endloop
	endfacet
	facet normal	0.000000	-1.00000	0.000000
		outer loop
			vertex	-8.25341	-45.5000	3.20703
			vertex	-7.14038	-45.5000	4.22806
			vertex	-8.41369	-45.5000	3.37391
		endloop
	endfacet
	facet normal	0.000000	-1.00000	0.000000
		outer loop
			vertex	-7.42369	-45.5000	4.42884
			vertex	-8.41369	-45.5000	3.37391
			vertex	-7.14038	-45.5000	4.22806
		endloop
	endfacet
	facet normal	0.000000	-1.00000	0.000000
		outer loop
			vertex	-8.41369	-45.5000	3.37391
			vertex	-7.42369	-45.5000	4.42884
			vertex	-8.61652	-45.5000	3.50351
		endloop
	endfacet
	facet normal	0.000000	-1.00000	0.000000
		outer loop
			vertex	-7.78466	-45.5000	4.60919
			vertex	-8.61652	-45.5000	3.50351
			vertex	-7.42369	-45.5000	4.42884
		endloop
	endfacet
	facet normal	0.000000	-1.00000	0.000000
		outer loop
			vertex	-8.61652	-45.5000	3.50351
			vertex	-7.78466	-45.5000	4.60919
			vertex	-8.68343	-45.5000	3.53413
		endloop
	endfacet
	facet normal	0.000000	-1.00000	0.000000
		outer loop
			vertex	-8.22559	-45.5000	4.75789
			vertex	-8.68343	-45.5000	3.53413
			vertex	-7.78466	-45.5000	4.60919
		endloop
	endfacet
	facet normal	0.000000	-1.00000	0.000000
		outer loop
			vertex	-8.68343	-45.5000	3.53413
			vertex	-8.22559	-45.5000	4.75789
			vertex	-8.98004	-45.5000	3.63139
		endloop
	endfacet
	facet normal	0.000000	-1.00000	0.000000
		outer loop
			vertex	-8.70016	-45.5000	4.85998
			vertex	-8.98004	-45.5000	3.63139
			vertex	-8.22559	-45.5000	4.75789
		endloop
	endfacet
	facet normal	0.000000	-1.00000	0.000000
		outer loop
			vertex	-8.98004	-45.5000	3.63139
			vertex	-8.70016	-45.5000	4.85998
			vertex	-9.41490	-45.5000	3.71457
		endloop
	endfacet
	facet normal	0.000000	-1.00000	0.000000
		outer loop
			vertex	-9.25955	-45.5000	4.92704
			vertex	-9.41490	-45.5000	3.71457
			vertex	-8.70016	-45.5000	4.85998
		endloop
	endfacet
	facet normal	0.000000	-1.00000	0.000000
		outer loop
			vertex	-9.41490	-45.5000	3.71457
			vertex	-9.25955	-45.5000	4.92704
			vertex	-10.0257	-45.5000	3.77423
		endloop
	endfacet
	facet normal	0.000000	-1.00000	0.000000
		outer loop
			vertex	-9.96493	-45.5000	4.95323
			vertex	-10.0257	-45.5000	3.77423
			vertex	-9.25955	-45.5000	4.92704
		endloop
	endfacet
	facet normal	0.000000	-1.00000	0.000000
		outer loop
			vertex	-10.0257	-45.5000	3.77423
			vertex	-9.96493	-45.5000	4.95323
			vertex	-10.9392	-45.5000	3.79969
		endloop
	endfacet
	facet normal	0.000000	-1.00000	0.000000
		outer loop
			vertex	-11.6563	-45.5000	3.79969
			vertex	-10.9392	-45.5000	3.79969
			vertex	-9.96493	-45.5000	4.95323
		endloop
	endfacet
	facet normal	0.000000	-1.00000	0.000000
		outer loop
			vertex	-8.01926	-45.5000	2.47303
			vertex	-6.46157	-45.5000	2.78568
			vertex	-8.05710	-45.5000	2.76286
		endloop
	endfacet
	facet normal	0.000000	-1.00000	0.000000
		outer loop
			vertex	-6.50488	-45.5000	3.13899
			vertex	-8.05710	-45.5000	2.76286
			vertex	-6.46157	-45.5000	2.78568
		endloop
	endfacet
	facet normal	0.000000	-1.00000	0.000000
		outer loop
			vertex	-8.05710	-45.5000	2.76286
			vertex	-6.50488	-45.5000	3.13899
			vertex	-6.59344	-45.5000	3.45502
		endloop
	endfacet
	facet normal	0.000000	-1.00000	0.000000
		outer loop
			vertex	-7.06157	-45.5000	1.09899
			vertex	-6.87128	-45.5000	1.32796
			vertex	-8.12090	-45.5000	1.78080
		endloop
	endfacet
	facet normal	0.000000	-1.00000	0.000000
		outer loop
			vertex	-6.69261	-45.5000	1.61747
			vertex	-8.12090	-45.5000	1.78080
			vertex	-6.87128	-45.5000	1.32796
		endloop
	endfacet
	facet normal	0.000000	-1.00000	0.000000
		outer loop
			vertex	-8.12090	-45.5000	1.78080
			vertex	-6.69261	-45.5000	1.61747
			vertex	-8.04271	-45.5000	2.05354
		endloop
	endfacet
	facet normal	0.000000	-1.00000	0.000000
		outer loop
			vertex	-6.56348	-45.5000	1.92933
			vertex	-8.04271	-45.5000	2.05354
			vertex	-6.69261	-45.5000	1.61747
		endloop
	endfacet
	facet normal	0.000000	-1.00000	0.000000
		outer loop
			vertex	-8.04271	-45.5000	2.05354
			vertex	-6.56348	-45.5000	1.92933
			vertex	-8.01637	-45.5000	2.35776
		endloop
	endfacet
	facet normal	0.000000	-1.00000	0.000000
		outer loop
			vertex	-6.48414	-45.5000	2.26831
			vertex	-8.01637	-45.5000	2.35776
			vertex	-6.56348	-45.5000	1.92933
		endloop
	endfacet
	facet normal	0.000000	-1.00000	0.000000
		outer loop
			vertex	-8.01637	-45.5000	2.35776
			vertex	-6.48414	-45.5000	2.26831
			vertex	-8.01926	-45.5000	2.47303
		endloop
	endfacet
	facet normal	0.000000	-1.00000	0.000000
		outer loop
			vertex	-6.45752	-45.5000	2.63055
			vertex	-8.01926	-45.5000	2.47303
			vertex	-6.48414	-45.5000	2.26831
		endloop
	endfacet
	facet normal	0.000000	-1.00000	0.000000
		outer loop
			vertex	-8.01926	-45.5000	2.47303
			vertex	-6.45752	-45.5000	2.63055
			vertex	-6.46157	-45.5000	2.78568
		endloop
	endfacet
	facet normal	0.000000	-1.00000	0.000000
		outer loop
			vertex	-7.33991	-45.5000	0.842448
			vertex	-8.24406	-45.5000	1.54719
			vertex	-7.66228	-45.5000	0.618883
		endloop
	endfacet
	facet normal	0.000000	-1.00000	0.000000
		outer loop
			vertex	-8.41449	-45.5000	1.34007
			vertex	-7.66228	-45.5000	0.618883
			vertex	-8.24406	-45.5000	1.54719
		endloop
	endfacet
	facet normal	0.000000	-1.00000	0.000000
		outer loop
			vertex	-7.66228	-45.5000	0.618883
			vertex	-8.41449	-45.5000	1.34007
			vertex	-8.03468	-45.5000	0.425968
		endloop
	endfacet
	facet normal	0.000000	-1.00000	0.000000
		outer loop
			vertex	-8.63415	-45.5000	1.15800
			vertex	-8.03468	-45.5000	0.425968
			vertex	-8.41449	-45.5000	1.34007
		endloop
	endfacet
	facet normal	0.000000	-1.00000	0.000000
		outer loop
			vertex	-8.03468	-45.5000	0.425968
			vertex	-8.63415	-45.5000	1.15800
			vertex	-8.46319	-45.5000	0.264219
		endloop
	endfacet
	facet normal	0.000000	-1.00000	0.000000
		outer loop
			vertex	-8.91966	-45.5000	0.994181
			vertex	-8.46319	-45.5000	0.264219
			vertex	-8.63415	-45.5000	1.15800
		endloop
	endfacet
	facet normal	0.000000	-1.00000	0.000000
		outer loop
			vertex	-8.46319	-45.5000	0.264219
			vertex	-8.91966	-45.5000	0.994181
			vertex	-8.74903	-45.5000	0.183164
		endloop
	endfacet
	facet normal	0.000000	-1.00000	0.000000
		outer loop
			vertex	-8.91966	-45.5000	0.994181
			vertex	-11.6563	-45.5000	-0.331255
			vertex	-8.74903	-45.5000	0.183164
		endloop
	endfacet
	facet normal	0.000000	-1.00000	0.000000
		outer loop
			vertex	-11.0951	-45.5000	-0.331255
			vertex	-8.74903	-45.5000	0.183164
			vertex	-11.6563	-45.5000	-0.331255
		endloop
	endfacet
	facet normal	0.000000	-1.00000	0.000000
		outer loop
			vertex	-8.74903	-45.5000	0.183164
			vertex	-11.0951	-45.5000	-0.331255
			vertex	-10.4321	-45.5000	-0.357588
		endloop
	endfacet
	facet normal	-1.00000	0.000000	0.000000
		outer loop
			vertex	5.61574	-45.0000	3.22291
			vertex	5.61574	-45.0000	2.06937
			vertex	5.61574	-45.5000	3.22291
		endloop
	endfacet
	facet normal	-1.00000	0.000000	0.000000
		outer loop
			vertex	5.61574	-45.5000	2.06937
			vertex	5.61574	-45.5000	3.22291
			vertex	5.61574	-45.0000	2.06937
		endloop
	endfacet
	facet normal	0.000000	0.000000	-1.00000
		outer loop
			vertex	5.61574	-45.0000	2.06937
			vertex	7.72798	-45.0000	2.06937
			vertex	5.61574	-45.5000	2.06937
		endloop
	endfacet
	facet normal	0.000000	0.000000	-1.00000
		outer loop
			vertex	7.72798	-45.5000	2.06937
			vertex	5.61574	-45.5000	2.06937
			vertex	7.72798	-45.0000	2.06937
		endloop
	endfacet
	facet normal	-1.00000	0.000000	0.000000
		outer loop
			vertex	7.72798	-45.0000	2.06937
			vertex	7.72798	-45.0000	-2.01481
			vertex	7.72798	-45.5000	2.06937
		endloop
	endfacet
	facet normal	-1.00000	0.000000	0.000000
		outer loop
			vertex	7.72798	-45.5000	-2.01481
			vertex	7.72798	-45.5000	2.06937
			vertex	7.72798	-45.0000	-2.01481
		endloop
	endfacet
	facet normal	-0.770561	0.000000	-0.637366
		outer loop
			vertex	8.40608	-45.0000	-4.56742
			vertex	8.40608	-45.5000	-4.56742
			vertex	8.22499	-45.5000	-4.34849
		endloop
	endfacet
	facet normal	-0.770561	0.000000	-0.637366
		outer loop
			vertex	8.40608	-45.0000	-4.56742
			vertex	8.22499	-45.5000	-4.34849
			vertex	8.22499	-45.0000	-4.34849
		endloop
	endfacet
	facet normal	-0.869318	0.000000	-0.494253
		outer loop
			vertex	8.07102	-45.5000	-4.07767
			vertex	8.22499	-45.0000	-4.34849
			vertex	8.22499	-45.5000	-4.34849
		endloop
	endfacet
	facet normal	-0.869318	0.000000	-0.494253
		outer loop
			vertex	8.22499	-45.0000	-4.34849
			vertex	8.07102	-45.5000	-4.07767
			vertex	8.07102	-45.0000	-4.07767
		endloop
	endfacet
	facet normal	-0.932504	0.000000	-0.361160
		outer loop
			vertex	7.94069	-45.5000	-3.74117
			vertex	8.07102	-45.0000	-4.07767
			vertex	8.07102	-45.5000	-4.07767
		endloop
	endfacet
	facet normal	-0.932504	0.000000	-0.361160
		outer loop
			vertex	8.07102	-45.0000	-4.07767
			vertex	7.94069	-45.5000	-3.74117
			vertex	7.94069	-45.0000	-3.74117
		endloop
	endfacet
	facet normal	-0.969999	0.000000	-0.243110
		outer loop
			vertex	7.83691	-45.5000	-3.32709
			vertex	7.94069	-45.0000	-3.74117
			vertex	7.94069	-45.5000	-3.74117
		endloop
	endfacet
	facet normal	-0.969999	0.000000	-0.243110
		outer loop
			vertex	7.94069	-45.0000	-3.74117
			vertex	7.83691	-45.5000	-3.32709
			vertex	7.83691	-45.0000	-3.32709
		endloop
	endfacet
	facet normal	-0.989890	0.000000	-0.141839
		outer loop
			vertex	7.76449	-45.5000	-2.82165
			vertex	7.83691	-45.0000	-3.32709
			vertex	7.83691	-45.5000	-3.32709
		endloop
	endfacet
	facet normal	-0.989890	0.000000	-0.141839
		outer loop
			vertex	7.83691	-45.0000	-3.32709
			vertex	7.76449	-45.5000	-2.82165
			vertex	7.76449	-45.0000	-2.82165
		endloop
	endfacet
	facet normal	-0.998405	0.000000	-0.0564655
		outer loop
			vertex	7.72987	-45.5000	-2.20948
			vertex	7.76449	-45.0000	-2.82165
			vertex	7.76449	-45.5000	-2.82165
		endloop
	endfacet
	facet normal	-0.998405	0.000000	-0.0564655
		outer loop
			vertex	7.76449	-45.0000	-2.82165
			vertex	7.72987	-45.5000	-2.20948
			vertex	7.72987	-45.0000	-2.20948
		endloop
	endfacet
	facet normal	-0.999953	0.000000	-0.00967607
		outer loop
			vertex	7.72798	-45.5000	-2.01481
			vertex	7.72987	-45.0000	-2.20948
			vertex	7.72987	-45.5000	-2.20948
		endloop
	endfacet
	facet normal	-0.999953	0.000000	-0.00967607
		outer loop
			vertex	7.72987	-45.0000	-2.20948
			vertex	7.72798	-45.5000	-2.01481
			vertex	7.72798	-45.0000	-2.01481
		endloop
	endfacet
	facet normal	-0.0375965	0.000000	-0.999293
		outer loop
			vertex	10.9626	-45.0000	-5.24162
			vertex	10.9626	-45.5000	-5.24162
			vertex	10.2708	-45.5000	-5.21559
		endloop
	endfacet
	facet normal	-0.0375965	0.000000	-0.999293
		outer loop
			vertex	10.9626	-45.0000	-5.24162
			vertex	10.2708	-45.5000	-5.21559
			vertex	10.2708	-45.0000	-5.21559
		endloop
	endfacet
	facet normal	-0.122745	0.000000	-0.992438
		outer loop
			vertex	9.74171	-45.5000	-5.15016
			vertex	10.2708	-45.0000	-5.21559
			vertex	10.2708	-45.5000	-5.21559
		endloop
	endfacet
	facet normal	-0.122745	0.000000	-0.992438
		outer loop
			vertex	10.2708	-45.0000	-5.21559
			vertex	9.74171	-45.5000	-5.15016
			vertex	9.74171	-45.0000	-5.15016
		endloop
	endfacet
	facet normal	-0.220550	0.000000	-0.975376
		outer loop
			vertex	9.30859	-45.5000	-5.05222
			vertex	9.74171	-45.0000	-5.15016
			vertex	9.74171	-45.5000	-5.15016
		endloop
	endfacet
	facet normal	-0.220550	0.000000	-0.975376
		outer loop
			vertex	9.74171	-45.0000	-5.15016
			vertex	9.30859	-45.5000	-5.05222
			vertex	9.30859	-45.0000	-5.05222
		endloop
	endfacet
	facet normal	-0.334743	0.000000	-0.942310
		outer loop
			vertex	8.95754	-45.5000	-4.92752
			vertex	9.30859	-45.0000	-5.05222
			vertex	9.30859	-45.5000	-5.05222
		endloop
	endfacet
	facet normal	-0.334743	0.000000	-0.942310
		outer loop
			vertex	9.30859	-45.0000	-5.05222
			vertex	8.95754	-45.5000	-4.92752
			vertex	8.95754	-45.0000	-4.92752
		endloop
	endfacet
	facet normal	-0.463770	0.000000	-0.885956
		outer loop
			vertex	8.67617	-45.5000	-4.78023
			vertex	8.95754	-45.0000	-4.92752
			vertex	8.95754	-45.5000	-4.92752
		endloop
	endfacet
	facet normal	-0.463770	0.000000	-0.885956
		outer loop
			vertex	8.95754	-45.0000	-4.92752
			vertex	8.67617	-45.5000	-4.78023
			vertex	8.67617	-45.0000	-4.78023
		endloop
	endfacet
	facet normal	-0.601554	0.000000	-0.798832
		outer loop
			vertex	8.45437	-45.5000	-4.61320
			vertex	8.67617	-45.0000	-4.78023
			vertex	8.67617	-45.5000	-4.78023
		endloop
	endfacet
	facet normal	-0.601554	0.000000	-0.798832
		outer loop
			vertex	8.67617	-45.0000	-4.78023
			vertex	8.45437	-45.5000	-4.61320
			vertex	8.45437	-45.0000	-4.61320
		endloop
	endfacet
	facet normal	-0.688016	0.000000	-0.725695
		outer loop
			vertex	8.40608	-45.5000	-4.56742
			vertex	8.45437	-45.0000	-4.61320
			vertex	8.45437	-45.5000	-4.61320
		endloop
	endfacet
	facet normal	-0.688016	0.000000	-0.725695
		outer loop
			vertex	8.45437	-45.0000	-4.61320
			vertex	8.40608	-45.5000	-4.56742
			vertex	8.40608	-45.0000	-4.56742
		endloop
	endfacet
	facet normal	0.142727	0.000000	-0.989762
		outer loop
			vertex	13.1917	-45.0000	-5.03897
			vertex	13.1917	-45.5000	-5.03897
			vertex	12.3278	-45.5000	-5.16356
		endloop
	endfacet
	facet normal	0.142727	0.000000	-0.989762
		outer loop
			vertex	13.1917	-45.0000	-5.03897
			vertex	12.3278	-45.5000	-5.16356
			vertex	12.3278	-45.0000	-5.16356
		endloop
	endfacet
	facet normal	0.0786135	0.000000	-0.996905
		outer loop
			vertex	11.4891	-45.5000	-5.22969
			vertex	12.3278	-45.0000	-5.16356
			vertex	12.3278	-45.5000	-5.16356
		endloop
	endfacet
	facet normal	0.0786135	0.000000	-0.996905
		outer loop
			vertex	12.3278	-45.0000	-5.16356
			vertex	11.4891	-45.5000	-5.22969
			vertex	11.4891	-45.0000	-5.22969
		endloop
	endfacet
	facet normal	0.0226516	0.000000	-0.999743
		outer loop
			vertex	10.9626	-45.5000	-5.24162
			vertex	11.4891	-45.0000	-5.22969
			vertex	11.4891	-45.5000	-5.22969
		endloop
	endfacet
	facet normal	0.0226516	0.000000	-0.999743
		outer loop
			vertex	11.4891	-45.0000	-5.22969
			vertex	10.9626	-45.5000	-5.24162
			vertex	10.9626	-45.0000	-5.24162
		endloop
	endfacet
	facet normal	1.00000	0.000000	0.000000
		outer loop
			vertex	13.1917	-45.0000	-5.03897
			vertex	13.1917	-45.0000	-3.86984
			vertex	13.1917	-45.5000	-5.03897
		endloop
	endfacet
	facet normal	1.00000	0.000000	0.000000
		outer loop
			vertex	13.1917	-45.5000	-3.86984
			vertex	13.1917	-45.5000	-5.03897
			vertex	13.1917	-45.0000	-3.86984
		endloop
	endfacet
	facet normal	-0.0401442	0.000000	0.999194
		outer loop
			vertex	11.2899	-45.0000	-4.08807
			vertex	11.2899	-45.5000	-4.08807
			vertex	11.9629	-45.5000	-4.06104
		endloop
	endfacet
	facet normal	-0.0401442	0.000000	0.999194
		outer loop
			vertex	11.2899	-45.0000	-4.08807
			vertex	11.9629	-45.5000	-4.06104
			vertex	11.9629	-45.0000	-4.06104
		endloop
	endfacet
	facet normal	-0.120332	0.000000	0.992734
		outer loop
			vertex	12.6317	-45.5000	-3.97996
			vertex	11.9629	-45.0000	-4.06104
			vertex	11.9629	-45.5000	-4.06104
		endloop
	endfacet
	facet normal	-0.120332	0.000000	0.992734
		outer loop
			vertex	11.9629	-45.0000	-4.06104
			vertex	12.6317	-45.5000	-3.97996
			vertex	12.6317	-45.0000	-3.97996
		endloop
	endfacet
	facet normal	-0.192961	0.000000	0.981206
		outer loop
			vertex	13.1917	-45.5000	-3.86984
			vertex	12.6317	-45.0000	-3.97996
			vertex	12.6317	-45.5000	-3.97996
		endloop
	endfacet
	facet normal	-0.192961	0.000000	0.981206
		outer loop
			vertex	12.6317	-45.0000	-3.97996
			vertex	13.1917	-45.5000	-3.86984
			vertex	13.1917	-45.0000	-3.86984
		endloop
	endfacet
	facet normal	0.470984	0.000000	0.882142
		outer loop
			vertex	9.74669	-45.0000	-3.73733
			vertex	9.74669	-45.5000	-3.73733
			vertex	10.0066	-45.5000	-3.87612
		endloop
	endfacet
	facet normal	0.470984	0.000000	0.882142
		outer loop
			vertex	9.74669	-45.0000	-3.73733
			vertex	10.0066	-45.5000	-3.87612
			vertex	10.0066	-45.0000	-3.87612
		endloop
	endfacet
	facet normal	0.319505	0.000000	0.947584
		outer loop
			vertex	10.3173	-45.5000	-3.98088
			vertex	10.0066	-45.0000	-3.87612
			vertex	10.0066	-45.5000	-3.87612
		endloop
	endfacet
	facet normal	0.319505	0.000000	0.947584
		outer loop
			vertex	10.0066	-45.0000	-3.87612
			vertex	10.3173	-45.5000	-3.98088
			vertex	10.3173	-45.0000	-3.98088
		endloop
	endfacet
	facet normal	0.186603	0.000000	0.982435
		outer loop
			vertex	10.6961	-45.5000	-4.05283
			vertex	10.3173	-45.0000	-3.98088
			vertex	10.3173	-45.5000	-3.98088
		endloop
	endfacet
	facet normal	0.186603	0.000000	0.982435
		outer loop
			vertex	10.3173	-45.0000	-3.98088
			vertex	10.6961	-45.5000	-4.05283
			vertex	10.6961	-45.0000	-4.05283
		endloop
	endfacet
	facet normal	0.0730503	0.000000	0.997328
		outer loop
			vertex	11.1555	-45.5000	-4.08648
			vertex	10.6961	-45.0000	-4.05283
			vertex	10.6961	-45.5000	-4.05283
		endloop
	endfacet
	facet normal	0.0730503	0.000000	0.997328
		outer loop
			vertex	10.6961	-45.0000	-4.05283
			vertex	11.1555	-45.5000	-4.08648
			vertex	11.1555	-45.0000	-4.08648
		endloop
	endfacet
	facet normal	0.0118597	0.000000	0.999930
		outer loop
			vertex	11.2899	-45.5000	-4.08807
			vertex	11.1555	-45.0000	-4.08648
			vertex	11.1555	-45.5000	-4.08648
		endloop
	endfacet
	facet normal	0.0118597	0.000000	0.999930
		outer loop
			vertex	11.1555	-45.0000	-4.08648
			vertex	11.2899	-45.5000	-4.08807
			vertex	11.2899	-45.0000	-4.08807
		endloop
	endfacet
	facet normal	0.900090	0.000000	0.435703
		outer loop
			vertex	9.36087	-45.0000	-3.26189
			vertex	9.36087	-45.5000	-3.26189
			vertex	9.44981	-45.5000	-3.44562
		endloop
	endfacet
	facet normal	0.900090	0.000000	0.435703
		outer loop
			vertex	9.36087	-45.0000	-3.26189
			vertex	9.44981	-45.5000	-3.44562
			vertex	9.44981	-45.0000	-3.44562
		endloop
	endfacet
	facet normal	0.763990	0.000000	0.645228
		outer loop
			vertex	9.59058	-45.5000	-3.61230
			vertex	9.44981	-45.0000	-3.44562
			vertex	9.44981	-45.5000	-3.44562
		endloop
	endfacet
	facet normal	0.763990	0.000000	0.645228
		outer loop
			vertex	9.44981	-45.0000	-3.44562
			vertex	9.59058	-45.5000	-3.61230
			vertex	9.59058	-45.0000	-3.61230
		endloop
	endfacet
	facet normal	0.625158	0.000000	0.780498
		outer loop
			vertex	9.74669	-45.5000	-3.73733
			vertex	9.59058	-45.0000	-3.61230
			vertex	9.59058	-45.5000	-3.61230
		endloop
	endfacet
	facet normal	0.625158	0.000000	0.780498
		outer loop
			vertex	9.59058	-45.0000	-3.61230
			vertex	9.74669	-45.5000	-3.73733
			vertex	9.74669	-45.0000	-3.73733
		endloop
	endfacet
	facet normal	0.999330	0.000000	0.0366000
		outer loop
			vertex	9.27124	-45.0000	-2.26422
			vertex	9.27124	-45.5000	-2.26422
			vertex	9.29365	-45.5000	-2.87607
		endloop
	endfacet
	facet normal	0.999330	0.000000	0.0366000
		outer loop
			vertex	9.27124	-45.0000	-2.26422
			vertex	9.29365	-45.5000	-2.87607
			vertex	9.29365	-45.0000	-2.87607
		endloop
	endfacet
	facet normal	0.988894	0.000000	0.148622
		outer loop
			vertex	9.34108	-45.5000	-3.19168
			vertex	9.29365	-45.0000	-2.87607
			vertex	9.29365	-45.5000	-2.87607
		endloop
	endfacet
	facet normal	0.988894	0.000000	0.148622
		outer loop
			vertex	9.29365	-45.0000	-2.87607
			vertex	9.34108	-45.5000	-3.19168
			vertex	9.34108	-45.0000	-3.19168
		endloop
	endfacet
	facet normal	0.962484	0.000000	0.271337
		outer loop
			vertex	9.36087	-45.5000	-3.26189
			vertex	9.34108	-45.0000	-3.19168
			vertex	9.34108	-45.5000	-3.19168
		endloop
	endfacet
	facet normal	0.962484	0.000000	0.271337
		outer loop
			vertex	9.34108	-45.0000	-3.19168
			vertex	9.36087	-45.5000	-3.26189
			vertex	9.36087	-45.0000	-3.26189
		endloop
	endfacet
	facet normal	1.00000	0.000000	0.000000
		outer loop
			vertex	9.27124	-45.0000	-2.26422
			vertex	9.27124	-45.0000	2.06937
			vertex	9.27124	-45.5000	-2.26422
		endloop
	endfacet
	facet normal	1.00000	0.000000	0.000000
		outer loop
			vertex	9.27124	-45.5000	2.06937
			vertex	9.27124	-45.5000	-2.26422
			vertex	9.27124	-45.0000	2.06937
		endloop
	endfacet
	facet normal	0.000000	0.000000	-1.00000
		outer loop
			vertex	9.27124	-45.0000	2.06937
			vertex	13.0203	-45.0000	2.06937
			vertex	9.27124	-45.5000	2.06937
		endloop
	endfacet
	facet normal	0.000000	0.000000	-1.00000
		outer loop
			vertex	13.0203	-45.5000	2.06937
			vertex	9.27124	-45.5000	2.06937
			vertex	13.0203	-45.0000	2.06937
		endloop
	endfacet
	facet normal	1.00000	0.000000	0.000000
		outer loop
			vertex	13.0203	-45.0000	2.06937
			vertex	13.0203	-45.0000	3.22291
			vertex	13.0203	-45.5000	2.06937
		endloop
	endfacet
	facet normal	1.00000	0.000000	0.000000
		outer loop
			vertex	13.0203	-45.5000	3.22291
			vertex	13.0203	-45.5000	2.06937
			vertex	13.0203	-45.0000	3.22291
		endloop
	endfacet
	facet normal	0.000000	0.000000	1.00000
		outer loop
			vertex	13.0203	-45.0000	3.22291
			vertex	9.27124	-45.0000	3.22291
			vertex	13.0203	-45.5000	3.22291
		endloop
	endfacet
	facet normal	0.000000	0.000000	1.00000
		outer loop
			vertex	9.27124	-45.5000	3.22291
			vertex	13.0203	-45.5000	3.22291
			vertex	9.27124	-45.0000	3.22291
		endloop
	endfacet
	facet normal	1.00000	0.000000	0.000000
		outer loop
			vertex	9.27124	-45.0000	3.22291
			vertex	9.27124	-45.0000	5.04677
			vertex	9.27124	-45.5000	3.22291
		endloop
	endfacet
	facet normal	1.00000	0.000000	0.000000
		outer loop
			vertex	9.27124	-45.5000	5.04677
			vertex	9.27124	-45.5000	3.22291
			vertex	9.27124	-45.0000	5.04677
		endloop
	endfacet
	facet normal	0.000000	0.000000	1.00000
		outer loop
			vertex	9.27124	-45.0000	5.04677
			vertex	7.72798	-45.0000	5.04677
			vertex	9.27124	-45.5000	5.04677
		endloop
	endfacet
	facet normal	0.000000	0.000000	1.00000
		outer loop
			vertex	7.72798	-45.5000	5.04677
			vertex	9.27124	-45.5000	5.04677
			vertex	7.72798	-45.0000	5.04677
		endloop
	endfacet
	facet normal	-1.00000	0.000000	0.000000
		outer loop
			vertex	7.72798	-45.0000	5.04677
			vertex	7.72798	-45.0000	3.22291
			vertex	7.72798	-45.5000	5.04677
		endloop
	endfacet
	facet normal	-1.00000	0.000000	0.000000
		outer loop
			vertex	7.72798	-45.5000	3.22291
			vertex	7.72798	-45.5000	5.04677
			vertex	7.72798	-45.0000	3.22291
		endloop
	endfacet
	facet normal	0.000000	0.000000	1.00000
		outer loop
			vertex	7.72798	-45.0000	3.22291
			vertex	5.61574	-45.0000	3.22291
			vertex	7.72798	-45.5000	3.22291
		endloop
	endfacet
	facet normal	0.000000	0.000000	1.00000
		outer loop
			vertex	5.61574	-45.5000	3.22291
			vertex	7.72798	-45.5000	3.22291
			vertex	5.61574	-45.0000	3.22291
		endloop
	endfacet
	facet normal	0.000000	1.00000	0.000000
		outer loop
			vertex	12.6317	-45.0000	-3.97996
			vertex	13.1917	-45.0000	-3.86984
			vertex	13.1917	-45.0000	-5.03897
		endloop
	endfacet
	facet normal	0.000000	1.00000	0.000000
		outer loop
			vertex	5.61574	-45.0000	2.06937
			vertex	5.61574	-45.0000	3.22291
			vertex	7.72798	-45.0000	2.06937
		endloop
	endfacet
	facet normal	0.000000	1.00000	0.000000
		outer loop
			vertex	7.72798	-45.0000	3.22291
			vertex	7.72798	-45.0000	2.06937
			vertex	5.61574	-45.0000	3.22291
		endloop
	endfacet
	facet normal	0.000000	1.00000	0.000000
		outer loop
			vertex	7.72798	-45.0000	5.04677
			vertex	9.27124	-45.0000	5.04677
			vertex	7.72798	-45.0000	3.22291
		endloop
	endfacet
	facet normal	0.000000	1.00000	0.000000
		outer loop
			vertex	9.27124	-45.0000	3.22291
			vertex	7.72798	-45.0000	3.22291
			vertex	9.27124	-45.0000	5.04677
		endloop
	endfacet
	facet normal	0.000000	1.00000	0.000000
		outer loop
			vertex	8.40608	-45.0000	-4.56742
			vertex	9.44981	-45.0000	-3.44562
			vertex	9.59058	-45.0000	-3.61230
		endloop
	endfacet
	facet normal	0.000000	1.00000	0.000000
		outer loop
			vertex	9.74669	-45.0000	-3.73733
			vertex	8.67617	-45.0000	-4.78023
			vertex	9.59058	-45.0000	-3.61230
		endloop
	endfacet
	facet normal	0.000000	1.00000	0.000000
		outer loop
			vertex	8.45437	-45.0000	-4.61320
			vertex	9.59058	-45.0000	-3.61230
			vertex	8.67617	-45.0000	-4.78023
		endloop
	endfacet
	facet normal	0.000000	1.00000	0.000000
		outer loop
			vertex	9.59058	-45.0000	-3.61230
			vertex	8.45437	-45.0000	-4.61320
			vertex	8.40608	-45.0000	-4.56742
		endloop
	endfacet
	facet normal	0.000000	1.00000	0.000000
		outer loop
			vertex	13.0203	-45.0000	3.22291
			vertex	13.0203	-45.0000	2.06937
			vertex	9.27124	-45.0000	3.22291
		endloop
	endfacet
	facet normal	0.000000	1.00000	0.000000
		outer loop
			vertex	9.27124	-45.0000	2.06937
			vertex	9.27124	-45.0000	3.22291
			vertex	13.0203	-45.0000	2.06937
		endloop
	endfacet
	facet normal	0.000000	1.00000	0.000000
		outer loop
			vertex	9.27124	-45.0000	3.22291
			vertex	9.27124	-45.0000	2.06937
			vertex	7.72798	-45.0000	3.22291
		endloop
	endfacet
	facet normal	0.000000	1.00000	0.000000
		outer loop
			vertex	9.27124	-45.0000	-2.26422
			vertex	7.72798	-45.0000	3.22291
			vertex	9.27124	-45.0000	2.06937
		endloop
	endfacet
	facet normal	0.000000	1.00000	0.000000
		outer loop
			vertex	7.72798	-45.0000	3.22291
			vertex	9.27124	-45.0000	-2.26422
			vertex	7.72798	-45.0000	2.06937
		endloop
	endfacet
	facet normal	0.000000	1.00000	0.000000
		outer loop
			vertex	9.29365	-45.0000	-2.87607
			vertex	7.72798	-45.0000	2.06937
			vertex	9.27124	-45.0000	-2.26422
		endloop
	endfacet
	facet normal	0.000000	1.00000	0.000000
		outer loop
			vertex	7.72798	-45.0000	2.06937
			vertex	9.29365	-45.0000	-2.87607
			vertex	7.72798	-45.0000	-2.01481
		endloop
	endfacet
	facet normal	0.000000	1.00000	0.000000
		outer loop
			vertex	8.40608	-45.0000	-4.56742
			vertex	8.22499	-45.0000	-4.34849
			vertex	9.44981	-45.0000	-3.44562
		endloop
	endfacet
	facet normal	0.000000	1.00000	0.000000
		outer loop
			vertex	8.07102	-45.0000	-4.07767
			vertex	9.44981	-45.0000	-3.44562
			vertex	8.22499	-45.0000	-4.34849
		endloop
	endfacet
	facet normal	0.000000	1.00000	0.000000
		outer loop
			vertex	9.44981	-45.0000	-3.44562
			vertex	8.07102	-45.0000	-4.07767
			vertex	9.36087	-45.0000	-3.26189
		endloop
	endfacet
	facet normal	0.000000	1.00000	0.000000
		outer loop
			vertex	7.94069	-45.0000	-3.74117
			vertex	9.36087	-45.0000	-3.26189
			vertex	8.07102	-45.0000	-4.07767
		endloop
	endfacet
	facet normal	0.000000	1.00000	0.000000
		outer loop
			vertex	9.36087	-45.0000	-3.26189
			vertex	7.94069	-45.0000	-3.74117
			vertex	9.34108	-45.0000	-3.19168
		endloop
	endfacet
	facet normal	0.000000	1.00000	0.000000
		outer loop
			vertex	7.83691	-45.0000	-3.32709
			vertex	9.34108	-45.0000	-3.19168
			vertex	7.94069	-45.0000	-3.74117
		endloop
	endfacet
	facet normal	0.000000	1.00000	0.000000
		outer loop
			vertex	9.34108	-45.0000	-3.19168
			vertex	7.83691	-45.0000	-3.32709
			vertex	9.29365	-45.0000	-2.87607
		endloop
	endfacet
	facet normal	0.000000	1.00000	0.000000
		outer loop
			vertex	7.76449	-45.0000	-2.82165
			vertex	9.29365	-45.0000	-2.87607
			vertex	7.83691	-45.0000	-3.32709
		endloop
	endfacet
	facet normal	0.000000	1.00000	0.000000
		outer loop
			vertex	9.29365	-45.0000	-2.87607
			vertex	7.76449	-45.0000	-2.82165
			vertex	7.72798	-45.0000	-2.01481
		endloop
	endfacet
	facet normal	0.000000	1.00000	0.000000
		outer loop
			vertex	7.72987	-45.0000	-2.20948
			vertex	7.72798	-45.0000	-2.01481
			vertex	7.76449	-45.0000	-2.82165
		endloop
	endfacet
	facet normal	0.000000	1.00000	0.000000
		outer loop
			vertex	12.6317	-45.0000	-3.97996
			vertex	13.1917	-45.0000	-5.03897
			vertex	11.9629	-45.0000	-4.06104
		endloop
	endfacet
	facet normal	0.000000	1.00000	0.000000
		outer loop
			vertex	12.3278	-45.0000	-5.16356
			vertex	11.9629	-45.0000	-4.06104
			vertex	13.1917	-45.0000	-5.03897
		endloop
	endfacet
	facet normal	0.000000	1.00000	0.000000
		outer loop
			vertex	11.9629	-45.0000	-4.06104
			vertex	12.3278	-45.0000	-5.16356
			vertex	11.2899	-45.0000	-4.08807
		endloop
	endfacet
	facet normal	0.000000	1.00000	0.000000
		outer loop
			vertex	11.4891	-45.0000	-5.22969
			vertex	11.2899	-45.0000	-4.08807
			vertex	12.3278	-45.0000	-5.16356
		endloop
	endfacet
	facet normal	0.000000	1.00000	0.000000
		outer loop
			vertex	11.2899	-45.0000	-4.08807
			vertex	11.4891	-45.0000	-5.22969
			vertex	11.1555	-45.0000	-4.08648
		endloop
	endfacet
	facet normal	0.000000	1.00000	0.000000
		outer loop
			vertex	10.9626	-45.0000	-5.24162
			vertex	11.1555	-45.0000	-4.08648
			vertex	11.4891	-45.0000	-5.22969
		endloop
	endfacet
	facet normal	0.000000	1.00000	0.000000
		outer loop
			vertex	11.1555	-45.0000	-4.08648
			vertex	10.9626	-45.0000	-5.24162
			vertex	10.6961	-45.0000	-4.05283
		endloop
	endfacet
	facet normal	0.000000	1.00000	0.000000
		outer loop
			vertex	10.2708	-45.0000	-5.21559
			vertex	10.6961	-45.0000	-4.05283
			vertex	10.9626	-45.0000	-5.24162
		endloop
	endfacet
	facet normal	0.000000	1.00000	0.000000
		outer loop
			vertex	10.6961	-45.0000	-4.05283
			vertex	10.2708	-45.0000	-5.21559
			vertex	10.3173	-45.0000	-3.98088
		endloop
	endfacet
	facet normal	0.000000	1.00000	0.000000
		outer loop
			vertex	9.74171	-45.0000	-5.15016
			vertex	10.3173	-45.0000	-3.98088
			vertex	10.2708	-45.0000	-5.21559
		endloop
	endfacet
	facet normal	0.000000	1.00000	0.000000
		outer loop
			vertex	10.3173	-45.0000	-3.98088
			vertex	9.74171	-45.0000	-5.15016
			vertex	10.0066	-45.0000	-3.87612
		endloop
	endfacet
	facet normal	0.000000	1.00000	0.000000
		outer loop
			vertex	9.30859	-45.0000	-5.05222
			vertex	10.0066	-45.0000	-3.87612
			vertex	9.74171	-45.0000	-5.15016
		endloop
	endfacet
	facet normal	0.000000	1.00000	0.000000
		outer loop
			vertex	10.0066	-45.0000	-3.87612
			vertex	9.30859	-45.0000	-5.05222
			vertex	9.74669	-45.0000	-3.73733
		endloop
	endfacet
	facet normal	0.000000	1.00000	0.000000
		outer loop
			vertex	8.95754	-45.0000	-4.92752
			vertex	9.74669	-45.0000	-3.73733
			vertex	9.30859	-45.0000	-5.05222
		endloop
	endfacet
	facet normal	0.000000	1.00000	0.000000
		outer loop
			vertex	9.74669	-45.0000	-3.73733
			vertex	8.95754	-45.0000	-4.92752
			vertex	8.67617	-45.0000	-4.78023
		endloop
	endfacet
	facet normal	0.000000	-1.00000	0.000000
		outer loop
			vertex	9.27124	-45.5000	3.22291
			vertex	9.27124	-45.5000	5.04677
			vertex	7.72798	-45.5000	5.04677
		endloop
	endfacet
	facet normal	0.000000	-1.00000	0.000000
		outer loop
			vertex	5.61574	-45.5000	3.22291
			vertex	5.61574	-45.5000	2.06937
			vertex	7.72798	-45.5000	3.22291
		endloop
	endfacet
	facet normal	0.000000	-1.00000	0.000000
		outer loop
			vertex	7.72798	-45.5000	2.06937
			vertex	7.72798	-45.5000	3.22291
			vertex	5.61574	-45.5000	2.06937
		endloop
	endfacet
	facet normal	0.000000	-1.00000	0.000000
		outer loop
			vertex	13.0203	-45.5000	2.06937
			vertex	13.0203	-45.5000	3.22291
			vertex	9.27124	-45.5000	2.06937
		endloop
	endfacet
	facet normal	0.000000	-1.00000	0.000000
		outer loop
			vertex	9.27124	-45.5000	3.22291
			vertex	9.27124	-45.5000	2.06937
			vertex	13.0203	-45.5000	3.22291
		endloop
	endfacet
	facet normal	0.000000	-1.00000	0.000000
		outer loop
			vertex	8.07102	-45.5000	-4.07767
			vertex	9.44981	-45.5000	-3.44562
			vertex	9.36087	-45.5000	-3.26189
		endloop
	endfacet
	facet normal	0.000000	-1.00000	0.000000
		outer loop
			vertex	8.07102	-45.5000	-4.07767
			vertex	8.22499	-45.5000	-4.34849
			vertex	9.44981	-45.5000	-3.44562
		endloop
	endfacet
	facet normal	0.000000	-1.00000	0.000000
		outer loop
			vertex	8.40608	-45.5000	-4.56742
			vertex	9.44981	-45.5000	-3.44562
			vertex	8.22499	-45.5000	-4.34849
		endloop
	endfacet
	facet normal	0.000000	-1.00000	0.000000
		outer loop
			vertex	9.44981	-45.5000	-3.44562
			vertex	8.40608	-45.5000	-4.56742
			vertex	9.59058	-45.5000	-3.61230
		endloop
	endfacet
	facet normal	0.000000	-1.00000	0.000000
		outer loop
			vertex	7.72798	-45.5000	5.04677
			vertex	7.72798	-45.5000	3.22291
			vertex	9.27124	-45.5000	3.22291
		endloop
	endfacet
	facet normal	0.000000	-1.00000	0.000000
		outer loop
			vertex	7.72798	-45.5000	2.06937
			vertex	9.27124	-45.5000	3.22291
			vertex	7.72798	-45.5000	3.22291
		endloop
	endfacet
	facet normal	0.000000	-1.00000	0.000000
		outer loop
			vertex	9.27124	-45.5000	3.22291
			vertex	7.72798	-45.5000	2.06937
			vertex	9.27124	-45.5000	2.06937
		endloop
	endfacet
	facet normal	0.000000	-1.00000	0.000000
		outer loop
			vertex	7.72798	-45.5000	-2.01481
			vertex	9.27124	-45.5000	2.06937
			vertex	7.72798	-45.5000	2.06937
		endloop
	endfacet
	facet normal	0.000000	-1.00000	0.000000
		outer loop
			vertex	9.27124	-45.5000	2.06937
			vertex	7.72798	-45.5000	-2.01481
			vertex	9.27124	-45.5000	-2.26422
		endloop
	endfacet
	facet normal	0.000000	-1.00000	0.000000
		outer loop
			vertex	7.72987	-45.5000	-2.20948
			vertex	9.27124	-45.5000	-2.26422
			vertex	7.72798	-45.5000	-2.01481
		endloop
	endfacet
	facet normal	0.000000	-1.00000	0.000000
		outer loop
			vertex	9.27124	-45.5000	-2.26422
			vertex	7.72987	-45.5000	-2.20948
			vertex	9.29365	-45.5000	-2.87607
		endloop
	endfacet
	facet normal	0.000000	-1.00000	0.000000
		outer loop
			vertex	7.76449	-45.5000	-2.82165
			vertex	9.29365	-45.5000	-2.87607
			vertex	7.72987	-45.5000	-2.20948
		endloop
	endfacet
	facet normal	0.000000	-1.00000	0.000000
		outer loop
			vertex	9.29365	-45.5000	-2.87607
			vertex	7.76449	-45.5000	-2.82165
			vertex	9.34108	-45.5000	-3.19168
		endloop
	endfacet
	facet normal	0.000000	-1.00000	0.000000
		outer loop
			vertex	7.83691	-45.5000	-3.32709
			vertex	9.34108	-45.5000	-3.19168
			vertex	7.76449	-45.5000	-2.82165
		endloop
	endfacet
	facet normal	0.000000	-1.00000	0.000000
		outer loop
			vertex	9.34108	-45.5000	-3.19168
			vertex	7.83691	-45.5000	-3.32709
			vertex	9.36087	-45.5000	-3.26189
		endloop
	endfacet
	facet normal	0.000000	-1.00000	0.000000
		outer loop
			vertex	7.94069	-45.5000	-3.74117
			vertex	9.36087	-45.5000	-3.26189
			vertex	7.83691	-45.5000	-3.32709
		endloop
	endfacet
	facet normal	0.000000	-1.00000	0.000000
		outer loop
			vertex	9.36087	-45.5000	-3.26189
			vertex	7.94069	-45.5000	-3.74117
			vertex	8.07102	-45.5000	-4.07767
		endloop
	endfacet
	facet normal	0.000000	-1.00000	0.000000
		outer loop
			vertex	8.40608	-45.5000	-4.56742
			vertex	8.45437	-45.5000	-4.61320
			vertex	9.59058	-45.5000	-3.61230
		endloop
	endfacet
	facet normal	0.000000	-1.00000	0.000000
		outer loop
			vertex	8.67617	-45.5000	-4.78023
			vertex	9.59058	-45.5000	-3.61230
			vertex	8.45437	-45.5000	-4.61320
		endloop
	endfacet
	facet normal	0.000000	-1.00000	0.000000
		outer loop
			vertex	9.59058	-45.5000	-3.61230
			vertex	8.67617	-45.5000	-4.78023
			vertex	9.74669	-45.5000	-3.73733
		endloop
	endfacet
	facet normal	0.000000	-1.00000	0.000000
		outer loop
			vertex	8.95754	-45.5000	-4.92752
			vertex	9.74669	-45.5000	-3.73733
			vertex	8.67617	-45.5000	-4.78023
		endloop
	endfacet
	facet normal	0.000000	-1.00000	0.000000
		outer loop
			vertex	9.74669	-45.5000	-3.73733
			vertex	8.95754	-45.5000	-4.92752
			vertex	10.0066	-45.5000	-3.87612
		endloop
	endfacet
	facet normal	0.000000	-1.00000	0.000000
		outer loop
			vertex	9.30859	-45.5000	-5.05222
			vertex	10.0066	-45.5000	-3.87612
			vertex	8.95754	-45.5000	-4.92752
		endloop
	endfacet
	facet normal	0.000000	-1.00000	0.000000
		outer loop
			vertex	10.0066	-45.5000	-3.87612
			vertex	9.30859	-45.5000	-5.05222
			vertex	10.3173	-45.5000	-3.98088
		endloop
	endfacet
	facet normal	0.000000	-1.00000	0.000000
		outer loop
			vertex	9.74171	-45.5000	-5.15016
			vertex	10.3173	-45.5000	-3.98088
			vertex	9.30859	-45.5000	-5.05222
		endloop
	endfacet
	facet normal	0.000000	-1.00000	0.000000
		outer loop
			vertex	10.3173	-45.5000	-3.98088
			vertex	9.74171	-45.5000	-5.15016
			vertex	10.6961	-45.5000	-4.05283
		endloop
	endfacet
	facet normal	0.000000	-1.00000	0.000000
		outer loop
			vertex	10.2708	-45.5000	-5.21559
			vertex	10.6961	-45.5000	-4.05283
			vertex	9.74171	-45.5000	-5.15016
		endloop
	endfacet
	facet normal	0.000000	-1.00000	0.000000
		outer loop
			vertex	10.6961	-45.5000	-4.05283
			vertex	10.2708	-45.5000	-5.21559
			vertex	11.1555	-45.5000	-4.08648
		endloop
	endfacet
	facet normal	0.000000	-1.00000	0.000000
		outer loop
			vertex	10.9626	-45.5000	-5.24162
			vertex	11.1555	-45.5000	-4.08648
			vertex	10.2708	-45.5000	-5.21559
		endloop
	endfacet
	facet normal	0.000000	-1.00000	0.000000
		outer loop
			vertex	11.1555	-45.5000	-4.08648
			vertex	10.9626	-45.5000	-5.24162
			vertex	11.2899	-45.5000	-4.08807
		endloop
	endfacet
	facet normal	0.000000	-1.00000	0.000000
		outer loop
			vertex	11.4891	-45.5000	-5.22969
			vertex	11.2899	-45.5000	-4.08807
			vertex	10.9626	-45.5000	-5.24162
		endloop
	endfacet
	facet normal	0.000000	-1.00000	0.000000
		outer loop
			vertex	11.2899	-45.5000	-4.08807
			vertex	11.4891	-45.5000	-5.22969
			vertex	11.9629	-45.5000	-4.06104
		endloop
	endfacet
	facet normal	0.000000	-1.00000	0.000000
		outer loop
			vertex	12.3278	-45.5000	-5.16356
			vertex	11.9629	-45.5000	-4.06104
			vertex	11.4891	-45.5000	-5.22969
		endloop
	endfacet
	facet normal	0.000000	-1.00000	0.000000
		outer loop
			vertex	11.9629	-45.5000	-4.06104
			vertex	12.3278	-45.5000	-5.16356
			vertex	12.6317	-45.5000	-3.97996
		endloop
	endfacet
	facet normal	0.000000	-1.00000	0.000000
		outer loop
			vertex	13.1917	-45.5000	-5.03897
			vertex	12.6317	-45.5000	-3.97996
			vertex	12.3278	-45.5000	-5.16356
		endloop
	endfacet
	facet normal	0.000000	-1.00000	0.000000
		outer loop
			vertex	12.6317	-45.5000	-3.97996
			vertex	13.1917	-45.5000	-5.03897
			vertex	13.1917	-45.5000	-3.86984
		endloop
	endfacet
	facet normal	0.000000	0.000000	1.00000
		outer loop
			vertex	-1.92907	45.0000	12.5000
			vertex	1.92907	45.0000	12.5000
			vertex	-1.92907	45.5000	12.5000
		endloop
	endfacet
	facet normal	0.000000	0.000000	1.00000
		outer loop
			vertex	1.92907	45.5000	12.5000
			vertex	-1.92907	45.5000	12.5000
			vertex	1.92907	45.0000	12.5000
		endloop
	endfacet
	facet normal	-1.00000	0.000000	0.000000
		outer loop
			vertex	-1.92907	45.0000	-9.61613
			vertex	-1.92907	45.0000	12.5000
			vertex	-1.92907	45.5000	-9.61613
		endloop
	endfacet
	facet normal	-1.00000	0.000000	0.000000
		outer loop
			vertex	-1.92907	45.5000	12.5000
			vertex	-1.92907	45.5000	-9.61613
			vertex	-1.92907	45.0000	12.5000
		endloop
	endfacet
	facet normal	0.000000	0.000000	1.00000
		outer loop
			vertex	-11.5355	45.0000	-9.61613
			vertex	-1.92907	45.0000	-9.61613
			vertex	-11.5355	45.5000	-9.61613
		endloop
	endfacet
	facet normal	0.000000	0.000000	1.00000
		outer loop
			vertex	-1.92907	45.5000	-9.61613
			vertex	-11.5355	45.5000	-9.61613
			vertex	-1.92907	45.0000	-9.61613
		endloop
	endfacet
	facet normal	-1.00000	0.000000	0.000000
		outer loop
			vertex	-11.5355	45.0000	-12.5000
			vertex	-11.5355	45.0000	-9.61613
			vertex	-11.5355	45.5000	-12.5000
		endloop
	endfacet
	facet normal	-1.00000	0.000000	0.000000
		outer loop
			vertex	-11.5355	45.5000	-9.61613
			vertex	-11.5355	45.5000	-12.5000
			vertex	-11.5355	45.0000	-9.61613
		endloop
	endfacet
	facet normal	0.000000	0.000000	-1.00000
		outer loop
			vertex	11.5355	45.0000	-12.5000
			vertex	-11.5355	45.0000	-12.5000
			vertex	11.5355	45.5000	-12.5000
		endloop
	endfacet
	facet normal	0.000000	0.000000	-1.00000
		outer loop
			vertex	-11.5355	45.5000	-12.5000
			vertex	11.5355	45.5000	-12.5000
			vertex	-11.5355	45.0000	-12.5000
		endloop
	endfacet
	facet normal	1.00000	0.000000	0.000000
		outer loop
			vertex	11.5355	45.0000	-9.61613
			vertex	11.5355	45.0000	-12.5000
			vertex	11.5355	45.5000	-9.61613
		endloop
	endfacet
	facet normal	1.00000	0.000000	0.000000
		outer loop
			vertex	11.5355	45.5000	-12.5000
			vertex	11.5355	45.5000	-9.61613
			vertex	11.5355	45.0000	-12.5000
		endloop
	endfacet
	facet normal	0.000000	0.000000	1.00000
		outer loop
			vertex	1.92907	45.0000	-9.61613
			vertex	11.5355	45.0000	-9.61613
			vertex	1.92907	45.5000	-9.61613
		endloop
	endfacet
	facet normal	0.000000	0.000000	1.00000
		outer loop
			vertex	11.5355	45.5000	-9.61613
			vertex	1.92907	45.5000	-9.61613
			vertex	11.5355	45.0000	-9.61613
		endloop
	endfacet
	facet normal	1.00000	0.000000	0.000000
		outer loop
			vertex	1.92907	45.0000	12.5000
			vertex	1.92907	45.0000	-9.61613
			vertex	1.92907	45.5000	12.5000
		endloop
	endfacet
	facet normal	1.00000	0.000000	0.000000
		outer loop
			vertex	1.92907	45.5000	-9.61613
			vertex	1.92907	45.5000	12.5000
			vertex	1.92907	45.0000	-9.61613
		endloop
	endfacet
	facet normal	0.000000	-1.00000	0.000000
		outer loop
			vertex	-1.92907	45.0000	-9.61613
			vertex	-11.5355	45.0000	-9.61613
			vertex	-11.5355	45.0000	-12.5000
		endloop
	endfacet
	facet normal	0.000000	-1.00000	0.000000
		outer loop
			vertex	11.5355	45.0000	-12.5000
			vertex	11.5355	45.0000	-9.61613
			vertex	1.92907	45.0000	-9.61613
		endloop
	endfacet
	facet normal	0.000000	-1.00000	0.000000
		outer loop
			vertex	1.92907	45.0000	12.5000
			vertex	-1.92907	45.0000	12.5000
			vertex	1.92907	45.0000	-9.61613
		endloop
	endfacet
	facet normal	0.000000	-1.00000	0.000000
		outer loop
			vertex	-1.92907	45.0000	-9.61613
			vertex	1.92907	45.0000	-9.61613
			vertex	-1.92907	45.0000	12.5000
		endloop
	endfacet
	facet normal	0.000000	-1.00000	0.000000
		outer loop
			vertex	1.92907	45.0000	-9.61613
			vertex	-1.92907	45.0000	-9.61613
			vertex	11.5355	45.0000	-12.5000
		endloop
	endfacet
	facet normal	0.000000	-1.00000	0.000000
		outer loop
			vertex	-11.5355	45.0000	-12.5000
			vertex	11.5355	45.0000	-12.5000
			vertex	-1.92907	45.0000	-9.61613
		endloop
	endfacet
	facet normal	0.000000	1.00000	0.000000
		outer loop
			vertex	1.92907	45.5000	-9.61613
			vertex	11.5355	45.5000	-9.61613
			vertex	11.5355	45.5000	-12.5000
		endloop
	endfacet
	facet normal	0.000000	1.00000	0.000000
		outer loop
			vertex	-11.5355	45.5000	-12.5000
			vertex	-11.5355	45.5000	-9.61613
			vertex	-1.92907	45.5000	-9.61613
		endloop
	endfacet
	facet normal	0.000000	1.00000	0.000000
		outer loop
			vertex	-1.92907	45.5000	12.5000
			vertex	1.92907	45.5000	12.5000
			vertex	-1.92907	45.5000	-9.61613
		endloop
	endfacet
	facet normal	0.000000	1.00000	0.000000
		outer loop
			vertex	1.92907	45.5000	-9.61613
			vertex	-1.92907	45.5000	-9.61613
			vertex	1.92907	45.5000	12.5000
		endloop
	endfacet
	facet normal	0.000000	1.00000	0.000000
		outer loop
			vertex	-1.92907	45.5000	-9.61613
			vertex	1.92907	45.5000	-9.61613
			vertex	-11.5355	45.5000	-12.5000
		endloop
	endfacet
	facet normal	0.000000	1.00000	0.000000
		outer loop
			vertex	11.5355	45.5000	-12.5000
			vertex	-11.5355	45.5000	-12.5000
			vertex	1.92907	45.5000	-9.61613
		endloop
	endfacet
endsolid Extrude31+Extrude8-
