solid FBImport1
	facet normal	0.000000	0.000000	1.00000
		outer loop
			vertex	1.44548	21.7465	45.0000
			vertex	-0.482140	21.7892	45.0000
			vertex	-2.40598	21.6613	45.0000
		endloop
	endfacet
	facet normal	0.000000	0.000000	1.00000
		outer loop
			vertex	1.44548	21.7465	45.0000
			vertex	-2.40598	21.6613	45.0000
			vertex	3.36178	21.5337	45.0000
		endloop
	endfacet
	facet normal	0.000000	0.000000	1.00000
		outer loop
			vertex	-4.31099	21.3639	45.0000
			vertex	3.36178	21.5337	45.0000
			vertex	-2.40598	21.6613	45.0000
		endloop
	endfacet
	facet normal	0.000000	0.000000	1.00000
		outer loop
			vertex	3.36178	21.5337	45.0000
			vertex	-4.31099	21.3639	45.0000
			vertex	5.25177	21.1523	45.0000
		endloop
	endfacet
	facet normal	0.000000	0.000000	1.00000
		outer loop
			vertex	-6.18227	20.8993	45.0000
			vertex	5.25177	21.1523	45.0000
			vertex	-4.31099	21.3639	45.0000
		endloop
	endfacet
	facet normal	0.000000	0.000000	1.00000
		outer loop
			vertex	5.25177	21.1523	45.0000
			vertex	-6.18227	20.8993	45.0000
			vertex	7.10066	20.6054	45.0000
		endloop
	endfacet
	facet normal	0.000000	0.000000	1.00000
		outer loop
			vertex	-8.00515	20.2711	45.0000
			vertex	7.10066	20.6054	45.0000
			vertex	-6.18227	20.8993	45.0000
		endloop
	endfacet
	facet normal	0.000000	0.000000	1.00000
		outer loop
			vertex	7.10066	20.6054	45.0000
			vertex	-8.00515	20.2711	45.0000
			vertex	8.89398	19.8972	45.0000
		endloop
	endfacet
	facet normal	0.000000	0.000000	1.00000
		outer loop
			vertex	-9.76539	19.4843	45.0000
			vertex	8.89398	19.8972	45.0000
			vertex	-8.00515	20.2711	45.0000
		endloop
	endfacet
	facet normal	0.000000	0.000000	1.00000
		outer loop
			vertex	8.89398	19.8972	45.0000
			vertex	-9.76539	19.4843	45.0000
			vertex	10.6177	19.0333	45.0000
		endloop
	endfacet
	facet normal	0.000000	0.000000	1.00000
		outer loop
			vertex	-11.4492	18.5450	45.0000
			vertex	10.6177	19.0333	45.0000
			vertex	-9.76539	19.4843	45.0000
		endloop
	endfacet
	facet normal	0.000000	0.000000	1.00000
		outer loop
			vertex	10.6177	19.0333	45.0000
			vertex	-11.4492	18.5450	45.0000
			vertex	12.2583	18.0204	45.0000
		endloop
	endfacet
	facet normal	0.000000	0.000000	1.00000
		outer loop
			vertex	-13.0434	17.4605	45.0000
			vertex	12.2583	18.0204	45.0000
			vertex	-11.4492	18.5450	45.0000
		endloop
	endfacet
	facet normal	0.000000	0.000000	1.00000
		outer loop
			vertex	12.2583	18.0204	45.0000
			vertex	-13.0434	17.4605	45.0000
			vertex	13.8030	16.8665	45.0000
		endloop
	endfacet
	facet normal	0.000000	0.000000	1.00000
		outer loop
			vertex	-14.5355	16.2394	45.0000
			vertex	13.8030	16.8665	45.0000
			vertex	-13.0434	17.4605	45.0000
		endloop
	endfacet
	facet normal	0.000000	0.000000	1.00000
		outer loop
			vertex	13.8030	16.8665	45.0000
			vertex	-14.5355	16.2394	45.0000
			vertex	15.2396	15.5806	45.0000
		endloop
	endfacet
	facet normal	0.000000	0.000000	1.00000
		outer loop
			vertex	-15.9139	14.8912	45.0000
			vertex	15.2396	15.5806	45.0000
			vertex	-14.5355	16.2394	45.0000
		endloop
	endfacet
	facet normal	0.000000	0.000000	1.00000
		outer loop
			vertex	15.2396	15.5806	45.0000
			vertex	-15.9139	14.8912	45.0000
			vertex	16.5570	14.1727	45.0000
		endloop
	endfacet
	facet normal	0.000000	0.000000	1.00000
		outer loop
			vertex	-17.1677	13.4265	45.0000
			vertex	16.5570	14.1727	45.0000
			vertex	-15.9139	14.8912	45.0000
		endloop
	endfacet
	facet normal	0.000000	0.000000	1.00000
		outer loop
			vertex	16.5570	14.1727	45.0000
			vertex	-17.1677	13.4265	45.0000
			vertex	17.7448	12.6539	45.0000
		endloop
	endfacet
	facet normal	0.000000	0.000000	1.00000
		outer loop
			vertex	-18.2871	11.8566	45.0000
			vertex	17.7448	12.6539	45.0000
			vertex	-17.1677	13.4265	45.0000
		endloop
	endfacet
	facet normal	0.000000	0.000000	1.00000
		outer loop
			vertex	17.7448	12.6539	45.0000
			vertex	-18.2871	11.8566	45.0000
			vertex	18.7937	11.0361	45.0000
		endloop
	endfacet
	facet normal	0.000000	0.000000	1.00000
		outer loop
			vertex	-19.2635	10.1940	45.0000
			vertex	18.7937	11.0361	45.0000
			vertex	-18.2871	11.8566	45.0000
		endloop
	endfacet
	facet normal	0.000000	0.000000	1.00000
		outer loop
			vertex	18.7937	11.0361	45.0000
			vertex	-19.2635	10.1940	45.0000
			vertex	19.6955	9.33197	45.0000
		endloop
	endfacet
	facet normal	0.000000	0.000000	1.00000
		outer loop
			vertex	-20.0890	8.45163	45.0000
			vertex	19.6955	9.33197	45.0000
			vertex	-19.2635	10.1940	45.0000
		endloop
	endfacet
	facet normal	0.000000	0.000000	1.00000
		outer loop
			vertex	19.6955	9.33197	45.0000
			vertex	-20.0890	8.45163	45.0000
			vertex	20.4432	7.55475	45.0000
		endloop
	endfacet
	facet normal	0.000000	0.000000	1.00000
		outer loop
			vertex	-20.7574	6.64309	45.0000
			vertex	20.4432	7.55475	45.0000
			vertex	-20.0890	8.45163	45.0000
		endloop
	endfacet
	facet normal	0.000000	0.000000	1.00000
		outer loop
			vertex	20.4432	7.55475	45.0000
			vertex	-20.7574	6.64309	45.0000
			vertex	21.0309	5.71842	45.0000
		endloop
	endfacet
	facet normal	0.000000	0.000000	1.00000
		outer loop
			vertex	-21.2633	4.78255	45.0000
			vertex	21.0309	5.71842	45.0000
			vertex	-20.7574	6.64309	45.0000
		endloop
	endfacet
	facet normal	0.000000	0.000000	1.00000
		outer loop
			vertex	21.0309	5.71842	45.0000
			vertex	-21.2633	4.78255	45.0000
			vertex	21.4540	3.83732	45.0000
		endloop
	endfacet
	facet normal	0.000000	0.000000	1.00000
		outer loop
			vertex	-21.6028	2.88459	45.0000
			vertex	21.4540	3.83732	45.0000
			vertex	-21.2633	4.78255	45.0000
		endloop
	endfacet
	facet normal	0.000000	0.000000	1.00000
		outer loop
			vertex	21.4540	3.83732	45.0000
			vertex	-21.6028	2.88459	45.0000
			vertex	21.7092	1.92620	45.0000
		endloop
	endfacet
	facet normal	0.000000	0.000000	1.00000
		outer loop
			vertex	-21.7732	0.964043	45.0000
			vertex	21.7092	1.92620	45.0000
			vertex	-21.6028	2.88459	45.0000
		endloop
	endfacet
	facet normal	0.000000	0.000000	1.00000
		outer loop
			vertex	21.7092	1.92620	45.0000
			vertex	-21.7732	0.964043	45.0000
			vertex	21.7945	-8.74191e-015	45.0000
		endloop
	endfacet
	facet normal	0.000000	0.000000	1.00000
		outer loop
			vertex	-21.7945	8.74191e-015	45.0000
			vertex	21.7945	-8.74191e-015	45.0000
			vertex	-21.7732	0.964043	45.0000
		endloop
	endfacet
	facet normal	0.000000	0.000000	1.00000
		outer loop
			vertex	21.7945	-8.74191e-015	45.0000
			vertex	-21.7945	8.74191e-015	45.0000
			vertex	-21.7732	-0.964043	45.0000
		endloop
	endfacet
	facet normal	0.000000	0.000000	1.00000
		outer loop
			vertex	21.7092	-1.92620	45.0000
			vertex	21.7945	-8.74191e-015	45.0000
			vertex	21.4540	-3.83732	45.0000
		endloop
	endfacet
	facet normal	0.000000	0.000000	1.00000
		outer loop
			vertex	-21.7732	-0.964043	45.0000
			vertex	21.4540	-3.83732	45.0000
			vertex	21.7945	-8.74191e-015	45.0000
		endloop
	endfacet
	facet normal	0.000000	0.000000	1.00000
		outer loop
			vertex	21.4540	-3.83732	45.0000
			vertex	-21.7732	-0.964043	45.0000
			vertex	21.0309	-5.71842	45.0000
		endloop
	endfacet
	facet normal	0.000000	0.000000	1.00000
		outer loop
			vertex	20.4432	-7.55475	45.0000
			vertex	21.0309	-5.71842	45.0000
			vertex	-21.7732	-0.964043	45.0000
		endloop
	endfacet
	facet normal	0.000000	0.000000	1.00000
		outer loop
			vertex	-19.2635	-10.1940	45.0000
			vertex	-18.2871	-11.8566	45.0000
			vertex	-17.1677	-13.4265	45.0000
		endloop
	endfacet
	facet normal	0.000000	0.000000	1.00000
		outer loop
			vertex	-0.482140	-21.7892	45.0000
			vertex	1.44548	-21.7465	45.0000
			vertex	-11.4492	-18.5450	45.0000
		endloop
	endfacet
	facet normal	0.000000	0.000000	1.00000
		outer loop
			vertex	3.36178	-21.5337	45.0000
			vertex	-11.4492	-18.5450	45.0000
			vertex	1.44548	-21.7465	45.0000
		endloop
	endfacet
	facet normal	0.000000	0.000000	1.00000
		outer loop
			vertex	-21.7732	-0.964043	45.0000
			vertex	13.8030	-16.8665	45.0000
			vertex	15.2396	-15.5806	45.0000
		endloop
	endfacet
	facet normal	0.000000	0.000000	1.00000
		outer loop
			vertex	-13.0434	-17.4605	45.0000
			vertex	-11.4492	-18.5450	45.0000
			vertex	-14.5355	-16.2394	45.0000
		endloop
	endfacet
	facet normal	0.000000	0.000000	1.00000
		outer loop
			vertex	10.6177	-19.0333	45.0000
			vertex	-14.5355	-16.2394	45.0000
			vertex	-11.4492	-18.5450	45.0000
		endloop
	endfacet
	facet normal	0.000000	0.000000	1.00000
		outer loop
			vertex	-14.5355	-16.2394	45.0000
			vertex	10.6177	-19.0333	45.0000
			vertex	-15.9139	-14.8912	45.0000
		endloop
	endfacet
	facet normal	0.000000	0.000000	1.00000
		outer loop
			vertex	-17.1677	-13.4265	45.0000
			vertex	-15.9139	-14.8912	45.0000
			vertex	10.6177	-19.0333	45.0000
		endloop
	endfacet
	facet normal	0.000000	0.000000	1.00000
		outer loop
			vertex	-2.40598	-21.6613	45.0000
			vertex	-0.482140	-21.7892	45.0000
			vertex	-4.31099	-21.3639	45.0000
		endloop
	endfacet
	facet normal	0.000000	0.000000	1.00000
		outer loop
			vertex	-11.4492	-18.5450	45.0000
			vertex	-4.31099	-21.3639	45.0000
			vertex	-0.482140	-21.7892	45.0000
		endloop
	endfacet
	facet normal	0.000000	0.000000	1.00000
		outer loop
			vertex	-4.31099	-21.3639	45.0000
			vertex	-11.4492	-18.5450	45.0000
			vertex	-6.18227	-20.8993	45.0000
		endloop
	endfacet
	facet normal	0.000000	0.000000	1.00000
		outer loop
			vertex	-9.76539	-19.4843	45.0000
			vertex	-6.18227	-20.8993	45.0000
			vertex	-11.4492	-18.5450	45.0000
		endloop
	endfacet
	facet normal	0.000000	0.000000	1.00000
		outer loop
			vertex	-6.18227	-20.8993	45.0000
			vertex	-9.76539	-19.4843	45.0000
			vertex	-8.00515	-20.2711	45.0000
		endloop
	endfacet
	facet normal	0.000000	0.000000	1.00000
		outer loop
			vertex	19.6955	-9.33197	45.0000
			vertex	20.4432	-7.55475	45.0000
			vertex	18.7937	-11.0361	45.0000
		endloop
	endfacet
	facet normal	0.000000	0.000000	1.00000
		outer loop
			vertex	-21.7732	-0.964043	45.0000
			vertex	18.7937	-11.0361	45.0000
			vertex	20.4432	-7.55475	45.0000
		endloop
	endfacet
	facet normal	0.000000	0.000000	1.00000
		outer loop
			vertex	18.7937	-11.0361	45.0000
			vertex	-21.7732	-0.964043	45.0000
			vertex	17.7448	-12.6539	45.0000
		endloop
	endfacet
	facet normal	0.000000	0.000000	1.00000
		outer loop
			vertex	15.2396	-15.5806	45.0000
			vertex	17.7448	-12.6539	45.0000
			vertex	-21.7732	-0.964043	45.0000
		endloop
	endfacet
	facet normal	0.000000	0.000000	1.00000
		outer loop
			vertex	17.7448	-12.6539	45.0000
			vertex	15.2396	-15.5806	45.0000
			vertex	16.5570	-14.1727	45.0000
		endloop
	endfacet
	facet normal	0.000000	0.000000	1.00000
		outer loop
			vertex	-17.1677	-13.4265	45.0000
			vertex	10.6177	-19.0333	45.0000
			vertex	-19.2635	-10.1940	45.0000
		endloop
	endfacet
	facet normal	0.000000	0.000000	1.00000
		outer loop
			vertex	-20.7574	-6.64309	45.0000
			vertex	-19.2635	-10.1940	45.0000
			vertex	10.6177	-19.0333	45.0000
		endloop
	endfacet
	facet normal	0.000000	0.000000	1.00000
		outer loop
			vertex	-19.2635	-10.1940	45.0000
			vertex	-20.7574	-6.64309	45.0000
			vertex	-20.0890	-8.45163	45.0000
		endloop
	endfacet
	facet normal	0.000000	0.000000	1.00000
		outer loop
			vertex	8.89398	-19.8972	45.0000
			vertex	10.6177	-19.0333	45.0000
			vertex	7.10066	-20.6054	45.0000
		endloop
	endfacet
	facet normal	0.000000	0.000000	1.00000
		outer loop
			vertex	-11.4492	-18.5450	45.0000
			vertex	7.10066	-20.6054	45.0000
			vertex	10.6177	-19.0333	45.0000
		endloop
	endfacet
	facet normal	0.000000	0.000000	1.00000
		outer loop
			vertex	7.10066	-20.6054	45.0000
			vertex	-11.4492	-18.5450	45.0000
			vertex	5.25177	-21.1523	45.0000
		endloop
	endfacet
	facet normal	0.000000	0.000000	1.00000
		outer loop
			vertex	3.36178	-21.5337	45.0000
			vertex	5.25177	-21.1523	45.0000
			vertex	-11.4492	-18.5450	45.0000
		endloop
	endfacet
	facet normal	0.000000	0.000000	1.00000
		outer loop
			vertex	-21.2633	-4.78255	45.0000
			vertex	-20.7574	-6.64309	45.0000
			vertex	-21.6028	-2.88459	45.0000
		endloop
	endfacet
	facet normal	0.000000	0.000000	1.00000
		outer loop
			vertex	10.6177	-19.0333	45.0000
			vertex	-21.6028	-2.88459	45.0000
			vertex	-20.7574	-6.64309	45.0000
		endloop
	endfacet
	facet normal	0.000000	0.000000	1.00000
		outer loop
			vertex	-21.6028	-2.88459	45.0000
			vertex	10.6177	-19.0333	45.0000
			vertex	-21.7732	-0.964043	45.0000
		endloop
	endfacet
	facet normal	0.000000	0.000000	1.00000
		outer loop
			vertex	12.2583	-18.0204	45.0000
			vertex	-21.7732	-0.964043	45.0000
			vertex	10.6177	-19.0333	45.0000
		endloop
	endfacet
	facet normal	0.000000	0.000000	1.00000
		outer loop
			vertex	-21.7732	-0.964043	45.0000
			vertex	12.2583	-18.0204	45.0000
			vertex	13.8030	-16.8665	45.0000
		endloop
	endfacet
	facet normal	0.000000	0.000000	-1.00000
		outer loop
			vertex	-4.31099	-21.3639	-45.0000
			vertex	-6.18227	-20.8993	-45.0000
			vertex	8.89398	19.8972	-45.0000
		endloop
	endfacet
	facet normal	0.000000	0.000000	-1.00000
		outer loop
			vertex	8.89398	19.8972	-45.0000
			vertex	-6.18227	-20.8993	-45.0000
			vertex	7.10066	20.6054	-45.0000
		endloop
	endfacet
	facet normal	0.000000	0.000000	-1.00000
		outer loop
			vertex	7.10066	20.6054	-45.0000
			vertex	-6.18227	-20.8993	-45.0000
			vertex	5.25177	21.1523	-45.0000
		endloop
	endfacet
	facet normal	0.000000	0.000000	-1.00000
		outer loop
			vertex	1.44548	21.7465	-45.0000
			vertex	5.25177	21.1523	-45.0000
			vertex	-6.18227	-20.8993	-45.0000
		endloop
	endfacet
	facet normal	0.000000	0.000000	-1.00000
		outer loop
			vertex	5.25177	21.1523	-45.0000
			vertex	1.44548	21.7465	-45.0000
			vertex	3.36178	21.5337	-45.0000
		endloop
	endfacet
	facet normal	0.000000	0.000000	-1.00000
		outer loop
			vertex	-4.31099	-21.3639	-45.0000
			vertex	1.44548	-21.7465	-45.0000
			vertex	-2.40598	-21.6613	-45.0000
		endloop
	endfacet
	facet normal	0.000000	0.000000	-1.00000
		outer loop
			vertex	-0.482140	-21.7892	-45.0000
			vertex	-2.40598	-21.6613	-45.0000
			vertex	1.44548	-21.7465	-45.0000
		endloop
	endfacet
	facet normal	0.000000	0.000000	-1.00000
		outer loop
			vertex	-20.0890	-8.45163	-45.0000
			vertex	-21.7732	0.964043	-45.0000
			vertex	-19.2635	-10.1940	-45.0000
		endloop
	endfacet
	facet normal	0.000000	0.000000	-1.00000
		outer loop
			vertex	-17.1677	-13.4265	-45.0000
			vertex	-19.2635	-10.1940	-45.0000
			vertex	-21.7732	0.964043	-45.0000
		endloop
	endfacet
	facet normal	0.000000	0.000000	-1.00000
		outer loop
			vertex	-19.2635	-10.1940	-45.0000
			vertex	-17.1677	-13.4265	-45.0000
			vertex	-18.2871	-11.8566	-45.0000
		endloop
	endfacet
	facet normal	0.000000	0.000000	-1.00000
		outer loop
			vertex	-11.4492	18.5450	-45.0000
			vertex	-9.76539	19.4843	-45.0000
			vertex	-6.18227	-20.8993	-45.0000
		endloop
	endfacet
	facet normal	0.000000	0.000000	-1.00000
		outer loop
			vertex	-8.00515	20.2711	-45.0000
			vertex	-6.18227	-20.8993	-45.0000
			vertex	-9.76539	19.4843	-45.0000
		endloop
	endfacet
	facet normal	0.000000	0.000000	-1.00000
		outer loop
			vertex	-0.482140	21.7892	-45.0000
			vertex	1.44548	21.7465	-45.0000
			vertex	-2.40598	21.6613	-45.0000
		endloop
	endfacet
	facet normal	0.000000	0.000000	-1.00000
		outer loop
			vertex	-6.18227	-20.8993	-45.0000
			vertex	-2.40598	21.6613	-45.0000
			vertex	1.44548	21.7465	-45.0000
		endloop
	endfacet
	facet normal	0.000000	0.000000	-1.00000
		outer loop
			vertex	-2.40598	21.6613	-45.0000
			vertex	-6.18227	-20.8993	-45.0000
			vertex	-4.31099	21.3639	-45.0000
		endloop
	endfacet
	facet normal	0.000000	0.000000	-1.00000
		outer loop
			vertex	-8.00515	20.2711	-45.0000
			vertex	-4.31099	21.3639	-45.0000
			vertex	-6.18227	-20.8993	-45.0000
		endloop
	endfacet
	facet normal	0.000000	0.000000	-1.00000
		outer loop
			vertex	-4.31099	21.3639	-45.0000
			vertex	-8.00515	20.2711	-45.0000
			vertex	-6.18227	20.8993	-45.0000
		endloop
	endfacet
	facet normal	0.000000	0.000000	-1.00000
		outer loop
			vertex	-4.31099	-21.3639	-45.0000
			vertex	8.89398	19.8972	-45.0000
			vertex	1.44548	-21.7465	-45.0000
		endloop
	endfacet
	facet normal	0.000000	0.000000	-1.00000
		outer loop
			vertex	5.25177	-21.1523	-45.0000
			vertex	1.44548	-21.7465	-45.0000
			vertex	8.89398	19.8972	-45.0000
		endloop
	endfacet
	facet normal	0.000000	0.000000	-1.00000
		outer loop
			vertex	1.44548	-21.7465	-45.0000
			vertex	5.25177	-21.1523	-45.0000
			vertex	3.36178	-21.5337	-45.0000
		endloop
	endfacet
	facet normal	0.000000	0.000000	-1.00000
		outer loop
			vertex	-15.9139	-14.8912	-45.0000
			vertex	-17.1677	-13.4265	-45.0000
			vertex	-14.5355	-16.2394	-45.0000
		endloop
	endfacet
	facet normal	0.000000	0.000000	-1.00000
		outer loop
			vertex	-21.7732	0.964043	-45.0000
			vertex	-14.5355	-16.2394	-45.0000
			vertex	-17.1677	-13.4265	-45.0000
		endloop
	endfacet
	facet normal	0.000000	0.000000	-1.00000
		outer loop
			vertex	-14.5355	-16.2394	-45.0000
			vertex	-21.7732	0.964043	-45.0000
			vertex	-13.0434	-17.4605	-45.0000
		endloop
	endfacet
	facet normal	0.000000	0.000000	-1.00000
		outer loop
			vertex	-11.4492	-18.5450	-45.0000
			vertex	-13.0434	-17.4605	-45.0000
			vertex	-21.7732	0.964043	-45.0000
		endloop
	endfacet
	facet normal	0.000000	0.000000	-1.00000
		outer loop
			vertex	-21.6028	-2.88459	-45.0000
			vertex	-21.7732	-0.964043	-45.0000
			vertex	-21.2633	-4.78255	-45.0000
		endloop
	endfacet
	facet normal	0.000000	0.000000	-1.00000
		outer loop
			vertex	-21.7732	0.964043	-45.0000
			vertex	-21.2633	-4.78255	-45.0000
			vertex	-21.7732	-0.964043	-45.0000
		endloop
	endfacet
	facet normal	0.000000	0.000000	-1.00000
		outer loop
			vertex	-21.2633	-4.78255	-45.0000
			vertex	-21.7732	0.964043	-45.0000
			vertex	-20.7574	-6.64309	-45.0000
		endloop
	endfacet
	facet normal	0.000000	0.000000	-1.00000
		outer loop
			vertex	-20.0890	-8.45163	-45.0000
			vertex	-20.7574	-6.64309	-45.0000
			vertex	-21.7732	0.964043	-45.0000
		endloop
	endfacet
	facet normal	0.000000	0.000000	-1.00000
		outer loop
			vertex	-9.76539	-19.4843	-45.0000
			vertex	-11.4492	-18.5450	-45.0000
			vertex	-8.00515	-20.2711	-45.0000
		endloop
	endfacet
	facet normal	0.000000	0.000000	-1.00000
		outer loop
			vertex	-21.7732	0.964043	-45.0000
			vertex	-8.00515	-20.2711	-45.0000
			vertex	-11.4492	-18.5450	-45.0000
		endloop
	endfacet
	facet normal	0.000000	0.000000	-1.00000
		outer loop
			vertex	-8.00515	-20.2711	-45.0000
			vertex	-21.7732	0.964043	-45.0000
			vertex	-6.18227	-20.8993	-45.0000
		endloop
	endfacet
	facet normal	0.000000	0.000000	-1.00000
		outer loop
			vertex	-21.6028	2.88459	-45.0000
			vertex	-6.18227	-20.8993	-45.0000
			vertex	-21.7732	0.964043	-45.0000
		endloop
	endfacet
	facet normal	0.000000	0.000000	-1.00000
		outer loop
			vertex	-6.18227	-20.8993	-45.0000
			vertex	-21.6028	2.88459	-45.0000
			vertex	-21.2633	4.78255	-45.0000
		endloop
	endfacet
	facet normal	0.000000	0.000000	-1.00000
		outer loop
			vertex	-18.2871	11.8566	-45.0000
			vertex	-17.1677	13.4265	-45.0000
			vertex	-19.2635	10.1940	-45.0000
		endloop
	endfacet
	facet normal	0.000000	0.000000	-1.00000
		outer loop
			vertex	-6.18227	-20.8993	-45.0000
			vertex	-19.2635	10.1940	-45.0000
			vertex	-17.1677	13.4265	-45.0000
		endloop
	endfacet
	facet normal	0.000000	0.000000	-1.00000
		outer loop
			vertex	-19.2635	10.1940	-45.0000
			vertex	-6.18227	-20.8993	-45.0000
			vertex	-20.0890	8.45163	-45.0000
		endloop
	endfacet
	facet normal	0.000000	0.000000	-1.00000
		outer loop
			vertex	-21.2633	4.78255	-45.0000
			vertex	-20.0890	8.45163	-45.0000
			vertex	-6.18227	-20.8993	-45.0000
		endloop
	endfacet
	facet normal	0.000000	0.000000	-1.00000
		outer loop
			vertex	-20.0890	8.45163	-45.0000
			vertex	-21.2633	4.78255	-45.0000
			vertex	-20.7574	6.64309	-45.0000
		endloop
	endfacet
	facet normal	0.000000	0.000000	-1.00000
		outer loop
			vertex	-13.0434	17.4605	-45.0000
			vertex	-11.4492	18.5450	-45.0000
			vertex	-14.5355	16.2394	-45.0000
		endloop
	endfacet
	facet normal	0.000000	0.000000	-1.00000
		outer loop
			vertex	-6.18227	-20.8993	-45.0000
			vertex	-14.5355	16.2394	-45.0000
			vertex	-11.4492	18.5450	-45.0000
		endloop
	endfacet
	facet normal	0.000000	0.000000	-1.00000
		outer loop
			vertex	-14.5355	16.2394	-45.0000
			vertex	-6.18227	-20.8993	-45.0000
			vertex	-15.9139	14.8912	-45.0000
		endloop
	endfacet
	facet normal	0.000000	0.000000	-1.00000
		outer loop
			vertex	-17.1677	13.4265	-45.0000
			vertex	-15.9139	14.8912	-45.0000
			vertex	-6.18227	-20.8993	-45.0000
		endloop
	endfacet
	facet normal	0.000000	0.000000	-1.00000
		outer loop
			vertex	7.10066	-20.6054	-45.0000
			vertex	5.25177	-21.1523	-45.0000
			vertex	8.89398	-19.8972	-45.0000
		endloop
	endfacet
	facet normal	0.000000	0.000000	-1.00000
		outer loop
			vertex	8.89398	19.8972	-45.0000
			vertex	8.89398	-19.8972	-45.0000
			vertex	5.25177	-21.1523	-45.0000
		endloop
	endfacet
	facet normal	0.000000	0.000000	-1.00000
		outer loop
			vertex	8.89398	-19.8972	-45.0000
			vertex	8.89398	19.8972	-45.0000
			vertex	10.6177	-19.0333	-45.0000
		endloop
	endfacet
	facet normal	0.000000	0.000000	-1.00000
		outer loop
			vertex	10.6177	19.0333	-45.0000
			vertex	10.6177	-19.0333	-45.0000
			vertex	8.89398	19.8972	-45.0000
		endloop
	endfacet
	facet normal	0.000000	0.000000	-1.00000
		outer loop
			vertex	10.6177	-19.0333	-45.0000
			vertex	10.6177	19.0333	-45.0000
			vertex	12.2583	18.0204	-45.0000
		endloop
	endfacet
	facet normal	0.000000	0.000000	-1.00000
		outer loop
			vertex	18.7937	11.0361	-45.0000
			vertex	19.6955	9.33197	-45.0000
			vertex	17.7448	12.6539	-45.0000
		endloop
	endfacet
	facet normal	0.000000	0.000000	-1.00000
		outer loop
			vertex	10.6177	-19.0333	-45.0000
			vertex	17.7448	12.6539	-45.0000
			vertex	19.6955	9.33197	-45.0000
		endloop
	endfacet
	facet normal	0.000000	0.000000	-1.00000
		outer loop
			vertex	19.6955	9.33197	-45.0000
			vertex	20.4432	7.55475	-45.0000
			vertex	10.6177	-19.0333	-45.0000
		endloop
	endfacet
	facet normal	0.000000	0.000000	-1.00000
		outer loop
			vertex	21.0309	5.71842	-45.0000
			vertex	10.6177	-19.0333	-45.0000
			vertex	20.4432	7.55475	-45.0000
		endloop
	endfacet
	facet normal	0.000000	0.000000	-1.00000
		outer loop
			vertex	10.6177	-19.0333	-45.0000
			vertex	21.0309	5.71842	-45.0000
			vertex	21.4540	3.83732	-45.0000
		endloop
	endfacet
	facet normal	0.000000	0.000000	-1.00000
		outer loop
			vertex	16.5570	14.1727	-45.0000
			vertex	17.7448	12.6539	-45.0000
			vertex	15.2396	15.5806	-45.0000
		endloop
	endfacet
	facet normal	0.000000	0.000000	-1.00000
		outer loop
			vertex	10.6177	-19.0333	-45.0000
			vertex	15.2396	15.5806	-45.0000
			vertex	17.7448	12.6539	-45.0000
		endloop
	endfacet
	facet normal	0.000000	0.000000	-1.00000
		outer loop
			vertex	15.2396	15.5806	-45.0000
			vertex	10.6177	-19.0333	-45.0000
			vertex	13.8030	16.8665	-45.0000
		endloop
	endfacet
	facet normal	0.000000	0.000000	-1.00000
		outer loop
			vertex	12.2583	18.0204	-45.0000
			vertex	13.8030	16.8665	-45.0000
			vertex	10.6177	-19.0333	-45.0000
		endloop
	endfacet
	facet normal	0.000000	0.000000	-1.00000
		outer loop
			vertex	12.2583	-18.0204	-45.0000
			vertex	10.6177	-19.0333	-45.0000
			vertex	13.8030	-16.8665	-45.0000
		endloop
	endfacet
	facet normal	0.000000	0.000000	-1.00000
		outer loop
			vertex	21.4540	-3.83732	-45.0000
			vertex	13.8030	-16.8665	-45.0000
			vertex	10.6177	-19.0333	-45.0000
		endloop
	endfacet
	facet normal	0.000000	0.000000	-1.00000
		outer loop
			vertex	13.8030	-16.8665	-45.0000
			vertex	21.4540	-3.83732	-45.0000
			vertex	15.2396	-15.5806	-45.0000
		endloop
	endfacet
	facet normal	0.000000	0.000000	-1.00000
		outer loop
			vertex	17.7448	-12.6539	-45.0000
			vertex	15.2396	-15.5806	-45.0000
			vertex	21.4540	-3.83732	-45.0000
		endloop
	endfacet
	facet normal	0.000000	0.000000	-1.00000
		outer loop
			vertex	15.2396	-15.5806	-45.0000
			vertex	17.7448	-12.6539	-45.0000
			vertex	16.5570	-14.1727	-45.0000
		endloop
	endfacet
	facet normal	0.000000	0.000000	-1.00000
		outer loop
			vertex	21.7092	-1.92620	-45.0000
			vertex	21.4540	-3.83732	-45.0000
			vertex	21.7945	0.000000	-45.0000
		endloop
	endfacet
	facet normal	0.000000	0.000000	-1.00000
		outer loop
			vertex	10.6177	-19.0333	-45.0000
			vertex	21.7945	0.000000	-45.0000
			vertex	21.4540	-3.83732	-45.0000
		endloop
	endfacet
	facet normal	0.000000	0.000000	-1.00000
		outer loop
			vertex	21.7945	0.000000	-45.0000
			vertex	10.6177	-19.0333	-45.0000
			vertex	21.7092	1.92620	-45.0000
		endloop
	endfacet
	facet normal	0.000000	0.000000	-1.00000
		outer loop
			vertex	21.4540	3.83732	-45.0000
			vertex	21.7092	1.92620	-45.0000
			vertex	10.6177	-19.0333	-45.0000
		endloop
	endfacet
	facet normal	0.000000	0.000000	-1.00000
		outer loop
			vertex	19.6955	-9.33197	-45.0000
			vertex	18.7937	-11.0361	-45.0000
			vertex	20.4432	-7.55475	-45.0000
		endloop
	endfacet
	facet normal	0.000000	0.000000	-1.00000
		outer loop
			vertex	17.7448	-12.6539	-45.0000
			vertex	20.4432	-7.55475	-45.0000
			vertex	18.7937	-11.0361	-45.0000
		endloop
	endfacet
	facet normal	0.000000	0.000000	-1.00000
		outer loop
			vertex	20.4432	-7.55475	-45.0000
			vertex	17.7448	-12.6539	-45.0000
			vertex	21.0309	-5.71842	-45.0000
		endloop
	endfacet
	facet normal	0.000000	0.000000	-1.00000
		outer loop
			vertex	21.4540	-3.83732	-45.0000
			vertex	21.0309	-5.71842	-45.0000
			vertex	17.7448	-12.6539	-45.0000
		endloop
	endfacet
	facet normal	0.000000	-1.00000	0.000000
		outer loop
			vertex	21.2667	-45.0000	-4.29819
			vertex	21.6958	-45.0000	-2.07170
			vertex	21.6958	-45.0000	2.18548e-015
		endloop
	endfacet
	facet normal	0.000000	-1.00000	0.000000
		outer loop
			vertex	-21.3489	-45.0000	4.30069
			vertex	7.02601	-45.0000	-20.6206
			vertex	7.12828	-45.0000	-20.5958
		endloop
	endfacet
	facet normal	0.000000	-1.00000	0.000000
		outer loop
			vertex	17.1316	-45.0000	-13.4725
			vertex	17.5808	-45.0000	-12.7736
			vertex	15.5179	-45.0000	-15.1649
		endloop
	endfacet
	facet normal	0.000000	-1.00000	0.000000
		outer loop
			vertex	-21.3489	-45.0000	4.30069
			vertex	15.5179	-45.0000	-15.1649
			vertex	17.5808	-45.0000	-12.7736
		endloop
	endfacet
	facet normal	0.000000	-1.00000	0.000000
		outer loop
			vertex	-20.2333	-45.0000	8.10020
			vertex	-21.3489	-45.0000	4.30069
			vertex	-19.9919	-45.0000	8.56845
		endloop
	endfacet
	facet normal	0.000000	-1.00000	0.000000
		outer loop
			vertex	17.5808	-45.0000	-12.7736
			vertex	-19.9919	-45.0000	8.56845
			vertex	-21.3489	-45.0000	4.30069
		endloop
	endfacet
	facet normal	0.000000	-1.00000	0.000000
		outer loop
			vertex	-19.9919	-45.0000	8.56845
			vertex	17.5808	-45.0000	-12.7736
			vertex	-18.3347	-45.0000	11.7830
		endloop
	endfacet
	facet normal	0.000000	-1.00000	0.000000
		outer loop
			vertex	19.3717	-45.0000	-9.98682
			vertex	-18.3347	-45.0000	11.7830
			vertex	17.5808	-45.0000	-12.7736
		endloop
	endfacet
	facet normal	0.000000	-1.00000	0.000000
		outer loop
			vertex	21.2667	-45.0000	-4.29819
			vertex	21.6958	-45.0000	2.18548e-015
			vertex	-18.3347	-45.0000	11.7830
		endloop
	endfacet
	facet normal	0.000000	-1.00000	0.000000
		outer loop
			vertex	21.6958	-45.0000	2.07170
			vertex	-18.3347	-45.0000	11.7830
			vertex	21.6958	-45.0000	2.18548e-015
		endloop
	endfacet
	facet normal	0.000000	-1.00000	0.000000
		outer loop
			vertex	-18.3347	-45.0000	11.7830
			vertex	21.6958	-45.0000	2.07170
			vertex	21.2667	-45.0000	4.29819
		endloop
	endfacet
	facet normal	0.000000	-1.00000	0.000000
		outer loop
			vertex	19.9405	-45.0000	8.56604
			vertex	19.3717	-45.0000	9.98682
			vertex	-4.99897	-45.0000	21.2002
		endloop
	endfacet
	facet normal	0.000000	-1.00000	0.000000
		outer loop
			vertex	17.5808	-45.0000	12.7736
			vertex	-4.99897	-45.0000	21.2002
			vertex	19.3717	-45.0000	9.98682
		endloop
	endfacet
	facet normal	0.000000	-1.00000	0.000000
		outer loop
			vertex	7.02601	-45.0000	-20.6206
			vertex	-13.6433	-45.0000	-16.8857
			vertex	5.98019	-45.0000	-20.8743
		endloop
	endfacet
	facet normal	0.000000	-1.00000	0.000000
		outer loop
			vertex	-13.3189	-45.0000	-17.1668
			vertex	5.98019	-45.0000	-20.8743
			vertex	-13.6433	-45.0000	-16.8857
		endloop
	endfacet
	facet normal	0.000000	-1.00000	0.000000
		outer loop
			vertex	5.98019	-45.0000	-20.8743
			vertex	-13.3189	-45.0000	-17.1668
			vertex	3.10168	-45.0000	-21.5727
		endloop
	endfacet
	facet normal	0.000000	-1.00000	0.000000
		outer loop
			vertex	-12.6420	-45.0000	-17.7533
			vertex	3.10168	-45.0000	-21.5727
			vertex	-13.3189	-45.0000	-17.1668
		endloop
	endfacet
	facet normal	0.000000	-1.00000	0.000000
		outer loop
			vertex	3.10168	-45.0000	-21.5727
			vertex	-12.6420	-45.0000	-17.7533
			vertex	2.99145	-45.0000	-21.5779
		endloop
	endfacet
	facet normal	0.000000	-1.00000	0.000000
		outer loop
			vertex	-9.08076	-45.0000	-19.8094
			vertex	2.99145	-45.0000	-21.5779
			vertex	-12.6420	-45.0000	-17.7533
		endloop
	endfacet
	facet normal	0.000000	-1.00000	0.000000
		outer loop
			vertex	2.99145	-45.0000	-21.5779
			vertex	-9.08076	-45.0000	-19.8094
			vertex	-1.03702	-45.0000	-21.7698
		endloop
	endfacet
	facet normal	0.000000	-1.00000	0.000000
		outer loop
			vertex	-6.02177	-45.0000	-20.8744
			vertex	-5.13825	-45.0000	-21.1801
			vertex	-4.99897	-45.0000	-21.2002
		endloop
	endfacet
	facet normal	0.000000	-1.00000	0.000000
		outer loop
			vertex	14.2724	-45.0000	-16.4712
			vertex	15.5179	-45.0000	-15.1649
			vertex	13.6884	-45.0000	-16.8870
		endloop
	endfacet
	facet normal	0.000000	-1.00000	0.000000
		outer loop
			vertex	-21.3489	-45.0000	4.30069
			vertex	13.6884	-45.0000	-16.8870
			vertex	15.5179	-45.0000	-15.1649
		endloop
	endfacet
	facet normal	0.000000	-1.00000	0.000000
		outer loop
			vertex	13.6884	-45.0000	-16.8870
			vertex	-21.3489	-45.0000	4.30069
			vertex	11.1758	-45.0000	-18.6762
		endloop
	endfacet
	facet normal	0.000000	-1.00000	0.000000
		outer loop
			vertex	7.12828	-45.0000	-20.5958
			vertex	11.1758	-45.0000	-18.6762
			vertex	-21.3489	-45.0000	4.30069
		endloop
	endfacet
	facet normal	0.000000	-1.00000	0.000000
		outer loop
			vertex	11.1758	-45.0000	-18.6762
			vertex	7.12828	-45.0000	-20.5958
			vertex	10.8972	-45.0000	-18.8746
		endloop
	endfacet
	facet normal	0.000000	-1.00000	0.000000
		outer loop
			vertex	-4.99897	-45.0000	21.2002
			vertex	-5.13825	-45.0000	21.1801
			vertex	19.9405	-45.0000	8.56604
		endloop
	endfacet
	facet normal	0.000000	-1.00000	0.000000
		outer loop
			vertex	-6.02177	-45.0000	20.8744
			vertex	19.9405	-45.0000	8.56604
			vertex	-5.13825	-45.0000	21.1801
		endloop
	endfacet
	facet normal	0.000000	-1.00000	0.000000
		outer loop
			vertex	19.9405	-45.0000	8.56604
			vertex	-6.02177	-45.0000	20.8744
			vertex	-13.3189	-45.0000	17.1668
		endloop
	endfacet
	facet normal	0.000000	-1.00000	0.000000
		outer loop
			vertex	-9.05376	-45.0000	19.8250
			vertex	-9.08076	-45.0000	19.8094
			vertex	-6.02177	-45.0000	20.8744
		endloop
	endfacet
	facet normal	0.000000	-1.00000	0.000000
		outer loop
			vertex	-12.6420	-45.0000	17.7533
			vertex	-6.02177	-45.0000	20.8744
			vertex	-9.08076	-45.0000	19.8094
		endloop
	endfacet
	facet normal	0.000000	-1.00000	0.000000
		outer loop
			vertex	-6.02177	-45.0000	20.8744
			vertex	-12.6420	-45.0000	17.7533
			vertex	-13.3189	-45.0000	17.1668
		endloop
	endfacet
	facet normal	0.000000	-1.00000	0.000000
		outer loop
			vertex	-1.03702	-45.0000	-21.7698
			vertex	-9.08076	-45.0000	-19.8094
			vertex	-4.99897	-45.0000	-21.2002
		endloop
	endfacet
	facet normal	0.000000	-1.00000	0.000000
		outer loop
			vertex	-9.05376	-45.0000	-19.8250
			vertex	-4.99897	-45.0000	-21.2002
			vertex	-9.08076	-45.0000	-19.8094
		endloop
	endfacet
	facet normal	0.000000	-1.00000	0.000000
		outer loop
			vertex	-4.99897	-45.0000	-21.2002
			vertex	-9.05376	-45.0000	-19.8250
			vertex	-6.02177	-45.0000	-20.8744
		endloop
	endfacet
	facet normal	0.000000	-1.00000	0.000000
		outer loop
			vertex	20.9117	-45.0000	-6.14022
			vertex	21.2667	-45.0000	-4.29819
			vertex	20.1195	-45.0000	-8.11898
		endloop
	endfacet
	facet normal	0.000000	-1.00000	0.000000
		outer loop
			vertex	-18.3347	-45.0000	11.7830
			vertex	20.1195	-45.0000	-8.11898
			vertex	21.2667	-45.0000	-4.29819
		endloop
	endfacet
	facet normal	0.000000	-1.00000	0.000000
		outer loop
			vertex	20.1195	-45.0000	-8.11898
			vertex	-18.3347	-45.0000	11.7830
			vertex	19.9405	-45.0000	-8.56604
		endloop
	endfacet
	facet normal	0.000000	-1.00000	0.000000
		outer loop
			vertex	19.3717	-45.0000	-9.98682
			vertex	19.9405	-45.0000	-8.56604
			vertex	-18.3347	-45.0000	11.7830
		endloop
	endfacet
	facet normal	0.000000	-1.00000	0.000000
		outer loop
			vertex	14.2724	-45.0000	16.4712
			vertex	13.6884	-45.0000	16.8870
			vertex	15.5179	-45.0000	15.1649
		endloop
	endfacet
	facet normal	0.000000	-1.00000	0.000000
		outer loop
			vertex	-4.99897	-45.0000	21.2002
			vertex	15.5179	-45.0000	15.1649
			vertex	13.6884	-45.0000	16.8870
		endloop
	endfacet
	facet normal	0.000000	-1.00000	0.000000
		outer loop
			vertex	15.5179	-45.0000	15.1649
			vertex	-4.99897	-45.0000	21.2002
			vertex	17.1316	-45.0000	13.4725
		endloop
	endfacet
	facet normal	0.000000	-1.00000	0.000000
		outer loop
			vertex	17.5808	-45.0000	12.7736
			vertex	17.1316	-45.0000	13.4725
			vertex	-4.99897	-45.0000	21.2002
		endloop
	endfacet
	facet normal	0.000000	-1.00000	0.000000
		outer loop
			vertex	5.98019	-45.0000	20.8743
			vertex	13.6884	-45.0000	16.8870
			vertex	11.1758	-45.0000	18.6762
		endloop
	endfacet
	facet normal	0.000000	-1.00000	0.000000
		outer loop
			vertex	-13.3189	-45.0000	17.1668
			vertex	-13.6433	-45.0000	16.8857
			vertex	19.9405	-45.0000	8.56604
		endloop
	endfacet
	facet normal	0.000000	-1.00000	0.000000
		outer loop
			vertex	-15.7734	-45.0000	15.0399
			vertex	19.9405	-45.0000	8.56604
			vertex	-13.6433	-45.0000	16.8857
		endloop
	endfacet
	facet normal	0.000000	-1.00000	0.000000
		outer loop
			vertex	19.9405	-45.0000	8.56604
			vertex	-15.7734	-45.0000	15.0399
			vertex	-17.5564	-45.0000	12.7727
		endloop
	endfacet
	facet normal	0.000000	-1.00000	0.000000
		outer loop
			vertex	-17.5564	-45.0000	12.7727
			vertex	-17.7779	-45.0000	12.4911
			vertex	19.9405	-45.0000	8.56604
		endloop
	endfacet
	facet normal	0.000000	-1.00000	0.000000
		outer loop
			vertex	-18.3347	-45.0000	11.7830
			vertex	19.9405	-45.0000	8.56604
			vertex	-17.7779	-45.0000	12.4911
		endloop
	endfacet
	facet normal	0.000000	-1.00000	0.000000
		outer loop
			vertex	19.9405	-45.0000	8.56604
			vertex	-18.3347	-45.0000	11.7830
			vertex	20.1195	-45.0000	8.11898
		endloop
	endfacet
	facet normal	0.000000	-1.00000	0.000000
		outer loop
			vertex	21.2667	-45.0000	4.29819
			vertex	20.1195	-45.0000	8.11898
			vertex	-18.3347	-45.0000	11.7830
		endloop
	endfacet
	facet normal	0.000000	-1.00000	0.000000
		outer loop
			vertex	20.1195	-45.0000	8.11898
			vertex	21.2667	-45.0000	4.29819
			vertex	20.9117	-45.0000	6.14022
		endloop
	endfacet
	facet normal	0.000000	-1.00000	0.000000
		outer loop
			vertex	-15.7734	-45.0000	-15.0399
			vertex	-13.6433	-45.0000	-16.8857
			vertex	-17.5564	-45.0000	-12.7727
		endloop
	endfacet
	facet normal	0.000000	-1.00000	0.000000
		outer loop
			vertex	7.02601	-45.0000	-20.6206
			vertex	-17.5564	-45.0000	-12.7727
			vertex	-13.6433	-45.0000	-16.8857
		endloop
	endfacet
	facet normal	0.000000	-1.00000	0.000000
		outer loop
			vertex	-17.5564	-45.0000	-12.7727
			vertex	7.02601	-45.0000	-20.6206
			vertex	-17.7779	-45.0000	-12.4911
		endloop
	endfacet
	facet normal	0.000000	-1.00000	0.000000
		outer loop
			vertex	-19.9919	-45.0000	-8.56845
			vertex	-17.7779	-45.0000	-12.4911
			vertex	7.02601	-45.0000	-20.6206
		endloop
	endfacet
	facet normal	0.000000	-1.00000	0.000000
		outer loop
			vertex	-17.7779	-45.0000	-12.4911
			vertex	-19.9919	-45.0000	-8.56845
			vertex	-18.3347	-45.0000	-11.7830
		endloop
	endfacet
	facet normal	0.000000	-1.00000	0.000000
		outer loop
			vertex	5.98019	-45.0000	20.8743
			vertex	11.1758	-45.0000	18.6762
			vertex	7.02601	-45.0000	20.6206
		endloop
	endfacet
	facet normal	0.000000	-1.00000	0.000000
		outer loop
			vertex	10.8972	-45.0000	18.8746
			vertex	7.02601	-45.0000	20.6206
			vertex	11.1758	-45.0000	18.6762
		endloop
	endfacet
	facet normal	0.000000	-1.00000	0.000000
		outer loop
			vertex	7.02601	-45.0000	20.6206
			vertex	10.8972	-45.0000	18.8746
			vertex	7.12828	-45.0000	20.5958
		endloop
	endfacet
	facet normal	0.000000	-1.00000	0.000000
		outer loop
			vertex	-1.03702	-45.0000	21.7698
			vertex	-4.99897	-45.0000	21.2002
			vertex	2.99145	-45.0000	21.5779
		endloop
	endfacet
	facet normal	0.000000	-1.00000	0.000000
		outer loop
			vertex	13.6884	-45.0000	16.8870
			vertex	2.99145	-45.0000	21.5779
			vertex	-4.99897	-45.0000	21.2002
		endloop
	endfacet
	facet normal	0.000000	-1.00000	0.000000
		outer loop
			vertex	2.99145	-45.0000	21.5779
			vertex	13.6884	-45.0000	16.8870
			vertex	3.10168	-45.0000	21.5727
		endloop
	endfacet
	facet normal	0.000000	-1.00000	0.000000
		outer loop
			vertex	5.98019	-45.0000	20.8743
			vertex	3.10168	-45.0000	21.5727
			vertex	13.6884	-45.0000	16.8870
		endloop
	endfacet
	facet normal	0.000000	-1.00000	0.000000
		outer loop
			vertex	-20.2333	-45.0000	-8.10020
			vertex	-19.9919	-45.0000	-8.56845
			vertex	-21.3489	-45.0000	-4.30069
		endloop
	endfacet
	facet normal	0.000000	-1.00000	0.000000
		outer loop
			vertex	7.02601	-45.0000	-20.6206
			vertex	-21.3489	-45.0000	-4.30069
			vertex	-19.9919	-45.0000	-8.56845
		endloop
	endfacet
	facet normal	0.000000	-1.00000	0.000000
		outer loop
			vertex	-21.3489	-45.0000	-4.30069
			vertex	7.02601	-45.0000	-20.6206
			vertex	-21.4006	-45.0000	-4.12464
		endloop
	endfacet
	facet normal	0.000000	-1.00000	0.000000
		outer loop
			vertex	-21.3489	-45.0000	4.30069
			vertex	-21.4006	-45.0000	-4.12464
			vertex	7.02601	-45.0000	-20.6206
		endloop
	endfacet
	facet normal	0.000000	-1.00000	0.000000
		outer loop
			vertex	-21.4006	-45.0000	-4.12464
			vertex	-21.3489	-45.0000	4.30069
			vertex	-21.7945	-45.0000	0.000000
		endloop
	endfacet
	facet normal	0.000000	-1.00000	0.000000
		outer loop
			vertex	-21.4006	-45.0000	4.12464
			vertex	-21.7945	-45.0000	0.000000
			vertex	-21.3489	-45.0000	4.30069
		endloop
	endfacet
	facet normal	-1.00000	0.000000	0.000000
		outer loop
			vertex	-45.0000	10.1297	-19.2038
			vertex	-45.0000	9.05376	-19.8250
			vertex	-45.0000	6.02177	-20.8744
		endloop
	endfacet
	facet normal	-1.00000	0.000000	0.000000
		outer loop
			vertex	-45.0000	21.7945	0.000000
			vertex	-45.0000	21.4006	-4.12464
			vertex	-45.0000	21.3489	-4.30069
		endloop
	endfacet
	facet normal	-1.00000	0.000000	0.000000
		outer loop
			vertex	-45.0000	1.99397	21.6322
			vertex	-45.0000	5.13825	21.1801
			vertex	-45.0000	6.01316	20.8773
		endloop
	endfacet
	facet normal	-1.00000	0.000000	0.000000
		outer loop
			vertex	-45.0000	18.9375	-10.6138
			vertex	-45.0000	18.3347	-11.7830
			vertex	-45.0000	17.5564	-12.7727
		endloop
	endfacet
	facet normal	-1.00000	0.000000	0.000000
		outer loop
			vertex	-45.0000	14.4131	-16.2187
			vertex	-45.0000	13.6433	-16.8857
			vertex	-45.0000	-7.12828	20.5958
		endloop
	endfacet
	facet normal	-1.00000	0.000000	0.000000
		outer loop
			vertex	-45.0000	12.6420	-17.7533
			vertex	-45.0000	-7.12828	20.5958
			vertex	-45.0000	13.6433	-16.8857
		endloop
	endfacet
	facet normal	-1.00000	0.000000	0.000000
		outer loop
			vertex	-45.0000	-1.99410	-21.6254
			vertex	-45.0000	-3.10168	-21.5727
			vertex	-45.0000	-5.98019	-20.8743
		endloop
	endfacet
	facet normal	-1.00000	0.000000	0.000000
		outer loop
			vertex	-45.0000	-21.6958	1.63911e-015
			vertex	-45.0000	-21.6958	2.07170
			vertex	-45.0000	-21.2667	4.29819
		endloop
	endfacet
	facet normal	-1.00000	0.000000	0.000000
		outer loop
			vertex	-45.0000	6.01316	20.8773
			vertex	-45.0000	21.3489	4.30069
			vertex	-45.0000	21.4006	4.12464
		endloop
	endfacet
	facet normal	-1.00000	0.000000	0.000000
		outer loop
			vertex	-45.0000	14.4131	-16.2187
			vertex	-45.0000	21.3489	-4.30069
			vertex	-45.0000	15.7734	-15.0399
		endloop
	endfacet
	facet normal	-1.00000	0.000000	0.000000
		outer loop
			vertex	-45.0000	20.2333	-8.10020
			vertex	-45.0000	15.7734	-15.0399
			vertex	-45.0000	21.3489	-4.30069
		endloop
	endfacet
	facet normal	-1.00000	0.000000	0.000000
		outer loop
			vertex	-45.0000	15.7734	-15.0399
			vertex	-45.0000	20.2333	-8.10020
			vertex	-45.0000	17.5564	-12.7727
		endloop
	endfacet
	facet normal	-1.00000	0.000000	0.000000
		outer loop
			vertex	-45.0000	19.9919	-8.56845
			vertex	-45.0000	17.5564	-12.7727
			vertex	-45.0000	20.2333	-8.10020
		endloop
	endfacet
	facet normal	-1.00000	0.000000	0.000000
		outer loop
			vertex	-45.0000	17.5564	-12.7727
			vertex	-45.0000	19.9919	-8.56845
			vertex	-45.0000	18.9375	-10.6138
		endloop
	endfacet
	facet normal	-1.00000	0.000000	0.000000
		outer loop
			vertex	-45.0000	1.03702	-21.7698
			vertex	-45.0000	-1.99410	-21.6254
			vertex	-45.0000	1.99397	-21.6322
		endloop
	endfacet
	facet normal	-1.00000	0.000000	0.000000
		outer loop
			vertex	-45.0000	-7.12828	20.5958
			vertex	-45.0000	1.99397	-21.6322
			vertex	-45.0000	-1.99410	-21.6254
		endloop
	endfacet
	facet normal	-1.00000	0.000000	0.000000
		outer loop
			vertex	-45.0000	-21.2667	-4.29819
			vertex	-45.0000	-21.6958	-2.07170
			vertex	-45.0000	-21.6958	1.63911e-015
		endloop
	endfacet
	facet normal	-1.00000	0.000000	0.000000
		outer loop
			vertex	-45.0000	-14.4033	16.3338
			vertex	-45.0000	-14.2724	16.4712
			vertex	-45.0000	-6.01384	-20.8662
		endloop
	endfacet
	facet normal	-1.00000	0.000000	0.000000
		outer loop
			vertex	-45.0000	-13.6884	16.8870
			vertex	-45.0000	-6.01384	-20.8662
			vertex	-45.0000	-14.2724	16.4712
		endloop
	endfacet
	facet normal	-1.00000	0.000000	0.000000
		outer loop
			vertex	-45.0000	-1.99410	-21.6254
			vertex	-45.0000	-5.98019	-20.8743
			vertex	-45.0000	-7.12828	20.5958
		endloop
	endfacet
	facet normal	-1.00000	0.000000	0.000000
		outer loop
			vertex	-45.0000	-6.01384	-20.8662
			vertex	-45.0000	-7.12828	20.5958
			vertex	-45.0000	-5.98019	-20.8743
		endloop
	endfacet
	facet normal	-1.00000	0.000000	0.000000
		outer loop
			vertex	-45.0000	-7.12828	20.5958
			vertex	-45.0000	-6.01384	-20.8662
			vertex	-45.0000	-10.1281	19.2259
		endloop
	endfacet
	facet normal	-1.00000	0.000000	0.000000
		outer loop
			vertex	-45.0000	-13.6884	16.8870
			vertex	-45.0000	-10.1281	19.2259
			vertex	-45.0000	-6.01384	-20.8662
		endloop
	endfacet
	facet normal	-1.00000	0.000000	0.000000
		outer loop
			vertex	-45.0000	-10.1281	19.2259
			vertex	-45.0000	-13.6884	16.8870
			vertex	-45.0000	-10.8972	18.8746
		endloop
	endfacet
	facet normal	-1.00000	0.000000	0.000000
		outer loop
			vertex	-45.0000	12.6420	-17.7533
			vertex	-45.0000	10.1297	-19.2038
			vertex	-45.0000	-7.12828	20.5958
		endloop
	endfacet
	facet normal	-1.00000	0.000000	0.000000
		outer loop
			vertex	-45.0000	6.02177	-20.8744
			vertex	-45.0000	-7.12828	20.5958
			vertex	-45.0000	10.1297	-19.2038
		endloop
	endfacet
	facet normal	-1.00000	0.000000	0.000000
		outer loop
			vertex	-45.0000	-7.12828	20.5958
			vertex	-45.0000	6.02177	-20.8744
			vertex	-45.0000	1.99397	-21.6322
		endloop
	endfacet
	facet normal	-1.00000	0.000000	0.000000
		outer loop
			vertex	-45.0000	6.01316	-20.8773
			vertex	-45.0000	1.99397	-21.6322
			vertex	-45.0000	6.02177	-20.8744
		endloop
	endfacet
	facet normal	-1.00000	0.000000	0.000000
		outer loop
			vertex	-45.0000	1.99397	-21.6322
			vertex	-45.0000	6.01316	-20.8773
			vertex	-45.0000	5.13825	-21.1801
		endloop
	endfacet
	facet normal	-1.00000	0.000000	0.000000
		outer loop
			vertex	-45.0000	-13.6884	-16.8870
			vertex	-45.0000	-14.2724	-16.4712
			vertex	-45.0000	-14.4033	-16.3338
		endloop
	endfacet
	facet normal	-1.00000	0.000000	0.000000
		outer loop
			vertex	-45.0000	-21.6958	1.63911e-015
			vertex	-45.0000	-21.2667	4.29819
			vertex	-45.0000	-6.01384	-20.8662
		endloop
	endfacet
	facet normal	-1.00000	0.000000	0.000000
		outer loop
			vertex	-45.0000	-20.9117	6.14022
			vertex	-45.0000	-6.01384	-20.8662
			vertex	-45.0000	-21.2667	4.29819
		endloop
	endfacet
	facet normal	-1.00000	0.000000	0.000000
		outer loop
			vertex	-45.0000	-6.01384	-20.8662
			vertex	-45.0000	-20.9117	6.14022
			vertex	-45.0000	-19.9405	8.56604
		endloop
	endfacet
	facet normal	-1.00000	0.000000	0.000000
		outer loop
			vertex	-45.0000	21.4006	4.12464
			vertex	-45.0000	21.7945	0.000000
			vertex	-45.0000	6.01316	20.8773
		endloop
	endfacet
	facet normal	-1.00000	0.000000	0.000000
		outer loop
			vertex	-45.0000	21.3489	-4.30069
			vertex	-45.0000	6.01316	20.8773
			vertex	-45.0000	21.7945	0.000000
		endloop
	endfacet
	facet normal	-1.00000	0.000000	0.000000
		outer loop
			vertex	-45.0000	6.01316	20.8773
			vertex	-45.0000	21.3489	-4.30069
			vertex	-45.0000	1.99397	21.6322
		endloop
	endfacet
	facet normal	-1.00000	0.000000	0.000000
		outer loop
			vertex	-45.0000	-1.99410	21.6254
			vertex	-45.0000	1.99397	21.6322
			vertex	-45.0000	21.3489	-4.30069
		endloop
	endfacet
	facet normal	-1.00000	0.000000	0.000000
		outer loop
			vertex	-45.0000	1.99397	21.6322
			vertex	-45.0000	-1.99410	21.6254
			vertex	-45.0000	1.03702	21.7698
		endloop
	endfacet
	facet normal	-1.00000	0.000000	0.000000
		outer loop
			vertex	-45.0000	20.2333	8.10020
			vertex	-45.0000	21.3489	4.30069
			vertex	-45.0000	19.9919	8.56845
		endloop
	endfacet
	facet normal	-1.00000	0.000000	0.000000
		outer loop
			vertex	-45.0000	6.01316	20.8773
			vertex	-45.0000	19.9919	8.56845
			vertex	-45.0000	21.3489	4.30069
		endloop
	endfacet
	facet normal	-1.00000	0.000000	0.000000
		outer loop
			vertex	-45.0000	19.9919	8.56845
			vertex	-45.0000	6.01316	20.8773
			vertex	-45.0000	18.9375	10.6138
		endloop
	endfacet
	facet normal	-1.00000	0.000000	0.000000
		outer loop
			vertex	-45.0000	17.5564	12.7727
			vertex	-45.0000	18.9375	10.6138
			vertex	-45.0000	6.01316	20.8773
		endloop
	endfacet
	facet normal	-1.00000	0.000000	0.000000
		outer loop
			vertex	-45.0000	18.9375	10.6138
			vertex	-45.0000	17.5564	12.7727
			vertex	-45.0000	18.3347	11.7830
		endloop
	endfacet
	facet normal	-1.00000	0.000000	0.000000
		outer loop
			vertex	-45.0000	-17.1316	13.4725
			vertex	-45.0000	-14.4033	16.3338
			vertex	-45.0000	-17.5808	12.7736
		endloop
	endfacet
	facet normal	-1.00000	0.000000	0.000000
		outer loop
			vertex	-45.0000	-6.01384	-20.8662
			vertex	-45.0000	-17.5808	12.7736
			vertex	-45.0000	-14.4033	16.3338
		endloop
	endfacet
	facet normal	-1.00000	0.000000	0.000000
		outer loop
			vertex	-45.0000	-17.5808	12.7736
			vertex	-45.0000	-6.01384	-20.8662
			vertex	-45.0000	-18.9374	10.6626
		endloop
	endfacet
	facet normal	-1.00000	0.000000	0.000000
		outer loop
			vertex	-45.0000	-19.9405	8.56604
			vertex	-45.0000	-18.9374	10.6626
			vertex	-45.0000	-6.01384	-20.8662
		endloop
	endfacet
	facet normal	-1.00000	0.000000	0.000000
		outer loop
			vertex	-45.0000	-18.9374	10.6626
			vertex	-45.0000	-19.9405	8.56604
			vertex	-45.0000	-19.3717	9.98682
		endloop
	endfacet
	facet normal	-1.00000	0.000000	0.000000
		outer loop
			vertex	-45.0000	14.4131	-16.2187
			vertex	-45.0000	-7.12828	20.5958
			vertex	-45.0000	21.3489	-4.30069
		endloop
	endfacet
	facet normal	-1.00000	0.000000	0.000000
		outer loop
			vertex	-45.0000	-6.01384	20.8662
			vertex	-45.0000	21.3489	-4.30069
			vertex	-45.0000	-7.12828	20.5958
		endloop
	endfacet
	facet normal	-1.00000	0.000000	0.000000
		outer loop
			vertex	-45.0000	21.3489	-4.30069
			vertex	-45.0000	-6.01384	20.8662
			vertex	-45.0000	-1.99410	21.6254
		endloop
	endfacet
	facet normal	-1.00000	0.000000	0.000000
		outer loop
			vertex	-45.0000	-5.98019	20.8743
			vertex	-45.0000	-1.99410	21.6254
			vertex	-45.0000	-6.01384	20.8662
		endloop
	endfacet
	facet normal	-1.00000	0.000000	0.000000
		outer loop
			vertex	-45.0000	-1.99410	21.6254
			vertex	-45.0000	-5.98019	20.8743
			vertex	-45.0000	-3.10168	21.5727
		endloop
	endfacet
	facet normal	-1.00000	0.000000	0.000000
		outer loop
			vertex	-45.0000	-6.01384	-20.8662
			vertex	-45.0000	-7.12828	-20.5958
			vertex	-45.0000	-21.6958	1.63911e-015
		endloop
	endfacet
	facet normal	-1.00000	0.000000	0.000000
		outer loop
			vertex	-45.0000	-10.1281	-19.2259
			vertex	-45.0000	-21.6958	1.63911e-015
			vertex	-45.0000	-7.12828	-20.5958
		endloop
	endfacet
	facet normal	-1.00000	0.000000	0.000000
		outer loop
			vertex	-45.0000	-21.6958	1.63911e-015
			vertex	-45.0000	-10.1281	-19.2259
			vertex	-45.0000	-10.8972	-18.8746
		endloop
	endfacet
	facet normal	-1.00000	0.000000	0.000000
		outer loop
			vertex	-45.0000	9.05376	19.8250
			vertex	-45.0000	10.1297	19.2038
			vertex	-45.0000	6.02177	20.8744
		endloop
	endfacet
	facet normal	-1.00000	0.000000	0.000000
		outer loop
			vertex	-45.0000	6.01316	20.8773
			vertex	-45.0000	6.02177	20.8744
			vertex	-45.0000	10.1297	19.2038
		endloop
	endfacet
	facet normal	-1.00000	0.000000	0.000000
		outer loop
			vertex	-45.0000	15.7734	15.0399
			vertex	-45.0000	17.5564	12.7727
			vertex	-45.0000	14.4131	16.2187
		endloop
	endfacet
	facet normal	-1.00000	0.000000	0.000000
		outer loop
			vertex	-45.0000	6.01316	20.8773
			vertex	-45.0000	14.4131	16.2187
			vertex	-45.0000	17.5564	12.7727
		endloop
	endfacet
	facet normal	-1.00000	0.000000	0.000000
		outer loop
			vertex	-45.0000	14.4131	16.2187
			vertex	-45.0000	6.01316	20.8773
			vertex	-45.0000	13.6433	16.8857
		endloop
	endfacet
	facet normal	-1.00000	0.000000	0.000000
		outer loop
			vertex	-45.0000	10.1297	19.2038
			vertex	-45.0000	13.6433	16.8857
			vertex	-45.0000	6.01316	20.8773
		endloop
	endfacet
	facet normal	-1.00000	0.000000	0.000000
		outer loop
			vertex	-45.0000	13.6433	16.8857
			vertex	-45.0000	10.1297	19.2038
			vertex	-45.0000	12.6420	17.7533
		endloop
	endfacet
	facet normal	-1.00000	0.000000	0.000000
		outer loop
			vertex	-45.0000	-19.3717	-9.98682
			vertex	-45.0000	-19.9405	-8.56604
			vertex	-45.0000	-18.9374	-10.6626
		endloop
	endfacet
	facet normal	-1.00000	0.000000	0.000000
		outer loop
			vertex	-45.0000	-14.4033	-16.3338
			vertex	-45.0000	-18.9374	-10.6626
			vertex	-45.0000	-19.9405	-8.56604
		endloop
	endfacet
	facet normal	-1.00000	0.000000	0.000000
		outer loop
			vertex	-45.0000	-18.9374	-10.6626
			vertex	-45.0000	-14.4033	-16.3338
			vertex	-45.0000	-17.5808	-12.7736
		endloop
	endfacet
	facet normal	-1.00000	0.000000	0.000000
		outer loop
			vertex	-45.0000	-17.1316	-13.4725
			vertex	-45.0000	-17.5808	-12.7736
			vertex	-45.0000	-14.4033	-16.3338
		endloop
	endfacet
	facet normal	-1.00000	0.000000	0.000000
		outer loop
			vertex	-45.0000	-10.8972	-18.8746
			vertex	-45.0000	-13.6884	-16.8870
			vertex	-45.0000	-21.6958	1.63911e-015
		endloop
	endfacet
	facet normal	-1.00000	0.000000	0.000000
		outer loop
			vertex	-45.0000	-14.4033	-16.3338
			vertex	-45.0000	-21.6958	1.63911e-015
			vertex	-45.0000	-13.6884	-16.8870
		endloop
	endfacet
	facet normal	-1.00000	0.000000	0.000000
		outer loop
			vertex	-45.0000	-21.6958	1.63911e-015
			vertex	-45.0000	-14.4033	-16.3338
			vertex	-45.0000	-21.2667	-4.29819
		endloop
	endfacet
	facet normal	-1.00000	0.000000	0.000000
		outer loop
			vertex	-45.0000	-19.9405	-8.56604
			vertex	-45.0000	-21.2667	-4.29819
			vertex	-45.0000	-14.4033	-16.3338
		endloop
	endfacet
	facet normal	-1.00000	0.000000	0.000000
		outer loop
			vertex	-45.0000	-21.2667	-4.29819
			vertex	-45.0000	-19.9405	-8.56604
			vertex	-45.0000	-20.9117	-6.14022
		endloop
	endfacet
	facet normal	0.000000	1.00000	0.000000
		outer loop
			vertex	-21.2667	45.0000	4.29819
			vertex	-20.9117	45.0000	6.14022
			vertex	-19.9405	45.0000	8.56604
		endloop
	endfacet
	facet normal	0.000000	1.00000	0.000000
		outer loop
			vertex	19.9919	45.0000	8.56845
			vertex	20.1165	45.0000	8.32679
			vertex	-19.9405	45.0000	8.56604
		endloop
	endfacet
	facet normal	0.000000	1.00000	0.000000
		outer loop
			vertex	20.2333	45.0000	8.10020
			vertex	-19.9405	45.0000	8.56604
			vertex	20.1165	45.0000	8.32679
		endloop
	endfacet
	facet normal	0.000000	1.00000	0.000000
		outer loop
			vertex	-19.9405	45.0000	8.56604
			vertex	20.2333	45.0000	8.10020
			vertex	21.3489	45.0000	4.30069
		endloop
	endfacet
	facet normal	0.000000	1.00000	0.000000
		outer loop
			vertex	21.4006	45.0000	-4.12464
			vertex	21.3489	45.0000	-4.30069
			vertex	21.7945	45.0000	0.000000
		endloop
	endfacet
	facet normal	0.000000	1.00000	0.000000
		outer loop
			vertex	-19.9405	45.0000	8.56604
			vertex	21.7945	45.0000	0.000000
			vertex	21.3489	45.0000	-4.30069
		endloop
	endfacet
	facet normal	0.000000	1.00000	0.000000
		outer loop
			vertex	21.7945	45.0000	0.000000
			vertex	-19.9405	45.0000	8.56604
			vertex	21.4006	45.0000	4.12464
		endloop
	endfacet
	facet normal	0.000000	1.00000	0.000000
		outer loop
			vertex	21.3489	45.0000	4.30069
			vertex	21.4006	45.0000	4.12464
			vertex	-19.9405	45.0000	8.56604
		endloop
	endfacet
	facet normal	0.000000	1.00000	0.000000
		outer loop
			vertex	18.3347	45.0000	-11.7830
			vertex	17.5564	45.0000	-12.7727
			vertex	19.9919	45.0000	-8.56845
		endloop
	endfacet
	facet normal	0.000000	1.00000	0.000000
		outer loop
			vertex	-19.9405	45.0000	8.56604
			vertex	19.9919	45.0000	-8.56845
			vertex	17.5564	45.0000	-12.7727
		endloop
	endfacet
	facet normal	0.000000	1.00000	0.000000
		outer loop
			vertex	19.9919	45.0000	-8.56845
			vertex	-19.9405	45.0000	8.56604
			vertex	20.1165	45.0000	-8.32679
		endloop
	endfacet
	facet normal	0.000000	1.00000	0.000000
		outer loop
			vertex	21.3489	45.0000	-4.30069
			vertex	20.1165	45.0000	-8.32679
			vertex	-19.9405	45.0000	8.56604
		endloop
	endfacet
	facet normal	0.000000	1.00000	0.000000
		outer loop
			vertex	20.1165	45.0000	-8.32679
			vertex	21.3489	45.0000	-4.30069
			vertex	20.2333	45.0000	-8.10020
		endloop
	endfacet
	facet normal	0.000000	1.00000	0.000000
		outer loop
			vertex	2.99428	45.0000	-21.4884
			vertex	1.03702	45.0000	-21.7698
			vertex	-0.996792	45.0000	-21.6729
		endloop
	endfacet
	facet normal	0.000000	1.00000	0.000000
		outer loop
			vertex	-19.9405	45.0000	-8.56604
			vertex	-20.9117	45.0000	-6.14022
			vertex	-21.2667	45.0000	-4.29819
		endloop
	endfacet
	facet normal	0.000000	1.00000	0.000000
		outer loop
			vertex	-19.9405	45.0000	8.56604
			vertex	-19.3717	45.0000	9.98682
			vertex	-17.7775	45.0000	12.4675
		endloop
	endfacet
	facet normal	0.000000	1.00000	0.000000
		outer loop
			vertex	15.5110	45.0000	15.2673
			vertex	-19.9405	45.0000	8.56604
			vertex	13.6433	45.0000	16.8857
		endloop
	endfacet
	facet normal	0.000000	1.00000	0.000000
		outer loop
			vertex	11.1832	45.0000	18.5955
			vertex	13.6433	45.0000	16.8857
			vertex	-19.9405	45.0000	8.56604
		endloop
	endfacet
	facet normal	0.000000	1.00000	0.000000
		outer loop
			vertex	13.6433	45.0000	16.8857
			vertex	11.1832	45.0000	18.5955
			vertex	12.6420	45.0000	17.7533
		endloop
	endfacet
	facet normal	0.000000	1.00000	0.000000
		outer loop
			vertex	12.6420	45.0000	-17.7533
			vertex	11.1832	45.0000	-18.5955
			vertex	13.6433	45.0000	-16.8857
		endloop
	endfacet
	facet normal	0.000000	1.00000	0.000000
		outer loop
			vertex	-19.9405	45.0000	8.56604
			vertex	13.6433	45.0000	-16.8857
			vertex	11.1832	45.0000	-18.5955
		endloop
	endfacet
	facet normal	0.000000	1.00000	0.000000
		outer loop
			vertex	13.6433	45.0000	-16.8857
			vertex	-19.9405	45.0000	8.56604
			vertex	15.5110	45.0000	-15.2673
		endloop
	endfacet
	facet normal	0.000000	1.00000	0.000000
		outer loop
			vertex	17.5564	45.0000	-12.7727
			vertex	15.5110	45.0000	-15.2673
			vertex	-19.9405	45.0000	8.56604
		endloop
	endfacet
	facet normal	0.000000	1.00000	0.000000
		outer loop
			vertex	15.5110	45.0000	-15.2673
			vertex	17.5564	45.0000	-12.7727
			vertex	15.7734	45.0000	-15.0399
		endloop
	endfacet
	facet normal	0.000000	1.00000	0.000000
		outer loop
			vertex	-14.2724	45.0000	16.4712
			vertex	-13.6884	45.0000	16.8870
			vertex	-17.1316	45.0000	13.4725
		endloop
	endfacet
	facet normal	0.000000	1.00000	0.000000
		outer loop
			vertex	-17.5808	45.0000	12.7736
			vertex	-17.1316	45.0000	13.4725
			vertex	-13.6884	45.0000	16.8870
		endloop
	endfacet
	facet normal	0.000000	1.00000	0.000000
		outer loop
			vertex	1.03702	45.0000	21.7698
			vertex	2.99428	45.0000	21.4884
			vertex	-0.996792	45.0000	21.6729
		endloop
	endfacet
	facet normal	0.000000	1.00000	0.000000
		outer loop
			vertex	-19.9405	45.0000	8.56604
			vertex	-0.996792	45.0000	21.6729
			vertex	2.99428	45.0000	21.4884
		endloop
	endfacet
	facet normal	0.000000	1.00000	0.000000
		outer loop
			vertex	-0.996792	45.0000	21.6729
			vertex	-19.9405	45.0000	8.56604
			vertex	-3.10168	45.0000	21.5727
		endloop
	endfacet
	facet normal	0.000000	1.00000	0.000000
		outer loop
			vertex	-5.00354	45.0000	21.1113
			vertex	-3.10168	45.0000	21.5727
			vertex	-19.9405	45.0000	8.56604
		endloop
	endfacet
	facet normal	0.000000	1.00000	0.000000
		outer loop
			vertex	9.05376	45.0000	19.8250
			vertex	11.1832	45.0000	18.5955
			vertex	7.03259	45.0000	20.5245
		endloop
	endfacet
	facet normal	0.000000	1.00000	0.000000
		outer loop
			vertex	-19.9405	45.0000	8.56604
			vertex	7.03259	45.0000	20.5245
			vertex	11.1832	45.0000	18.5955
		endloop
	endfacet
	facet normal	0.000000	1.00000	0.000000
		outer loop
			vertex	7.03259	45.0000	20.5245
			vertex	-19.9405	45.0000	8.56604
			vertex	6.02177	45.0000	20.8744
		endloop
	endfacet
	facet normal	0.000000	1.00000	0.000000
		outer loop
			vertex	2.99428	45.0000	21.4884
			vertex	6.02177	45.0000	20.8744
			vertex	-19.9405	45.0000	8.56604
		endloop
	endfacet
	facet normal	0.000000	1.00000	0.000000
		outer loop
			vertex	6.02177	45.0000	20.8744
			vertex	2.99428	45.0000	21.4884
			vertex	5.13825	45.0000	21.1801
		endloop
	endfacet
	facet normal	0.000000	1.00000	0.000000
		outer loop
			vertex	18.3347	45.0000	11.7830
			vertex	19.9919	45.0000	8.56845
			vertex	17.5564	45.0000	12.7727
		endloop
	endfacet
	facet normal	0.000000	1.00000	0.000000
		outer loop
			vertex	-19.9405	45.0000	8.56604
			vertex	17.5564	45.0000	12.7727
			vertex	19.9919	45.0000	8.56845
		endloop
	endfacet
	facet normal	0.000000	1.00000	0.000000
		outer loop
			vertex	17.5564	45.0000	12.7727
			vertex	-19.9405	45.0000	8.56604
			vertex	15.7734	45.0000	15.0399
		endloop
	endfacet
	facet normal	0.000000	1.00000	0.000000
		outer loop
			vertex	15.5110	45.0000	15.2673
			vertex	15.7734	45.0000	15.0399
			vertex	-19.9405	45.0000	8.56604
		endloop
	endfacet
	facet normal	0.000000	1.00000	0.000000
		outer loop
			vertex	-3.10168	45.0000	-21.5727
			vertex	-5.00354	45.0000	-21.1113
			vertex	-0.996792	45.0000	-21.6729
		endloop
	endfacet
	facet normal	0.000000	1.00000	0.000000
		outer loop
			vertex	-19.9405	45.0000	8.56604
			vertex	-0.996792	45.0000	-21.6729
			vertex	-5.00354	45.0000	-21.1113
		endloop
	endfacet
	facet normal	0.000000	1.00000	0.000000
		outer loop
			vertex	-0.996792	45.0000	-21.6729
			vertex	-19.9405	45.0000	8.56604
			vertex	2.99428	45.0000	-21.4884
		endloop
	endfacet
	facet normal	0.000000	1.00000	0.000000
		outer loop
			vertex	-17.1316	45.0000	-13.4725
			vertex	-17.5808	45.0000	-12.7736
			vertex	-14.2724	45.0000	-16.4712
		endloop
	endfacet
	facet normal	0.000000	1.00000	0.000000
		outer loop
			vertex	-13.6884	45.0000	-16.8870
			vertex	-14.2724	45.0000	-16.4712
			vertex	-17.5808	45.0000	-12.7736
		endloop
	endfacet
	facet normal	0.000000	1.00000	0.000000
		outer loop
			vertex	-13.6884	45.0000	16.8870
			vertex	-13.3213	45.0000	17.1485
			vertex	-17.5808	45.0000	12.7736
		endloop
	endfacet
	facet normal	0.000000	1.00000	0.000000
		outer loop
			vertex	-10.8972	45.0000	18.8746
			vertex	-17.5808	45.0000	12.7736
			vertex	-13.3213	45.0000	17.1485
		endloop
	endfacet
	facet normal	0.000000	1.00000	0.000000
		outer loop
			vertex	-17.5808	45.0000	12.7736
			vertex	-10.8972	45.0000	18.8746
			vertex	-9.08970	45.0000	19.7001
		endloop
	endfacet
	facet normal	0.000000	1.00000	0.000000
		outer loop
			vertex	-19.9405	45.0000	8.56604
			vertex	-17.7775	45.0000	12.4675
			vertex	-5.00354	45.0000	21.1113
		endloop
	endfacet
	facet normal	0.000000	1.00000	0.000000
		outer loop
			vertex	-17.5808	45.0000	12.7736
			vertex	-5.00354	45.0000	21.1113
			vertex	-17.7775	45.0000	12.4675
		endloop
	endfacet
	facet normal	0.000000	1.00000	0.000000
		outer loop
			vertex	-5.00354	45.0000	21.1113
			vertex	-17.5808	45.0000	12.7736
			vertex	-5.98019	45.0000	20.8743
		endloop
	endfacet
	facet normal	0.000000	1.00000	0.000000
		outer loop
			vertex	-9.08970	45.0000	19.7001
			vertex	-5.98019	45.0000	20.8743
			vertex	-17.5808	45.0000	12.7736
		endloop
	endfacet
	facet normal	0.000000	1.00000	0.000000
		outer loop
			vertex	-5.98019	45.0000	20.8743
			vertex	-9.08970	45.0000	19.7001
			vertex	-7.12828	45.0000	20.5958
		endloop
	endfacet
	facet normal	0.000000	1.00000	0.000000
		outer loop
			vertex	5.13825	45.0000	-21.1801
			vertex	2.99428	45.0000	-21.4884
			vertex	6.02177	45.0000	-20.8744
		endloop
	endfacet
	facet normal	0.000000	1.00000	0.000000
		outer loop
			vertex	-19.9405	45.0000	8.56604
			vertex	6.02177	45.0000	-20.8744
			vertex	2.99428	45.0000	-21.4884
		endloop
	endfacet
	facet normal	0.000000	1.00000	0.000000
		outer loop
			vertex	6.02177	45.0000	-20.8744
			vertex	-19.9405	45.0000	8.56604
			vertex	7.03259	45.0000	-20.5245
		endloop
	endfacet
	facet normal	0.000000	1.00000	0.000000
		outer loop
			vertex	11.1832	45.0000	-18.5955
			vertex	7.03259	45.0000	-20.5245
			vertex	-19.9405	45.0000	8.56604
		endloop
	endfacet
	facet normal	0.000000	1.00000	0.000000
		outer loop
			vertex	7.03259	45.0000	-20.5245
			vertex	11.1832	45.0000	-18.5955
			vertex	9.05376	45.0000	-19.8250
		endloop
	endfacet
	facet normal	0.000000	1.00000	0.000000
		outer loop
			vertex	-5.00354	45.0000	-21.1113
			vertex	-5.98019	45.0000	-20.8743
			vertex	-19.9405	45.0000	8.56604
		endloop
	endfacet
	facet normal	0.000000	1.00000	0.000000
		outer loop
			vertex	-7.12828	45.0000	-20.5958
			vertex	-19.9405	45.0000	8.56604
			vertex	-5.98019	45.0000	-20.8743
		endloop
	endfacet
	facet normal	0.000000	1.00000	0.000000
		outer loop
			vertex	-19.9405	45.0000	8.56604
			vertex	-7.12828	45.0000	-20.5958
			vertex	-9.08970	45.0000	-19.7001
		endloop
	endfacet
	facet normal	0.000000	1.00000	0.000000
		outer loop
			vertex	-9.08970	45.0000	-19.7001
			vertex	-10.8972	45.0000	-18.8746
			vertex	-13.3213	45.0000	-17.1485
		endloop
	endfacet
	facet normal	0.000000	1.00000	0.000000
		outer loop
			vertex	-17.5808	45.0000	-12.7736
			vertex	-17.7775	45.0000	-12.4675
			vertex	-13.6884	45.0000	-16.8870
		endloop
	endfacet
	facet normal	0.000000	1.00000	0.000000
		outer loop
			vertex	-19.3717	45.0000	-9.98682
			vertex	-13.6884	45.0000	-16.8870
			vertex	-17.7775	45.0000	-12.4675
		endloop
	endfacet
	facet normal	0.000000	1.00000	0.000000
		outer loop
			vertex	-13.6884	45.0000	-16.8870
			vertex	-19.3717	45.0000	-9.98682
			vertex	-19.9405	45.0000	-8.56604
		endloop
	endfacet
	facet normal	0.000000	1.00000	0.000000
		outer loop
			vertex	-19.9405	45.0000	-8.56604
			vertex	-21.2667	45.0000	-4.29819
			vertex	-13.6884	45.0000	-16.8870
		endloop
	endfacet
	facet normal	0.000000	1.00000	0.000000
		outer loop
			vertex	-21.6958	45.0000	-2.07170
			vertex	-13.6884	45.0000	-16.8870
			vertex	-21.2667	45.0000	-4.29819
		endloop
	endfacet
	facet normal	0.000000	1.00000	0.000000
		outer loop
			vertex	-13.6884	45.0000	-16.8870
			vertex	-21.6958	45.0000	-2.07170
			vertex	-21.6958	45.0000	1.63911e-015
		endloop
	endfacet
	facet normal	0.000000	1.00000	0.000000
		outer loop
			vertex	-9.08970	45.0000	-19.7001
			vertex	-13.3213	45.0000	-17.1485
			vertex	-19.9405	45.0000	8.56604
		endloop
	endfacet
	facet normal	0.000000	1.00000	0.000000
		outer loop
			vertex	-13.6884	45.0000	-16.8870
			vertex	-19.9405	45.0000	8.56604
			vertex	-13.3213	45.0000	-17.1485
		endloop
	endfacet
	facet normal	0.000000	1.00000	0.000000
		outer loop
			vertex	-19.9405	45.0000	8.56604
			vertex	-13.6884	45.0000	-16.8870
			vertex	-21.2667	45.0000	4.29819
		endloop
	endfacet
	facet normal	0.000000	1.00000	0.000000
		outer loop
			vertex	-21.6958	45.0000	1.63911e-015
			vertex	-21.2667	45.0000	4.29819
			vertex	-13.6884	45.0000	-16.8870
		endloop
	endfacet
	facet normal	0.000000	1.00000	0.000000
		outer loop
			vertex	-21.2667	45.0000	4.29819
			vertex	-21.6958	45.0000	1.63911e-015
			vertex	-21.6958	45.0000	2.07170
		endloop
	endfacet
	facet normal	0.0605675	0.545225	0.836099
		outer loop
			vertex	1.69687	25.5287	42.9582
			vertex	3.94646	25.2788	42.9582
			vertex	4.50189	28.8366	40.5979
		endloop
	endfacet
	facet normal	-0.514578	0.190165	0.836090
		outer loop
			vertex	-24.3676	7.79846	42.9582
			vertex	-23.5830	9.92155	42.9582
			vertex	-26.9020	11.3179	40.5979
		endloop
	endfacet
	facet normal	0.108507	-0.537740	0.836099
		outer loop
			vertex	6.16517	-24.8311	42.9582
			vertex	3.94646	-25.2788	42.9582
			vertex	4.50189	-28.8366	40.5979
		endloop
	endfacet
	facet normal	0.535227	-0.120364	0.836089
		outer loop
			vertex	25.1853	-4.50472	42.9582
			vertex	24.6887	-6.71297	42.9582
			vertex	28.1633	-7.65775	40.5979
		endloop
	endfacet
	facet normal	-0.409242	-0.240337	0.880204
		outer loop
			vertex	-18.2871	-11.8566	45.0000
			vertex	-19.2635	-10.1940	45.0000
			vertex	-22.6138	-11.9670	42.9582
		endloop
	endfacet
	facet normal	-0.386412	-0.275527	0.880210
		outer loop
			vertex	-17.1677	-13.4265	45.0000
			vertex	-18.2871	-11.8566	45.0000
			vertex	-21.4677	-13.9188	42.9582
		endloop
	endfacet
	facet normal	-0.360545	-0.308631	0.880202
		outer loop
			vertex	-15.9139	-14.8912	45.0000
			vertex	-17.1677	-13.4265	45.0000
			vertex	-20.1535	-15.7616	42.9582
		endloop
	endfacet
	facet normal	-0.331850	-0.339284	0.880206
		outer loop
			vertex	-14.5355	-16.2394	45.0000
			vertex	-15.9139	-14.8912	45.0000
			vertex	-18.6817	-17.4811	42.9582
		endloop
	endfacet
	facet normal	-0.300571	-0.367277	0.880207
		outer loop
			vertex	-13.0434	-17.4605	45.0000
			vertex	-14.5355	-16.2394	45.0000
			vertex	-17.0636	-19.0638	42.9582
		endloop
	endfacet
	facet normal	-0.266943	-0.392402	0.880206
		outer loop
			vertex	-11.4492	-18.5450	45.0000
			vertex	-13.0434	-17.4605	45.0000
			vertex	-15.3119	-20.4973	42.9582
		endloop
	endfacet
	facet normal	-0.231209	-0.414471	0.880203
		outer loop
			vertex	-9.76539	-19.4843	45.0000
			vertex	-11.4492	-18.5450	45.0000
			vertex	-13.4405	-21.7703	42.9582
		endloop
	endfacet
	facet normal	-0.932939	0.235782	0.272086
		outer loop
			vertex	-45.0000	15.7734	15.0399
			vertex	-45.0000	14.4131	16.2187
			vertex	-44.8220	14.3446	16.8884
		endloop
	endfacet
	facet normal	-0.932948	0.235751	0.272085
		outer loop
			vertex	-44.8220	14.3446	16.8884
			vertex	-45.0000	14.4131	16.2187
			vertex	-45.0000	13.6433	16.8857
		endloop
	endfacet
	facet normal	-0.899448	-0.429132	-0.0827042
		outer loop
			vertex	-45.0000	-21.6958	-2.07170
			vertex	-45.0000	-21.2667	-4.29819
			vertex	-44.0296	-23.3000	-4.30148
		endloop
	endfacet
	facet normal	-0.885958	-0.335778	-0.319893
		outer loop
			vertex	-44.8220	-14.3446	-16.8884
			vertex	-45.0000	-14.4033	-16.3338
			vertex	-45.0000	-14.2724	-16.4712
		endloop
	endfacet
	facet normal	-0.904211	0.335708	-0.264012
		outer loop
			vertex	-45.0000	15.7734	-15.0399
			vertex	-45.0000	17.5564	-12.7727
			vertex	-44.5572	18.7456	-12.7771
		endloop
	endfacet
	facet normal	-0.880340	0.421617	-0.217348
		outer loop
			vertex	-45.0000	18.9375	-10.6138
			vertex	-45.0000	19.9919	-8.56845
			vertex	-43.5393	23.0405	-8.57107
		endloop
	endfacet
	facet normal	-0.887835	0.441522	-0.129639
		outer loop
			vertex	-45.0000	20.2333	-8.10020
			vertex	-45.0000	21.3489	-4.30069
			vertex	-44.0296	23.3000	-4.30148
		endloop
	endfacet
	facet normal	0.896479	-0.221569	0.383708
		outer loop
			vertex	45.0000	-12.6420	17.7533
			vertex	45.0000	-12.2404	17.9852
			vertex	43.8423	-11.9209	20.8745
		endloop
	endfacet
	facet normal	0.919955	-0.128213	0.370464
		outer loop
			vertex	45.0000	-9.05376	19.8250
			vertex	45.0000	-8.05517	20.1706
			vertex	44.7243	-7.99951	20.8745
		endloop
	endfacet
	facet normal	0.919953	-0.128225	0.370464
		outer loop
			vertex	44.7243	-7.99951	20.8745
			vertex	45.0000	-8.05517	20.1706
			vertex	45.0000	-6.02177	20.8744
		endloop
	endfacet
	facet normal	0.964028	-0.260999	-0.0502876
		outer loop
			vertex	45.0000	21.3228	4.00703
			vertex	45.0172	21.3296	4.30148
			vertex	45.0000	21.2667	4.29819
		endloop
	endfacet
	facet normal	0.964046	-0.260933	0.0502902
		outer loop
			vertex	45.0000	21.6958	-2.07170
			vertex	45.0000	21.3228	-4.00703
			vertex	45.0172	21.3296	-4.30148
		endloop
	endfacet
	facet normal	0.964028	-0.260999	0.0502876
		outer loop
			vertex	45.0172	21.3296	-4.30148
			vertex	45.0000	21.3228	-4.00703
			vertex	45.0000	21.2667	-4.29819
		endloop
	endfacet
	facet normal	0.911199	0.382453	-0.153119
		outer loop
			vertex	45.0000	20.9117	-6.14022
			vertex	45.0000	19.9405	-8.56604
			vertex	44.5158	21.0921	-8.57107
		endloop
	endfacet
	facet normal	0.899678	0.315956	-0.301251
		outer loop
			vertex	44.1436	16.3132	-16.8884
			vertex	45.0000	16.6364	-13.9918
			vertex	45.0000	14.2724	-16.4712
		endloop
	endfacet
	facet normal	0.898254	-0.287790	-0.332139
		outer loop
			vertex	45.0000	-12.6420	-17.7533
			vertex	45.0000	-13.6433	-16.8857
			vertex	44.1436	-16.3132	-16.8884
		endloop
	endfacet
	facet normal	0.882808	-0.369232	-0.290376
		outer loop
			vertex	45.0000	-16.6384	-13.9400
			vertex	45.0000	-17.5564	-12.7727
			vertex	43.6845	-20.6982	-12.7771
		endloop
	endfacet
	facet normal	0.896377	-0.394014	-0.203126
		outer loop
			vertex	45.0000	-18.3347	-11.7830
			vertex	45.0000	-19.9919	-8.56845
			vertex	44.5158	-21.0921	-8.57107
		endloop
	endfacet
	facet normal	0.876358	-0.462153	-0.135689
		outer loop
			vertex	45.0000	-21.3222	-4.39163
			vertex	45.0000	-21.3489	-4.30069
			vertex	42.9559	-25.2248	-4.30148
		endloop
	endfacet
	facet normal	0.245429	0.961124	0.126511
		outer loop
			vertex	20.2333	45.0000	8.10020
			vertex	20.1165	45.0000	8.32679
			vertex	20.1022	44.9715	8.57107
		endloop
	endfacet
	facet normal	0.245363	0.961141	0.126509
		outer loop
			vertex	20.1022	44.9715	8.57107
			vertex	20.1165	45.0000	8.32679
			vertex	19.9919	45.0000	8.56845
		endloop
	endfacet
	facet normal	0.356138	0.891475	0.280067
		outer loop
			vertex	18.3347	45.0000	11.7830
			vertex	17.5564	45.0000	12.7727
			vertex	19.7267	44.1316	12.7771
		endloop
	endfacet
	facet normal	0.272127	0.909584	0.314012
		outer loop
			vertex	15.7734	45.0000	15.0399
			vertex	15.5110	45.0000	15.2673
			vertex	15.3327	44.4937	16.8884
		endloop
	endfacet
	facet normal	0.272097	0.909593	0.314011
		outer loop
			vertex	15.3327	44.4937	16.8884
			vertex	15.5110	45.0000	15.2673
			vertex	13.6433	45.0000	16.8857
		endloop
	endfacet
	facet normal	0.219060	0.898909	0.379440
		outer loop
			vertex	12.6420	45.0000	17.7533
			vertex	11.1832	45.0000	18.5955
			vertex	10.9481	44.0953	20.8745
		endloop
	endfacet
	facet normal	0.105247	0.946807	0.304105
		outer loop
			vertex	9.05376	45.0000	19.8250
			vertex	7.03259	45.0000	20.5245
			vertex	7.00816	44.8903	20.8745
		endloop
	endfacet
	facet normal	0.105268	0.946804	0.304106
		outer loop
			vertex	7.00816	44.8903	20.8745
			vertex	7.03259	45.0000	20.5245
			vertex	6.02177	45.0000	20.8744
		endloop
	endfacet
	facet normal	0.0649770	0.889718	0.451862
		outer loop
			vertex	5.13825	45.0000	21.1801
			vertex	2.99428	45.0000	21.4884
			vertex	2.88305	43.3741	24.7058
		endloop
	endfacet
	facet normal	-0.402854	0.911965	-0.0776399
		outer loop
			vertex	-21.6958	45.0000	-2.07170
			vertex	-21.2667	45.0000	-4.29819
			vertex	-22.3203	44.5343	-4.30148
		endloop
	endfacet
	facet normal	-0.405534	0.899545	-0.162360
		outer loop
			vertex	-20.9117	45.0000	-6.14022
			vertex	-19.9405	45.0000	-8.56604
			vertex	-22.0717	44.0383	-8.57107
		endloop
	endfacet
	facet normal	-0.213421	0.967285	-0.137154
		outer loop
			vertex	-19.3717	45.0000	-9.98682
			vertex	-17.7775	45.0000	-12.4675
			vertex	-17.7553	44.9610	-12.7771
		endloop
	endfacet
	facet normal	-0.213438	0.967281	-0.137155
		outer loop
			vertex	-17.7553	44.9610	-12.7771
			vertex	-17.7775	45.0000	-12.4675
			vertex	-17.5808	45.0000	-12.7736
		endloop
	endfacet
	facet normal	0.356137	0.891472	-0.280078
		outer loop
			vertex	15.7734	45.0000	-15.0399
			vertex	17.5564	45.0000	-12.7727
			vertex	19.7267	44.1316	-12.7771
		endloop
	endfacet
	facet normal	0.452124	0.882021	-0.132751
		outer loop
			vertex	20.2333	45.0000	-8.10020
			vertex	21.3489	45.0000	-4.30069
			vertex	24.2683	43.5034	-4.30148
		endloop
	endfacet
	facet normal	-0.323576	-0.869400	0.373420
		outer loop
			vertex	-13.6433	-45.0000	16.8857
			vertex	-13.3189	-45.0000	17.1668
			vertex	-12.8879	-43.5679	20.8745
		endloop
	endfacet
	facet normal	0.171115	-0.982866	0.0685140
		outer loop
			vertex	20.1195	-45.0000	8.11898
			vertex	20.1022	-44.9715	8.57107
			vertex	19.9405	-45.0000	8.56604
		endloop
	endfacet
	facet normal	0.444496	-0.891675	-0.0856654
		outer loop
			vertex	21.6958	-45.0000	-2.07170
			vertex	21.2667	-45.0000	-4.29819
			vertex	24.2683	-43.5034	-4.30148
		endloop
	endfacet
	facet normal	0.171136	-0.982862	-0.0685146
		outer loop
			vertex	20.9117	-45.0000	-6.14022
			vertex	20.1195	-45.0000	-8.11898
			vertex	20.1022	-44.9715	-8.57107
		endloop
	endfacet
	facet normal	0.171115	-0.982866	-0.0685140
		outer loop
			vertex	20.1022	-44.9715	-8.57107
			vertex	20.1195	-45.0000	-8.11898
			vertex	19.9405	-45.0000	-8.56604
		endloop
	endfacet
	facet normal	0.313070	-0.901601	-0.298499
		outer loop
			vertex	15.3327	-44.4937	-16.8884
			vertex	15.5179	-45.0000	-15.1649
			vertex	14.2724	-45.0000	-16.4712
		endloop
	endfacet
	facet normal	-0.0589755	-0.887088	-0.457818
		outer loop
			vertex	-4.99897	-45.0000	-21.2002
			vertex	-4.79881	-43.2041	-24.7058
			vertex	-0.961643	-43.4592	-24.7058
		endloop
	endfacet
	facet normal	-0.433550	-0.891870	-0.128852
		outer loop
			vertex	-22.3203	-44.5343	-4.30148
			vertex	-22.0717	-44.0383	-8.57107
			vertex	-20.2333	-45.0000	-8.10020
		endloop
	endfacet
	facet normal	-0.187187	-0.971231	-0.147210
		outer loop
			vertex	-15.7734	-45.0000	-15.0399
			vertex	-17.5564	-45.0000	-12.7727
			vertex	-17.7553	-44.9610	-12.7771
		endloop
	endfacet
	facet normal	-0.187185	-0.971228	-0.147235
		outer loop
			vertex	-17.7779	-45.0000	-12.4911
			vertex	-17.7553	-44.9610	-12.7771
			vertex	-17.5564	-45.0000	-12.7727
		endloop
	endfacet
	facet normal	-0.403148	-0.901938	-0.154851
		outer loop
			vertex	-17.7553	-44.9610	-12.7771
			vertex	-17.7779	-45.0000	-12.4911
			vertex	-21.6595	-43.2159	-12.7771
		endloop
	endfacet
	facet normal	-0.380247	-0.875221	-0.299000
		outer loop
			vertex	-18.3347	-45.0000	-11.7830
			vertex	-21.6595	-43.2159	-12.7771
			vertex	-17.7779	-45.0000	-12.4911
		endloop
	endfacet
	facet normal	-0.411573	-0.885999	-0.213573
		outer loop
			vertex	-21.6595	-43.2159	-12.7771
			vertex	-18.3347	-45.0000	-11.7830
			vertex	-22.0717	-44.0383	-8.57107
		endloop
	endfacet
	facet normal	-0.410001	-0.887256	-0.211368
		outer loop
			vertex	-19.9919	-45.0000	-8.56845
			vertex	-22.0717	-44.0383	-8.57107
			vertex	-18.3347	-45.0000	-11.7830
		endloop
	endfacet
	facet normal	-0.410001	-0.887256	-0.211369
		outer loop
			vertex	-22.0717	-44.0383	-8.57107
			vertex	-19.9919	-45.0000	-8.56845
			vertex	-20.2333	-45.0000	-8.10020
		endloop
	endfacet
	facet normal	-0.141050	-0.902234	-0.407529
		outer loop
			vertex	-6.02177	-45.0000	-20.8744
			vertex	-9.05376	-45.0000	-19.8250
			vertex	-8.98695	-44.5364	-20.8745
		endloop
	endfacet
	facet normal	-0.234164	-0.883699	-0.405269
		outer loop
			vertex	-9.08076	-45.0000	-19.8094
			vertex	-8.98695	-44.5364	-20.8745
			vertex	-9.05376	-45.0000	-19.8250
		endloop
	endfacet
	facet normal	-0.220254	-0.887143	-0.405543
		outer loop
			vertex	-8.98695	-44.5364	-20.8745
			vertex	-9.08076	-45.0000	-19.8094
			vertex	-12.8879	-43.5679	-20.8745
		endloop
	endfacet
	facet normal	-0.226018	-0.892001	-0.391471
		outer loop
			vertex	-12.6420	-45.0000	-17.7533
			vertex	-12.8879	-43.5679	-20.8745
			vertex	-9.08076	-45.0000	-19.8094
		endloop
	endfacet
	facet normal	-0.0668518	-0.882784	-0.464998
		outer loop
			vertex	-4.99897	-45.0000	-21.2002
			vertex	-0.961643	-43.4592	-24.7058
			vertex	-1.03702	-45.0000	-21.7698
		endloop
	endfacet
	facet normal	0.0196010	-0.885509	-0.464208
		outer loop
			vertex	2.88305	-43.3741	-24.7058
			vertex	-1.03702	-45.0000	-21.7698
			vertex	-0.961643	-43.4592	-24.7058
		endloop
	endfacet
	facet normal	0.0219939	-0.886760	-0.461706
		outer loop
			vertex	-1.03702	-45.0000	-21.7698
			vertex	2.88305	-43.3741	-24.7058
			vertex	2.99145	-45.0000	-21.5779
		endloop
	endfacet
	facet normal	0.0982953	-0.885038	-0.455023
		outer loop
			vertex	6.70517	-42.9496	-24.7058
			vertex	5.98019	-45.0000	-20.8743
			vertex	2.88305	-43.3741	-24.7058
		endloop
	endfacet
	facet normal	0.112545	-0.878728	-0.463864
		outer loop
			vertex	3.10168	-45.0000	-21.5727
			vertex	2.88305	-43.3741	-24.7058
			vertex	5.98019	-45.0000	-20.8743
		endloop
	endfacet
	facet normal	0.0217811	-0.886767	-0.461702
		outer loop
			vertex	2.88305	-43.3741	-24.7058
			vertex	3.10168	-45.0000	-21.5727
			vertex	2.99145	-45.0000	-21.5779
		endloop
	endfacet
	facet normal	0.181150	-0.897760	-0.401512
		outer loop
			vertex	10.9481	-44.0953	-20.8745
			vertex	10.8972	-45.0000	-18.8746
			vertex	7.00816	-44.8903	-20.8745
		endloop
	endfacet
	facet normal	0.197034	-0.880358	-0.431447
		outer loop
			vertex	7.12828	-45.0000	-20.5958
			vertex	7.00816	-44.8903	-20.8745
			vertex	10.8972	-45.0000	-18.8746
		endloop
	endfacet
	facet normal	0.0971158	-0.911137	-0.400497
		outer loop
			vertex	7.00816	-44.8903	-20.8745
			vertex	7.12828	-45.0000	-20.5958
			vertex	7.02601	-45.0000	-20.6206
		endloop
	endfacet
	facet normal	0.262231	-0.886464	-0.381336
		outer loop
			vertex	14.8025	-42.9551	-20.8745
			vertex	13.6884	-45.0000	-16.8870
			vertex	10.9481	-44.0953	-20.8745
		endloop
	endfacet
	facet normal	0.277761	-0.877895	-0.390064
		outer loop
			vertex	11.1758	-45.0000	-18.6762
			vertex	10.9481	-44.0953	-20.8745
			vertex	13.6884	-45.0000	-16.8870
		endloop
	endfacet
	facet normal	0.277777	-0.877890	-0.390064
		outer loop
			vertex	10.9481	-44.0953	-20.8745
			vertex	11.1758	-45.0000	-18.6762
			vertex	10.8972	-45.0000	-18.8746
		endloop
	endfacet
	facet normal	0.313057	-0.901606	-0.298499
		outer loop
			vertex	15.5179	-45.0000	-15.1649
			vertex	15.3327	-44.4937	-16.8884
			vertex	17.1316	-45.0000	-13.4725
		endloop
	endfacet
	facet normal	0.348668	-0.882911	-0.314481
		outer loop
			vertex	19.2050	-42.9645	-16.8884
			vertex	17.1316	-45.0000	-13.4725
			vertex	15.3327	-44.4937	-16.8884
		endloop
	endfacet
	facet normal	0.414820	-0.869966	-0.266614
		outer loop
			vertex	17.1316	-45.0000	-13.4725
			vertex	19.2050	-42.9645	-16.8884
			vertex	17.5808	-45.0000	-12.7736
		endloop
	endfacet
	facet normal	0.497901	-0.844015	-0.199331
		outer loop
			vertex	19.9405	-45.0000	-8.56604
			vertex	19.3717	-45.0000	-9.98682
			vertex	19.7267	-44.1316	-12.7771
		endloop
	endfacet
	facet normal	0.163568	-0.964526	-0.207208
		outer loop
			vertex	19.9405	-45.0000	-8.56604
			vertex	19.7267	-44.1316	-12.7771
			vertex	20.1022	-44.9715	-8.57107
		endloop
	endfacet
	facet normal	0.437737	-0.873390	-0.213486
		outer loop
			vertex	23.9981	-43.0189	-8.57107
			vertex	20.1022	-44.9715	-8.57107
			vertex	19.7267	-44.1316	-12.7771
		endloop
	endfacet
	facet normal	0.442460	-0.882814	-0.157696
		outer loop
			vertex	20.1022	-44.9715	-8.57107
			vertex	23.9981	-43.0189	-8.57107
			vertex	20.9117	-45.0000	-6.14022
		endloop
	endfacet
	facet normal	0.444496	-0.891675	0.0856654
		outer loop
			vertex	24.2683	-43.5034	4.30148
			vertex	21.2667	-45.0000	4.29819
			vertex	21.6958	-45.0000	2.07170
		endloop
	endfacet
	facet normal	0.431960	-0.885157	0.172936
		outer loop
			vertex	20.1195	-45.0000	8.11898
			vertex	20.9117	-45.0000	6.14022
			vertex	23.9981	-43.0189	8.57107
		endloop
	endfacet
	facet normal	0.171116	-0.982867	0.0685049
		outer loop
			vertex	19.9405	-45.0000	8.56604
			vertex	20.1022	-44.9715	8.57107
			vertex	19.3717	-45.0000	9.98682
		endloop
	endfacet
	facet normal	0.447418	-0.868498	0.213374
		outer loop
			vertex	19.7267	-44.1316	12.7771
			vertex	19.3717	-45.0000	9.98682
			vertex	20.1022	-44.9715	8.57107
		endloop
	endfacet
	facet normal	0.364370	-0.901335	0.234159
		outer loop
			vertex	19.3717	-45.0000	9.98682
			vertex	19.7267	-44.1316	12.7771
			vertex	17.5808	-45.0000	12.7736
		endloop
	endfacet
	facet normal	0.364367	-0.901328	0.234188
		outer loop
			vertex	17.5808	-45.0000	12.7736
			vertex	19.7267	-44.1316	12.7771
			vertex	17.1316	-45.0000	13.4725
		endloop
	endfacet
	facet normal	0.373623	-0.878789	0.296877
		outer loop
			vertex	19.2050	-42.9645	16.8884
			vertex	17.1316	-45.0000	13.4725
			vertex	19.7267	-44.1316	12.7771
		endloop
	endfacet
	facet normal	0.337734	-0.884440	0.322029
		outer loop
			vertex	17.1316	-45.0000	13.4725
			vertex	19.2050	-42.9645	16.8884
			vertex	15.5179	-45.0000	15.1649
		endloop
	endfacet
	facet normal	0.277777	-0.877890	0.390064
		outer loop
			vertex	10.8972	-45.0000	18.8746
			vertex	11.1758	-45.0000	18.6762
			vertex	10.9481	-44.0953	20.8745
		endloop
	endfacet
	facet normal	0.277761	-0.877895	0.390064
		outer loop
			vertex	13.6884	-45.0000	16.8870
			vertex	10.9481	-44.0953	20.8745
			vertex	11.1758	-45.0000	18.6762
		endloop
	endfacet
	facet normal	0.0971158	-0.911137	0.400497
		outer loop
			vertex	7.00816	-44.8903	20.8745
			vertex	7.02601	-45.0000	20.6206
			vertex	7.12828	-45.0000	20.5958
		endloop
	endfacet
	facet normal	0.112545	-0.878728	0.463864
		outer loop
			vertex	2.88305	-43.3741	24.7058
			vertex	3.10168	-45.0000	21.5727
			vertex	5.98019	-45.0000	20.8743
		endloop
	endfacet
	facet normal	0.0971546	-0.911133	0.400498
		outer loop
			vertex	7.02601	-45.0000	20.6206
			vertex	7.00816	-44.8903	20.8745
			vertex	5.98019	-45.0000	20.8743
		endloop
	endfacet
	facet normal	0.0943629	-0.885073	0.455786
		outer loop
			vertex	6.70517	-42.9496	24.7058
			vertex	5.98019	-45.0000	20.8743
			vertex	7.00816	-44.8903	20.8745
		endloop
	endfacet
	facet normal	0.0982953	-0.885038	0.455023
		outer loop
			vertex	5.98019	-45.0000	20.8743
			vertex	6.70517	-42.9496	24.7058
			vertex	2.88305	-43.3741	24.7058
		endloop
	endfacet
	facet normal	0.0217811	-0.886767	0.461702
		outer loop
			vertex	3.10168	-45.0000	21.5727
			vertex	2.88305	-43.3741	24.7058
			vertex	2.99145	-45.0000	21.5779
		endloop
	endfacet
	facet normal	0.0196304	-0.886838	0.461664
		outer loop
			vertex	-0.961643	-43.4592	24.7058
			vertex	2.99145	-45.0000	21.5779
			vertex	2.88305	-43.3741	24.7058
		endloop
	endfacet
	facet normal	0.0221096	-0.885489	0.464133
		outer loop
			vertex	2.99145	-45.0000	21.5779
			vertex	-0.961643	-43.4592	24.7058
			vertex	-1.03702	-45.0000	21.7698
		endloop
	endfacet
	facet normal	-0.0587252	-0.883323	0.465072
		outer loop
			vertex	-4.79881	-43.2041	24.7058
			vertex	-1.03702	-45.0000	21.7698
			vertex	-0.961643	-43.4592	24.7058
		endloop
	endfacet
	facet normal	-0.0658361	-0.886546	0.457932
		outer loop
			vertex	-1.03702	-45.0000	21.7698
			vertex	-4.79881	-43.2041	24.7058
			vertex	-4.99897	-45.0000	21.2002
		endloop
	endfacet
	facet normal	-0.233986	-0.883744	0.405273
		outer loop
			vertex	-12.6420	-45.0000	17.7533
			vertex	-9.08076	-45.0000	19.8094
			vertex	-8.98695	-44.5364	20.8745
		endloop
	endfacet
	facet normal	-0.234164	-0.883699	0.405269
		outer loop
			vertex	-9.05376	-45.0000	19.8250
			vertex	-8.98695	-44.5364	20.8745
			vertex	-9.08076	-45.0000	19.8094
		endloop
	endfacet
	facet normal	-0.141050	-0.902234	0.407529
		outer loop
			vertex	-8.98695	-44.5364	20.8745
			vertex	-9.05376	-45.0000	19.8250
			vertex	-6.02177	-45.0000	20.8744
		endloop
	endfacet
	facet normal	-0.187247	-0.971215	0.147238
		outer loop
			vertex	-18.3347	-45.0000	11.7830
			vertex	-17.7779	-45.0000	12.4911
			vertex	-17.7553	-44.9610	12.7771
		endloop
	endfacet
	facet normal	-0.187185	-0.971228	0.147235
		outer loop
			vertex	-17.5564	-45.0000	12.7727
			vertex	-17.7553	-44.9610	12.7771
			vertex	-17.7779	-45.0000	12.4911
		endloop
	endfacet
	facet normal	-0.177804	-0.939722	0.292075
		outer loop
			vertex	-17.7553	-44.9610	12.7771
			vertex	-17.5564	-45.0000	12.7727
			vertex	-17.2858	-43.7720	16.8884
		endloop
	endfacet
	facet normal	-0.428612	-0.894255	0.128842
		outer loop
			vertex	-22.0717	-44.0383	8.57107
			vertex	-22.3203	-44.5343	4.30148
			vertex	-21.3489	-45.0000	4.30069
		endloop
	endfacet
	facet normal	-0.411979	-0.886095	0.212388
		outer loop
			vertex	-18.3347	-45.0000	11.7830
			vertex	-21.6595	-43.2159	12.7771
			vertex	-19.9919	-45.0000	8.56845
		endloop
	endfacet
	facet normal	-0.409798	-0.886824	0.213561
		outer loop
			vertex	-22.0717	-44.0383	8.57107
			vertex	-19.9919	-45.0000	8.56845
			vertex	-21.6595	-43.2159	12.7771
		endloop
	endfacet
	facet normal	-0.410001	-0.887256	0.211369
		outer loop
			vertex	-19.9919	-45.0000	8.56845
			vertex	-22.0717	-44.0383	8.57107
			vertex	-20.2333	-45.0000	8.10020
		endloop
	endfacet
	facet normal	-0.433931	-0.891892	0.127410
		outer loop
			vertex	-21.3489	-45.0000	4.30069
			vertex	-20.2333	-45.0000	8.10020
			vertex	-22.0717	-44.0383	8.57107
		endloop
	endfacet
	facet normal	-0.428777	-0.894595	-0.125896
		outer loop
			vertex	-20.2333	-45.0000	-8.10020
			vertex	-21.3489	-45.0000	-4.30069
			vertex	-22.3203	-44.5343	-4.30148
		endloop
	endfacet
	facet normal	-0.428776	-0.894593	-0.125914
		outer loop
			vertex	-21.4006	-45.0000	-4.12464
			vertex	-22.3203	-44.5343	-4.30148
			vertex	-21.3489	-45.0000	-4.30069
		endloop
	endfacet
	facet normal	-0.444729	-0.894630	-0.0430442
		outer loop
			vertex	-22.3203	-44.5343	-4.30148
			vertex	-21.4006	-45.0000	-4.12464
			vertex	-22.4033	-44.7000	2.08167e-015
		endloop
	endfacet
	facet normal	-0.441625	-0.896208	-0.0421748
		outer loop
			vertex	-21.7945	-45.0000	0.000000
			vertex	-22.4033	-44.7000	2.08167e-015
			vertex	-21.4006	-45.0000	-4.12464
		endloop
	endfacet
	facet normal	-0.441609	-0.896175	0.0430435
		outer loop
			vertex	-22.4033	-44.7000	2.08167e-015
			vertex	-21.7945	-45.0000	0.000000
			vertex	-22.3203	-44.5343	4.30148
		endloop
	endfacet
	facet normal	-0.444827	-0.894609	0.0424806
		outer loop
			vertex	-21.4006	-45.0000	4.12464
			vertex	-22.3203	-44.5343	4.30148
			vertex	-21.7945	-45.0000	0.000000
		endloop
	endfacet
	facet normal	-0.428776	-0.894593	0.125914
		outer loop
			vertex	-22.3203	-44.5343	4.30148
			vertex	-21.4006	-45.0000	4.12464
			vertex	-21.3489	-45.0000	4.30069
		endloop
	endfacet
	facet normal	0.245363	0.961143	-0.126492
		outer loop
			vertex	18.3347	45.0000	-11.7830
			vertex	19.9919	45.0000	-8.56845
			vertex	20.1022	44.9715	-8.57107
		endloop
	endfacet
	facet normal	0.245363	0.961141	-0.126509
		outer loop
			vertex	20.1165	45.0000	-8.32679
			vertex	20.1022	44.9715	-8.57107
			vertex	19.9919	45.0000	-8.56845
		endloop
	endfacet
	facet normal	0.444297	0.886479	-0.129443
		outer loop
			vertex	20.1022	44.9715	-8.57107
			vertex	20.1165	45.0000	-8.32679
			vertex	23.9981	43.0189	-8.57107
		endloop
	endfacet
	facet normal	0.272096	0.909588	-0.314027
		outer loop
			vertex	12.6420	45.0000	-17.7533
			vertex	13.6433	45.0000	-16.8857
			vertex	15.3327	44.4937	-16.8884
		endloop
	endfacet
	facet normal	0.272097	0.909593	-0.314011
		outer loop
			vertex	15.5110	45.0000	-15.2673
			vertex	15.3327	44.4937	-16.8884
			vertex	13.6433	45.0000	-16.8857
		endloop
	endfacet
	facet normal	0.348709	0.883017	-0.314137
		outer loop
			vertex	15.3327	44.4937	-16.8884
			vertex	15.5110	45.0000	-15.2673
			vertex	19.2050	42.9645	-16.8884
		endloop
	endfacet
	facet normal	0.262469	0.887268	-0.379297
		outer loop
			vertex	14.8025	42.9551	-20.8745
			vertex	10.9481	44.0953	-20.8745
			vertex	11.1832	45.0000	-18.5955
		endloop
	endfacet
	facet normal	0.105263	0.946765	-0.304228
		outer loop
			vertex	5.13825	45.0000	-21.1801
			vertex	6.02177	45.0000	-20.8744
			vertex	7.00816	44.8903	-20.8745
		endloop
	endfacet
	facet normal	0.105268	0.946804	-0.304106
		outer loop
			vertex	7.03259	45.0000	-20.5245
			vertex	7.00816	44.8903	-20.8745
			vertex	6.02177	45.0000	-20.8744
		endloop
	endfacet
	facet normal	0.188326	0.933324	-0.305679
		outer loop
			vertex	7.00816	44.8903	-20.8745
			vertex	7.03259	45.0000	-20.5245
			vertex	10.9481	44.0953	-20.8745
		endloop
	endfacet
	facet normal	0.160117	0.871963	-0.462649
		outer loop
			vertex	9.05376	45.0000	-19.8250
			vertex	10.9481	44.0953	-20.8745
			vertex	7.03259	45.0000	-20.5245
		endloop
	endfacet
	facet normal	0.219082	0.898904	-0.379440
		outer loop
			vertex	10.9481	44.0953	-20.8745
			vertex	9.05376	45.0000	-19.8250
			vertex	11.1832	45.0000	-18.5955
		endloop
	endfacet
	facet normal	0.0984906	0.886796	-0.451544
		outer loop
			vertex	6.70517	42.9496	-24.7058
			vertex	2.88305	43.3741	-24.7058
			vertex	2.99428	45.0000	-21.4884
		endloop
	endfacet
	facet normal	-0.0584665	0.879431	-0.472422
		outer loop
			vertex	-4.79881	43.2041	-24.7058
			vertex	-3.10168	45.0000	-21.5727
			vertex	-0.961643	43.4592	-24.7058
		endloop
	endfacet
	facet normal	-0.0215653	0.891238	-0.453024
		outer loop
			vertex	-0.996792	45.0000	-21.6729
			vertex	-0.961643	43.4592	-24.7058
			vertex	-3.10168	45.0000	-21.5727
		endloop
	endfacet
	facet normal	0.0197328	0.891465	-0.452660
		outer loop
			vertex	-0.961643	43.4592	-24.7058
			vertex	-0.996792	45.0000	-21.6729
			vertex	2.88305	43.3741	-24.7058
		endloop
	endfacet
	facet normal	-0.0236152	0.868205	-0.495644
		outer loop
			vertex	1.03702	45.0000	-21.7698
			vertex	2.88305	43.3741	-24.7058
			vertex	-0.996792	45.0000	-21.6729
		endloop
	endfacet
	facet normal	0.0649658	0.889719	-0.451862
		outer loop
			vertex	2.88305	43.3741	-24.7058
			vertex	1.03702	45.0000	-21.7698
			vertex	2.99428	45.0000	-21.4884
		endloop
	endfacet
	facet normal	-0.137376	0.879934	-0.454801
		outer loop
			vertex	-8.59841	42.6109	-24.7058
			vertex	-5.98019	45.0000	-20.8743
			vertex	-4.79881	43.2041	-24.7058
		endloop
	endfacet
	facet normal	-0.109017	0.886733	-0.449243
		outer loop
			vertex	-5.00354	45.0000	-21.1113
			vertex	-4.79881	43.2041	-24.7058
			vertex	-5.98019	45.0000	-20.8743
		endloop
	endfacet
	facet normal	-0.108988	0.886737	-0.449244
		outer loop
			vertex	-4.79881	43.2041	-24.7058
			vertex	-5.00354	45.0000	-21.1113
			vertex	-3.10168	45.0000	-21.5727
		endloop
	endfacet
	facet normal	-0.219311	0.883345	-0.414251
		outer loop
			vertex	-12.8879	43.5679	-20.8745
			vertex	-10.8972	45.0000	-18.8746
			vertex	-8.98695	44.5364	-20.8745
		endloop
	endfacet
	facet normal	-0.171121	0.911224	-0.374684
		outer loop
			vertex	-9.08970	45.0000	-19.7001
			vertex	-8.98695	44.5364	-20.8745
			vertex	-10.8972	45.0000	-18.8746
		endloop
	endfacet
	facet normal	-0.171103	0.911228	-0.374683
		outer loop
			vertex	-8.98695	44.5364	-20.8745
			vertex	-9.08970	45.0000	-19.7001
			vertex	-7.12828	45.0000	-20.5958
		endloop
	endfacet
	facet normal	-0.301994	0.876306	-0.375350
		outer loop
			vertex	-16.6880	42.2583	-20.8745
			vertex	-13.6884	45.0000	-16.8870
			vertex	-12.8879	43.5679	-20.8745
		endloop
	endfacet
	facet normal	-0.265449	0.889198	-0.372643
		outer loop
			vertex	-13.3213	45.0000	-17.1485
			vertex	-12.8879	43.5679	-20.8745
			vertex	-13.6884	45.0000	-16.8870
		endloop
	endfacet
	facet normal	-0.265344	0.889230	-0.372643
		outer loop
			vertex	-12.8879	43.5679	-20.8745
			vertex	-13.3213	45.0000	-17.1485
			vertex	-10.8972	45.0000	-18.8746
		endloop
	endfacet
	facet normal	-0.322320	0.895355	-0.307326
		outer loop
			vertex	-17.1316	45.0000	-13.4725
			vertex	-14.2724	45.0000	-16.4712
			vertex	-17.2858	43.7720	-16.8884
		endloop
	endfacet
	facet normal	-0.443929	0.849422	-0.285324
		outer loop
			vertex	-17.1316	45.0000	-13.4725
			vertex	-17.2858	43.7720	-16.8884
			vertex	-17.5808	45.0000	-12.7736
		endloop
	endfacet
	facet normal	-0.202916	0.934221	-0.293352
		outer loop
			vertex	-17.5808	45.0000	-12.7736
			vertex	-17.2858	43.7720	-16.8884
			vertex	-17.7553	44.9610	-12.7771
		endloop
	endfacet
	facet normal	-0.389702	0.871856	-0.296646
		outer loop
			vertex	-21.6595	43.2159	-12.7771
			vertex	-17.7553	44.9610	-12.7771
			vertex	-17.2858	43.7720	-16.8884
		endloop
	endfacet
	facet normal	-0.395965	0.885868	-0.241763
		outer loop
			vertex	-17.7553	44.9610	-12.7771
			vertex	-21.6595	43.2159	-12.7771
			vertex	-19.3717	45.0000	-9.98682
		endloop
	endfacet
	facet normal	-0.402854	0.911965	0.0776399
		outer loop
			vertex	-22.3203	44.5343	4.30148
			vertex	-21.2667	45.0000	4.29819
			vertex	-21.6958	45.0000	2.07170
		endloop
	endfacet
	facet normal	-0.405534	0.899545	0.162360
		outer loop
			vertex	-22.0717	44.0383	8.57107
			vertex	-19.9405	45.0000	8.56604
			vertex	-20.9117	45.0000	6.14022
		endloop
	endfacet
	facet normal	-0.387922	0.887337	0.249297
		outer loop
			vertex	-17.7775	45.0000	12.4675
			vertex	-19.3717	45.0000	9.98682
			vertex	-21.6595	43.2159	12.7771
		endloop
	endfacet
	facet normal	-0.385446	0.873728	0.296702
		outer loop
			vertex	-17.2858	43.7720	16.8884
			vertex	-17.1316	45.0000	13.4725
			vertex	-17.7553	44.9610	12.7771
		endloop
	endfacet
	facet normal	-0.213436	0.967278	0.137181
		outer loop
			vertex	-17.5808	45.0000	12.7736
			vertex	-17.7553	44.9610	12.7771
			vertex	-17.1316	45.0000	13.4725
		endloop
	endfacet
	facet normal	-0.213438	0.967281	0.137155
		outer loop
			vertex	-17.7553	44.9610	12.7771
			vertex	-17.5808	45.0000	12.7736
			vertex	-17.7775	45.0000	12.4675
		endloop
	endfacet
	facet normal	-0.265344	0.889230	0.372643
		outer loop
			vertex	-10.8972	45.0000	18.8746
			vertex	-13.3213	45.0000	17.1485
			vertex	-12.8879	43.5679	20.8745
		endloop
	endfacet
	facet normal	-0.265449	0.889198	0.372643
		outer loop
			vertex	-13.6884	45.0000	16.8870
			vertex	-12.8879	43.5679	20.8745
			vertex	-13.3213	45.0000	17.1485
		endloop
	endfacet
	facet normal	-0.0232146	0.872719	0.487670
		outer loop
			vertex	-0.996792	45.0000	21.6729
			vertex	-3.10168	45.0000	21.5727
			vertex	-4.79881	43.2041	24.7058
		endloop
	endfacet
	facet normal	-0.108988	0.886737	0.449244
		outer loop
			vertex	-5.00354	45.0000	21.1113
			vertex	-4.79881	43.2041	24.7058
			vertex	-3.10168	45.0000	21.5727
		endloop
	endfacet
	facet normal	-0.109017	0.886733	0.449243
		outer loop
			vertex	-4.79881	43.2041	24.7058
			vertex	-5.00354	45.0000	21.1113
			vertex	-5.98019	45.0000	20.8743
		endloop
	endfacet
	facet normal	0.460088	0.886785	0.0439380
		outer loop
			vertex	21.7945	45.0000	0.000000
			vertex	21.4006	45.0000	4.12464
			vertex	24.2683	43.5034	4.30148
		endloop
	endfacet
	facet normal	0.879574	-0.281481	-0.383559
		outer loop
			vertex	42.6172	-15.7491	-20.8745
			vertex	43.8423	-11.9209	-20.8745
			vertex	45.0000	-12.2404	-17.9852
		endloop
	endfacet
	facet normal	0.919910	-0.128219	-0.370575
		outer loop
			vertex	45.0000	-5.13825	-21.1801
			vertex	45.0000	-6.02177	-20.8744
			vertex	44.7243	-7.99951	-20.8745
		endloop
	endfacet
	facet normal	0.919953	-0.128225	-0.370464
		outer loop
			vertex	45.0000	-8.05517	-20.1706
			vertex	44.7243	-7.99951	-20.8745
			vertex	45.0000	-6.02177	-20.8744
		endloop
	endfacet
	facet normal	0.906008	-0.203779	-0.370977
		outer loop
			vertex	44.7243	-7.99951	-20.8745
			vertex	45.0000	-8.05517	-20.1706
			vertex	43.8423	-11.9209	-20.8745
		endloop
	endfacet
	facet normal	0.857492	-0.168268	-0.486203
		outer loop
			vertex	45.0000	-9.05376	-19.8250
			vertex	43.8423	-11.9209	-20.8745
			vertex	45.0000	-8.05517	-20.1706
		endloop
	endfacet
	facet normal	0.896489	-0.221533	-0.383707
		outer loop
			vertex	43.8423	-11.9209	-20.8745
			vertex	45.0000	-9.05376	-19.8250
			vertex	45.0000	-12.2404	-17.9852
		endloop
	endfacet
	facet normal	0.880403	-0.0389798	-0.472622
		outer loop
			vertex	43.4698	0.000000	-24.7058
			vertex	45.0000	-1.03702	-21.7698
			vertex	43.2997	-3.84187	-24.7058
		endloop
	endfacet
	facet normal	0.889237	-0.0650934	-0.452791
		outer loop
			vertex	45.0000	-3.99612	-21.3444
			vertex	43.2997	-3.84187	-24.7058
			vertex	45.0000	-1.03702	-21.7698
		endloop
	endfacet
	facet normal	0.883907	-0.118031	-0.452524
		outer loop
			vertex	43.2997	-3.84187	-24.7058
			vertex	45.0000	-3.99612	-21.3444
			vertex	42.7907	-7.65367	-24.7058
		endloop
	endfacet
	facet normal	0.882084	0.0390542	-0.469471
		outer loop
			vertex	43.2997	3.84187	-24.7058
			vertex	45.0000	3.10168	-21.5727
			vertex	43.4698	0.000000	-24.7058
		endloop
	endfacet
	facet normal	0.889701	0.0217157	-0.456027
		outer loop
			vertex	45.0000	6.16153e-007	-21.7204
			vertex	43.4698	0.000000	-24.7058
			vertex	45.0000	3.10168	-21.5727
		endloop
	endfacet
	facet normal	0.889701	0.0217241	-0.456027
		outer loop
			vertex	43.4698	0.000000	-24.7058
			vertex	45.0000	6.16153e-007	-21.7204
			vertex	45.0000	-1.03702	-21.7698
		endloop
	endfacet
	facet normal	0.881662	0.117731	-0.456959
		outer loop
			vertex	42.7907	7.65367	-24.7058
			vertex	45.0000	5.98019	-20.8743
			vertex	43.2997	3.84187	-24.7058
		endloop
	endfacet
	facet normal	0.884245	0.110117	-0.453856
		outer loop
			vertex	45.0000	3.99565	-21.3558
			vertex	43.2997	3.84187	-24.7058
			vertex	45.0000	5.98019	-20.8743
		endloop
	endfacet
	facet normal	0.884245	0.110117	-0.453856
		outer loop
			vertex	43.2997	3.84187	-24.7058
			vertex	45.0000	3.99565	-21.3558
			vertex	45.0000	3.10168	-21.5727
		endloop
	endfacet
	facet normal	0.888880	0.199927	-0.412217
		outer loop
			vertex	43.8423	11.9209	-20.8745
			vertex	45.0000	10.8972	-18.8746
			vertex	44.7243	7.99951	-20.8745
		endloop
	endfacet
	facet normal	0.912615	0.169827	-0.371877
		outer loop
			vertex	45.0000	8.05492	-20.1726
			vertex	44.7243	7.99951	-20.8745
			vertex	45.0000	10.8972	-18.8746
		endloop
	endfacet
	facet normal	0.912613	0.169838	-0.371877
		outer loop
			vertex	44.7243	7.99951	-20.8745
			vertex	45.0000	8.05492	-20.1726
			vertex	45.0000	7.12828	-20.5958
		endloop
	endfacet
	facet normal	0.880725	0.281850	-0.380636
		outer loop
			vertex	42.6172	15.7491	-20.8745
			vertex	45.0000	13.6884	-16.8870
			vertex	43.8423	11.9209	-20.8745
		endloop
	endfacet
	facet normal	0.886924	0.267935	-0.376268
		outer loop
			vertex	45.0000	12.2463	-17.9139
			vertex	43.8423	11.9209	-20.8745
			vertex	45.0000	13.6884	-16.8870
		endloop
	endfacet
	facet normal	0.886921	0.267942	-0.376268
		outer loop
			vertex	43.8423	11.9209	-20.8745
			vertex	45.0000	12.2463	-17.9139
			vertex	45.0000	10.8972	-18.8746
		endloop
	endfacet
	facet normal	0.899694	0.315911	-0.301250
		outer loop
			vertex	45.0000	16.6364	-13.9918
			vertex	44.1436	16.3132	-16.8884
			vertex	45.0000	17.1316	-13.4725
		endloop
	endfacet
	facet normal	0.876873	0.368905	-0.308225
		outer loop
			vertex	42.5291	20.1508	-16.8884
			vertex	45.0000	17.1316	-13.4725
			vertex	44.1436	16.3132	-16.8884
		endloop
	endfacet
	facet normal	0.871291	0.412848	-0.265347
		outer loop
			vertex	45.0000	17.1316	-13.4725
			vertex	42.5291	20.1508	-16.8884
			vertex	45.0000	17.5808	-12.7736
		endloop
	endfacet
	facet normal	0.796184	0.594122	-0.114500
		outer loop
			vertex	45.0000	20.9117	-6.14022
			vertex	44.5158	21.0921	-8.57107
			vertex	45.0000	21.2667	-4.29819
		endloop
	endfacet
	facet normal	0.958654	-0.267271	-0.0977130
		outer loop
			vertex	45.0000	21.2667	-4.29819
			vertex	44.5158	21.0921	-8.57107
			vertex	45.0172	21.3296	-4.30148
		endloop
	endfacet
	facet normal	0.876514	0.463843	-0.128736
		outer loop
			vertex	42.9559	25.2248	-4.30148
			vertex	45.0172	21.3296	-4.30148
			vertex	44.5158	21.0921	-8.57107
		endloop
	endfacet
	facet normal	0.881711	0.466593	-0.0698276
		outer loop
			vertex	45.0172	21.3296	-4.30148
			vertex	42.9559	25.2248	-4.30148
			vertex	45.0000	21.6958	-2.07170
		endloop
	endfacet
	facet normal	0.885087	0.457015	0.0880815
		outer loop
			vertex	45.0000	21.3228	4.00703
			vertex	45.0000	21.6958	2.07170
			vertex	42.9559	25.2248	4.30148
		endloop
	endfacet
	facet normal	0.964028	-0.260998	-0.0503001
		outer loop
			vertex	45.0000	21.2667	4.29819
			vertex	45.0172	21.3296	4.30148
			vertex	45.0000	20.9117	6.14022
		endloop
	endfacet
	facet normal	0.839264	0.528453	0.127955
		outer loop
			vertex	44.5158	21.0921	8.57107
			vertex	45.0000	20.9117	6.14022
			vertex	45.0172	21.3296	4.30148
		endloop
	endfacet
	facet normal	0.911199	0.382453	0.153119
		outer loop
			vertex	45.0000	20.9117	6.14022
			vertex	44.5158	21.0921	8.57107
			vertex	45.0000	19.9405	8.56604
		endloop
	endfacet
	facet normal	0.911200	0.382453	0.153113
		outer loop
			vertex	45.0000	19.9405	8.56604
			vertex	44.5158	21.0921	8.57107
			vertex	45.0000	19.3717	9.98682
		endloop
	endfacet
	facet normal	0.880302	0.423579	0.213655
		outer loop
			vertex	43.6845	20.6982	12.7771
			vertex	45.0000	19.3717	9.98682
			vertex	44.5158	21.0921	8.57107
		endloop
	endfacet
	facet normal	0.893980	0.376975	0.242259
		outer loop
			vertex	45.0000	19.3717	9.98682
			vertex	43.6845	20.6982	12.7771
			vertex	45.0000	17.5808	12.7736
		endloop
	endfacet
	facet normal	0.893973	0.376972	0.242289
		outer loop
			vertex	45.0000	17.5808	12.7736
			vertex	43.6845	20.6982	12.7771
			vertex	45.0000	17.1316	13.4725
		endloop
	endfacet
	facet normal	0.875699	0.380862	0.296808
		outer loop
			vertex	42.5291	20.1508	16.8884
			vertex	45.0000	17.1316	13.4725
			vertex	43.6845	20.6982	12.7771
		endloop
	endfacet
	facet normal	0.878444	0.345817	0.329768
		outer loop
			vertex	45.0000	17.1316	13.4725
			vertex	42.5291	20.1508	16.8884
			vertex	45.0000	16.6364	13.9918
		endloop
	endfacet
	facet normal	0.886921	0.267942	0.376268
		outer loop
			vertex	45.0000	10.8972	18.8746
			vertex	45.0000	12.2463	17.9139
			vertex	43.8423	11.9209	20.8745
		endloop
	endfacet
	facet normal	0.886924	0.267935	0.376268
		outer loop
			vertex	45.0000	13.6884	16.8870
			vertex	43.8423	11.9209	20.8745
			vertex	45.0000	12.2463	17.9139
		endloop
	endfacet
	facet normal	0.912613	0.169838	0.371877
		outer loop
			vertex	45.0000	7.12828	20.5958
			vertex	45.0000	8.05492	20.1726
			vertex	44.7243	7.99951	20.8745
		endloop
	endfacet
	facet normal	0.884245	0.110117	0.453856
		outer loop
			vertex	43.2997	3.84187	24.7058
			vertex	45.0000	3.99565	21.3558
			vertex	45.0000	5.98019	20.8743
		endloop
	endfacet
	facet normal	0.865433	0.118111	0.486904
		outer loop
			vertex	45.0000	7.12828	20.5958
			vertex	44.7243	7.99951	20.8745
			vertex	45.0000	5.98019	20.8743
		endloop
	endfacet
	facet normal	0.881846	0.120355	0.455918
		outer loop
			vertex	42.7907	7.65367	24.7058
			vertex	45.0000	5.98019	20.8743
			vertex	44.7243	7.99951	20.8745
		endloop
	endfacet
	facet normal	0.881662	0.117731	0.456959
		outer loop
			vertex	45.0000	5.98019	20.8743
			vertex	42.7907	7.65367	24.7058
			vertex	43.2997	3.84187	24.7058
		endloop
	endfacet
	facet normal	0.889221	0.0393702	0.455781
		outer loop
			vertex	43.4698	0.000000	24.7058
			vertex	45.0000	6.16154e-007	21.7204
			vertex	43.2997	3.84187	24.7058
		endloop
	endfacet
	facet normal	0.880912	0.0225117	0.472744
		outer loop
			vertex	45.0000	3.10168	21.5727
			vertex	43.2997	3.84187	24.7058
			vertex	45.0000	6.16154e-007	21.7204
		endloop
	endfacet
	facet normal	0.884245	0.110117	0.453856
		outer loop
			vertex	43.2997	3.84187	24.7058
			vertex	45.0000	3.10168	21.5727
			vertex	45.0000	3.99565	21.3558
		endloop
	endfacet
	facet normal	0.877000	-0.117108	0.466001
		outer loop
			vertex	42.7907	-7.65367	24.7058
			vertex	45.0000	-5.13825	21.1801
			vertex	43.2997	-3.84187	24.7058
		endloop
	endfacet
	facet normal	0.889234	-0.0651358	0.452791
		outer loop
			vertex	45.0000	-3.99612	21.3444
			vertex	43.2997	-3.84187	24.7058
			vertex	45.0000	-5.13825	21.1801
		endloop
	endfacet
	facet normal	0.890912	-0.0394450	0.452461
		outer loop
			vertex	43.2997	-3.84187	24.7058
			vertex	45.0000	-3.99612	21.3444
			vertex	43.4698	0.000000	24.7058
		endloop
	endfacet
	facet normal	0.874471	-0.0690254	0.480142
		outer loop
			vertex	45.0000	-1.03702	21.7698
			vertex	43.4698	0.000000	24.7058
			vertex	45.0000	-3.99612	21.3444
		endloop
	endfacet
	facet normal	0.889701	0.0217241	0.456027
		outer loop
			vertex	43.4698	0.000000	24.7058
			vertex	45.0000	-1.03702	21.7698
			vertex	45.0000	6.16154e-007	21.7204
		endloop
	endfacet
	facet normal	0.882811	-0.369234	0.290365
		outer loop
			vertex	45.0000	-18.3347	11.7830
			vertex	45.0000	-17.5564	12.7727
			vertex	43.6845	-20.6982	12.7771
		endloop
	endfacet
	facet normal	0.882808	-0.369232	0.290376
		outer loop
			vertex	45.0000	-16.6384	13.9400
			vertex	43.6845	-20.6982	12.7771
			vertex	45.0000	-17.5564	12.7727
		endloop
	endfacet
	facet normal	0.881893	-0.469314	0.0448192
		outer loop
			vertex	45.0000	-21.7945	0.000000
			vertex	45.0000	-21.4006	4.12464
			vertex	42.9559	-25.2248	4.30148
		endloop
	endfacet
	facet normal	0.876355	-0.462151	0.135715
		outer loop
			vertex	45.0000	-21.3489	4.30069
			vertex	42.9559	-25.2248	4.30148
			vertex	45.0000	-21.4006	4.12464
		endloop
	endfacet
	facet normal	0.876358	-0.462153	0.135689
		outer loop
			vertex	42.9559	-25.2248	4.30148
			vertex	45.0000	-21.3489	4.30069
			vertex	45.0000	-21.3222	4.39163
		endloop
	endfacet
	facet normal	-0.932949	0.235751	-0.272081
		outer loop
			vertex	-45.0000	12.6420	-17.7533
			vertex	-45.0000	13.6433	-16.8857
			vertex	-44.8220	14.3446	-16.8884
		endloop
	endfacet
	facet normal	-0.932948	0.235751	-0.272085
		outer loop
			vertex	-45.0000	14.4131	-16.2187
			vertex	-44.8220	14.3446	-16.8884
			vertex	-45.0000	13.6433	-16.8857
		endloop
	endfacet
	facet normal	-0.902139	0.333370	-0.273881
		outer loop
			vertex	-44.8220	14.3446	-16.8884
			vertex	-45.0000	14.4131	-16.2187
			vertex	-43.3789	18.2498	-16.8884
		endloop
	endfacet
	facet normal	-0.886725	0.151205	-0.436871
		outer loop
			vertex	-45.0000	6.02177	-20.8744
			vertex	-45.0000	9.05376	-19.8250
			vertex	-44.3267	9.96999	-20.8745
		endloop
	endfacet
	facet normal	-0.897089	0.220926	-0.382652
		outer loop
			vertex	-45.0000	10.1297	-19.2038
			vertex	-44.3267	9.96999	-20.8745
			vertex	-45.0000	9.05376	-19.8250
		endloop
	endfacet
	facet normal	-0.891589	0.242424	-0.382491
		outer loop
			vertex	-44.3267	9.96999	-20.8745
			vertex	-45.0000	10.1297	-19.2038
			vertex	-43.2721	13.8486	-20.8745
		endloop
	endfacet
	facet normal	-0.890637	0.000000	-0.454715
		outer loop
			vertex	-43.4273	1.92282	-24.7058
			vertex	-43.4273	-1.92282	-24.7058
			vertex	-45.0000	-1.99410	-21.6254
		endloop
	endfacet
	facet normal	-0.881874	0.0671026	-0.466686
		outer loop
			vertex	-45.0000	5.13825	-21.1801
			vertex	-43.0874	5.75340	-24.7058
			vertex	-45.0000	1.99397	-21.6322
		endloop
	endfacet
	facet normal	-0.886730	0.0786828	-0.455543
		outer loop
			vertex	-43.4273	1.92282	-24.7058
			vertex	-45.0000	1.99397	-21.6322
			vertex	-43.0874	5.75340	-24.7058
		endloop
	endfacet
	facet normal	-0.887700	0.0655302	-0.455735
		outer loop
			vertex	-45.0000	1.99397	-21.6322
			vertex	-43.4273	1.92282	-24.7058
			vertex	-45.0000	1.03702	-21.7698
		endloop
	endfacet
	facet normal	-0.878400	-0.0227423	-0.477386
		outer loop
			vertex	-45.0000	-1.99410	-21.6254
			vertex	-45.0000	1.03702	-21.7698
			vertex	-43.4273	1.92282	-24.7058
		endloop
	endfacet
	facet normal	-0.890051	-0.0789774	-0.448968
		outer loop
			vertex	-43.0874	-5.75340	-24.7058
			vertex	-45.0000	-5.98019	-20.8743
			vertex	-43.4273	-1.92282	-24.7058
		endloop
	endfacet
	facet normal	-0.869369	-0.116516	-0.480231
		outer loop
			vertex	-45.0000	-3.10168	-21.5727
			vertex	-43.4273	-1.92282	-24.7058
			vertex	-45.0000	-5.98019	-20.8743
		endloop
	endfacet
	facet normal	-0.890225	-0.0216501	-0.455006
		outer loop
			vertex	-43.4273	-1.92282	-24.7058
			vertex	-45.0000	-3.10168	-21.5727
			vertex	-45.0000	-1.99410	-21.6254
		endloop
	endfacet
	facet normal	-0.905183	-0.176553	-0.386617
		outer loop
			vertex	-45.0000	-10.1281	-19.2259
			vertex	-45.0000	-7.12828	-20.5958
			vertex	-44.3267	-9.96999	-20.8745
		endloop
	endfacet
	facet normal	-0.813227	-0.137218	-0.565539
		outer loop
			vertex	-45.0000	-6.01384	-20.8662
			vertex	-44.3267	-9.96999	-20.8745
			vertex	-45.0000	-7.12828	-20.5958
		endloop
	endfacet
	facet normal	-0.905175	-0.176594	-0.386618
		outer loop
			vertex	-45.0000	-10.1281	-19.2259
			vertex	-44.3267	-9.96999	-20.8745
			vertex	-45.0000	-10.8972	-18.8746
		endloop
	endfacet
	facet normal	-0.881118	-0.239577	-0.407719
		outer loop
			vertex	-43.2721	-13.8486	-20.8745
			vertex	-45.0000	-10.8972	-18.8746
			vertex	-44.3267	-9.96999	-20.8745
		endloop
	endfacet
	facet normal	-0.888242	-0.266463	-0.374196
		outer loop
			vertex	-45.0000	-10.8972	-18.8746
			vertex	-43.2721	-13.8486	-20.8745
			vertex	-45.0000	-13.6884	-16.8870
		endloop
	endfacet
	facet normal	-0.886065	-0.335491	-0.319897
		outer loop
			vertex	-45.0000	-14.4033	-16.3338
			vertex	-44.8220	-14.3446	-16.8884
			vertex	-45.0000	-17.1316	-13.4725
		endloop
	endfacet
	facet normal	-0.890308	-0.328998	-0.314820
		outer loop
			vertex	-43.3789	-18.2498	-16.8884
			vertex	-45.0000	-17.1316	-13.4725
			vertex	-44.8220	-14.3446	-16.8884
		endloop
	endfacet
	facet normal	-0.864450	-0.422902	-0.271809
		outer loop
			vertex	-45.0000	-17.1316	-13.4725
			vertex	-43.3789	-18.2498	-16.8884
			vertex	-45.0000	-17.5808	-12.7736
		endloop
	endfacet
	facet normal	-0.895059	-0.426962	-0.128734
		outer loop
			vertex	-44.0296	-23.3000	-4.30148
			vertex	-45.0000	-21.2667	-4.29819
			vertex	-43.5393	-23.0405	-8.57107
		endloop
	endfacet
	facet normal	-0.911583	-0.345853	-0.222268
		outer loop
			vertex	-45.0000	-18.9374	-10.6626
			vertex	-44.5572	-18.7456	-12.7771
			vertex	-45.0000	-19.3717	-9.98682
		endloop
	endfacet
	facet normal	-0.878841	-0.416406	-0.232903
		outer loop
			vertex	-42.7261	-22.6102	-12.7771
			vertex	-45.0000	-19.3717	-9.98682
			vertex	-44.5572	-18.7456	-12.7771
		endloop
	endfacet
	facet normal	-0.871632	-0.455050	-0.182176
		outer loop
			vertex	-45.0000	-19.3717	-9.98682
			vertex	-42.7261	-22.6102	-12.7771
			vertex	-45.0000	-19.9405	-8.56604
		endloop
	endfacet
	facet normal	-0.883891	-0.416137	-0.213466
		outer loop
			vertex	-43.5393	-23.0405	-8.57107
			vertex	-45.0000	-19.9405	-8.56604
			vertex	-42.7261	-22.6102	-12.7771
		endloop
	endfacet
	facet normal	-0.891835	-0.419954	-0.168133
		outer loop
			vertex	-45.0000	-19.9405	-8.56604
			vertex	-43.5393	-23.0405	-8.57107
			vertex	-45.0000	-20.9117	-6.14022
		endloop
	endfacet
	facet normal	-0.867751	-0.488020	-0.0940521
		outer loop
			vertex	-45.0000	-21.2667	-4.29819
			vertex	-45.0000	-20.9117	-6.14022
			vertex	-43.5393	-23.0405	-8.57107
		endloop
	endfacet
	facet normal	-0.855633	-0.517583	0.000000
		outer loop
			vertex	-45.0000	-21.6958	-2.07170
			vertex	-44.0296	-23.3000	-4.30148
			vertex	-45.0000	-21.6958	1.63911e-015
		endloop
	endfacet
	facet normal	-0.901752	-0.430106	-0.0430284
		outer loop
			vertex	-44.1935	-23.3867	2.08167e-015
			vertex	-45.0000	-21.6958	1.63911e-015
			vertex	-44.0296	-23.3000	-4.30148
		endloop
	endfacet
	facet normal	-0.902588	-0.430505	0.000000
		outer loop
			vertex	-45.0000	-21.6958	1.63911e-015
			vertex	-44.1935	-23.3867	2.08167e-015
			vertex	-45.0000	-21.6958	2.07170
		endloop
	endfacet
	facet normal	-0.880224	-0.472600	0.0430646
		outer loop
			vertex	-44.0296	-23.3000	4.30148
			vertex	-45.0000	-21.6958	2.07170
			vertex	-44.1935	-23.3867	2.08167e-015
		endloop
	endfacet
	facet normal	-0.899448	-0.429132	0.0827042
		outer loop
			vertex	-45.0000	-21.6958	2.07170
			vertex	-44.0296	-23.3000	4.30148
			vertex	-45.0000	-21.2667	4.29819
		endloop
	endfacet
	facet normal	-0.899448	-0.429132	0.0827031
		outer loop
			vertex	-45.0000	-21.2667	4.29819
			vertex	-44.0296	-23.3000	4.30148
			vertex	-45.0000	-20.9117	6.14022
		endloop
	endfacet
	facet normal	-0.880178	-0.456823	0.128840
		outer loop
			vertex	-43.5393	-23.0405	8.57107
			vertex	-45.0000	-20.9117	6.14022
			vertex	-44.0296	-23.3000	4.30148
		endloop
	endfacet
	facet normal	-0.891835	-0.419954	0.168133
		outer loop
			vertex	-45.0000	-20.9117	6.14022
			vertex	-43.5393	-23.0405	8.57107
			vertex	-45.0000	-19.9405	8.56604
		endloop
	endfacet
	facet normal	-0.891836	-0.419954	0.168126
		outer loop
			vertex	-45.0000	-19.9405	8.56604
			vertex	-43.5393	-23.0405	8.57107
			vertex	-45.0000	-19.3717	9.98682
		endloop
	endfacet
	facet normal	-0.876510	-0.431400	0.213600
		outer loop
			vertex	-42.7261	-22.6102	12.7771
			vertex	-45.0000	-19.3717	9.98682
			vertex	-43.5393	-23.0405	8.57107
		endloop
	endfacet
	facet normal	-0.880938	-0.398107	0.255850
		outer loop
			vertex	-45.0000	-19.3717	9.98682
			vertex	-42.7261	-22.6102	12.7771
			vertex	-45.0000	-18.9374	10.6626
		endloop
	endfacet
	facet normal	-0.880518	-0.369498	0.296916
		outer loop
			vertex	-43.3789	-18.2498	16.8884
			vertex	-45.0000	-17.1316	13.4725
			vertex	-44.5572	-18.7456	12.7771
		endloop
	endfacet
	facet normal	-0.911570	-0.345867	0.222297
		outer loop
			vertex	-45.0000	-17.5808	12.7736
			vertex	-44.5572	-18.7456	12.7771
			vertex	-45.0000	-17.1316	13.4725
		endloop
	endfacet
	facet normal	-0.911576	-0.345870	0.222268
		outer loop
			vertex	-44.5572	-18.7456	12.7771
			vertex	-45.0000	-17.5808	12.7736
			vertex	-45.0000	-18.9374	10.6626
		endloop
	endfacet
	facet normal	-0.885958	-0.335778	0.319893
		outer loop
			vertex	-45.0000	-14.2724	16.4712
			vertex	-45.0000	-14.4033	16.3338
			vertex	-44.8220	-14.3446	16.8884
		endloop
	endfacet
	facet normal	-0.887546	-0.263549	0.377895
		outer loop
			vertex	-43.2721	-13.8486	20.8745
			vertex	-45.0000	-10.8972	18.8746
			vertex	-44.8220	-14.3446	16.8884
		endloop
	endfacet
	facet normal	-0.906328	-0.245118	0.344220
		outer loop
			vertex	-45.0000	-13.6884	16.8870
			vertex	-44.8220	-14.3446	16.8884
			vertex	-45.0000	-10.8972	18.8746
		endloop
	endfacet
	facet normal	-0.906311	-0.245113	0.344267
		outer loop
			vertex	-44.8220	-14.3446	16.8884
			vertex	-45.0000	-13.6884	16.8870
			vertex	-45.0000	-14.2724	16.4712
		endloop
	endfacet
	facet normal	-0.886904	-0.108117	0.449123
		outer loop
			vertex	-45.0000	-6.01384	20.8662
			vertex	-43.0874	-5.75340	24.7058
			vertex	-45.0000	-5.98019	20.8743
		endloop
	endfacet
	facet normal	-0.890051	-0.0789774	0.448968
		outer loop
			vertex	-43.4273	-1.92282	24.7058
			vertex	-45.0000	-5.98019	20.8743
			vertex	-43.0874	-5.75340	24.7058
		endloop
	endfacet
	facet normal	-0.869369	-0.116516	0.480231
		outer loop
			vertex	-45.0000	-5.98019	20.8743
			vertex	-43.4273	-1.92282	24.7058
			vertex	-45.0000	-3.10168	21.5727
		endloop
	endfacet
	facet normal	-0.881500	0.000000	0.472185
		outer loop
			vertex	-43.4273	1.92282	24.7058
			vertex	-45.0000	1.03702	21.7698
			vertex	-43.4273	-1.92282	24.7058
		endloop
	endfacet
	facet normal	-0.890224	-0.0216762	0.455006
		outer loop
			vertex	-45.0000	-1.99410	21.6254
			vertex	-43.4273	-1.92282	24.7058
			vertex	-45.0000	1.03702	21.7698
		endloop
	endfacet
	facet normal	-0.890225	-0.0216501	0.455006
		outer loop
			vertex	-43.4273	-1.92282	24.7058
			vertex	-45.0000	-1.99410	21.6254
			vertex	-45.0000	-3.10168	21.5727
		endloop
	endfacet
	facet normal	-0.881958	0.0782594	0.464785
		outer loop
			vertex	-43.0874	5.75340	24.7058
			vertex	-45.0000	5.13825	21.1801
			vertex	-43.4273	1.92282	24.7058
		endloop
	endfacet
	facet normal	-0.887700	0.0655280	0.455735
		outer loop
			vertex	-45.0000	1.99397	21.6322
			vertex	-43.4273	1.92282	24.7058
			vertex	-45.0000	5.13825	21.1801
		endloop
	endfacet
	facet normal	-0.887700	0.0655302	0.455735
		outer loop
			vertex	-43.4273	1.92282	24.7058
			vertex	-45.0000	1.99397	21.6322
			vertex	-45.0000	1.03702	21.7698
		endloop
	endfacet
	facet normal	-0.897089	0.220928	0.382652
		outer loop
			vertex	-45.0000	12.6420	17.7533
			vertex	-45.0000	10.1297	19.2038
			vertex	-44.3267	9.96999	20.8745
		endloop
	endfacet
	facet normal	-0.897089	0.220926	0.382652
		outer loop
			vertex	-45.0000	9.05376	19.8250
			vertex	-44.3267	9.96999	20.8745
			vertex	-45.0000	10.1297	19.2038
		endloop
	endfacet
	facet normal	-0.886725	0.151205	0.436871
		outer loop
			vertex	-44.3267	9.96999	20.8745
			vertex	-45.0000	9.05376	19.8250
			vertex	-45.0000	6.02177	20.8744
		endloop
	endfacet
	facet normal	-0.888359	0.440552	0.129354
		outer loop
			vertex	-45.0000	21.3489	4.30069
			vertex	-45.0000	20.2333	8.10020
			vertex	-43.5393	23.0405	8.57107
		endloop
	endfacet
	facet normal	-0.880338	0.421616	0.217358
		outer loop
			vertex	-45.0000	19.9919	8.56845
			vertex	-43.5393	23.0405	8.57107
			vertex	-45.0000	20.2333	8.10020
		endloop
	endfacet
	facet normal	-0.880340	0.421617	0.217348
		outer loop
			vertex	-43.5393	23.0405	8.57107
			vertex	-45.0000	19.9919	8.56845
			vertex	-45.0000	18.9375	10.6138
		endloop
	endfacet
	facet normal	-0.891304	0.451353	0.0431038
		outer loop
			vertex	-45.0000	21.7945	0.000000
			vertex	-45.0000	21.4006	4.12464
			vertex	-44.0296	23.3000	4.30148
		endloop
	endfacet
	facet normal	0.463020	-0.104143	0.880208
		outer loop
			vertex	21.0309	-5.71842	45.0000
			vertex	24.6887	-6.71297	42.9582
			vertex	21.4540	-3.83732	45.0000
		endloop
	endfacet
	facet normal	0.463031	-0.104128	0.880204
		outer loop
			vertex	25.1853	-4.50472	42.9582
			vertex	21.4540	-3.83732	45.0000
			vertex	24.6887	-6.71297	42.9582
		endloop
	endfacet
	facet normal	0.470420	-0.0628170	0.880204
		outer loop
			vertex	21.4540	-3.83732	45.0000
			vertex	25.1853	-4.50472	42.9582
			vertex	21.7092	-1.92620	45.0000
		endloop
	endfacet
	facet normal	0.0938824	-0.465223	0.880201
		outer loop
			vertex	3.36178	-21.5337	45.0000
			vertex	3.94646	-25.2788	42.9582
			vertex	5.25177	-21.1523	45.0000
		endloop
	endfacet
	facet normal	0.0938739	-0.465221	0.880203
		outer loop
			vertex	6.16517	-24.8311	42.9582
			vertex	5.25177	-21.1523	45.0000
			vertex	3.94646	-25.2788	42.9582
		endloop
	endfacet
	facet normal	0.134619	-0.455105	0.880203
		outer loop
			vertex	5.25177	-21.1523	45.0000
			vertex	6.16517	-24.8311	42.9582
			vertex	7.10066	-20.6054	45.0000
		endloop
	endfacet
	facet normal	-0.479102	-0.0105857	0.877695
		outer loop
			vertex	-21.7732	-0.964043	45.0000
			vertex	-21.7945	2.66897e-015	45.0000
			vertex	-25.5600	1.13171	42.9582
		endloop
	endfacet
	facet normal	-0.445157	0.164521	0.880209
		outer loop
			vertex	-20.0890	8.45163	45.0000
			vertex	-23.5830	9.92155	42.9582
			vertex	-20.7574	6.64309	45.0000
		endloop
	endfacet
	facet normal	-0.445165	0.164513	0.880207
		outer loop
			vertex	-24.3676	7.79846	42.9582
			vertex	-20.7574	6.64309	45.0000
			vertex	-23.5830	9.92155	42.9582
		endloop
	endfacet
	facet normal	-0.457962	0.124525	0.880207
		outer loop
			vertex	-20.7574	6.64309	45.0000
			vertex	-24.3676	7.79846	42.9582
			vertex	-21.2633	4.78255	45.0000
		endloop
	endfacet
	facet normal	0.0523807	0.471702	0.880201
		outer loop
			vertex	3.36178	21.5337	45.0000
			vertex	3.94646	25.2788	42.9582
			vertex	1.44548	21.7465	45.0000
		endloop
	endfacet
	facet normal	0.0523989	0.471692	0.880205
		outer loop
			vertex	1.69687	25.5287	42.9582
			vertex	1.44548	21.7465	45.0000
			vertex	3.94646	25.2788	42.9582
		endloop
	endfacet
	facet normal	0.0105109	0.474476	0.880206
		outer loop
			vertex	1.44548	21.7465	45.0000
			vertex	1.69687	25.5287	42.9582
			vertex	-0.482140	21.7892	45.0000
		endloop
	endfacet
	facet normal	0.589083	-0.188524	0.785774
		outer loop
			vertex	30.5509	-11.2900	37.9365
			vertex	28.1633	-7.65775	40.5979
			vertex	27.3763	-10.1169	40.5979
		endloop
	endfacet
	facet normal	0.522489	-0.167212	0.836089
		outer loop
			vertex	24.6887	-6.71297	42.9582
			vertex	27.3763	-10.1169	40.5979
			vertex	28.1633	-7.65775	40.5979
		endloop
	endfacet
	facet normal	0.522471	-0.167231	0.836097
		outer loop
			vertex	27.3763	-10.1169	40.5979
			vertex	24.6887	-6.71297	42.9582
			vertex	23.9987	-8.86869	42.9582
		endloop
	endfacet
	facet normal	0.451999	-0.144675	0.880208
		outer loop
			vertex	21.0309	-5.71842	45.0000
			vertex	23.9987	-8.86869	42.9582
			vertex	24.6887	-6.71297	42.9582
		endloop
	endfacet
	facet normal	0.452011	-0.144662	0.880204
		outer loop
			vertex	23.9987	-8.86869	42.9582
			vertex	21.0309	-5.71842	45.0000
			vertex	20.4432	-7.55475	45.0000
		endloop
	endfacet
	facet normal	0.0682713	-0.614730	0.785777
		outer loop
			vertex	2.16016	-32.4986	37.9365
			vertex	4.50189	-28.8366	40.5979
			vertex	1.93569	-29.1216	40.5979
		endloop
	endfacet
	facet normal	0.0605523	-0.545227	0.836099
		outer loop
			vertex	3.94646	-25.2788	42.9582
			vertex	1.93569	-29.1216	40.5979
			vertex	4.50189	-28.8366	40.5979
		endloop
	endfacet
	facet normal	0.0605683	-0.545232	0.836094
		outer loop
			vertex	1.93569	-29.1216	40.5979
			vertex	3.94646	-25.2788	42.9582
			vertex	1.69687	-25.5287	42.9582
		endloop
	endfacet
	facet normal	0.0523997	-0.471699	0.880201
		outer loop
			vertex	3.36178	-21.5337	45.0000
			vertex	1.69687	-25.5287	42.9582
			vertex	3.94646	-25.2788	42.9582
		endloop
	endfacet
	facet normal	0.0523797	-0.471693	0.880206
		outer loop
			vertex	1.69687	-25.5287	42.9582
			vertex	3.36178	-21.5337	45.0000
			vertex	1.44548	-21.7465	45.0000
		endloop
	endfacet
	facet normal	-0.558950	0.264826	0.785775
		outer loop
			vertex	-28.7879	15.2342	37.9365
			vertex	-26.9020	11.3179	40.5979
			vertex	-25.7965	13.6512	40.5979
		endloop
	endfacet
	facet normal	-0.495762	0.234888	0.836090
		outer loop
			vertex	-23.5830	9.92155	42.9582
			vertex	-25.7965	13.6512	40.5979
			vertex	-26.9020	11.3179	40.5979
		endloop
	endfacet
	facet normal	-0.495747	0.234901	0.836096
		outer loop
			vertex	-25.7965	13.6512	40.5979
			vertex	-23.5830	9.92155	42.9582
			vertex	-22.6138	11.9670	42.9582
		endloop
	endfacet
	facet normal	-0.428878	0.203216	0.880208
		outer loop
			vertex	-20.0890	8.45163	45.0000
			vertex	-22.6138	11.9670	42.9582
			vertex	-23.5830	9.92155	42.9582
		endloop
	endfacet
	facet normal	-0.428894	0.203201	0.880204
		outer loop
			vertex	-22.6138	11.9670	42.9582
			vertex	-20.0890	8.45163	45.0000
			vertex	-19.2635	10.1940	45.0000
		endloop
	endfacet
	facet normal	0.122361	0.606288	0.785775
		outer loop
			vertex	7.84838	31.6105	37.9365
			vertex	4.50189	28.8366	40.5979
			vertex	7.03285	28.3258	40.5979
		endloop
	endfacet
	facet normal	0.108526	0.537737	0.836099
		outer loop
			vertex	3.94646	25.2788	42.9582
			vertex	7.03285	28.3258	40.5979
			vertex	4.50189	28.8366	40.5979
		endloop
	endfacet
	facet normal	0.108509	0.537750	0.836092
		outer loop
			vertex	7.03285	28.3258	40.5979
			vertex	3.94646	25.2788	42.9582
			vertex	6.16517	24.8311	42.9582
		endloop
	endfacet
	facet normal	0.0938745	0.465224	0.880201
		outer loop
			vertex	3.36178	21.5337	45.0000
			vertex	6.16517	24.8311	42.9582
			vertex	3.94646	25.2788	42.9582
		endloop
	endfacet
	facet normal	0.0938816	0.465219	0.880203
		outer loop
			vertex	6.16517	24.8311	42.9582
			vertex	3.36178	21.5337	45.0000
			vertex	5.25177	21.1523	45.0000
		endloop
	endfacet
	facet normal	0.630306	-0.265185	0.729651
		outer loop
			vertex	32.2738	-15.2917	34.9938
			vertex	30.5509	-11.2900	37.9365
			vertex	29.4335	-13.9459	37.9365
		endloop
	endfacet
	facet normal	0.570112	-0.239860	0.785773
		outer loop
			vertex	27.3763	-10.1169	40.5979
			vertex	29.4335	-13.9459	37.9365
			vertex	30.5509	-11.2900	37.9365
		endloop
	endfacet
	facet normal	0.570127	-0.239847	0.785766
		outer loop
			vertex	29.4335	-13.9459	37.9365
			vertex	27.3763	-10.1169	40.5979
			vertex	26.3751	-12.4968	40.5979
		endloop
	endfacet
	facet normal	0.505658	-0.212725	0.836097
		outer loop
			vertex	23.9987	-8.86869	42.9582
			vertex	26.3751	-12.4968	40.5979
			vertex	27.3763	-10.1169	40.5979
		endloop
	endfacet
	facet normal	0.505656	-0.212727	0.836097
		outer loop
			vertex	26.3751	-12.4968	40.5979
			vertex	23.9987	-8.86869	42.9582
			vertex	23.1210	-10.9550	42.9582
		endloop
	endfacet
	facet normal	0.437460	-0.184037	0.880204
		outer loop
			vertex	20.4432	-7.55475	45.0000
			vertex	23.1210	-10.9550	42.9582
			vertex	23.9987	-8.86869	42.9582
		endloop
	endfacet
	facet normal	0.437454	-0.184043	0.880206
		outer loop
			vertex	23.1210	-10.9550	42.9582
			vertex	20.4432	-7.55475	45.0000
			vertex	19.6955	-9.33197	45.0000
		endloop
	endfacet
	facet normal	0.0151177	-0.683668	0.729637
		outer loop
			vertex	-0.790050	-35.7044	34.9938
			vertex	2.16016	-32.4986	37.9365
			vertex	-0.720522	-32.5623	37.9365
		endloop
	endfacet
	facet normal	0.0136736	-0.618359	0.785777
		outer loop
			vertex	1.93569	-29.1216	40.5979
			vertex	-0.720522	-32.5623	37.9365
			vertex	2.16016	-32.4986	37.9365
		endloop
	endfacet
	facet normal	0.0136785	-0.618361	0.785775
		outer loop
			vertex	-0.720522	-32.5623	37.9365
			vertex	1.93569	-29.1216	40.5979
			vertex	-0.645652	-29.1787	40.5979
		endloop
	endfacet
	facet normal	0.0121321	-0.548452	0.836094
		outer loop
			vertex	1.69687	-25.5287	42.9582
			vertex	-0.645652	-29.1787	40.5979
			vertex	1.93569	-29.1216	40.5979
		endloop
	endfacet
	facet normal	0.0121431	-0.548457	0.836091
		outer loop
			vertex	-0.645652	-29.1787	40.5979
			vertex	1.69687	-25.5287	42.9582
			vertex	-0.565994	-25.5788	42.9582
		endloop
	endfacet
	facet normal	0.0105051	-0.474476	0.880206
		outer loop
			vertex	1.44548	-21.7465	45.0000
			vertex	-0.565994	-25.5788	42.9582
			vertex	1.69687	-25.5287	42.9582
		endloop
	endfacet
	facet normal	0.0105109	-0.474479	0.880204
		outer loop
			vertex	-0.565994	-25.5788	42.9582
			vertex	1.44548	-21.7465	45.0000
			vertex	-0.482140	-21.7892	45.0000
		endloop
	endfacet
	facet normal	-0.589678	0.346279	0.729638
		outer loop
			vertex	-29.9659	19.4287	34.9938
			vertex	-28.7879	15.2342	37.9365
			vertex	-27.3288	17.7189	37.9365
		endloop
	endfacet
	facet normal	-0.533350	0.313201	0.785775
		outer loop
			vertex	-25.7965	13.6512	40.5979
			vertex	-27.3288	17.7189	37.9365
			vertex	-28.7879	15.2342	37.9365
		endloop
	endfacet
	facet normal	-0.533346	0.313205	0.785777
		outer loop
			vertex	-27.3288	17.7189	37.9365
			vertex	-25.7965	13.6512	40.5979
			vertex	-24.4890	15.8777	40.5979
		endloop
	endfacet
	facet normal	-0.473048	0.277795	0.836095
		outer loop
			vertex	-22.6138	11.9670	42.9582
			vertex	-24.4890	15.8777	40.5979
			vertex	-25.7965	13.6512	40.5979
		endloop
	endfacet
	facet normal	-0.473064	0.277784	0.836090
		outer loop
			vertex	-24.4890	15.8777	40.5979
			vertex	-22.6138	11.9670	42.9582
			vertex	-21.4677	13.9188	42.9582
		endloop
	endfacet
	facet normal	-0.409254	0.240315	0.880204
		outer loop
			vertex	-19.2635	10.1940	45.0000
			vertex	-21.4677	13.9188	42.9582
			vertex	-22.6138	11.9670	42.9582
		endloop
	endfacet
	facet normal	-0.409232	0.240331	0.880210
		outer loop
			vertex	-21.4677	13.9188	42.9582
			vertex	-19.2635	10.1940	45.0000
			vertex	-18.2871	11.8566	45.0000
		endloop
	endfacet
	facet normal	0.193969	0.655746	0.729639
		outer loop
			vertex	11.6354	33.7646	34.9938
			vertex	7.84838	31.6105	37.9365
			vertex	10.6114	30.7932	37.9365
		endloop
	endfacet
	facet normal	0.175441	0.593109	0.785775
		outer loop
			vertex	7.03285	28.3258	40.5979
			vertex	10.6114	30.7932	37.9365
			vertex	7.84838	31.6105	37.9365
		endloop
	endfacet
	facet normal	0.175446	0.593105	0.785777
		outer loop
			vertex	10.6114	30.7932	37.9365
			vertex	7.03285	28.3258	40.5979
			vertex	9.50877	27.5934	40.5979
		endloop
	endfacet
	facet normal	0.155612	0.526055	0.836093
		outer loop
			vertex	6.16517	24.8311	42.9582
			vertex	9.50877	27.5934	40.5979
			vertex	7.03285	28.3258	40.5979
		endloop
	endfacet
	facet normal	0.155605	0.526062	0.836090
		outer loop
			vertex	9.50877	27.5934	40.5979
			vertex	6.16517	24.8311	42.9582
			vertex	8.33562	24.1891	42.9582
		endloop
	endfacet
	facet normal	0.134616	0.455105	0.880203
		outer loop
			vertex	5.25177	21.1523	45.0000
			vertex	8.33562	24.1891	42.9582
			vertex	6.16517	24.8311	42.9582
		endloop
	endfacet
	facet normal	0.134619	0.455103	0.880204
		outer loop
			vertex	8.33562	24.1891	42.9582
			vertex	5.25177	21.1523	45.0000
			vertex	7.10066	20.6054	45.0000
		endloop
	endfacet
	facet normal	0.613069	0.0818488	0.785778
		outer loop
			vertex	32.4428	2.87856	37.9365
			vertex	32.0615	5.73460	37.9365
			vertex	28.7299	5.13871	40.5979
		endloop
	endfacet
	facet normal	0.657647	-0.348029	0.668114
		outer loop
			vertex	33.2778	-19.5416	31.7917
			vertex	32.2738	-15.2917	34.9938
			vertex	30.7960	-18.0842	34.9938
		endloop
	endfacet
	facet normal	0.604404	-0.319852	0.729651
		outer loop
			vertex	29.4335	-13.9459	37.9365
			vertex	30.7960	-18.0842	34.9938
			vertex	32.2738	-15.2917	34.9938
		endloop
	endfacet
	facet normal	0.604418	-0.319842	0.729644
		outer loop
			vertex	30.7960	-18.0842	34.9938
			vertex	29.4335	-13.9459	37.9365
			vertex	28.0858	-16.4927	37.9365
		endloop
	endfacet
	facet normal	0.546697	-0.289298	0.785767
		outer loop
			vertex	26.3751	-12.4968	40.5979
			vertex	28.0858	-16.4927	37.9365
			vertex	29.4335	-13.9459	37.9365
		endloop
	endfacet
	facet normal	0.546683	-0.289308	0.785773
		outer loop
			vertex	28.0858	-16.4927	37.9365
			vertex	26.3751	-12.4968	40.5979
			vertex	25.1674	-14.7789	40.5979
		endloop
	endfacet
	facet normal	0.484871	-0.256596	0.836097
		outer loop
			vertex	23.1210	-10.9550	42.9582
			vertex	25.1674	-14.7789	40.5979
			vertex	26.3751	-12.4968	40.5979
		endloop
	endfacet
	facet normal	0.484876	-0.256592	0.836095
		outer loop
			vertex	25.1674	-14.7789	40.5979
			vertex	23.1210	-10.9550	42.9582
			vertex	22.0623	-12.9556	42.9582
		endloop
	endfacet
	facet normal	0.419477	-0.221984	0.880206
		outer loop
			vertex	19.6955	-9.33197	45.0000
			vertex	22.0623	-12.9556	42.9582
			vertex	23.1210	-10.9550	42.9582
		endloop
	endfacet
	facet normal	0.419479	-0.221982	0.880205
		outer loop
			vertex	22.0623	-12.9556	42.9582
			vertex	19.6955	-9.33197	45.0000
			vertex	18.7937	-11.0361	45.0000
		endloop
	endfacet
	facet normal	0.0754735	-0.679653	0.729641
		outer loop
			vertex	2.36860	-35.6345	34.9938
			vertex	5.50872	-35.2858	34.9938
			vertex	5.02393	-32.1805	37.9365
		endloop
	endfacet
	facet normal	-0.0493384	-0.742421	0.668115
		outer loop
			vertex	-4.26025	-38.3554	31.7917
			vertex	-0.790050	-35.7044	34.9938
			vertex	-3.94252	-35.4949	34.9938
		endloop
	endfacet
	facet normal	-0.0453450	-0.682330	0.729637
		outer loop
			vertex	-0.720522	-32.5623	37.9365
			vertex	-3.94252	-35.4949	34.9938
			vertex	-0.790050	-35.7044	34.9938
		endloop
	endfacet
	facet normal	-0.0453529	-0.682325	0.729641
		outer loop
			vertex	-3.94252	-35.4949	34.9938
			vertex	-0.720522	-32.5623	37.9365
			vertex	-3.59556	-32.3712	37.9365
		endloop
	endfacet
	facet normal	-0.0410209	-0.617151	0.785775
		outer loop
			vertex	-0.645652	-29.1787	40.5979
			vertex	-3.59556	-32.3712	37.9365
			vertex	-0.720522	-32.5623	37.9365
		endloop
	endfacet
	facet normal	-0.0410117	-0.617156	0.785771
		outer loop
			vertex	-3.59556	-32.3712	37.9365
			vertex	-0.645652	-29.1787	40.5979
			vertex	-3.22194	-29.0075	40.5979
		endloop
	endfacet
	facet normal	-0.0363751	-0.547383	0.836091
		outer loop
			vertex	-0.565994	-25.5788	42.9582
			vertex	-3.22194	-29.0075	40.5979
			vertex	-0.645652	-29.1787	40.5979
		endloop
	endfacet
	facet normal	-0.0364037	-0.547368	0.836100
		outer loop
			vertex	-3.22194	-29.0075	40.5979
			vertex	-0.565994	-25.5788	42.9582
			vertex	-2.82443	-25.4286	42.9582
		endloop
	endfacet
	facet normal	-0.0314942	-0.473549	0.880204
		outer loop
			vertex	-0.482140	-21.7892	45.0000
			vertex	-2.82443	-25.4286	42.9582
			vertex	-0.565994	-25.5788	42.9582
		endloop
	endfacet
	facet normal	-0.0314830	-0.473555	0.880202
		outer loop
			vertex	-2.82443	-25.4286	42.9582
			vertex	-0.482140	-21.7892	45.0000
			vertex	-2.40598	-21.6613	45.0000
		endloop
	endfacet
	facet normal	-0.681151	-0.0604301	0.729645
		outer loop
			vertex	-35.6782	-1.57971	34.9938
			vertex	-35.3990	-4.72678	34.9938
			vertex	-32.2837	-4.31080	37.9365
		endloop
	endfacet
	facet normal	-0.605816	0.431989	0.668112
		outer loop
			vertex	-30.3987	23.7741	31.7917
			vertex	-29.9659	19.4287	34.9938
			vertex	-28.1316	22.0011	34.9938
		endloop
	endfacet
	facet normal	-0.556778	0.397022	0.729638
		outer loop
			vertex	-27.3288	17.7189	37.9365
			vertex	-28.1316	22.0011	34.9938
			vertex	-29.9659	19.4287	34.9938
		endloop
	endfacet
	facet normal	-0.556770	0.397026	0.729642
		outer loop
			vertex	-28.1316	22.0011	34.9938
			vertex	-27.3288	17.7189	37.9365
			vertex	-25.6559	20.0649	37.9365
		endloop
	endfacet
	facet normal	-0.503588	0.359102	0.785777
		outer loop
			vertex	-24.4890	15.8777	40.5979
			vertex	-25.6559	20.0649	37.9365
			vertex	-27.3288	17.7189	37.9365
		endloop
	endfacet
	facet normal	-0.503579	0.359107	0.785780
		outer loop
			vertex	-25.6559	20.0649	37.9365
			vertex	-24.4890	15.8777	40.5979
			vertex	-22.9899	17.9799	40.5979
		endloop
	endfacet
	facet normal	-0.446656	0.318515	0.836090
		outer loop
			vertex	-21.4677	13.9188	42.9582
			vertex	-22.9899	17.9799	40.5979
			vertex	-24.4890	15.8777	40.5979
		endloop
	endfacet
	facet normal	-0.446641	0.318524	0.836095
		outer loop
			vertex	-22.9899	17.9799	40.5979
			vertex	-21.4677	13.9188	42.9582
			vertex	-20.1535	15.7616	42.9582
		endloop
	endfacet
	facet normal	-0.386392	0.275557	0.880210
		outer loop
			vertex	-18.2871	11.8566	45.0000
			vertex	-20.1535	15.7616	42.9582
			vertex	-21.4677	13.9188	42.9582
		endloop
	endfacet
	facet normal	-0.386426	0.275537	0.880201
		outer loop
			vertex	-20.1535	15.7616	42.9582
			vertex	-18.2871	11.8566	45.0000
			vertex	-17.1677	13.4265	45.0000
		endloop
	endfacet
	facet normal	-0.105470	0.675638	0.729650
		outer loop
			vertex	-3.94252	35.4949	34.9938
			vertex	-7.06413	35.0076	34.9938
			vertex	-6.44246	31.9267	37.9365
		endloop
	endfacet
	facet normal	0.273282	0.692059	0.668110
		outer loop
			vertex	15.7485	35.2317	31.7917
			vertex	11.6354	33.7646	34.9938
			vertex	14.5740	32.6042	34.9938
		endloop
	endfacet
	facet normal	0.251160	0.636038	0.729640
		outer loop
			vertex	10.6114	30.7932	37.9365
			vertex	14.5740	32.6042	34.9938
			vertex	11.6354	33.7646	34.9938
		endloop
	endfacet
	facet normal	0.251179	0.636016	0.729652
		outer loop
			vertex	14.5740	32.6042	34.9938
			vertex	10.6114	30.7932	37.9365
			vertex	13.2914	29.7348	37.9365
		endloop
	endfacet
	facet normal	0.227190	0.575274	0.785777
		outer loop
			vertex	9.50877	27.5934	40.5979
			vertex	13.2914	29.7348	37.9365
			vertex	10.6114	30.7932	37.9365
		endloop
	endfacet
	facet normal	0.227169	0.575297	0.785766
		outer loop
			vertex	13.2914	29.7348	37.9365
			vertex	9.50877	27.5934	40.5979
			vertex	11.9103	26.6451	40.5979
		endloop
	endfacet
	facet normal	0.201485	0.510252	0.836090
		outer loop
			vertex	8.33562	24.1891	42.9582
			vertex	11.9103	26.6451	40.5979
			vertex	9.50877	27.5934	40.5979
		endloop
	endfacet
	facet normal	0.201505	0.510230	0.836099
		outer loop
			vertex	11.9103	26.6451	40.5979
			vertex	8.33562	24.1891	42.9582
			vertex	10.4408	23.3577	42.9582
		endloop
	endfacet
	facet normal	0.174330	0.441419	0.880204
		outer loop
			vertex	7.10066	20.6054	45.0000
			vertex	10.4408	23.3577	42.9582
			vertex	8.33562	24.1891	42.9582
		endloop
	endfacet
	facet normal	0.174324	0.441425	0.880202
		outer loop
			vertex	10.4408	23.3577	42.9582
			vertex	7.10066	20.6054	45.0000
			vertex	8.89398	19.8972	45.0000
		endloop
	endfacet
	facet normal	0.677818	0.0904940	0.729639
		outer loop
			vertex	35.5734	3.15633	34.9938
			vertex	35.1553	6.28797	34.9938
			vertex	32.0615	5.73460	37.9365
		endloop
	endfacet
	facet normal	0.670214	-0.434542	0.601653
		outer loop
			vertex	33.5309	-23.9111	28.3539
			vertex	33.2778	-19.5416	31.7917
			vertex	31.4205	-22.4062	31.7917
		endloop
	endfacet
	facet normal	0.624318	-0.404785	0.668114
		outer loop
			vertex	30.7960	-18.0842	34.9938
			vertex	31.4205	-22.4062	31.7917
			vertex	33.2778	-19.5416	31.7917
		endloop
	endfacet
	facet normal	0.624320	-0.404784	0.668113
		outer loop
			vertex	31.4205	-22.4062	31.7917
			vertex	30.7960	-18.0842	34.9938
			vertex	29.0772	-20.7352	34.9938
		endloop
	endfacet
	facet normal	0.573780	-0.372016	0.729644
		outer loop
			vertex	28.0858	-16.4927	37.9365
			vertex	29.0772	-20.7352	34.9938
			vertex	30.7960	-18.0842	34.9938
		endloop
	endfacet
	facet normal	0.573788	-0.372012	0.729640
		outer loop
			vertex	29.0772	-20.7352	34.9938
			vertex	28.0858	-16.4927	37.9365
			vertex	26.5183	-18.9104	37.9365
		endloop
	endfacet
	facet normal	0.518982	-0.336479	0.785773
		outer loop
			vertex	25.1674	-14.7789	40.5979
			vertex	26.5183	-18.9104	37.9365
			vertex	28.0858	-16.4927	37.9365
		endloop
	endfacet
	facet normal	0.518971	-0.336486	0.785778
		outer loop
			vertex	26.5183	-18.9104	37.9365
			vertex	25.1674	-14.7789	40.5979
			vertex	23.7627	-16.9454	40.5979
		endloop
	endfacet
	facet normal	0.460300	-0.298446	0.836095
		outer loop
			vertex	22.0623	-12.9556	42.9582
			vertex	23.7627	-16.9454	40.5979
			vertex	25.1674	-14.7789	40.5979
		endloop
	endfacet
	facet normal	0.460304	-0.298443	0.836093
		outer loop
			vertex	23.7627	-16.9454	40.5979
			vertex	22.0623	-12.9556	42.9582
			vertex	20.8310	-14.8547	42.9582
		endloop
	endfacet
	facet normal	0.398217	-0.258188	0.880206
		outer loop
			vertex	18.7937	-11.0361	45.0000
			vertex	20.8310	-14.8547	42.9582
			vertex	22.0623	-12.9556	42.9582
		endloop
	endfacet
	facet normal	0.398220	-0.258186	0.880205
		outer loop
			vertex	20.8310	-14.8547	42.9582
			vertex	18.7937	-11.0361	45.0000
			vertex	17.7448	-12.6539	45.0000
		endloop
	endfacet
	facet normal	0.0821421	-0.739515	0.668109
		outer loop
			vertex	5.95266	-38.1294	31.7917
			vertex	5.50872	-35.2858	34.9938
			vertex	2.55949	-38.5063	31.7917
		endloop
	endfacet
	facet normal	0.0821201	-0.739507	0.668121
		outer loop
			vertex	2.36860	-35.6345	34.9938
			vertex	2.55949	-38.5063	31.7917
			vertex	5.50872	-35.2858	34.9938
		endloop
	endfacet
	facet normal	0.0164546	-0.743871	0.668121
		outer loop
			vertex	2.55949	-38.5063	31.7917
			vertex	2.36860	-35.6345	34.9938
			vertex	-0.853720	-38.5818	31.7917
		endloop
	endfacet
	facet normal	-0.123207	-0.789210	0.601638
		outer loop
			vertex	-8.14612	-40.3695	28.3539
			vertex	-4.26025	-38.3554	31.7917
			vertex	-7.63343	-37.8288	31.7917
		endloop
	endfacet
	facet normal	-0.114768	-0.735153	0.668115
		outer loop
			vertex	-3.94252	-35.4949	34.9938
			vertex	-7.63343	-37.8288	31.7917
			vertex	-4.26025	-38.3554	31.7917
		endloop
	endfacet
	facet normal	-0.114762	-0.735158	0.668111
		outer loop
			vertex	-7.63343	-37.8288	31.7917
			vertex	-3.94252	-35.4949	34.9938
			vertex	-7.06413	-35.0076	34.9938
		endloop
	endfacet
	facet normal	-0.105472	-0.675648	0.729641
		outer loop
			vertex	-3.59556	-32.3712	37.9365
			vertex	-7.06413	-35.0076	34.9938
			vertex	-3.94252	-35.4949	34.9938
		endloop
	endfacet
	facet normal	-0.105490	-0.675634	0.729651
		outer loop
			vertex	-7.06413	-35.0076	34.9938
			vertex	-3.59556	-32.3712	37.9365
			vertex	-6.44246	-31.9267	37.9365
		endloop
	endfacet
	facet normal	-0.0954161	-0.611113	0.785771
		outer loop
			vertex	-3.22194	-29.0075	40.5979
			vertex	-6.44246	-31.9267	37.9365
			vertex	-3.59556	-32.3712	37.9365
		endloop
	endfacet
	facet normal	-0.0954134	-0.611115	0.785770
		outer loop
			vertex	-6.44246	-31.9267	37.9365
			vertex	-3.22194	-29.0075	40.5979
			vertex	-5.77302	-28.6092	40.5979
		endloop
	endfacet
	facet normal	-0.0846242	-0.542011	0.836100
		outer loop
			vertex	-2.82443	-25.4286	42.9582
			vertex	-5.77302	-28.6092	40.5979
			vertex	-3.22194	-29.0075	40.5979
		endloop
	endfacet
	facet normal	-0.0846112	-0.542020	0.836095
		outer loop
			vertex	-5.77302	-28.6092	40.5979
			vertex	-2.82443	-25.4286	42.9582
			vertex	-5.06077	-25.0795	42.9582
		endloop
	endfacet
	facet normal	-0.0732002	-0.468921	0.880202
		outer loop
			vertex	-2.40598	-21.6613	45.0000
			vertex	-5.06077	-25.0795	42.9582
			vertex	-2.82443	-25.4286	42.9582
		endloop
	endfacet
	facet normal	-0.0732048	-0.468918	0.880203
		outer loop
			vertex	-5.06077	-25.0795	42.9582
			vertex	-2.40598	-21.6613	45.0000
			vertex	-4.31099	-21.3639	45.0000
		endloop
	endfacet
	facet normal	-0.741144	-0.0657524	0.668119
		outer loop
			vertex	-38.2518	-5.10771	31.7917
			vertex	-35.3990	-4.72678	34.9938
			vertex	-38.5535	-1.70702	31.7917
		endloop
	endfacet
	facet normal	-0.741144	-0.0657526	0.668118
		outer loop
			vertex	-35.6782	-1.57971	34.9938
			vertex	-38.5535	-1.70702	31.7917
			vertex	-35.3990	-4.72678	34.9938
		endloop
	endfacet
	facet normal	-0.744055	0.000000	0.668118
		outer loop
			vertex	-38.5535	-1.70702	31.7917
			vertex	-35.6782	-1.57971	34.9938
			vertex	-38.5535	1.70702	31.7917
		endloop
	endfacet
	facet normal	-0.606798	0.519437	0.601649
		outer loop
			vertex	-30.0711	28.1387	28.3539
			vertex	-30.3987	23.7741	31.7917
			vertex	-28.1785	26.3677	31.7917
		endloop
	endfacet
	facet normal	-0.565244	0.483866	0.668111
		outer loop
			vertex	-28.1316	22.0011	34.9938
			vertex	-28.1785	26.3677	31.7917
			vertex	-30.3987	23.7741	31.7917
		endloop
	endfacet
	facet normal	-0.565236	0.483869	0.668116
		outer loop
			vertex	-28.1785	26.3677	31.7917
			vertex	-28.1316	22.0011	34.9938
			vertex	-26.0770	24.4012	34.9938
		endloop
	endfacet
	facet normal	-0.519483	0.444702	0.729642
		outer loop
			vertex	-25.6559	20.0649	37.9365
			vertex	-26.0770	24.4012	34.9938
			vertex	-28.1316	22.0011	34.9938
		endloop
	endfacet
	facet normal	-0.519484	0.444702	0.729641
		outer loop
			vertex	-26.0770	24.4012	34.9938
			vertex	-25.6559	20.0649	37.9365
			vertex	-23.7821	22.2538	37.9365
		endloop
	endfacet
	facet normal	-0.469860	0.402221	0.785780
		outer loop
			vertex	-22.9899	17.9799	40.5979
			vertex	-23.7821	22.2538	37.9365
			vertex	-25.6559	20.0649	37.9365
		endloop
	endfacet
	facet normal	-0.469884	0.402211	0.785771
		outer loop
			vertex	-23.7821	22.2538	37.9365
			vertex	-22.9899	17.9799	40.5979
			vertex	-21.3109	19.9414	40.5979
		endloop
	endfacet
	facet normal	-0.416756	0.356734	0.836095
		outer loop
			vertex	-20.1535	15.7616	42.9582
			vertex	-21.3109	19.9414	40.5979
			vertex	-22.9899	17.9799	40.5979
		endloop
	endfacet
	facet normal	-0.416767	0.356730	0.836092
		outer loop
			vertex	-21.3109	19.9414	40.5979
			vertex	-20.1535	15.7616	42.9582
			vertex	-18.6817	17.4811	42.9582
		endloop
	endfacet
	facet normal	-0.360556	0.308616	0.880202
		outer loop
			vertex	-17.1677	13.4265	45.0000
			vertex	-18.6817	17.4811	42.9582
			vertex	-20.1535	15.7616	42.9582
		endloop
	endfacet
	facet normal	-0.360538	0.308625	0.880206
		outer loop
			vertex	-18.6817	17.4811	42.9582
			vertex	-17.1677	13.4265	45.0000
			vertex	-15.9139	14.8912	45.0000
		endloop
	endfacet
	facet normal	0.357898	0.714089	0.601653
		outer loop
			vertex	20.0634	35.9656	28.3539
			vertex	15.7485	35.2317	31.7917
			vertex	18.8006	33.7020	31.7917
		endloop
	endfacet
	facet normal	0.333391	0.665191	0.668110
		outer loop
			vertex	14.5740	32.6042	34.9938
			vertex	18.8006	33.7020	31.7917
			vertex	15.7485	35.2317	31.7917
		endloop
	endfacet
	facet normal	0.333401	0.665177	0.668119
		outer loop
			vertex	18.8006	33.7020	31.7917
			vertex	14.5740	32.6042	34.9938
			vertex	17.3985	31.1885	34.9938
		endloop
	endfacet
	facet normal	0.306410	0.611328	0.729651
		outer loop
			vertex	13.2914	29.7348	37.9365
			vertex	17.3985	31.1885	34.9938
			vertex	14.5740	32.6042	34.9938
		endloop
	endfacet
	facet normal	0.306397	0.611346	0.729642
		outer loop
			vertex	17.3985	31.1885	34.9938
			vertex	13.2914	29.7348	37.9365
			vertex	15.8673	28.4438	37.9365
		endloop
	endfacet
	facet normal	0.277136	0.552962	0.785766
		outer loop
			vertex	11.9103	26.6451	40.5979
			vertex	15.8673	28.4438	37.9365
			vertex	13.2914	29.7348	37.9365
		endloop
	endfacet
	facet normal	0.277138	0.552959	0.785768
		outer loop
			vertex	15.8673	28.4438	37.9365
			vertex	11.9103	26.6451	40.5979
			vertex	14.2186	25.4882	40.5979
		endloop
	endfacet
	facet normal	0.245799	0.490430	0.836099
		outer loop
			vertex	10.4408	23.3577	42.9582
			vertex	14.2186	25.4882	40.5979
			vertex	11.9103	26.6451	40.5979
		endloop
	endfacet
	facet normal	0.245805	0.490423	0.836101
		outer loop
			vertex	14.2186	25.4882	40.5979
			vertex	10.4408	23.3577	42.9582
			vertex	12.4643	22.3435	42.9582
		endloop
	endfacet
	facet normal	0.212658	0.424289	0.880202
		outer loop
			vertex	8.89398	19.8972	45.0000
			vertex	12.4643	22.3435	42.9582
			vertex	10.4408	23.3577	42.9582
		endloop
	endfacet
	facet normal	0.212651	0.424298	0.880199
		outer loop
			vertex	12.4643	22.3435	42.9582
			vertex	8.89398	19.8972	45.0000
			vertex	10.6177	19.0333	45.0000
		endloop
	endfacet
	facet normal	0.737514	0.0984874	0.668111
		outer loop
			vertex	37.9884	6.79471	31.7917
			vertex	35.1553	6.28797	34.9938
			vertex	38.4403	3.41070	31.7917
		endloop
	endfacet
	facet normal	0.737506	0.0984628	0.668125
		outer loop
			vertex	35.5734	3.15633	34.9938
			vertex	38.4403	3.41070	31.7917
			vertex	35.1553	6.28797	34.9938
		endloop
	endfacet
	facet normal	0.743322	0.0329085	0.668124
		outer loop
			vertex	38.4403	3.41070	31.7917
			vertex	35.5734	3.15633	34.9938
			vertex	38.5913	0.000000	31.7917
		endloop
	endfacet
	facet normal	0.667622	-0.522136	0.530712
		outer loop
			vertex	33.0235	-28.2679	24.7058
			vertex	33.5309	-23.9111	28.3539
			vertex	31.2864	-26.7810	28.3539
		endloop
	endfacet
	facet normal	0.629187	-0.492076	0.601652
		outer loop
			vertex	31.4205	-22.4062	31.7917
			vertex	31.2864	-26.7810	28.3539
			vertex	33.5309	-23.9111	28.3539
		endloop
	endfacet
	facet normal	0.629197	-0.492071	0.601645
		outer loop
			vertex	31.2864	-26.7810	28.3539
			vertex	31.4205	-22.4062	31.7917
			vertex	29.3173	-25.0955	31.7917
		endloop
	endfacet
	facet normal	0.586107	-0.458372	0.668113
		outer loop
			vertex	29.0772	-20.7352	34.9938
			vertex	29.3173	-25.0955	31.7917
			vertex	31.4205	-22.4062	31.7917
		endloop
	endfacet
	facet normal	0.586091	-0.458379	0.668121
		outer loop
			vertex	29.3173	-25.0955	31.7917
			vertex	29.0772	-20.7352	34.9938
			vertex	27.1308	-23.2239	34.9938
		endloop
	endfacet
	facet normal	0.538655	-0.421279	0.729641
		outer loop
			vertex	26.5183	-18.9104	37.9365
			vertex	27.1308	-23.2239	34.9938
			vertex	29.0772	-20.7352	34.9938
		endloop
	endfacet
	facet normal	0.538659	-0.421277	0.729639
		outer loop
			vertex	27.1308	-23.2239	34.9938
			vertex	26.5183	-18.9104	37.9365
			vertex	24.7432	-21.1801	37.9365
		endloop
	endfacet
	facet normal	0.487203	-0.381034	0.785777
		outer loop
			vertex	23.7627	-16.9454	40.5979
			vertex	24.7432	-21.1801	37.9365
			vertex	26.5183	-18.9104	37.9365
		endloop
	endfacet
	facet normal	0.487204	-0.381034	0.785777
		outer loop
			vertex	24.7432	-21.1801	37.9365
			vertex	23.7627	-16.9454	40.5979
			vertex	22.1721	-18.9792	40.5979
		endloop
	endfacet
	facet normal	0.432125	-0.337958	0.836094
		outer loop
			vertex	20.8310	-14.8547	42.9582
			vertex	22.1721	-18.9792	40.5979
			vertex	23.7627	-16.9454	40.5979
		endloop
	endfacet
	facet normal	0.432135	-0.337953	0.836090
		outer loop
			vertex	22.1721	-18.9792	40.5979
			vertex	20.8310	-14.8547	42.9582
			vertex	19.4366	-16.6377	42.9582
		endloop
	endfacet
	facet normal	0.373846	-0.292367	0.880205
		outer loop
			vertex	17.7448	-12.6539	45.0000
			vertex	19.4366	-16.6377	42.9582
			vertex	20.8310	-14.8547	42.9582
		endloop
	endfacet
	facet normal	0.373842	-0.292369	0.880206
		outer loop
			vertex	19.4366	-16.6377	42.9582
			vertex	17.7448	-12.6539	45.0000
			vertex	16.5570	-14.1727	45.0000
		endloop
	endfacet
	facet normal	0.0881771	-0.793875	0.601654
		outer loop
			vertex	6.35247	-40.6904	28.3539
			vertex	5.95266	-38.1294	31.7917
			vertex	2.73139	-41.0926	28.3539
		endloop
	endfacet
	facet normal	0.0881803	-0.793876	0.601652
		outer loop
			vertex	2.55949	-38.5063	31.7917
			vertex	2.73139	-41.0926	28.3539
			vertex	5.95266	-38.1294	31.7917
		endloop
	endfacet
	facet normal	0.0176701	-0.798563	0.601652
		outer loop
			vertex	2.73139	-41.0926	28.3539
			vertex	2.55949	-38.5063	31.7917
			vertex	-0.911059	-41.1732	28.3539
		endloop
	endfacet
	facet normal	0.0176643	-0.798560	0.601656
		outer loop
			vertex	-0.853720	-38.5818	31.7917
			vertex	-0.911059	-41.1732	28.3539
			vertex	2.55949	-38.5063	31.7917
		endloop
	endfacet
	facet normal	-0.0529893	-0.796996	0.601656
		outer loop
			vertex	-0.911059	-41.1732	28.3539
			vertex	-0.853720	-38.5818	31.7917
			vertex	-4.54638	-40.9315	28.3539
		endloop
	endfacet
	facet normal	-0.204225	-0.822574	0.530720
		outer loop
			vertex	-12.3307	-41.6843	24.7058
			vertex	-8.14612	-40.3695	28.3539
			vertex	-11.6821	-39.4916	28.3539
		endloop
	endfacet
	facet normal	-0.192471	-0.775233	0.601638
		outer loop
			vertex	-7.63343	-37.8288	31.7917
			vertex	-11.6821	-39.4916	28.3539
			vertex	-8.14612	-40.3695	28.3539
		endloop
	endfacet
	facet normal	-0.192480	-0.775226	0.601645
		outer loop
			vertex	-11.6821	-39.4916	28.3539
			vertex	-7.63343	-37.8288	31.7917
			vertex	-10.9469	-37.0061	31.7917
		endloop
	endfacet
	facet normal	-0.179298	-0.722135	0.668112
		outer loop
			vertex	-7.06413	-35.0076	34.9938
			vertex	-10.9469	-37.0061	31.7917
			vertex	-7.63343	-37.8288	31.7917
		endloop
	endfacet
	facet normal	-0.179309	-0.722126	0.668119
		outer loop
			vertex	-10.9469	-37.0061	31.7917
			vertex	-7.06413	-35.0076	34.9938
			vertex	-10.1305	-34.2462	34.9938
		endloop
	endfacet
	facet normal	-0.164793	-0.663667	0.729650
		outer loop
			vertex	-6.44246	-31.9267	37.9365
			vertex	-10.1305	-34.2462	34.9938
			vertex	-7.06413	-35.0076	34.9938
		endloop
	endfacet
	facet normal	-0.164777	-0.663682	0.729640
		outer loop
			vertex	-10.1305	-34.2462	34.9938
			vertex	-6.44246	-31.9267	37.9365
			vertex	-9.23894	-31.2324	37.9365
		endloop
	endfacet
	facet normal	-0.149039	-0.600294	0.785770
		outer loop
			vertex	-5.77302	-28.6092	40.5979
			vertex	-9.23894	-31.2324	37.9365
			vertex	-6.44246	-31.9267	37.9365
		endloop
	endfacet
	facet normal	-0.149048	-0.600286	0.785774
		outer loop
			vertex	-9.23894	-31.2324	37.9365
			vertex	-5.77302	-28.6092	40.5979
			vertex	-8.27891	-27.9870	40.5979
		endloop
	endfacet
	facet normal	-0.132197	-0.532418	0.836095
		outer loop
			vertex	-5.06077	-25.0795	42.9582
			vertex	-8.27891	-27.9870	40.5979
			vertex	-5.77302	-28.6092	40.5979
		endloop
	endfacet
	facet normal	-0.132190	-0.532424	0.836093
		outer loop
			vertex	-8.27891	-27.9870	40.5979
			vertex	-5.06077	-25.0795	42.9582
			vertex	-7.25749	-24.5341	42.9582
		endloop
	endfacet
	facet normal	-0.114361	-0.460613	0.880203
		outer loop
			vertex	-4.31099	-21.3639	45.0000
			vertex	-7.25749	-24.5341	42.9582
			vertex	-5.06077	-25.0795	42.9582
		endloop
	endfacet
	facet normal	-0.114361	-0.460613	0.880203
		outer loop
			vertex	-7.25749	-24.5341	42.9582
			vertex	-4.31099	-21.3639	45.0000
			vertex	-6.18227	-20.8993	45.0000
		endloop
	endfacet
	facet normal	-0.795644	-0.0705958	0.601636
		outer loop
			vertex	-40.8209	-5.45076	28.3539
			vertex	-38.2518	-5.10771	31.7917
			vertex	-41.1429	-1.82167	28.3539
		endloop
	endfacet
	facet normal	-0.795641	-0.0705872	0.601642
		outer loop
			vertex	-38.5535	-1.70702	31.7917
			vertex	-41.1429	-1.82167	28.3539
			vertex	-38.2518	-5.10771	31.7917
		endloop
	endfacet
	facet normal	-0.798766	0.000000	0.601642
		outer loop
			vertex	-41.1429	-1.82167	28.3539
			vertex	-38.5535	-1.70702	31.7917
			vertex	-41.1429	1.82167	28.3539
		endloop
	endfacet
	facet normal	-0.798766	0.000000	0.601642
		outer loop
			vertex	-38.5535	1.70702	31.7917
			vertex	-41.1429	1.82167	28.3539
			vertex	-38.5535	-1.70702	31.7917
		endloop
	endfacet
	facet normal	-0.795640	0.0705954	0.601642
		outer loop
			vertex	-41.1429	1.82167	28.3539
			vertex	-38.5535	1.70702	31.7917
			vertex	-40.8209	5.45076	28.3539
		endloop
	endfacet
	facet normal	-0.592658	0.605895	0.530706
		outer loop
			vertex	-28.9916	32.3900	24.7058
			vertex	-30.0711	28.1387	28.3539
			vertex	-27.4666	30.6863	28.3539
		endloop
	endfacet
	facet normal	-0.558537	0.571012	0.601649
		outer loop
			vertex	-28.1785	26.3677	31.7917
			vertex	-27.4666	30.6863	28.3539
			vertex	-30.0711	28.1387	28.3539
		endloop
	endfacet
	facet normal	-0.558541	0.571011	0.601647
		outer loop
			vertex	-27.4666	30.6863	28.3539
			vertex	-28.1785	26.3677	31.7917
			vertex	-25.7379	28.7550	31.7917
		endloop
	endfacet
	facet normal	-0.520288	0.531904	0.668116
		outer loop
			vertex	-26.0770	24.4012	34.9938
			vertex	-25.7379	28.7550	31.7917
			vertex	-28.1785	26.3677	31.7917
		endloop
	endfacet
	facet normal	-0.520274	0.531908	0.668123
		outer loop
			vertex	-25.7379	28.7550	31.7917
			vertex	-26.0770	24.4012	34.9938
			vertex	-23.8184	26.6104	34.9938
		endloop
	endfacet
	facet normal	-0.478166	0.488858	0.729641
		outer loop
			vertex	-23.7821	22.2538	37.9365
			vertex	-23.8184	26.6104	34.9938
			vertex	-26.0770	24.4012	34.9938
		endloop
	endfacet
	facet normal	-0.478175	0.488855	0.729637
		outer loop
			vertex	-23.8184	26.6104	34.9938
			vertex	-23.7821	22.2538	37.9365
			vertex	-21.7223	24.2686	37.9365
		endloop
	endfacet
	facet normal	-0.432501	0.442161	0.785771
		outer loop
			vertex	-21.3109	19.9414	40.5979
			vertex	-21.7223	24.2686	37.9365
			vertex	-23.7821	22.2538	37.9365
		endloop
	endfacet
	facet normal	-0.432488	0.442166	0.785776
		outer loop
			vertex	-21.7223	24.2686	37.9365
			vertex	-21.3109	19.9414	40.5979
			vertex	-19.4651	21.7468	40.5979
		endloop
	endfacet
	facet normal	-0.383595	0.392179	0.836092
		outer loop
			vertex	-18.6817	17.4811	42.9582
			vertex	-19.4651	21.7468	40.5979
			vertex	-21.3109	19.9414	40.5979
		endloop
	endfacet
	facet normal	-0.383598	0.392178	0.836091
		outer loop
			vertex	-19.4651	21.7468	40.5979
			vertex	-18.6817	17.4811	42.9582
			vertex	-17.0636	19.0638	42.9582
		endloop
	endfacet
	facet normal	-0.331856	0.339278	0.880206
		outer loop
			vertex	-15.9139	14.8912	45.0000
			vertex	-17.0636	19.0638	42.9582
			vertex	-18.6817	17.4811	42.9582
		endloop
	endfacet
	facet normal	-0.331848	0.339281	0.880208
		outer loop
			vertex	-17.0636	19.0638	42.9582
			vertex	-15.9139	14.8912	45.0000
			vertex	-14.5355	16.2394	45.0000
		endloop
	endfacet
	facet normal	0.445253	0.721175	0.530713
		outer loop
			vertex	24.4496	35.9422	24.7058
			vertex	20.0634	35.9656	28.3539
			vertex	23.1635	34.0516	28.3539
		endloop
	endfacet
	facet normal	0.419619	0.679656	0.601653
		outer loop
			vertex	18.8006	33.7020	31.7917
			vertex	23.1635	34.0516	28.3539
			vertex	20.0634	35.9656	28.3539
		endloop
	endfacet
	facet normal	0.419614	0.679664	0.601648
		outer loop
			vertex	23.1635	34.0516	28.3539
			vertex	18.8006	33.7020	31.7917
			vertex	21.7056	31.9085	31.7917
		endloop
	endfacet
	facet normal	0.390875	0.633115	0.668118
		outer loop
			vertex	17.3985	31.1885	34.9938
			vertex	21.7056	31.9085	31.7917
			vertex	18.8006	33.7020	31.7917
		endloop
	endfacet
	facet normal	0.390867	0.633130	0.668110
		outer loop
			vertex	21.7056	31.9085	31.7917
			vertex	17.3985	31.1885	34.9938
			vertex	20.0869	29.5288	34.9938
		endloop
	endfacet
	facet normal	0.359225	0.581876	0.729643
		outer loop
			vertex	15.8673	28.4438	37.9365
			vertex	20.0869	29.5288	34.9938
			vertex	17.3985	31.1885	34.9938
		endloop
	endfacet
	facet normal	0.359233	0.581863	0.729649
		outer loop
			vertex	20.0869	29.5288	34.9938
			vertex	15.8673	28.4438	37.9365
			vertex	18.3191	26.9301	37.9365
		endloop
	endfacet
	facet normal	0.324929	0.526300	0.785767
		outer loop
			vertex	14.2186	25.4882	40.5979
			vertex	18.3191	26.9301	37.9365
			vertex	15.8673	28.4438	37.9365
		endloop
	endfacet
	facet normal	0.324930	0.526298	0.785768
		outer loop
			vertex	18.3191	26.9301	37.9365
			vertex	14.2186	25.4882	40.5979
			vertex	16.4156	24.1318	40.5979
		endloop
	endfacet
	facet normal	0.288185	0.466781	0.836101
		outer loop
			vertex	12.4643	22.3435	42.9582
			vertex	16.4156	24.1318	40.5979
			vertex	14.2186	25.4882	40.5979
		endloop
	endfacet
	facet normal	0.288174	0.466798	0.836096
		outer loop
			vertex	16.4156	24.1318	40.5979
			vertex	12.4643	22.3435	42.9582
			vertex	14.3903	21.1545	42.9582
		endloop
	endfacet
	facet normal	0.249312	0.403847	0.880200
		outer loop
			vertex	10.6177	19.0333	45.0000
			vertex	14.3903	21.1545	42.9582
			vertex	12.4643	22.3435	42.9582
		endloop
	endfacet
	facet normal	0.249323	0.403830	0.880204
		outer loop
			vertex	14.3903	21.1545	42.9582
			vertex	10.6177	19.0333	45.0000
			vertex	12.2583	18.0204	45.0000
		endloop
	endfacet
	facet normal	0.791733	0.105716	0.601650
		outer loop
			vertex	40.5399	7.25107	28.3539
			vertex	37.9884	6.79471	31.7917
			vertex	41.0221	3.63978	28.3539
		endloop
	endfacet
	facet normal	0.791737	0.105728	0.601642
		outer loop
			vertex	38.4403	3.41070	31.7917
			vertex	41.0221	3.63978	28.3539
			vertex	37.9884	6.79471	31.7917
		endloop
	endfacet
	facet normal	0.797984	0.0353199	0.601642
		outer loop
			vertex	41.0221	3.63978	28.3539
			vertex	38.4403	3.41070	31.7917
			vertex	41.1832	0.000000	28.3539
		endloop
	endfacet
	facet normal	0.797988	0.0353287	0.601637
		outer loop
			vertex	38.5913	0.000000	31.7917
			vertex	41.1832	0.000000	28.3539
			vertex	38.4403	3.41070	31.7917
		endloop
	endfacet
	facet normal	0.797989	-0.0353200	0.601637
		outer loop
			vertex	41.1832	0.000000	28.3539
			vertex	38.5913	0.000000	31.7917
			vertex	41.0221	-3.63978	28.3539
		endloop
	endfacet
	facet normal	0.649884	-0.608132	0.455880
		outer loop
			vertex	31.7694	-32.4802	20.8745
			vertex	33.0235	-28.2679	24.7058
			vertex	30.3959	-31.0759	24.7058
		endloop
	endfacet
	facet normal	0.618860	-0.579101	0.530711
		outer loop
			vertex	31.2864	-26.7810	28.3539
			vertex	30.3959	-31.0759	24.7058
			vertex	33.0235	-28.2679	24.7058
		endloop
	endfacet
	facet normal	0.618858	-0.579102	0.530712
		outer loop
			vertex	30.3959	-31.0759	24.7058
			vertex	31.2864	-26.7810	28.3539
			vertex	28.7970	-29.4413	28.3539
		endloop
	endfacet
	facet normal	0.583234	-0.545767	0.601645
		outer loop
			vertex	29.3173	-25.0955	31.7917
			vertex	28.7970	-29.4413	28.3539
			vertex	31.2864	-26.7810	28.3539
		endloop
	endfacet
	facet normal	0.583227	-0.545769	0.601649
		outer loop
			vertex	28.7970	-29.4413	28.3539
			vertex	29.3173	-25.0955	31.7917
			vertex	26.9846	-27.5883	31.7917
		endloop
	endfacet
	facet normal	0.543282	-0.508390	0.668120
		outer loop
			vertex	27.1308	-23.2239	34.9938
			vertex	26.9846	-27.5883	31.7917
			vertex	29.3173	-25.0955	31.7917
		endloop
	endfacet
	facet normal	0.543289	-0.508387	0.668116
		outer loop
			vertex	26.9846	-27.5883	31.7917
			vertex	27.1308	-23.2239	34.9938
			vertex	24.9721	-25.5308	34.9938
		endloop
	endfacet
	facet normal	0.499315	-0.467238	0.729639
		outer loop
			vertex	24.7432	-21.1801	37.9365
			vertex	24.9721	-25.5308	34.9938
			vertex	27.1308	-23.2239	34.9938
		endloop
	endfacet
	facet normal	0.499323	-0.467236	0.729635
		outer loop
			vertex	24.9721	-25.5308	34.9938
			vertex	24.7432	-21.1801	37.9365
			vertex	22.7745	-23.2840	37.9365
		endloop
	endfacet
	facet normal	0.451623	-0.422600	0.785777
		outer loop
			vertex	22.1721	-18.9792	40.5979
			vertex	22.7745	-23.2840	37.9365
			vertex	24.7432	-21.1801	37.9365
		endloop
	endfacet
	facet normal	0.451631	-0.422597	0.785774
		outer loop
			vertex	22.7745	-23.2840	37.9365
			vertex	22.1721	-18.9792	40.5979
			vertex	20.4080	-20.8645	40.5979
		endloop
	endfacet
	facet normal	0.400575	-0.374823	0.836090
		outer loop
			vertex	19.4366	-16.6377	42.9582
			vertex	20.4080	-20.8645	40.5979
			vertex	22.1721	-18.9792	40.5979
		endloop
	endfacet
	facet normal	0.400566	-0.374827	0.836093
		outer loop
			vertex	20.4080	-20.8645	40.5979
			vertex	19.4366	-16.6377	42.9582
			vertex	17.8901	-18.2904	42.9582
		endloop
	endfacet
	facet normal	0.346536	-0.324268	0.880206
		outer loop
			vertex	16.5570	-14.1727	45.0000
			vertex	17.8901	-18.2904	42.9582
			vertex	19.4366	-16.6377	42.9582
		endloop
	endfacet
	facet normal	0.346541	-0.324266	0.880205
		outer loop
			vertex	17.8901	-18.2904	42.9582
			vertex	16.5570	-14.1727	45.0000
			vertex	15.2396	-15.5806	45.0000
		endloop
	endfacet
	facet normal	0.0935569	-0.842373	0.530711
		outer loop
			vertex	6.70517	-42.9496	24.7058
			vertex	6.35247	-40.6904	28.3539
			vertex	2.88305	-43.3741	24.7058
		endloop
	endfacet
	facet normal	0.0935642	-0.842376	0.530706
		outer loop
			vertex	2.73139	-41.0926	28.3539
			vertex	2.88305	-43.3741	24.7058
			vertex	6.35247	-40.6904	28.3539
		endloop
	endfacet
	facet normal	0.0187563	-0.847349	0.530706
		outer loop
			vertex	2.88305	-43.3741	24.7058
			vertex	2.73139	-41.0926	28.3539
			vertex	-0.961643	-43.4592	24.7058
		endloop
	endfacet
	facet normal	0.0187495	-0.847346	0.530711
		outer loop
			vertex	-0.911059	-41.1732	28.3539
			vertex	-0.961643	-43.4592	24.7058
			vertex	2.73139	-41.0926	28.3539
		endloop
	endfacet
	facet normal	-0.0562231	-0.845686	0.530710
		outer loop
			vertex	-0.961643	-43.4592	24.7058
			vertex	-0.911059	-41.1732	28.3539
			vertex	-4.79881	-43.2041	24.7058
		endloop
	endfacet
	facet normal	-0.0562265	-0.845684	0.530713
		outer loop
			vertex	-4.54638	-40.9315	28.3539
			vertex	-4.79881	-43.2041	24.7058
			vertex	-0.911059	-41.1732	28.3539
		endloop
	endfacet
	facet normal	-0.130737	-0.837408	0.530713
		outer loop
			vertex	-4.79881	-43.2041	24.7058
			vertex	-4.54638	-40.9315	28.3539
			vertex	-8.59841	-42.6109	24.7058
		endloop
	endfacet
	facet normal	-0.289979	-0.841489	0.455860
		outer loop
			vertex	-16.6880	-42.2583	20.8745
			vertex	-12.3307	-41.6843	24.7058
			vertex	-15.9665	-40.4314	24.7058
		endloop
	endfacet
	facet normal	-0.276131	-0.801304	0.530720
		outer loop
			vertex	-11.6821	-39.4916	28.3539
			vertex	-15.9665	-40.4314	24.7058
			vertex	-12.3307	-41.6843	24.7058
		endloop
	endfacet
	facet normal	-0.276128	-0.801307	0.530717
		outer loop
			vertex	-15.9665	-40.4314	24.7058
			vertex	-11.6821	-39.4916	28.3539
			vertex	-15.1267	-38.3046	28.3539
		endloop
	endfacet
	facet normal	-0.260234	-0.755183	0.601644
		outer loop
			vertex	-10.9469	-37.0061	31.7917
			vertex	-15.1267	-38.3046	28.3539
			vertex	-11.6821	-39.4916	28.3539
		endloop
	endfacet
	facet normal	-0.260242	-0.755176	0.601651
		outer loop
			vertex	-15.1267	-38.3046	28.3539
			vertex	-10.9469	-37.0061	31.7917
			vertex	-14.1746	-35.8938	31.7917
		endloop
	endfacet
	facet normal	-0.242419	-0.703457	0.668118
		outer loop
			vertex	-10.1305	-34.2462	34.9938
			vertex	-14.1746	-35.8938	31.7917
			vertex	-10.9469	-37.0061	31.7917
		endloop
	endfacet
	facet normal	-0.242410	-0.703466	0.668112
		outer loop
			vertex	-14.1746	-35.8938	31.7917
			vertex	-10.1305	-34.2462	34.9938
			vertex	-13.1175	-33.2169	34.9938
		endloop
	endfacet
	facet normal	-0.222787	-0.646521	0.729641
		outer loop
			vertex	-9.23894	-31.2324	37.9365
			vertex	-13.1175	-33.2169	34.9938
			vertex	-10.1305	-34.2462	34.9938
		endloop
	endfacet
	facet normal	-0.222782	-0.646526	0.729638
		outer loop
			vertex	-13.1175	-33.2169	34.9938
			vertex	-9.23894	-31.2324	37.9365
			vertex	-11.9631	-30.2937	37.9365
		endloop
	endfacet
	facet normal	-0.201502	-0.584770	0.785774
		outer loop
			vertex	-8.27891	-27.9870	40.5979
			vertex	-11.9631	-30.2937	37.9365
			vertex	-9.23894	-31.2324	37.9365
		endloop
	endfacet
	facet normal	-0.201509	-0.584763	0.785778
		outer loop
			vertex	-11.9631	-30.2937	37.9365
			vertex	-8.27891	-27.9870	40.5979
			vertex	-10.7200	-27.1458	40.5979
		endloop
	endfacet
	facet normal	-0.178729	-0.518657	0.836093
		outer loop
			vertex	-7.25749	-24.5341	42.9582
			vertex	-10.7200	-27.1458	40.5979
			vertex	-8.27891	-27.9870	40.5979
		endloop
	endfacet
	facet normal	-0.178726	-0.518660	0.836091
		outer loop
			vertex	-10.7200	-27.1458	40.5979
			vertex	-7.25749	-24.5341	42.9582
			vertex	-9.39742	-23.7967	42.9582
		endloop
	endfacet
	facet normal	-0.154619	-0.448704	0.880203
		outer loop
			vertex	-6.18227	-20.8993	45.0000
			vertex	-9.39742	-23.7967	42.9582
			vertex	-7.25749	-24.5341	42.9582
		endloop
	endfacet
	facet normal	-0.154629	-0.448695	0.880206
		outer loop
			vertex	-9.39742	-23.7967	42.9582
			vertex	-6.18227	-20.8993	45.0000
			vertex	-8.00515	-20.2711	45.0000
		endloop
	endfacet
	facet normal	-0.844230	-0.0749116	0.530720
		outer loop
			vertex	-43.0874	-5.75340	24.7058
			vertex	-40.8209	-5.45076	28.3539
			vertex	-43.4273	-1.92282	24.7058
		endloop
	endfacet
	facet normal	-0.844228	-0.0749065	0.530724
		outer loop
			vertex	-41.1429	-1.82167	28.3539
			vertex	-43.4273	-1.92282	24.7058
			vertex	-40.8209	-5.45076	28.3539
		endloop
	endfacet
	facet normal	-0.847545	0.000000	0.530724
		outer loop
			vertex	-43.4273	-1.92282	24.7058
			vertex	-41.1429	-1.82167	28.3539
			vertex	-43.4273	1.92282	24.7058
		endloop
	endfacet
	facet normal	-0.847545	0.000000	0.530724
		outer loop
			vertex	-41.1429	1.82167	28.3539
			vertex	-43.4273	1.92282	24.7058
			vertex	-41.1429	-1.82167	28.3539
		endloop
	endfacet
	facet normal	-0.844228	0.0749114	0.530724
		outer loop
			vertex	-43.4273	1.92282	24.7058
			vertex	-41.1429	1.82167	28.3539
			vertex	-43.0874	5.75340	24.7058
		endloop
	endfacet
	facet normal	-0.844231	0.0749067	0.530720
		outer loop
			vertex	-40.8209	5.45076	28.3539
			vertex	-43.0874	5.75340	24.7058
			vertex	-41.1429	1.82167	28.3539
		endloop
	endfacet
	facet normal	-0.834307	0.149228	0.530720
		outer loop
			vertex	-43.0874	5.75340	24.7058
			vertex	-40.8209	5.45076	28.3539
			vertex	-42.4103	9.53895	24.7058
		endloop
	endfacet
	facet normal	-0.563700	0.688795	0.455855
		outer loop
			vertex	-27.1910	36.3992	20.8745
			vertex	-28.9916	32.3900	24.7058
			vertex	-26.0155	34.8256	24.7058
		endloop
	endfacet
	facet normal	-0.536785	0.655907	0.530705
		outer loop
			vertex	-27.4666	30.6863	28.3539
			vertex	-26.0155	34.8256	24.7058
			vertex	-28.9916	32.3900	24.7058
		endloop
	endfacet
	facet normal	-0.536762	0.655913	0.530722
		outer loop
			vertex	-26.0155	34.8256	24.7058
			vertex	-27.4666	30.6863	28.3539
			vertex	-24.6470	32.9937	28.3539
		endloop
	endfacet
	facet normal	-0.505867	0.618159	0.601646
		outer loop
			vertex	-25.7379	28.7550	31.7917
			vertex	-24.6470	32.9937	28.3539
			vertex	-27.4666	30.6863	28.3539
		endloop
	endfacet
	facet normal	-0.505877	0.618157	0.601640
		outer loop
			vertex	-24.6470	32.9937	28.3539
			vertex	-25.7379	28.7550	31.7917
			vertex	-23.0958	30.9172	31.7917
		endloop
	endfacet
	facet normal	-0.471223	0.575812	0.668124
		outer loop
			vertex	-23.8184	26.6104	34.9938
			vertex	-23.0958	30.9172	31.7917
			vertex	-25.7379	28.7550	31.7917
		endloop
	endfacet
	facet normal	-0.471227	0.575811	0.668122
		outer loop
			vertex	-23.0958	30.9172	31.7917
			vertex	-23.8184	26.6104	34.9938
			vertex	-21.3733	28.6114	34.9938
		endloop
	endfacet
	facet normal	-0.433090	0.529209	0.729637
		outer loop
			vertex	-21.7223	24.2686	37.9365
			vertex	-21.3733	28.6114	34.9938
			vertex	-23.8184	26.6104	34.9938
		endloop
	endfacet
	facet normal	-0.433093	0.529209	0.729636
		outer loop
			vertex	-21.3733	28.6114	34.9938
			vertex	-21.7223	24.2686	37.9365
			vertex	-19.4924	26.0935	37.9365
		endloop
	endfacet
	facet normal	-0.391721	0.478655	0.785776
		outer loop
			vertex	-19.4651	21.7468	40.5979
			vertex	-19.4924	26.0935	37.9365
			vertex	-21.7223	24.2686	37.9365
		endloop
	endfacet
	facet normal	-0.391724	0.478654	0.785775
		outer loop
			vertex	-19.4924	26.0935	37.9365
			vertex	-19.4651	21.7468	40.5979
			vertex	-17.4669	23.3821	40.5979
		endloop
	endfacet
	facet normal	-0.347440	0.424543	0.836092
		outer loop
			vertex	-17.0636	19.0638	42.9582
			vertex	-17.4669	23.3821	40.5979
			vertex	-19.4651	21.7468	40.5979
		endloop
	endfacet
	facet normal	-0.347426	0.424546	0.836095
		outer loop
			vertex	-17.4669	23.3821	40.5979
			vertex	-17.0636	19.0638	42.9582
			vertex	-15.3119	20.4973	42.9582
		endloop
	endfacet
	facet normal	-0.300565	0.367282	0.880207
		outer loop
			vertex	-14.5355	16.2394	45.0000
			vertex	-15.3119	20.4973	42.9582
			vertex	-17.0636	19.0638	42.9582
		endloop
	endfacet
	facet normal	-0.300573	0.367280	0.880205
		outer loop
			vertex	-15.3119	20.4973	42.9582
			vertex	-14.5355	16.2394	45.0000
			vertex	-13.0434	17.4605	45.0000
		endloop
	endfacet
	facet normal	-0.130737	0.837407	0.530714
		outer loop
			vertex	-8.14612	40.3695	28.3539
			vertex	-4.79881	43.2041	24.7058
			vertex	-8.59841	42.6109	24.7058
		endloop
	endfacet
	facet normal	-0.137376	0.879934	0.454801
		outer loop
			vertex	-5.98019	45.0000	20.8743
			vertex	-8.59841	42.6109	24.7058
			vertex	-4.79881	43.2041	24.7058
		endloop
	endfacet
	facet normal	-0.135603	0.879668	0.455847
		outer loop
			vertex	-8.59841	42.6109	24.7058
			vertex	-5.98019	45.0000	20.8743
			vertex	-8.98695	44.5364	20.8745
		endloop
	endfacet
	facet normal	-0.129012	0.836958	0.531843
		outer loop
			vertex	-7.12828	45.0000	20.5958
			vertex	-8.98695	44.5364	20.8745
			vertex	-5.98019	45.0000	20.8743
		endloop
	endfacet
	facet normal	-0.171103	0.911228	0.374683
		outer loop
			vertex	-8.98695	44.5364	20.8745
			vertex	-7.12828	45.0000	20.5958
			vertex	-9.08970	45.0000	19.7001
		endloop
	endfacet
	facet normal	-0.0215846	0.891237	0.453024
		outer loop
			vertex	1.03702	45.0000	21.7698
			vertex	-0.996792	45.0000	21.6729
			vertex	-0.961643	43.4592	24.7058
		endloop
	endfacet
	facet normal	-0.0591497	0.889708	0.452682
		outer loop
			vertex	-4.79881	43.2041	24.7058
			vertex	-0.961643	43.4592	24.7058
			vertex	-0.996792	45.0000	21.6729
		endloop
	endfacet
	facet normal	-0.0562230	0.845685	0.530713
		outer loop
			vertex	-0.961643	43.4592	24.7058
			vertex	-4.79881	43.2041	24.7058
			vertex	-4.54638	40.9315	28.3539
		endloop
	endfacet
	facet normal	-0.130738	0.837408	0.530713
		outer loop
			vertex	-8.14612	40.3695	28.3539
			vertex	-4.54638	40.9315	28.3539
			vertex	-4.79881	43.2041	24.7058
		endloop
	endfacet
	facet normal	-0.123213	0.789209	0.601638
		outer loop
			vertex	-4.54638	40.9315	28.3539
			vertex	-8.14612	40.3695	28.3539
			vertex	-7.63343	37.8288	31.7917
		endloop
	endfacet
	facet normal	0.0649658	0.889719	0.451862
		outer loop
			vertex	2.99428	45.0000	21.4884
			vertex	1.03702	45.0000	21.7698
			vertex	2.88305	43.3741	24.7058
		endloop
	endfacet
	facet normal	0.0194743	0.879789	0.474966
		outer loop
			vertex	-0.961643	43.4592	24.7058
			vertex	2.88305	43.3741	24.7058
			vertex	1.03702	45.0000	21.7698
		endloop
	endfacet
	facet normal	0.0187562	0.847346	0.530711
		outer loop
			vertex	2.88305	43.3741	24.7058
			vertex	-0.961643	43.4592	24.7058
			vertex	-0.911059	41.1732	28.3539
		endloop
	endfacet
	facet normal	-0.0562266	0.845686	0.530710
		outer loop
			vertex	-4.54638	40.9315	28.3539
			vertex	-0.911059	41.1732	28.3539
			vertex	-0.961643	43.4592	24.7058
		endloop
	endfacet
	facet normal	-0.0529900	0.797006	0.601643
		outer loop
			vertex	-0.911059	41.1732	28.3539
			vertex	-4.54638	40.9315	28.3539
			vertex	-4.26025	38.3554	31.7917
		endloop
	endfacet
	facet normal	-0.123206	0.789206	0.601643
		outer loop
			vertex	-7.63343	37.8288	31.7917
			vertex	-4.26025	38.3554	31.7917
			vertex	-4.54638	40.9315	28.3539
		endloop
	endfacet
	facet normal	-0.114768	0.735157	0.668112
		outer loop
			vertex	-4.26025	38.3554	31.7917
			vertex	-7.63343	37.8288	31.7917
			vertex	-7.06413	35.0076	34.9938
		endloop
	endfacet
	facet normal	-0.114761	0.735154	0.668115
		outer loop
			vertex	-7.06413	35.0076	34.9938
			vertex	-3.94252	35.4949	34.9938
			vertex	-4.26025	38.3554	31.7917
		endloop
	endfacet
	facet normal	-0.0493420	0.742420	0.668115
		outer loop
			vertex	-0.853720	38.5818	31.7917
			vertex	-4.26025	38.3554	31.7917
			vertex	-3.94252	35.4949	34.9938
		endloop
	endfacet
	facet normal	-0.0529692	0.796997	0.601656
		outer loop
			vertex	-4.26025	38.3554	31.7917
			vertex	-0.853720	38.5818	31.7917
			vertex	-0.911059	41.1732	28.3539
		endloop
	endfacet
	facet normal	0.0176700	0.798560	0.601656
		outer loop
			vertex	2.73139	41.0926	28.3539
			vertex	-0.911059	41.1732	28.3539
			vertex	-0.853720	38.5818	31.7917
		endloop
	endfacet
	facet normal	0.0187496	0.847349	0.530706
		outer loop
			vertex	-0.911059	41.1732	28.3539
			vertex	2.73139	41.0926	28.3539
			vertex	2.88305	43.3741	24.7058
		endloop
	endfacet
	facet normal	0.0935572	0.842377	0.530706
		outer loop
			vertex	6.70517	42.9496	24.7058
			vertex	2.88305	43.3741	24.7058
			vertex	2.73139	41.0926	28.3539
		endloop
	endfacet
	facet normal	0.0975754	0.878556	0.467566
		outer loop
			vertex	2.88305	43.3741	24.7058
			vertex	6.70517	42.9496	24.7058
			vertex	5.13825	45.0000	21.1801
		endloop
	endfacet
	facet normal	0.532669	0.713057	0.455866
		outer loop
			vertex	28.7745	35.1608	20.8745
			vertex	24.4496	35.9422	24.7058
			vertex	27.5305	33.6407	24.7058
		endloop
	endfacet
	facet normal	0.507236	0.679011	0.530713
		outer loop
			vertex	23.1635	34.0516	28.3539
			vertex	27.5305	33.6407	24.7058
			vertex	24.4496	35.9422	24.7058
		endloop
	endfacet
	facet normal	0.507235	0.679012	0.530712
		outer loop
			vertex	27.5305	33.6407	24.7058
			vertex	23.1635	34.0516	28.3539
			vertex	26.0823	31.8712	28.3539
		endloop
	endfacet
	facet normal	0.478035	0.639923	0.601649
		outer loop
			vertex	21.7056	31.9085	31.7917
			vertex	26.0823	31.8712	28.3539
			vertex	23.1635	34.0516	28.3539
		endloop
	endfacet
	facet normal	0.478031	0.639932	0.601643
		outer loop
			vertex	26.0823	31.8712	28.3539
			vertex	21.7056	31.9085	31.7917
			vertex	24.4408	29.8653	31.7917
		endloop
	endfacet
	facet normal	0.445293	0.596107	0.668109
		outer loop
			vertex	20.0869	29.5288	34.9938
			vertex	24.4408	29.8653	31.7917
			vertex	21.7056	31.9085	31.7917
		endloop
	endfacet
	facet normal	0.445299	0.596096	0.668116
		outer loop
			vertex	24.4408	29.8653	31.7917
			vertex	20.0869	29.5288	34.9938
			vertex	22.6180	27.6380	34.9938
		endloop
	endfacet
	facet normal	0.409250	0.547838	0.729649
		outer loop
			vertex	18.3191	26.9301	37.9365
			vertex	22.6180	27.6380	34.9938
			vertex	20.0869	29.5288	34.9938
		endloop
	endfacet
	facet normal	0.409246	0.547845	0.729646
		outer loop
			vertex	22.6180	27.6380	34.9938
			vertex	18.3191	26.9301	37.9365
			vertex	20.6275	25.2057	37.9365
		endloop
	endfacet
	facet normal	0.370165	0.495527	0.785768
		outer loop
			vertex	16.4156	24.1318	40.5979
			vertex	20.6275	25.2057	37.9365
			vertex	18.3191	26.9301	37.9365
		endloop
	endfacet
	facet normal	0.370175	0.495507	0.785776
		outer loop
			vertex	20.6275	25.2057	37.9365
			vertex	16.4156	24.1318	40.5979
			vertex	18.4841	22.5865	40.5979
		endloop
	endfacet
	facet normal	0.328324	0.439486	0.836096
		outer loop
			vertex	14.3903	21.1545	42.9582
			vertex	18.4841	22.5865	40.5979
			vertex	16.4156	24.1318	40.5979
		endloop
	endfacet
	facet normal	0.328319	0.439495	0.836093
		outer loop
			vertex	18.4841	22.5865	40.5979
			vertex	14.3903	21.1545	42.9582
			vertex	16.2036	19.7999	42.9582
		endloop
	endfacet
	facet normal	0.284036	0.380217	0.880204
		outer loop
			vertex	12.2583	18.0204	45.0000
			vertex	16.2036	19.7999	42.9582
			vertex	14.3903	21.1545	42.9582
		endloop
	endfacet
	facet normal	0.284031	0.380225	0.880202
		outer loop
			vertex	16.2036	19.7999	42.9582
			vertex	12.2583	18.0204	45.0000
			vertex	13.8030	16.8665	45.0000
		endloop
	endfacet
	facet normal	0.840101	0.112181	0.530704
		outer loop
			vertex	42.7907	7.65367	24.7058
			vertex	40.5399	7.25107	28.3539
			vertex	43.2997	3.84187	24.7058
		endloop
	endfacet
	facet normal	0.840098	0.112174	0.530709
		outer loop
			vertex	41.0221	3.63978	28.3539
			vertex	43.2997	3.84187	24.7058
			vertex	40.5399	7.25107	28.3539
		endloop
	endfacet
	facet normal	0.846725	0.0374887	0.530709
		outer loop
			vertex	43.2997	3.84187	24.7058
			vertex	41.0221	3.63978	28.3539
			vertex	43.4698	0.000000	24.7058
		endloop
	endfacet
	facet normal	0.846720	0.0374770	0.530717
		outer loop
			vertex	41.1832	0.000000	28.3539
			vertex	43.4698	0.000000	24.7058
			vertex	41.0221	3.63978	28.3539
		endloop
	endfacet
	facet normal	0.846720	-0.0374885	0.530717
		outer loop
			vertex	43.4698	0.000000	24.7058
			vertex	41.1832	0.000000	28.3539
			vertex	43.2997	-3.84187	24.7058
		endloop
	endfacet
	facet normal	0.846726	-0.0374772	0.530708
		outer loop
			vertex	41.0221	-3.63978	28.3539
			vertex	43.2997	-3.84187	24.7058
			vertex	41.1832	0.000000	28.3539
		endloop
	endfacet
	facet normal	0.840098	-0.112181	0.530709
		outer loop
			vertex	43.2997	-3.84187	24.7058
			vertex	41.0221	-3.63978	28.3539
			vertex	42.7907	-7.65367	24.7058
		endloop
	endfacet
	facet normal	0.896489	-0.221533	0.383707
		outer loop
			vertex	45.0000	-12.2404	17.9852
			vertex	45.0000	-9.05376	19.8250
			vertex	43.8423	-11.9209	20.8745
		endloop
	endfacet
	facet normal	0.880671	-0.198080	0.430328
		outer loop
			vertex	44.7243	-7.99951	20.8745
			vertex	43.8423	-11.9209	20.8745
			vertex	45.0000	-9.05376	19.8250
		endloop
	endfacet
	facet normal	0.868351	-0.195309	0.455873
		outer loop
			vertex	43.8423	-11.9209	20.8745
			vertex	44.7243	-7.99951	20.8745
			vertex	42.7907	-7.65367	24.7058
		endloop
	endfacet
	facet normal	0.881480	-0.122858	0.455959
		outer loop
			vertex	45.0000	-6.02177	20.8744
			vertex	42.7907	-7.65367	24.7058
			vertex	44.7243	-7.99951	20.8745
		endloop
	endfacet
	facet normal	0.882915	-0.153529	0.443723
		outer loop
			vertex	42.7907	-7.65367	24.7058
			vertex	45.0000	-6.02177	20.8744
			vertex	45.0000	-5.13825	21.1801
		endloop
	endfacet
	facet normal	0.677818	0.0904933	0.729640
		outer loop
			vertex	32.0615	5.73460	37.9365
			vertex	32.4428	2.87856	37.9365
			vertex	35.5734	3.15633	34.9938
		endloop
	endfacet
	facet normal	0.683162	0.0302588	0.729640
		outer loop
			vertex	35.7132	0.000000	34.9938
			vertex	35.5734	3.15633	34.9938
			vertex	32.4428	2.87856	37.9365
		endloop
	endfacet
	facet normal	0.743329	0.0329237	0.668116
		outer loop
			vertex	35.5734	3.15633	34.9938
			vertex	35.7132	0.000000	34.9938
			vertex	38.5913	0.000000	31.7917
		endloop
	endfacet
	facet normal	0.743329	-0.0329088	0.668116
		outer loop
			vertex	38.4403	-3.41070	31.7917
			vertex	38.5913	0.000000	31.7917
			vertex	35.7132	0.000000	34.9938
		endloop
	endfacet
	facet normal	0.797984	-0.0353285	0.601642
		outer loop
			vertex	38.5913	0.000000	31.7917
			vertex	38.4403	-3.41070	31.7917
			vertex	41.0221	-3.63978	28.3539
		endloop
	endfacet
	facet normal	0.791739	-0.105717	0.601643
		outer loop
			vertex	40.5399	-7.25107	28.3539
			vertex	41.0221	-3.63978	28.3539
			vertex	38.4403	-3.41070	31.7917
		endloop
	endfacet
	facet normal	0.840101	-0.112174	0.530704
		outer loop
			vertex	41.0221	-3.63978	28.3539
			vertex	40.5399	-7.25107	28.3539
			vertex	42.7907	-7.65367	24.7058
		endloop
	endfacet
	facet normal	0.826903	-0.185968	0.530704
		outer loop
			vertex	41.9469	-11.4056	24.7058
			vertex	42.7907	-7.65367	24.7058
			vertex	40.5399	-7.25107	28.3539
		endloop
	endfacet
	facet normal	0.868363	-0.195293	0.455858
		outer loop
			vertex	42.7907	-7.65367	24.7058
			vertex	41.9469	-11.4056	24.7058
			vertex	43.8423	-11.9209	20.8745
		endloop
	endfacet
	facet normal	0.847703	-0.271282	0.455858
		outer loop
			vertex	42.6172	-15.7491	20.8745
			vertex	43.8423	-11.9209	20.8745
			vertex	41.9469	-11.4056	24.7058
		endloop
	endfacet
	facet normal	0.876955	-0.280643	0.390114
		outer loop
			vertex	43.8423	-11.9209	20.8745
			vertex	42.6172	-15.7491	20.8745
			vertex	45.0000	-12.6420	17.7533
		endloop
	endfacet
	facet normal	0.617532	-0.689937	0.377679
		outer loop
			vertex	29.8052	-36.4203	16.8884
			vertex	31.7694	-32.4802	20.8745
			vertex	28.7745	-35.1608	20.8745
		endloop
	endfacet
	facet normal	0.593592	-0.663190	0.455881
		outer loop
			vertex	30.3959	-31.0759	24.7058
			vertex	28.7745	-35.1608	20.8745
			vertex	31.7694	-32.4802	20.8745
		endloop
	endfacet
	facet normal	0.593611	-0.663184	0.455866
		outer loop
			vertex	28.7745	-35.1608	20.8745
			vertex	30.3959	-31.0759	24.7058
			vertex	27.5305	-33.6407	24.7058
		endloop
	endfacet
	facet normal	0.565269	-0.631519	0.530712
		outer loop
			vertex	28.7970	-29.4413	28.3539
			vertex	27.5305	-33.6407	24.7058
			vertex	30.3959	-31.0759	24.7058
		endloop
	endfacet
	facet normal	0.565267	-0.631520	0.530713
		outer loop
			vertex	27.5305	-33.6407	24.7058
			vertex	28.7970	-29.4413	28.3539
			vertex	26.0823	-31.8712	28.3539
		endloop
	endfacet
	facet normal	0.532726	-0.595165	0.601650
		outer loop
			vertex	26.9846	-27.5883	31.7917
			vertex	26.0823	-31.8712	28.3539
			vertex	28.7970	-29.4413	28.3539
		endloop
	endfacet
	facet normal	0.532739	-0.595161	0.601642
		outer loop
			vertex	26.0823	-31.8712	28.3539
			vertex	26.9846	-27.5883	31.7917
			vertex	24.4408	-29.8653	31.7917
		endloop
	endfacet
	facet normal	0.496250	-0.554397	0.668116
		outer loop
			vertex	24.9721	-25.5308	34.9938
			vertex	24.4408	-29.8653	31.7917
			vertex	26.9846	-27.5883	31.7917
		endloop
	endfacet
	facet normal	0.496251	-0.554397	0.668116
		outer loop
			vertex	24.4408	-29.8653	31.7917
			vertex	24.9721	-25.5308	34.9938
			vertex	22.6180	-27.6380	34.9938
		endloop
	endfacet
	facet normal	0.456087	-0.509526	0.729636
		outer loop
			vertex	22.7745	-23.2840	37.9365
			vertex	22.6180	-27.6380	34.9938
			vertex	24.9721	-25.5308	34.9938
		endloop
	endfacet
	facet normal	0.456063	-0.509532	0.729646
		outer loop
			vertex	22.6180	-27.6380	34.9938
			vertex	22.7745	-23.2840	37.9365
			vertex	20.6275	-25.2057	37.9365
		endloop
	endfacet
	facet normal	0.412505	-0.460867	0.785774
		outer loop
			vertex	20.4080	-20.8645	40.5979
			vertex	20.6275	-25.2057	37.9365
			vertex	22.7745	-23.2840	37.9365
		endloop
	endfacet
	facet normal	0.412503	-0.460868	0.785775
		outer loop
			vertex	20.6275	-25.2057	37.9365
			vertex	20.4080	-20.8645	40.5979
			vertex	18.4841	-22.5865	40.5979
		endloop
	endfacet
	facet normal	0.365869	-0.408766	0.836092
		outer loop
			vertex	17.8901	-18.2904	42.9582
			vertex	18.4841	-22.5865	40.5979
			vertex	20.4080	-20.8645	40.5979
		endloop
	endfacet
	facet normal	0.365867	-0.408767	0.836093
		outer loop
			vertex	18.4841	-22.5865	40.5979
			vertex	17.8901	-18.2904	42.9582
			vertex	16.2036	-19.7999	42.9582
		endloop
	endfacet
	facet normal	0.316518	-0.353632	0.880205
		outer loop
			vertex	15.2396	-15.5806	45.0000
			vertex	16.2036	-19.7999	42.9582
			vertex	17.8901	-18.2904	42.9582
		endloop
	endfacet
	facet normal	0.316532	-0.353628	0.880202
		outer loop
			vertex	16.2036	-19.7999	42.9582
			vertex	15.2396	-15.5806	45.0000
			vertex	13.8030	-16.8665	45.0000
		endloop
	endfacet
	facet normal	0.155613	-0.526059	0.836090
		outer loop
			vertex	8.33562	-24.1891	42.9582
			vertex	7.03285	-28.3258	40.5979
			vertex	9.50877	-27.5934	40.5979
		endloop
	endfacet
	facet normal	0.175447	-0.593108	0.785775
		outer loop
			vertex	7.84838	-31.6105	37.9365
			vertex	9.50877	-27.5934	40.5979
			vertex	7.03285	-28.3258	40.5979
		endloop
	endfacet
	facet normal	0.175440	-0.593106	0.785777
		outer loop
			vertex	9.50877	-27.5934	40.5979
			vertex	7.84838	-31.6105	37.9365
			vertex	10.6114	-30.7932	37.9365
		endloop
	endfacet
	facet normal	0.193969	-0.655744	0.729641
		outer loop
			vertex	8.60572	-34.6608	34.9938
			vertex	10.6114	-30.7932	37.9365
			vertex	7.84838	-31.6105	37.9365
		endloop
	endfacet
	facet normal	0.193974	-0.655745	0.729639
		outer loop
			vertex	10.6114	-30.7932	37.9365
			vertex	8.60572	-34.6608	34.9938
			vertex	11.6354	-33.7646	34.9938
		endloop
	endfacet
	facet normal	0.211057	-0.713495	0.668117
		outer loop
			vertex	9.29925	-37.4541	31.7917
			vertex	11.6354	-33.7646	34.9938
			vertex	8.60572	-34.6608	34.9938
		endloop
	endfacet
	facet normal	0.211050	-0.713493	0.668120
		outer loop
			vertex	11.6354	-33.7646	34.9938
			vertex	9.29925	-37.4541	31.7917
			vertex	12.5731	-36.4857	31.7917
		endloop
	endfacet
	facet normal	0.226568	-0.765955	0.601648
		outer loop
			vertex	9.92383	-39.9697	28.3539
			vertex	12.5731	-36.4857	31.7917
			vertex	9.29925	-37.4541	31.7917
		endloop
	endfacet
	facet normal	0.226587	-0.765958	0.601637
		outer loop
			vertex	12.5731	-36.4857	31.7917
			vertex	9.92383	-39.9697	28.3539
			vertex	13.4175	-38.9362	28.3539
		endloop
	endfacet
	facet normal	0.240425	-0.812737	0.530712
		outer loop
			vertex	10.4748	-42.1889	24.7058
			vertex	13.4175	-38.9362	28.3539
			vertex	9.92383	-39.9697	28.3539
		endloop
	endfacet
	facet normal	0.240425	-0.812737	0.530712
		outer loop
			vertex	13.4175	-38.9362	28.3539
			vertex	10.4748	-42.1889	24.7058
			vertex	14.1625	-41.0980	24.7058
		endloop
	endfacet
	facet normal	0.252479	-0.853484	0.455872
		outer loop
			vertex	10.9481	-44.0953	20.8745
			vertex	14.1625	-41.0980	24.7058
			vertex	10.4748	-42.1889	24.7058
		endloop
	endfacet
	facet normal	0.252476	-0.853484	0.455874
		outer loop
			vertex	14.1625	-41.0980	24.7058
			vertex	10.9481	-44.0953	20.8745
			vertex	14.8025	-42.9551	20.8745
		endloop
	endfacet
	facet normal	0.262231	-0.886464	0.381336
		outer loop
			vertex	13.6884	-45.0000	16.8870
			vertex	14.8025	-42.9551	20.8745
			vertex	10.9481	-44.0953	20.8745
		endloop
	endfacet
	facet normal	0.272175	-0.884980	0.377797
		outer loop
			vertex	14.8025	-42.9551	20.8745
			vertex	13.6884	-45.0000	16.8870
			vertex	15.3327	-44.4937	16.8884
		endloop
	endfacet
	facet normal	0.271710	-0.883480	0.381623
		outer loop
			vertex	14.2724	-45.0000	16.4712
			vertex	15.3327	-44.4937	16.8884
			vertex	13.6884	-45.0000	16.8870
		endloop
	endfacet
	facet normal	0.313070	-0.901601	0.298499
		outer loop
			vertex	15.3327	-44.4937	16.8884
			vertex	14.2724	-45.0000	16.4712
			vertex	15.5179	-45.0000	15.1649
		endloop
	endfacet
	facet normal	0.122355	-0.606289	0.785775
		outer loop
			vertex	7.03285	-28.3258	40.5979
			vertex	5.02393	-32.1805	37.9365
			vertex	7.84838	-31.6105	37.9365
		endloop
	endfacet
	facet normal	0.135276	-0.670317	0.729641
		outer loop
			vertex	5.50872	-35.2858	34.9938
			vertex	7.84838	-31.6105	37.9365
			vertex	5.02393	-32.1805	37.9365
		endloop
	endfacet
	facet normal	0.135275	-0.670316	0.729641
		outer loop
			vertex	7.84838	-31.6105	37.9365
			vertex	5.50872	-35.2858	34.9938
			vertex	8.60572	-34.6608	34.9938
		endloop
	endfacet
	facet normal	0.147191	-0.729360	0.668109
		outer loop
			vertex	5.95266	-38.1294	31.7917
			vertex	8.60572	-34.6608	34.9938
			vertex	5.50872	-35.2858	34.9938
		endloop
	endfacet
	facet normal	0.147175	-0.729355	0.668117
		outer loop
			vertex	8.60572	-34.6608	34.9938
			vertex	5.95266	-38.1294	31.7917
			vertex	9.29925	-37.4541	31.7917
		endloop
	endfacet
	facet normal	0.157995	-0.782975	0.601654
		outer loop
			vertex	6.35247	-40.6904	28.3539
			vertex	9.29925	-37.4541	31.7917
			vertex	5.95266	-38.1294	31.7917
		endloop
	endfacet
	facet normal	0.158005	-0.782978	0.601648
		outer loop
			vertex	9.29925	-37.4541	31.7917
			vertex	6.35247	-40.6904	28.3539
			vertex	9.92383	-39.9697	28.3539
		endloop
	endfacet
	facet normal	0.167656	-0.830805	0.530711
		outer loop
			vertex	6.70517	-42.9496	24.7058
			vertex	9.92383	-39.9697	28.3539
			vertex	6.35247	-40.6904	28.3539
		endloop
	endfacet
	facet normal	0.167654	-0.830805	0.530713
		outer loop
			vertex	9.92383	-39.9697	28.3539
			vertex	6.70517	-42.9496	24.7058
			vertex	10.4748	-42.1889	24.7058
		endloop
	endfacet
	facet normal	0.176061	-0.872465	0.455860
		outer loop
			vertex	7.00816	-44.8903	20.8745
			vertex	10.4748	-42.1889	24.7058
			vertex	6.70517	-42.9496	24.7058
		endloop
	endfacet
	facet normal	0.176045	-0.872461	0.455872
		outer loop
			vertex	10.4748	-42.1889	24.7058
			vertex	7.00816	-44.8903	20.8745
			vertex	10.9481	-44.0953	20.8745
		endloop
	endfacet
	facet normal	0.178932	-0.886771	0.426169
		outer loop
			vertex	7.12828	-45.0000	20.5958
			vertex	10.9481	-44.0953	20.8745
			vertex	7.00816	-44.8903	20.8745
		endloop
	endfacet
	facet normal	0.183269	-0.897422	0.401305
		outer loop
			vertex	10.9481	-44.0953	20.8745
			vertex	7.12828	-45.0000	20.5958
			vertex	10.8972	-45.0000	18.8746
		endloop
	endfacet
	facet normal	-0.323551	-0.869409	0.373421
		outer loop
			vertex	-13.3189	-45.0000	17.1668
			vertex	-12.6420	-45.0000	17.7533
			vertex	-12.8879	-43.5679	20.8745
		endloop
	endfacet
	facet normal	-0.221655	-0.892787	0.392175
		outer loop
			vertex	-8.98695	-44.5364	20.8745
			vertex	-12.8879	-43.5679	20.8745
			vertex	-12.6420	-45.0000	17.7533
		endloop
	endfacet
	facet normal	-0.214463	-0.863818	0.455878
		outer loop
			vertex	-12.8879	-43.5679	20.8745
			vertex	-8.98695	-44.5364	20.8745
			vertex	-8.59841	-42.6109	24.7058
		endloop
	endfacet
	facet normal	-0.137472	-0.879360	0.455881
		outer loop
			vertex	-6.02177	-45.0000	20.8744
			vertex	-8.59841	-42.6109	24.7058
			vertex	-8.98695	-44.5364	20.8745
		endloop
	endfacet
	facet normal	-0.137282	-0.879332	0.455992
		outer loop
			vertex	-8.59841	-42.6109	24.7058
			vertex	-6.02177	-45.0000	20.8744
			vertex	-4.79881	-43.2041	24.7058
		endloop
	endfacet
	facet normal	-0.159237	-0.873407	0.460222
		outer loop
			vertex	-5.13825	-45.0000	21.1801
			vertex	-4.79881	-43.2041	24.7058
			vertex	-6.02177	-45.0000	20.8744
		endloop
	endfacet
	facet normal	-0.0660830	-0.886526	0.457936
		outer loop
			vertex	-4.79881	-43.2041	24.7058
			vertex	-5.13825	-45.0000	21.1801
			vertex	-4.99897	-45.0000	21.2002
		endloop
	endfacet
	facet normal	-0.366306	-0.884778	0.288075
		outer loop
			vertex	-17.5564	-45.0000	12.7727
			vertex	-15.7734	-45.0000	15.0399
			vertex	-17.2858	-43.7720	16.8884
		endloop
	endfacet
	facet normal	-0.299541	-0.889259	0.345678
		outer loop
			vertex	-13.6433	-45.0000	16.8857
			vertex	-17.2858	-43.7720	16.8884
			vertex	-15.7734	-45.0000	15.0399
		endloop
	endfacet
	facet normal	-0.295567	-0.877543	0.377569
		outer loop
			vertex	-17.2858	-43.7720	16.8884
			vertex	-13.6433	-45.0000	16.8857
			vertex	-16.6880	-42.2583	20.8745
		endloop
	endfacet
	facet normal	-0.302394	-0.877466	0.372305
		outer loop
			vertex	-12.8879	-43.5679	20.8745
			vertex	-16.6880	-42.2583	20.8745
			vertex	-13.6433	-45.0000	16.8857
		endloop
	endfacet
	facet normal	-0.289992	-0.841477	0.455873
		outer loop
			vertex	-16.6880	-42.2583	20.8745
			vertex	-12.8879	-43.5679	20.8745
			vertex	-12.3307	-41.6843	24.7058
		endloop
	endfacet
	facet normal	-0.214457	-0.863822	0.455873
		outer loop
			vertex	-8.59841	-42.6109	24.7058
			vertex	-12.3307	-41.6843	24.7058
			vertex	-12.8879	-43.5679	20.8745
		endloop
	endfacet
	facet normal	-0.204218	-0.822580	0.530714
		outer loop
			vertex	-12.3307	-41.6843	24.7058
			vertex	-8.59841	-42.6109	24.7058
			vertex	-8.14612	-40.3695	28.3539
		endloop
	endfacet
	facet normal	-0.130738	-0.837407	0.530714
		outer loop
			vertex	-4.54638	-40.9315	28.3539
			vertex	-8.14612	-40.3695	28.3539
			vertex	-8.59841	-42.6109	24.7058
		endloop
	endfacet
	facet normal	-0.123213	-0.789205	0.601643
		outer loop
			vertex	-8.14612	-40.3695	28.3539
			vertex	-4.54638	-40.9315	28.3539
			vertex	-4.26025	-38.3554	31.7917
		endloop
	endfacet
	facet normal	-0.0529699	-0.797007	0.601643
		outer loop
			vertex	-0.853720	-38.5818	31.7917
			vertex	-4.26025	-38.3554	31.7917
			vertex	-4.54638	-40.9315	28.3539
		endloop
	endfacet
	facet normal	-0.0493419	-0.742419	0.668117
		outer loop
			vertex	-4.26025	-38.3554	31.7917
			vertex	-0.853720	-38.5818	31.7917
			vertex	-0.790050	-35.7044	34.9938
		endloop
	endfacet
	facet normal	0.0164616	-0.743874	0.668117
		outer loop
			vertex	2.36860	-35.6345	34.9938
			vertex	-0.790050	-35.7044	34.9938
			vertex	-0.853720	-38.5818	31.7917
		endloop
	endfacet
	facet normal	0.0151294	-0.683673	0.729631
		outer loop
			vertex	-0.790050	-35.7044	34.9938
			vertex	2.36860	-35.6345	34.9938
			vertex	2.16016	-32.4986	37.9365
		endloop
	endfacet
	facet normal	0.0754946	-0.679661	0.729631
		outer loop
			vertex	5.02393	-32.1805	37.9365
			vertex	2.16016	-32.4986	37.9365
			vertex	2.36860	-35.6345	34.9938
		endloop
	endfacet
	facet normal	0.0682828	-0.614734	0.785773
		outer loop
			vertex	2.16016	-32.4986	37.9365
			vertex	5.02393	-32.1805	37.9365
			vertex	4.50189	-28.8366	40.5979
		endloop
	endfacet
	facet normal	0.122362	-0.606291	0.785772
		outer loop
			vertex	7.03285	-28.3258	40.5979
			vertex	4.50189	-28.8366	40.5979
			vertex	5.02393	-32.1805	37.9365
		endloop
	endfacet
	facet normal	0.108528	-0.537746	0.836093
		outer loop
			vertex	4.50189	-28.8366	40.5979
			vertex	7.03285	-28.3258	40.5979
			vertex	6.16517	-24.8311	42.9582
		endloop
	endfacet
	facet normal	0.155603	-0.526058	0.836093
		outer loop
			vertex	8.33562	-24.1891	42.9582
			vertex	6.16517	-24.8311	42.9582
			vertex	7.03285	-28.3258	40.5979
		endloop
	endfacet
	facet normal	0.134616	-0.455104	0.880204
		outer loop
			vertex	6.16517	-24.8311	42.9582
			vertex	8.33562	-24.1891	42.9582
			vertex	7.10066	-20.6054	45.0000
		endloop
	endfacet
	facet normal	-0.529371	-0.143948	0.836089
		outer loop
			vertex	-24.3676	-7.79846	42.9582
			vertex	-28.4745	-6.40450	40.5979
			vertex	-27.7970	-8.89602	40.5979
		endloop
	endfacet
	facet normal	-0.596845	-0.162296	0.785771
		outer loop
			vertex	-31.7764	-7.14717	37.9365
			vertex	-27.7970	-8.89602	40.5979
			vertex	-28.4745	-6.40450	40.5979
		endloop
	endfacet
	facet normal	-0.596842	-0.162281	0.785777
		outer loop
			vertex	-27.7970	-8.89602	40.5979
			vertex	-31.7764	-7.14717	37.9365
			vertex	-31.0204	-9.92761	37.9365
		endloop
	endfacet
	facet normal	-0.659874	-0.179419	0.729640
		outer loop
			vertex	-34.8427	-7.83685	34.9938
			vertex	-31.0204	-9.92761	37.9365
			vertex	-31.7764	-7.14717	37.9365
		endloop
	endfacet
	facet normal	-0.659876	-0.179430	0.729636
		outer loop
			vertex	-31.0204	-9.92761	37.9365
			vertex	-34.8427	-7.83685	34.9938
			vertex	-34.0137	-10.8856	34.9938
		endloop
	endfacet
	facet normal	-0.717982	-0.195230	0.668122
		outer loop
			vertex	-37.6507	-8.46841	31.7917
			vertex	-34.0137	-10.8856	34.9938
			vertex	-34.8427	-7.83685	34.9938
		endloop
	endfacet
	facet normal	-0.717983	-0.195232	0.668121
		outer loop
			vertex	-34.0137	-10.8856	34.9938
			vertex	-37.6507	-8.46841	31.7917
			vertex	-36.7549	-11.7628	31.7917
		endloop
	endfacet
	facet normal	-0.770785	-0.209590	0.601633
		outer loop
			vertex	-40.1794	-9.03719	28.3539
			vertex	-36.7549	-11.7628	31.7917
			vertex	-37.6507	-8.46841	31.7917
		endloop
	endfacet
	facet normal	-0.770781	-0.209571	0.601644
		outer loop
			vertex	-36.7549	-11.7628	31.7917
			vertex	-40.1794	-9.03719	28.3539
			vertex	-39.2235	-12.5529	28.3539
		endloop
	endfacet
	facet normal	-0.817854	-0.222370	0.530722
		outer loop
			vertex	-42.4103	-9.53895	24.7058
			vertex	-39.2235	-12.5529	28.3539
			vertex	-40.1794	-9.03719	28.3539
		endloop
	endfacet
	facet normal	-0.817855	-0.222373	0.530720
		outer loop
			vertex	-39.2235	-12.5529	28.3539
			vertex	-42.4103	-9.53895	24.7058
			vertex	-41.4013	-13.2499	24.7058
		endloop
	endfacet
	facet normal	-0.858864	-0.233523	0.455872
		outer loop
			vertex	-44.3267	-9.96999	20.8745
			vertex	-41.4013	-13.2499	24.7058
			vertex	-42.4103	-9.53895	24.7058
		endloop
	endfacet
	facet normal	-0.858865	-0.233526	0.455870
		outer loop
			vertex	-41.4013	-13.2499	24.7058
			vertex	-44.3267	-9.96999	20.8745
			vertex	-43.2721	-13.8486	20.8745
		endloop
	endfacet
	facet normal	-0.889915	-0.241969	0.386655
		outer loop
			vertex	-45.0000	-10.1281	19.2259
			vertex	-43.2721	-13.8486	20.8745
			vertex	-44.3267	-9.96999	20.8745
		endloop
	endfacet
	facet normal	-0.869753	-0.205033	0.448879
		outer loop
			vertex	-43.2721	-13.8486	20.8745
			vertex	-45.0000	-10.1281	19.2259
			vertex	-45.0000	-10.8972	18.8746
		endloop
	endfacet
	facet normal	-0.608855	-0.108897	0.785772
		outer loop
			vertex	-28.4745	-6.40450	40.5979
			vertex	-32.2837	-4.31080	37.9365
			vertex	-31.7764	-7.14717	37.9365
		endloop
	endfacet
	facet normal	-0.673144	-0.120395	0.729645
		outer loop
			vertex	-35.3990	-4.72678	34.9938
			vertex	-31.7764	-7.14717	37.9365
			vertex	-32.2837	-4.31080	37.9365
		endloop
	endfacet
	facet normal	-0.673147	-0.120406	0.729640
		outer loop
			vertex	-31.7764	-7.14717	37.9365
			vertex	-35.3990	-4.72678	34.9938
			vertex	-34.8427	-7.83685	34.9938
		endloop
	endfacet
	facet normal	-0.732430	-0.131010	0.668119
		outer loop
			vertex	-38.2518	-5.10771	31.7917
			vertex	-34.8427	-7.83685	34.9938
			vertex	-35.3990	-4.72678	34.9938
		endloop
	endfacet
	facet normal	-0.732428	-0.131003	0.668122
		outer loop
			vertex	-34.8427	-7.83685	34.9938
			vertex	-38.2518	-5.10771	31.7917
			vertex	-37.6507	-8.46841	31.7917
		endloop
	endfacet
	facet normal	-0.786292	-0.140637	0.601637
		outer loop
			vertex	-40.8209	-5.45076	28.3539
			vertex	-37.6507	-8.46841	31.7917
			vertex	-38.2518	-5.10771	31.7917
		endloop
	endfacet
	facet normal	-0.786293	-0.140642	0.601633
		outer loop
			vertex	-37.6507	-8.46841	31.7917
			vertex	-40.8209	-5.45076	28.3539
			vertex	-40.1794	-9.03719	28.3539
		endloop
	endfacet
	facet normal	-0.834306	-0.149230	0.530720
		outer loop
			vertex	-43.0874	-5.75340	24.7058
			vertex	-40.1794	-9.03719	28.3539
			vertex	-40.8209	-5.45076	28.3539
		endloop
	endfacet
	facet normal	-0.834305	-0.149227	0.530722
		outer loop
			vertex	-40.1794	-9.03719	28.3539
			vertex	-43.0874	-5.75340	24.7058
			vertex	-42.4103	-9.53895	24.7058
		endloop
	endfacet
	facet normal	-0.879648	-0.157338	0.448847
		outer loop
			vertex	-45.0000	-6.01384	20.8662
			vertex	-42.4103	-9.53895	24.7058
			vertex	-43.0874	-5.75340	24.7058
		endloop
	endfacet
	facet normal	-0.877671	-0.148416	0.455704
		outer loop
			vertex	-42.4103	-9.53895	24.7058
			vertex	-45.0000	-6.01384	20.8662
			vertex	-44.3267	-9.96999	20.8745
		endloop
	endfacet
	facet normal	-0.813227	-0.137218	0.565539
		outer loop
			vertex	-45.0000	-7.12828	20.5958
			vertex	-44.3267	-9.96999	20.8745
			vertex	-45.0000	-6.01384	20.8662
		endloop
	endfacet
	facet normal	-0.905183	-0.176553	0.386617
		outer loop
			vertex	-44.3267	-9.96999	20.8745
			vertex	-45.0000	-7.12828	20.5958
			vertex	-45.0000	-10.1281	19.2259
		endloop
	endfacet
	facet normal	-0.876693	0.315014	0.363560
		outer loop
			vertex	-45.0000	13.6433	16.8857
			vertex	-45.0000	12.6420	17.7533
			vertex	-43.2721	13.8486	20.8745
		endloop
	endfacet
	facet normal	-0.885590	0.240793	0.397178
		outer loop
			vertex	-44.3267	9.96999	20.8745
			vertex	-43.2721	13.8486	20.8745
			vertex	-45.0000	12.6420	17.7533
		endloop
	endfacet
	facet normal	-0.858863	0.233526	0.455872
		outer loop
			vertex	-43.2721	13.8486	20.8745
			vertex	-44.3267	9.96999	20.8745
			vertex	-42.4103	9.53895	24.7058
		endloop
	endfacet
	facet normal	-0.877452	0.149623	0.455731
		outer loop
			vertex	-45.0000	6.02177	20.8744
			vertex	-42.4103	9.53895	24.7058
			vertex	-44.3267	9.96999	20.8745
		endloop
	endfacet
	facet normal	-0.879140	0.157247	0.449873
		outer loop
			vertex	-42.4103	9.53895	24.7058
			vertex	-45.0000	6.02177	20.8744
			vertex	-43.0874	5.75340	24.7058
		endloop
	endfacet
	facet normal	-0.880115	0.151456	0.449954
		outer loop
			vertex	-45.0000	6.01316	20.8773
			vertex	-43.0874	5.75340	24.7058
			vertex	-45.0000	6.02177	20.8744
		endloop
	endfacet
	facet normal	-0.879407	0.155704	0.449889
		outer loop
			vertex	-43.0874	5.75340	24.7058
			vertex	-45.0000	6.01316	20.8773
			vertex	-45.0000	5.13825	21.1801
		endloop
	endfacet
	facet normal	-0.520801	0.765593	0.377669
		outer loop
			vertex	-24.7226	40.0447	16.8884
			vertex	-27.1910	36.3992	20.8745
			vertex	-23.8677	38.6599	20.8745
		endloop
	endfacet
	facet normal	-0.500616	0.735921	0.455855
		outer loop
			vertex	-26.0155	34.8256	24.7058
			vertex	-23.8677	38.6599	20.8745
			vertex	-27.1910	36.3992	20.8745
		endloop
	endfacet
	facet normal	-0.500592	0.735926	0.455874
		outer loop
			vertex	-23.8677	38.6599	20.8745
			vertex	-26.0155	34.8256	24.7058
			vertex	-22.8358	36.9885	24.7058
		endloop
	endfacet
	facet normal	-0.476690	0.700787	0.530721
		outer loop
			vertex	-24.6470	32.9937	28.3539
			vertex	-22.8358	36.9885	24.7058
			vertex	-26.0155	34.8256	24.7058
		endloop
	endfacet
	facet normal	-0.476711	0.700783	0.530706
		outer loop
			vertex	-22.8358	36.9885	24.7058
			vertex	-24.6470	32.9937	28.3539
			vertex	-21.6346	35.0429	28.3539
		endloop
	endfacet
	facet normal	-0.449270	0.660444	0.601640
		outer loop
			vertex	-23.0958	30.9172	31.7917
			vertex	-21.6346	35.0429	28.3539
			vertex	-24.6470	32.9937	28.3539
		endloop
	endfacet
	facet normal	-0.449265	0.660444	0.601643
		outer loop
			vertex	-21.6346	35.0429	28.3539
			vertex	-23.0958	30.9172	31.7917
			vertex	-20.2730	32.8374	31.7917
		endloop
	endfacet
	facet normal	-0.418492	0.615206	0.668122
		outer loop
			vertex	-21.3733	28.6114	34.9938
			vertex	-20.2730	32.8374	31.7917
			vertex	-23.0958	30.9172	31.7917
		endloop
	endfacet
	facet normal	-0.418490	0.615206	0.668123
		outer loop
			vertex	-20.2730	32.8374	31.7917
			vertex	-21.3733	28.6114	34.9938
			vertex	-18.7610	30.3884	34.9938
		endloop
	endfacet
	facet normal	-0.384622	0.565418	0.729636
		outer loop
			vertex	-19.4924	26.0935	37.9365
			vertex	-18.7610	30.3884	34.9938
			vertex	-21.3733	28.6114	34.9938
		endloop
	endfacet
	facet normal	-0.384619	0.565418	0.729637
		outer loop
			vertex	-18.7610	30.3884	34.9938
			vertex	-19.4924	26.0935	37.9365
			vertex	-17.1100	27.7141	37.9365
		endloop
	endfacet
	facet normal	-0.347879	0.511408	0.785775
		outer loop
			vertex	-17.4669	23.3821	40.5979
			vertex	-17.1100	27.7141	37.9365
			vertex	-19.4924	26.0935	37.9365
		endloop
	endfacet
	facet normal	-0.347886	0.511407	0.785772
		outer loop
			vertex	-17.1100	27.7141	37.9365
			vertex	-17.4669	23.3821	40.5979
			vertex	-15.3321	24.8343	40.5979
		endloop
	endfacet
	facet normal	-0.308553	0.453586	0.836095
		outer loop
			vertex	-15.3119	20.4973	42.9582
			vertex	-15.3321	24.8343	40.5979
			vertex	-17.4669	23.3821	40.5979
		endloop
	endfacet
	facet normal	-0.308547	0.453586	0.836097
		outer loop
			vertex	-15.3321	24.8343	40.5979
			vertex	-15.3119	20.4973	42.9582
			vertex	-13.4405	21.7703	42.9582
		endloop
	endfacet
	facet normal	-0.266932	0.392409	0.880206
		outer loop
			vertex	-13.0434	17.4605	45.0000
			vertex	-13.4405	21.7703	42.9582
			vertex	-15.3119	20.4973	42.9582
		endloop
	endfacet
	facet normal	-0.266946	0.392407	0.880203
		outer loop
			vertex	-13.4405	21.7703	42.9582
			vertex	-13.0434	17.4605	45.0000
			vertex	-11.4492	18.5450	45.0000
		endloop
	endfacet
	facet normal	-0.178730	0.518659	0.836091
		outer loop
			vertex	-9.39742	23.7967	42.9582
			vertex	-8.27891	27.9870	40.5979
			vertex	-10.7200	27.1458	40.5979
		endloop
	endfacet
	facet normal	-0.201511	0.584767	0.785774
		outer loop
			vertex	-9.23894	31.2324	37.9365
			vertex	-10.7200	27.1458	40.5979
			vertex	-8.27891	27.9870	40.5979
		endloop
	endfacet
	facet normal	-0.201501	0.584766	0.785778
		outer loop
			vertex	-10.7200	27.1458	40.5979
			vertex	-9.23894	31.2324	37.9365
			vertex	-11.9631	30.2937	37.9365
		endloop
	endfacet
	facet normal	-0.222781	0.646523	0.729641
		outer loop
			vertex	-10.1305	34.2462	34.9938
			vertex	-11.9631	30.2937	37.9365
			vertex	-9.23894	31.2324	37.9365
		endloop
	endfacet
	facet normal	-0.222788	0.646524	0.729638
		outer loop
			vertex	-11.9631	30.2937	37.9365
			vertex	-10.1305	34.2462	34.9938
			vertex	-13.1175	33.2169	34.9938
		endloop
	endfacet
	facet normal	-0.242408	0.703460	0.668118
		outer loop
			vertex	-10.9469	37.0061	31.7917
			vertex	-13.1175	33.2169	34.9938
			vertex	-10.1305	34.2462	34.9938
		endloop
	endfacet
	facet normal	-0.242421	0.703462	0.668112
		outer loop
			vertex	-13.1175	33.2169	34.9938
			vertex	-10.9469	37.0061	31.7917
			vertex	-14.1746	35.8938	31.7917
		endloop
	endfacet
	facet normal	-0.260243	0.755181	0.601644
		outer loop
			vertex	-11.6821	39.4916	28.3539
			vertex	-14.1746	35.8938	31.7917
			vertex	-10.9469	37.0061	31.7917
		endloop
	endfacet
	facet normal	-0.260233	0.755179	0.601650
		outer loop
			vertex	-14.1746	35.8938	31.7917
			vertex	-11.6821	39.4916	28.3539
			vertex	-15.1267	38.3046	28.3539
		endloop
	endfacet
	facet normal	-0.276128	0.801305	0.530720
		outer loop
			vertex	-12.3307	41.6843	24.7058
			vertex	-15.1267	38.3046	28.3539
			vertex	-11.6821	39.4916	28.3539
		endloop
	endfacet
	facet normal	-0.276131	0.801306	0.530717
		outer loop
			vertex	-15.1267	38.3046	28.3539
			vertex	-12.3307	41.6843	24.7058
			vertex	-15.9665	40.4314	24.7058
		endloop
	endfacet
	facet normal	-0.289977	0.841483	0.455874
		outer loop
			vertex	-12.8879	43.5679	20.8745
			vertex	-15.9665	40.4314	24.7058
			vertex	-12.3307	41.6843	24.7058
		endloop
	endfacet
	facet normal	-0.289994	0.841484	0.455860
		outer loop
			vertex	-15.9665	40.4314	24.7058
			vertex	-12.8879	43.5679	20.8745
			vertex	-16.6880	42.2583	20.8745
		endloop
	endfacet
	facet normal	-0.301994	0.876306	0.375350
		outer loop
			vertex	-13.6884	45.0000	16.8870
			vertex	-16.6880	42.2583	20.8745
			vertex	-12.8879	43.5679	20.8745
		endloop
	endfacet
	facet normal	-0.299003	0.876351	0.377631
		outer loop
			vertex	-16.6880	42.2583	20.8745
			vertex	-13.6884	45.0000	16.8870
			vertex	-17.2858	43.7720	16.8884
		endloop
	endfacet
	facet normal	-0.294068	0.861936	0.413025
		outer loop
			vertex	-14.2724	45.0000	16.4712
			vertex	-17.2858	43.7720	16.8884
			vertex	-13.6884	45.0000	16.8870
		endloop
	endfacet
	facet normal	-0.322320	0.895355	0.307326
		outer loop
			vertex	-17.2858	43.7720	16.8884
			vertex	-14.2724	45.0000	16.4712
			vertex	-17.1316	45.0000	13.4725
		endloop
	endfacet
	facet normal	-0.149038	0.600289	0.785774
		outer loop
			vertex	-8.27891	27.9870	40.5979
			vertex	-6.44246	31.9267	37.9365
			vertex	-9.23894	31.2324	37.9365
		endloop
	endfacet
	facet normal	-0.164774	0.663672	0.729650
		outer loop
			vertex	-7.06413	35.0076	34.9938
			vertex	-9.23894	31.2324	37.9365
			vertex	-6.44246	31.9267	37.9365
		endloop
	endfacet
	facet normal	-0.164795	0.663677	0.729641
		outer loop
			vertex	-9.23894	31.2324	37.9365
			vertex	-7.06413	35.0076	34.9938
			vertex	-10.1305	34.2462	34.9938
		endloop
	endfacet
	facet normal	-0.179310	0.722132	0.668111
		outer loop
			vertex	-7.63343	37.8288	31.7917
			vertex	-10.1305	34.2462	34.9938
			vertex	-7.06413	35.0076	34.9938
		endloop
	endfacet
	facet normal	-0.179297	0.722129	0.668118
		outer loop
			vertex	-10.1305	34.2462	34.9938
			vertex	-7.63343	37.8288	31.7917
			vertex	-10.9469	37.0061	31.7917
		endloop
	endfacet
	facet normal	-0.192481	0.775231	0.601638
		outer loop
			vertex	-8.14612	40.3695	28.3539
			vertex	-10.9469	37.0061	31.7917
			vertex	-7.63343	37.8288	31.7917
		endloop
	endfacet
	facet normal	-0.192470	0.775228	0.601645
		outer loop
			vertex	-10.9469	37.0061	31.7917
			vertex	-8.14612	40.3695	28.3539
			vertex	-11.6821	39.4916	28.3539
		endloop
	endfacet
	facet normal	-0.204226	0.822578	0.530714
		outer loop
			vertex	-8.59841	42.6109	24.7058
			vertex	-11.6821	39.4916	28.3539
			vertex	-8.14612	40.3695	28.3539
		endloop
	endfacet
	facet normal	-0.204217	0.822576	0.530720
		outer loop
			vertex	-11.6821	39.4916	28.3539
			vertex	-8.59841	42.6109	24.7058
			vertex	-12.3307	41.6843	24.7058
		endloop
	endfacet
	facet normal	-0.214456	0.863819	0.455878
		outer loop
			vertex	-8.98695	44.5364	20.8745
			vertex	-12.3307	41.6843	24.7058
			vertex	-8.59841	42.6109	24.7058
		endloop
	endfacet
	facet normal	-0.214463	0.863820	0.455873
		outer loop
			vertex	-12.3307	41.6843	24.7058
			vertex	-8.98695	44.5364	20.8745
			vertex	-12.8879	43.5679	20.8745
		endloop
	endfacet
	facet normal	-0.223398	0.899808	0.374751
		outer loop
			vertex	-9.08970	45.0000	19.7001
			vertex	-12.8879	43.5679	20.8745
			vertex	-8.98695	44.5364	20.8745
		endloop
	endfacet
	facet normal	-0.197732	0.879464	0.432950
		outer loop
			vertex	-12.8879	43.5679	20.8745
			vertex	-9.08970	45.0000	19.7001
			vertex	-10.8972	45.0000	18.8746
		endloop
	endfacet
	facet normal	0.219082	0.898904	0.379440
		outer loop
			vertex	11.1832	45.0000	18.5955
			vertex	9.05376	45.0000	19.8250
			vertex	10.9481	44.0953	20.8745
		endloop
	endfacet
	facet normal	0.177758	0.880950	0.438554
		outer loop
			vertex	7.00816	44.8903	20.8745
			vertex	10.9481	44.0953	20.8745
			vertex	9.05376	45.0000	19.8250
		endloop
	endfacet
	facet normal	0.176046	0.872467	0.455860
		outer loop
			vertex	10.9481	44.0953	20.8745
			vertex	7.00816	44.8903	20.8745
			vertex	6.70517	42.9496	24.7058
		endloop
	endfacet
	facet normal	0.0983349	0.884602	0.455861
		outer loop
			vertex	6.02177	45.0000	20.8744
			vertex	6.70517	42.9496	24.7058
			vertex	7.00816	44.8903	20.8745
		endloop
	endfacet
	facet normal	0.153882	0.882340	0.444743
		outer loop
			vertex	6.70517	42.9496	24.7058
			vertex	6.02177	45.0000	20.8744
			vertex	5.13825	45.0000	21.1801
		endloop
	endfacet
	facet normal	0.311990	0.879212	0.360069
		outer loop
			vertex	13.6433	45.0000	16.8857
			vertex	12.6420	45.0000	17.7533
			vertex	14.8025	42.9551	20.8745
		endloop
	endfacet
	facet normal	0.260416	0.880326	0.396498
		outer loop
			vertex	10.9481	44.0953	20.8745
			vertex	14.8025	42.9551	20.8745
			vertex	12.6420	45.0000	17.7533
		endloop
	endfacet
	facet normal	0.252476	0.853485	0.455872
		outer loop
			vertex	14.8025	42.9551	20.8745
			vertex	10.9481	44.0953	20.8745
			vertex	10.4748	42.1889	24.7058
		endloop
	endfacet
	facet normal	0.176060	0.872458	0.455872
		outer loop
			vertex	6.70517	42.9496	24.7058
			vertex	10.4748	42.1889	24.7058
			vertex	10.9481	44.0953	20.8745
		endloop
	endfacet
	facet normal	0.167654	0.830806	0.530711
		outer loop
			vertex	10.4748	42.1889	24.7058
			vertex	6.70517	42.9496	24.7058
			vertex	6.35247	40.6904	28.3539
		endloop
	endfacet
	facet normal	0.0935638	0.842373	0.530711
		outer loop
			vertex	2.73139	41.0926	28.3539
			vertex	6.35247	40.6904	28.3539
			vertex	6.70517	42.9496	24.7058
		endloop
	endfacet
	facet normal	0.0881773	0.793876	0.601652
		outer loop
			vertex	6.35247	40.6904	28.3539
			vertex	2.73139	41.0926	28.3539
			vertex	2.55949	38.5063	31.7917
		endloop
	endfacet
	facet normal	0.0176643	0.798563	0.601652
		outer loop
			vertex	-0.853720	38.5818	31.7917
			vertex	2.55949	38.5063	31.7917
			vertex	2.73139	41.0926	28.3539
		endloop
	endfacet
	facet normal	0.0164546	0.743874	0.668117
		outer loop
			vertex	2.55949	38.5063	31.7917
			vertex	-0.853720	38.5818	31.7917
			vertex	-0.790050	35.7044	34.9938
		endloop
	endfacet
	facet normal	-0.0493383	0.742419	0.668117
		outer loop
			vertex	-3.94252	35.4949	34.9938
			vertex	-0.790050	35.7044	34.9938
			vertex	-0.853720	38.5818	31.7917
		endloop
	endfacet
	facet normal	-0.0453447	0.682326	0.729641
		outer loop
			vertex	-0.790050	35.7044	34.9938
			vertex	-3.94252	35.4949	34.9938
			vertex	-3.59556	32.3712	37.9365
		endloop
	endfacet
	facet normal	-0.105492	0.675645	0.729640
		outer loop
			vertex	-6.44246	31.9267	37.9365
			vertex	-3.59556	32.3712	37.9365
			vertex	-3.94252	35.4949	34.9938
		endloop
	endfacet
	facet normal	-0.0954164	0.611115	0.785770
		outer loop
			vertex	-3.59556	32.3712	37.9365
			vertex	-6.44246	31.9267	37.9365
			vertex	-5.77302	28.6092	40.5979
		endloop
	endfacet
	facet normal	-0.149049	0.600292	0.785770
		outer loop
			vertex	-8.27891	27.9870	40.5979
			vertex	-5.77302	28.6092	40.5979
			vertex	-6.44246	31.9267	37.9365
		endloop
	endfacet
	facet normal	-0.132198	0.532422	0.836093
		outer loop
			vertex	-5.77302	28.6092	40.5979
			vertex	-8.27891	27.9870	40.5979
			vertex	-7.25749	24.5341	42.9582
		endloop
	endfacet
	facet normal	-0.178725	0.518658	0.836093
		outer loop
			vertex	-9.39742	23.7967	42.9582
			vertex	-7.25749	24.5341	42.9582
			vertex	-8.27891	27.9870	40.5979
		endloop
	endfacet
	facet normal	-0.154618	0.448700	0.880206
		outer loop
			vertex	-7.25749	24.5341	42.9582
			vertex	-9.39742	23.7967	42.9582
			vertex	-8.00515	20.2711	45.0000
		endloop
	endfacet
	facet normal	0.617538	0.689944	0.377657
		outer loop
			vertex	32.9073	33.6436	16.8884
			vertex	28.7745	35.1608	20.8745
			vertex	31.7694	32.4802	20.8745
		endloop
	endfacet
	facet normal	0.593597	0.663196	0.455866
		outer loop
			vertex	27.5305	33.6407	24.7058
			vertex	31.7694	32.4802	20.8745
			vertex	28.7745	35.1608	20.8745
		endloop
	endfacet
	facet normal	0.593606	0.663178	0.455881
		outer loop
			vertex	31.7694	32.4802	20.8745
			vertex	27.5305	33.6407	24.7058
			vertex	30.3959	31.0759	24.7058
		endloop
	endfacet
	facet normal	0.565268	0.631519	0.530713
		outer loop
			vertex	26.0823	31.8712	28.3539
			vertex	30.3959	31.0759	24.7058
			vertex	27.5305	33.6407	24.7058
		endloop
	endfacet
	facet normal	0.565267	0.631520	0.530712
		outer loop
			vertex	30.3959	31.0759	24.7058
			vertex	26.0823	31.8712	28.3539
			vertex	28.7970	29.4413	28.3539
		endloop
	endfacet
	facet normal	0.532730	0.595169	0.601642
		outer loop
			vertex	24.4408	29.8653	31.7917
			vertex	28.7970	29.4413	28.3539
			vertex	26.0823	31.8712	28.3539
		endloop
	endfacet
	facet normal	0.532735	0.595156	0.601650
		outer loop
			vertex	28.7970	29.4413	28.3539
			vertex	24.4408	29.8653	31.7917
			vertex	26.9846	27.5883	31.7917
		endloop
	endfacet
	facet normal	0.496251	0.554397	0.668116
		outer loop
			vertex	22.6180	27.6380	34.9938
			vertex	26.9846	27.5883	31.7917
			vertex	24.4408	29.8653	31.7917
		endloop
	endfacet
	facet normal	0.496251	0.554396	0.668116
		outer loop
			vertex	26.9846	27.5883	31.7917
			vertex	22.6180	27.6380	34.9938
			vertex	24.9721	25.5308	34.9938
		endloop
	endfacet
	facet normal	0.456079	0.509518	0.729646
		outer loop
			vertex	20.6275	25.2057	37.9365
			vertex	24.9721	25.5308	34.9938
			vertex	22.6180	27.6380	34.9938
		endloop
	endfacet
	facet normal	0.456071	0.509541	0.729635
		outer loop
			vertex	24.9721	25.5308	34.9938
			vertex	20.6275	25.2057	37.9365
			vertex	22.7745	23.2840	37.9365
		endloop
	endfacet
	facet normal	0.412504	0.460867	0.785775
		outer loop
			vertex	18.4841	22.5865	40.5979
			vertex	22.7745	23.2840	37.9365
			vertex	20.6275	25.2057	37.9365
		endloop
	endfacet
	facet normal	0.412503	0.460868	0.785774
		outer loop
			vertex	22.7745	23.2840	37.9365
			vertex	18.4841	22.5865	40.5979
			vertex	20.4080	20.8645	40.5979
		endloop
	endfacet
	facet normal	0.365868	0.408765	0.836093
		outer loop
			vertex	16.2036	19.7999	42.9582
			vertex	20.4080	20.8645	40.5979
			vertex	18.4841	22.5865	40.5979
		endloop
	endfacet
	facet normal	0.365867	0.408768	0.836092
		outer loop
			vertex	20.4080	20.8645	40.5979
			vertex	16.2036	19.7999	42.9582
			vertex	17.8901	18.2904	42.9582
		endloop
	endfacet
	facet normal	0.316522	0.353636	0.880202
		outer loop
			vertex	13.8030	16.8665	45.0000
			vertex	17.8901	18.2904	42.9582
			vertex	16.2036	19.7999	42.9582
		endloop
	endfacet
	facet normal	0.316528	0.353623	0.880205
		outer loop
			vertex	17.8901	18.2904	42.9582
			vertex	13.8030	16.8665	45.0000
			vertex	15.2396	15.5806	45.0000
		endloop
	endfacet
	facet normal	0.452006	0.144677	0.880204
		outer loop
			vertex	20.4432	7.55475	45.0000
			vertex	24.6887	6.71297	42.9582
			vertex	23.9987	8.86869	42.9582
		endloop
	endfacet
	facet normal	0.522482	0.167235	0.836089
		outer loop
			vertex	28.1633	7.65775	40.5979
			vertex	23.9987	8.86869	42.9582
			vertex	24.6887	6.71297	42.9582
		endloop
	endfacet
	facet normal	0.522479	0.167208	0.836096
		outer loop
			vertex	23.9987	8.86869	42.9582
			vertex	28.1633	7.65775	40.5979
			vertex	27.3763	10.1169	40.5979
		endloop
	endfacet
	facet normal	0.589077	0.188522	0.785779
		outer loop
			vertex	31.4292	8.54575	37.9365
			vertex	27.3763	10.1169	40.5979
			vertex	28.1633	7.65775	40.5979
		endloop
	endfacet
	facet normal	0.589079	0.188535	0.785774
		outer loop
			vertex	27.3763	10.1169	40.5979
			vertex	31.4292	8.54575	37.9365
			vertex	30.5509	11.2900	37.9365
		endloop
	endfacet
	facet normal	0.651287	0.208445	0.729641
		outer loop
			vertex	34.4620	9.37039	34.9938
			vertex	30.5509	11.2900	37.9365
			vertex	31.4292	8.54575	37.9365
		endloop
	endfacet
	facet normal	0.651284	0.208429	0.729648
		outer loop
			vertex	30.5509	11.2900	37.9365
			vertex	34.4620	9.37039	34.9938
			vertex	33.4990	12.3795	34.9938
		endloop
	endfacet
	facet normal	0.708660	0.226791	0.668107
		outer loop
			vertex	37.2392	10.1255	31.7917
			vertex	33.4990	12.3795	34.9938
			vertex	34.4620	9.37039	34.9938
		endloop
	endfacet
	facet normal	0.708660	0.226791	0.668107
		outer loop
			vertex	33.4990	12.3795	34.9938
			vertex	37.2392	10.1255	31.7917
			vertex	36.1986	13.3771	31.7917
		endloop
	endfacet
	facet normal	0.760750	0.243461	0.601654
		outer loop
			vertex	39.7404	10.8056	28.3539
			vertex	36.1986	13.3771	31.7917
			vertex	37.2392	10.1255	31.7917
		endloop
	endfacet
	facet normal	0.760750	0.243462	0.601652
		outer loop
			vertex	36.1986	13.3771	31.7917
			vertex	39.7404	10.8056	28.3539
			vertex	38.6299	14.2756	28.3539
		endloop
	endfacet
	facet normal	0.807217	0.258333	0.530721
		outer loop
			vertex	41.9469	11.4056	24.7058
			vertex	38.6299	14.2756	28.3539
			vertex	39.7404	10.8056	28.3539
		endloop
	endfacet
	facet normal	0.807219	0.258347	0.530712
		outer loop
			vertex	38.6299	14.2756	28.3539
			vertex	41.9469	11.4056	24.7058
			vertex	40.7747	15.0682	24.7058
		endloop
	endfacet
	facet normal	0.847697	0.271301	0.455857
		outer loop
			vertex	43.8423	11.9209	20.8745
			vertex	40.7747	15.0682	24.7058
			vertex	41.9469	11.4056	24.7058
		endloop
	endfacet
	facet normal	0.847695	0.271279	0.455874
		outer loop
			vertex	40.7747	15.0682	24.7058
			vertex	43.8423	11.9209	20.8745
			vertex	42.6172	15.7491	20.8745
		endloop
	endfacet
	facet normal	0.880725	0.281850	0.380636
		outer loop
			vertex	45.0000	13.6884	16.8870
			vertex	42.6172	15.7491	20.8745
			vertex	43.8423	11.9209	20.8745
		endloop
	endfacet
	facet normal	0.880312	0.287021	0.377717
		outer loop
			vertex	42.6172	15.7491	20.8745
			vertex	45.0000	13.6884	16.8870
			vertex	44.1436	16.3132	16.8884
		endloop
	endfacet
	facet normal	0.871716	0.284205	0.399172
		outer loop
			vertex	45.0000	14.2724	16.4712
			vertex	44.1436	16.3132	16.8884
			vertex	45.0000	13.6884	16.8870
		endloop
	endfacet
	facet normal	0.899678	0.315956	0.301251
		outer loop
			vertex	44.1436	16.3132	16.8884
			vertex	45.0000	14.2724	16.4712
			vertex	45.0000	16.6364	13.9918
		endloop
	endfacet
	facet normal	0.535221	0.120386	0.836089
		outer loop
			vertex	24.6887	6.71297	42.9582
			vertex	28.7299	5.13871	40.5979
			vertex	28.1633	7.65775	40.5979
		endloop
	endfacet
	facet normal	0.603432	0.135728	0.785779
		outer loop
			vertex	32.0615	5.73460	37.9365
			vertex	28.1633	7.65775	40.5979
			vertex	28.7299	5.13871	40.5979
		endloop
	endfacet
	facet normal	0.603432	0.135727	0.785779
		outer loop
			vertex	28.1633	7.65775	40.5979
			vertex	32.0615	5.73460	37.9365
			vertex	31.4292	8.54575	37.9365
		endloop
	endfacet
	facet normal	0.667164	0.150062	0.729640
		outer loop
			vertex	35.1553	6.28797	34.9938
			vertex	31.4292	8.54575	37.9365
			vertex	32.0615	5.73460	37.9365
		endloop
	endfacet
	facet normal	0.667163	0.150059	0.729641
		outer loop
			vertex	31.4292	8.54575	37.9365
			vertex	35.1553	6.28797	34.9938
			vertex	34.4620	9.37039	34.9938
		endloop
	endfacet
	facet normal	0.725926	0.163276	0.668111
		outer loop
			vertex	37.9884	6.79471	31.7917
			vertex	34.4620	9.37039	34.9938
			vertex	35.1553	6.28797	34.9938
		endloop
	endfacet
	facet normal	0.725928	0.163284	0.668107
		outer loop
			vertex	34.4620	9.37039	34.9938
			vertex	37.9884	6.79471	31.7917
			vertex	37.2392	10.1255	31.7917
		endloop
	endfacet
	facet normal	0.779290	0.175287	0.601650
		outer loop
			vertex	40.5399	7.25107	28.3539
			vertex	37.2392	10.1255	31.7917
			vertex	37.9884	6.79471	31.7917
		endloop
	endfacet
	facet normal	0.779288	0.175281	0.601653
		outer loop
			vertex	37.2392	10.1255	31.7917
			vertex	40.5399	7.25107	28.3539
			vertex	39.7404	10.8056	28.3539
		endloop
	endfacet
	facet normal	0.826899	0.185990	0.530704
		outer loop
			vertex	42.7907	7.65367	24.7058
			vertex	39.7404	10.8056	28.3539
			vertex	40.5399	7.25107	28.3539
		endloop
	endfacet
	facet normal	0.826894	0.185966	0.530720
		outer loop
			vertex	39.7404	10.8056	28.3539
			vertex	42.7907	7.65367	24.7058
			vertex	41.9469	11.4056	24.7058
		endloop
	endfacet
	facet normal	0.868355	0.195291	0.455874
		outer loop
			vertex	44.7243	7.99951	20.8745
			vertex	41.9469	11.4056	24.7058
			vertex	42.7907	7.65367	24.7058
		endloop
	endfacet
	facet normal	0.868359	0.195311	0.455858
		outer loop
			vertex	41.9469	11.4056	24.7058
			vertex	44.7243	7.99951	20.8745
			vertex	43.8423	11.9209	20.8745
		endloop
	endfacet
	facet normal	0.905676	0.203705	0.371826
		outer loop
			vertex	45.0000	8.05492	20.1726
			vertex	43.8423	11.9209	20.8745
			vertex	44.7243	7.99951	20.8745
		endloop
	endfacet
	facet normal	0.888736	0.190431	0.416994
		outer loop
			vertex	43.8423	11.9209	20.8745
			vertex	45.0000	8.05492	20.1726
			vertex	45.0000	10.8972	18.8746
		endloop
	endfacet
	facet normal	0.853495	-0.359070	0.377644
		outer loop
			vertex	42.5291	-20.1508	16.8884
			vertex	44.1436	-16.3132	16.8884
			vertex	42.6172	-15.7491	20.8745
		endloop
	endfacet
	facet normal	0.881813	-0.282470	0.377647
		outer loop
			vertex	45.0000	-13.6433	16.8857
			vertex	42.6172	-15.7491	20.8745
			vertex	44.1436	-16.3132	16.8884
		endloop
	endfacet
	facet normal	0.879044	-0.312192	0.360302
		outer loop
			vertex	42.6172	-15.7491	20.8745
			vertex	45.0000	-13.6433	16.8857
			vertex	45.0000	-12.6420	17.7533
		endloop
	endfacet
	facet normal	0.571516	-0.765086	0.296669
		outer loop
			vertex	27.1887	-39.9690	12.7771
			vertex	29.8052	-36.4203	16.8884
			vertex	26.4697	-38.9119	16.8884
		endloop
	endfacet
	facet normal	0.554134	-0.741818	0.377679
		outer loop
			vertex	28.7745	-35.1608	20.8745
			vertex	26.4697	-38.9119	16.8884
			vertex	29.8052	-36.4203	16.8884
		endloop
	endfacet
	facet normal	0.554172	-0.741806	0.377646
		outer loop
			vertex	26.4697	-38.9119	16.8884
			vertex	28.7745	-35.1608	20.8745
			vertex	25.5544	-37.5664	20.8745
		endloop
	endfacet
	facet normal	0.532685	-0.713045	0.455866
		outer loop
			vertex	27.5305	-33.6407	24.7058
			vertex	25.5544	-37.5664	20.8745
			vertex	28.7745	-35.1608	20.8745
		endloop
	endfacet
	facet normal	0.532664	-0.713050	0.455883
		outer loop
			vertex	25.5544	-37.5664	20.8745
			vertex	27.5305	-33.6407	24.7058
			vertex	24.4496	-35.9422	24.7058
		endloop
	endfacet
	facet normal	0.507236	-0.679011	0.530712
		outer loop
			vertex	26.0823	-31.8712	28.3539
			vertex	24.4496	-35.9422	24.7058
			vertex	27.5305	-33.6407	24.7058
		endloop
	endfacet
	facet normal	0.507235	-0.679012	0.530713
		outer loop
			vertex	24.4496	-35.9422	24.7058
			vertex	26.0823	-31.8712	28.3539
			vertex	23.1635	-34.0516	28.3539
		endloop
	endfacet
	facet normal	0.478038	-0.639926	0.601643
		outer loop
			vertex	24.4408	-29.8653	31.7917
			vertex	23.1635	-34.0516	28.3539
			vertex	26.0823	-31.8712	28.3539
		endloop
	endfacet
	facet normal	0.478028	-0.639928	0.601649
		outer loop
			vertex	23.1635	-34.0516	28.3539
			vertex	24.4408	-29.8653	31.7917
			vertex	21.7056	-31.9085	31.7917
		endloop
	endfacet
	facet normal	0.445290	-0.596103	0.668116
		outer loop
			vertex	22.6180	-27.6380	34.9938
			vertex	21.7056	-31.9085	31.7917
			vertex	24.4408	-29.8653	31.7917
		endloop
	endfacet
	facet normal	0.445303	-0.596100	0.668109
		outer loop
			vertex	21.7056	-31.9085	31.7917
			vertex	22.6180	-27.6380	34.9938
			vertex	20.0869	-29.5288	34.9938
		endloop
	endfacet
	facet normal	0.409252	-0.547841	0.729646
		outer loop
			vertex	20.6275	-25.2057	37.9365
			vertex	20.0869	-29.5288	34.9938
			vertex	22.6180	-27.6380	34.9938
		endloop
	endfacet
	facet normal	0.409244	-0.547842	0.729649
		outer loop
			vertex	20.0869	-29.5288	34.9938
			vertex	20.6275	-25.2057	37.9365
			vertex	18.3191	-26.9301	37.9365
		endloop
	endfacet
	facet normal	0.370159	-0.495520	0.785775
		outer loop
			vertex	18.4841	-22.5865	40.5979
			vertex	18.3191	-26.9301	37.9365
			vertex	20.6275	-25.2057	37.9365
		endloop
	endfacet
	facet normal	0.370181	-0.495516	0.785767
		outer loop
			vertex	18.3191	-26.9301	37.9365
			vertex	18.4841	-22.5865	40.5979
			vertex	16.4156	-24.1318	40.5979
		endloop
	endfacet
	facet normal	0.328326	-0.439489	0.836093
		outer loop
			vertex	16.2036	-19.7999	42.9582
			vertex	16.4156	-24.1318	40.5979
			vertex	18.4841	-22.5865	40.5979
		endloop
	endfacet
	facet normal	0.328316	-0.439491	0.836096
		outer loop
			vertex	16.4156	-24.1318	40.5979
			vertex	16.2036	-19.7999	42.9582
			vertex	14.3903	-21.1545	42.9582
		endloop
	endfacet
	facet normal	0.284038	-0.380220	0.880202
		outer loop
			vertex	13.8030	-16.8665	45.0000
			vertex	14.3903	-21.1545	42.9582
			vertex	16.2036	-19.7999	42.9582
		endloop
	endfacet
	facet normal	0.284028	-0.380222	0.880204
		outer loop
			vertex	14.3903	-21.1545	42.9582
			vertex	13.8030	-16.8665	45.0000
			vertex	12.2583	-18.0204	45.0000
		endloop
	endfacet
	facet normal	0.350564	-0.887713	0.298448
		outer loop
			vertex	15.5179	-45.0000	15.1649
			vertex	19.2050	-42.9645	16.8884
			vertex	15.3327	-44.4937	16.8884
		endloop
	endfacet
	facet normal	0.340103	-0.861223	0.377658
		outer loop
			vertex	18.5409	-41.4788	20.8745
			vertex	15.3327	-44.4937	16.8884
			vertex	19.2050	-42.9645	16.8884
		endloop
	endfacet
	facet normal	0.340098	-0.861223	0.377661
		outer loop
			vertex	15.3327	-44.4937	16.8884
			vertex	18.5409	-41.4788	20.8745
			vertex	14.8025	-42.9551	20.8745
		endloop
	endfacet
	facet normal	0.326912	-0.827831	0.455878
		outer loop
			vertex	17.7393	-39.6855	24.7058
			vertex	14.8025	-42.9551	20.8745
			vertex	18.5409	-41.4788	20.8745
		endloop
	endfacet
	facet normal	0.326915	-0.827831	0.455875
		outer loop
			vertex	14.8025	-42.9551	20.8745
			vertex	17.7393	-39.6855	24.7058
			vertex	14.1625	-41.0980	24.7058
		endloop
	endfacet
	facet normal	0.311309	-0.788311	0.530710
		outer loop
			vertex	16.8062	-37.5980	28.3539
			vertex	14.1625	-41.0980	24.7058
			vertex	17.7393	-39.6855	24.7058
		endloop
	endfacet
	facet normal	0.311304	-0.788311	0.530712
		outer loop
			vertex	14.1625	-41.0980	24.7058
			vertex	16.8062	-37.5980	28.3539
			vertex	13.4175	-38.9362	28.3539
		endloop
	endfacet
	facet normal	0.293386	-0.742935	0.601641
		outer loop
			vertex	15.7485	-35.2317	31.7917
			vertex	13.4175	-38.9362	28.3539
			vertex	16.8062	-37.5980	28.3539
		endloop
	endfacet
	facet normal	0.293393	-0.742936	0.601636
		outer loop
			vertex	13.4175	-38.9362	28.3539
			vertex	15.7485	-35.2317	31.7917
			vertex	12.5731	-36.4857	31.7917
		endloop
	endfacet
	facet normal	0.273299	-0.692052	0.668110
		outer loop
			vertex	14.5740	-32.6042	34.9938
			vertex	12.5731	-36.4857	31.7917
			vertex	15.7485	-35.2317	31.7917
		endloop
	endfacet
	facet normal	0.273278	-0.692050	0.668121
		outer loop
			vertex	12.5731	-36.4857	31.7917
			vertex	14.5740	-32.6042	34.9938
			vertex	11.6354	-33.7646	34.9938
		endloop
	endfacet
	facet normal	0.251155	-0.636026	0.729652
		outer loop
			vertex	13.2914	-29.7348	37.9365
			vertex	11.6354	-33.7646	34.9938
			vertex	14.5740	-32.6042	34.9938
		endloop
	endfacet
	facet normal	0.251184	-0.636029	0.729639
		outer loop
			vertex	11.6354	-33.7646	34.9938
			vertex	13.2914	-29.7348	37.9365
			vertex	10.6114	-30.7932	37.9365
		endloop
	endfacet
	facet normal	0.227195	-0.575286	0.785766
		outer loop
			vertex	11.9103	-26.6451	40.5979
			vertex	10.6114	-30.7932	37.9365
			vertex	13.2914	-29.7348	37.9365
		endloop
	endfacet
	facet normal	0.227164	-0.575283	0.785777
		outer loop
			vertex	10.6114	-30.7932	37.9365
			vertex	11.9103	-26.6451	40.5979
			vertex	9.50877	-27.5934	40.5979
		endloop
	endfacet
	facet normal	0.201480	-0.510240	0.836098
		outer loop
			vertex	10.4408	-23.3577	42.9582
			vertex	9.50877	-27.5934	40.5979
			vertex	11.9103	-26.6451	40.5979
		endloop
	endfacet
	facet normal	0.201510	-0.510242	0.836090
		outer loop
			vertex	9.50877	-27.5934	40.5979
			vertex	10.4408	-23.3577	42.9582
			vertex	8.33562	-24.1891	42.9582
		endloop
	endfacet
	facet normal	0.174331	-0.441422	0.880202
		outer loop
			vertex	8.89398	-19.8972	45.0000
			vertex	8.33562	-24.1891	42.9582
			vertex	10.4408	-23.3577	42.9582
		endloop
	endfacet
	facet normal	0.174322	-0.441421	0.880204
		outer loop
			vertex	8.33562	-24.1891	42.9582
			vertex	8.89398	-19.8972	45.0000
			vertex	7.10066	-20.6054	45.0000
		endloop
	endfacet
	facet normal	-0.445161	-0.164512	0.880209
		outer loop
			vertex	-20.0890	-8.45163	45.0000
			vertex	-24.3676	-7.79846	42.9582
			vertex	-23.5830	-9.92155	42.9582
		endloop
	endfacet
	facet normal	-0.514580	-0.190166	0.836089
		outer loop
			vertex	-27.7970	-8.89602	40.5979
			vertex	-23.5830	-9.92155	42.9582
			vertex	-24.3676	-7.79846	42.9582
		endloop
	endfacet
	facet normal	-0.514579	-0.190161	0.836090
		outer loop
			vertex	-23.5830	-9.92155	42.9582
			vertex	-27.7970	-8.89602	40.5979
			vertex	-26.9020	-11.3179	40.5979
		endloop
	endfacet
	facet normal	-0.580163	-0.214398	0.785777
		outer loop
			vertex	-31.0204	-9.92761	37.9365
			vertex	-26.9020	-11.3179	40.5979
			vertex	-27.7970	-8.89602	40.5979
		endloop
	endfacet
	facet normal	-0.580163	-0.214404	0.785774
		outer loop
			vertex	-26.9020	-11.3179	40.5979
			vertex	-31.0204	-9.92761	37.9365
			vertex	-30.0216	-12.6303	37.9365
		endloop
	endfacet
	facet normal	-0.641436	-0.237048	0.729636
		outer loop
			vertex	-34.0137	-10.8856	34.9938
			vertex	-30.0216	-12.6303	37.9365
			vertex	-31.0204	-9.92761	37.9365
		endloop
	endfacet
	facet normal	-0.641434	-0.237028	0.729644
		outer loop
			vertex	-30.0216	-12.6303	37.9365
			vertex	-34.0137	-10.8856	34.9938
			vertex	-32.9186	-13.8491	34.9938
		endloop
	endfacet
	facet normal	-0.697926	-0.257904	0.668120
		outer loop
			vertex	-36.7549	-11.7628	31.7917
			vertex	-32.9186	-13.8491	34.9938
			vertex	-34.0137	-10.8856	34.9938
		endloop
	endfacet
	facet normal	-0.697927	-0.257908	0.668118
		outer loop
			vertex	-32.9186	-13.8491	34.9938
			vertex	-36.7549	-11.7628	31.7917
			vertex	-35.5715	-14.9652	31.7917
		endloop
	endfacet
	facet normal	-0.749243	-0.276871	0.601646
		outer loop
			vertex	-39.2235	-12.5529	28.3539
			vertex	-35.5715	-14.9652	31.7917
			vertex	-36.7549	-11.7628	31.7917
		endloop
	endfacet
	facet normal	-0.749244	-0.276883	0.601639
		outer loop
			vertex	-35.5715	-14.9652	31.7917
			vertex	-39.2235	-12.5529	28.3539
			vertex	-37.9606	-15.9703	28.3539
		endloop
	endfacet
	facet normal	-0.794998	-0.293792	0.530720
		outer loop
			vertex	-41.4013	-13.2499	24.7058
			vertex	-37.9606	-15.9703	28.3539
			vertex	-39.2235	-12.5529	28.3539
		endloop
	endfacet
	facet normal	-0.794998	-0.293783	0.530726
		outer loop
			vertex	-37.9606	-15.9703	28.3539
			vertex	-41.4013	-13.2499	24.7058
			vertex	-40.0683	-16.8571	24.7058
		endloop
	endfacet
	facet normal	-0.834866	-0.308516	0.455870
		outer loop
			vertex	-43.2721	-13.8486	20.8745
			vertex	-40.0683	-16.8571	24.7058
			vertex	-41.4013	-13.2499	24.7058
		endloop
	endfacet
	facet normal	-0.834866	-0.308529	0.455860
		outer loop
			vertex	-40.0683	-16.8571	24.7058
			vertex	-43.2721	-13.8486	20.8745
			vertex	-41.8788	-17.6188	20.8745
		endloop
	endfacet
	facet normal	-0.868537	-0.320973	0.377649
		outer loop
			vertex	-44.8220	-14.3446	16.8884
			vertex	-41.8788	-17.6188	20.8745
			vertex	-43.2721	-13.8486	20.8745
		endloop
	endfacet
	facet normal	-0.868538	-0.320953	0.377666
		outer loop
			vertex	-41.8788	-17.6188	20.8745
			vertex	-44.8220	-14.3446	16.8884
			vertex	-43.3789	-18.2498	16.8884
		endloop
	endfacet
	facet normal	-0.888686	-0.328399	0.319987
		outer loop
			vertex	-45.0000	-14.4033	16.3338
			vertex	-43.3789	-18.2498	16.8884
			vertex	-44.8220	-14.3446	16.8884
		endloop
	endfacet
	facet normal	-0.890133	-0.329803	0.314473
		outer loop
			vertex	-43.3789	-18.2498	16.8884
			vertex	-45.0000	-14.4033	16.3338
			vertex	-45.0000	-17.1316	13.4725
		endloop
	endfacet
	facet normal	-0.897962	0.226465	0.377331
		outer loop
			vertex	-45.0000	13.6433	16.8857
			vertex	-43.2721	13.8486	20.8745
			vertex	-44.8220	14.3446	16.8884
		endloop
	endfacet
	facet normal	-0.868544	0.320955	0.377650
		outer loop
			vertex	-43.3789	18.2498	16.8884
			vertex	-44.8220	14.3446	16.8884
			vertex	-43.2721	13.8486	20.8745
		endloop
	endfacet
	facet normal	-0.883048	0.326315	0.337259
		outer loop
			vertex	-44.8220	14.3446	16.8884
			vertex	-43.3789	18.2498	16.8884
			vertex	-45.0000	15.7734	15.0399
		endloop
	endfacet
	facet normal	-0.465244	0.833990	0.296661
		outer loop
			vertex	-21.6595	43.2159	12.7771
			vertex	-24.7226	40.0447	16.8884
			vertex	-21.0867	42.0730	16.8884
		endloop
	endfacet
	facet normal	-0.451095	0.808628	0.377670
		outer loop
			vertex	-23.8677	38.6599	20.8745
			vertex	-21.0867	42.0730	16.8884
			vertex	-24.7226	40.0447	16.8884
		endloop
	endfacet
	facet normal	-0.451101	0.808627	0.377665
		outer loop
			vertex	-21.0867	42.0730	16.8884
			vertex	-23.8677	38.6599	20.8745
			vertex	-20.3575	40.6181	20.8745
		endloop
	endfacet
	facet normal	-0.433612	0.777277	0.455873
		outer loop
			vertex	-22.8358	36.9885	24.7058
			vertex	-20.3575	40.6181	20.8745
			vertex	-23.8677	38.6599	20.8745
		endloop
	endfacet
	facet normal	-0.433609	0.777278	0.455876
		outer loop
			vertex	-20.3575	40.6181	20.8745
			vertex	-22.8358	36.9885	24.7058
			vertex	-19.4774	38.8620	24.7058
		endloop
	endfacet
	facet normal	-0.412910	0.740173	0.530706
		outer loop
			vertex	-21.6346	35.0429	28.3539
			vertex	-19.4774	38.8620	24.7058
			vertex	-22.8358	36.9885	24.7058
		endloop
	endfacet
	facet normal	-0.412891	0.740175	0.530718
		outer loop
			vertex	-19.4774	38.8620	24.7058
			vertex	-21.6346	35.0429	28.3539
			vertex	-18.4528	36.8178	28.3539
		endloop
	endfacet
	facet normal	-0.389126	0.697572	0.601643
		outer loop
			vertex	-20.2730	32.8374	31.7917
			vertex	-18.4528	36.8178	28.3539
			vertex	-21.6346	35.0429	28.3539
		endloop
	endfacet
	facet normal	-0.389133	0.697572	0.601639
		outer loop
			vertex	-18.4528	36.8178	28.3539
			vertex	-20.2730	32.8374	31.7917
			vertex	-17.2915	34.5006	31.7917
		endloop
	endfacet
	facet normal	-0.362477	0.649787	0.668122
		outer loop
			vertex	-18.7610	30.3884	34.9938
			vertex	-17.2915	34.5006	31.7917
			vertex	-20.2730	32.8374	31.7917
		endloop
	endfacet
	facet normal	-0.362492	0.649786	0.668114
		outer loop
			vertex	-17.2915	34.5006	31.7917
			vertex	-18.7610	30.3884	34.9938
			vertex	-16.0019	31.9276	34.9938
		endloop
	endfacet
	facet normal	-0.333152	0.597192	0.729638
		outer loop
			vertex	-17.1100	27.7141	37.9365
			vertex	-16.0019	31.9276	34.9938
			vertex	-18.7610	30.3884	34.9938
		endloop
	endfacet
	facet normal	-0.333140	0.597193	0.729643
		outer loop
			vertex	-16.0019	31.9276	34.9938
			vertex	-17.1100	27.7141	37.9365
			vertex	-14.5937	29.1178	37.9365
		endloop
	endfacet
	facet normal	-0.301322	0.540155	0.785772
		outer loop
			vertex	-15.3321	24.8343	40.5979
			vertex	-14.5937	29.1178	37.9365
			vertex	-17.1100	27.7141	37.9365
		endloop
	endfacet
	facet normal	-0.301326	0.540154	0.785771
		outer loop
			vertex	-14.5937	29.1178	37.9365
			vertex	-15.3321	24.8343	40.5979
			vertex	-13.0772	26.0922	40.5979
		endloop
	endfacet
	facet normal	-0.267255	0.479079	0.836097
		outer loop
			vertex	-13.4405	21.7703	42.9582
			vertex	-13.0772	26.0922	40.5979
			vertex	-15.3321	24.8343	40.5979
		endloop
	endfacet
	facet normal	-0.267254	0.479079	0.836097
		outer loop
			vertex	-13.0772	26.0922	40.5979
			vertex	-13.4405	21.7703	42.9582
			vertex	-11.4638	22.8730	42.9582
		endloop
	endfacet
	facet normal	-0.231211	0.414469	0.880203
		outer loop
			vertex	-11.4492	18.5450	45.0000
			vertex	-11.4638	22.8730	42.9582
			vertex	-13.4405	21.7703	42.9582
		endloop
	endfacet
	facet normal	-0.231208	0.414470	0.880203
		outer loop
			vertex	-11.4638	22.8730	42.9582
			vertex	-11.4492	18.5450	45.0000
			vertex	-9.76539	19.4843	45.0000
		endloop
	endfacet
	facet normal	0.265260	0.887118	0.377702
		outer loop
			vertex	13.6433	45.0000	16.8857
			vertex	14.8025	42.9551	20.8745
			vertex	15.3327	44.4937	16.8884
		endloop
	endfacet
	facet normal	0.340102	0.861222	0.377661
		outer loop
			vertex	19.2050	42.9645	16.8884
			vertex	15.3327	44.4937	16.8884
			vertex	14.8025	42.9551	20.8745
		endloop
	endfacet
	facet normal	0.347506	0.879970	0.323871
		outer loop
			vertex	15.3327	44.4937	16.8884
			vertex	19.2050	42.9645	16.8884
			vertex	15.7734	45.0000	15.0399
		endloop
	endfacet
	facet normal	0.697310	0.652491	0.296672
		outer loop
			vertex	36.7232	31.4349	12.7771
			vertex	32.9073	33.6436	16.8884
			vertex	35.7520	30.6035	16.8884
		endloop
	endfacet
	facet normal	0.676110	0.632654	0.377656
		outer loop
			vertex	31.7694	32.4802	20.8745
			vertex	35.7520	30.6035	16.8884
			vertex	32.9073	33.6436	16.8884
		endloop
	endfacet
	facet normal	0.676107	0.632660	0.377650
		outer loop
			vertex	35.7520	30.6035	16.8884
			vertex	31.7694	32.4802	20.8745
			vertex	34.5157	29.5453	20.8745
		endloop
	endfacet
	facet normal	0.649889	0.608126	0.455880
		outer loop
			vertex	30.3959	31.0759	24.7058
			vertex	34.5157	29.5453	20.8745
			vertex	31.7694	32.4802	20.8745
		endloop
	endfacet
	facet normal	0.649886	0.608134	0.455874
		outer loop
			vertex	34.5157	29.5453	20.8745
			vertex	30.3959	31.0759	24.7058
			vertex	33.0235	28.2679	24.7058
		endloop
	endfacet
	facet normal	0.618859	0.579101	0.530712
		outer loop
			vertex	28.7970	29.4413	28.3539
			vertex	33.0235	28.2679	24.7058
			vertex	30.3959	31.0759	24.7058
		endloop
	endfacet
	facet normal	0.618859	0.579103	0.530711
		outer loop
			vertex	33.0235	28.2679	24.7058
			vertex	28.7970	29.4413	28.3539
			vertex	31.2864	26.7810	28.3539
		endloop
	endfacet
	facet normal	0.583232	0.545765	0.601649
		outer loop
			vertex	26.9846	27.5883	31.7917
			vertex	31.2864	26.7810	28.3539
			vertex	28.7970	29.4413	28.3539
		endloop
	endfacet
	facet normal	0.583229	0.545772	0.601645
		outer loop
			vertex	31.2864	26.7810	28.3539
			vertex	26.9846	27.5883	31.7917
			vertex	29.3173	25.0955	31.7917
		endloop
	endfacet
	facet normal	0.543284	0.508392	0.668117
		outer loop
			vertex	24.9721	25.5308	34.9938
			vertex	29.3173	25.0955	31.7917
			vertex	26.9846	27.5883	31.7917
		endloop
	endfacet
	facet normal	0.543286	0.508385	0.668120
		outer loop
			vertex	29.3173	25.0955	31.7917
			vertex	24.9721	25.5308	34.9938
			vertex	27.1308	23.2239	34.9938
		endloop
	endfacet
	facet normal	0.499318	0.467241	0.729635
		outer loop
			vertex	22.7745	23.2840	37.9365
			vertex	27.1308	23.2239	34.9938
			vertex	24.9721	25.5308	34.9938
		endloop
	endfacet
	facet normal	0.499320	0.467233	0.729639
		outer loop
			vertex	27.1308	23.2239	34.9938
			vertex	22.7745	23.2840	37.9365
			vertex	24.7432	21.1801	37.9365
		endloop
	endfacet
	facet normal	0.451626	0.422603	0.785774
		outer loop
			vertex	20.4080	20.8645	40.5979
			vertex	24.7432	21.1801	37.9365
			vertex	22.7745	23.2840	37.9365
		endloop
	endfacet
	facet normal	0.451628	0.422594	0.785777
		outer loop
			vertex	24.7432	21.1801	37.9365
			vertex	20.4080	20.8645	40.5979
			vertex	22.1721	18.9792	40.5979
		endloop
	endfacet
	facet normal	0.400572	0.374821	0.836093
		outer loop
			vertex	17.8901	18.2904	42.9582
			vertex	22.1721	18.9792	40.5979
			vertex	20.4080	20.8645	40.5979
		endloop
	endfacet
	facet normal	0.400570	0.374830	0.836090
		outer loop
			vertex	22.1721	18.9792	40.5979
			vertex	17.8901	18.2904	42.9582
			vertex	19.4366	16.6377	42.9582
		endloop
	endfacet
	facet normal	0.346538	0.324270	0.880205
		outer loop
			vertex	15.2396	15.5806	45.0000
			vertex	19.4366	16.6377	42.9582
			vertex	17.8901	18.2904	42.9582
		endloop
	endfacet
	facet normal	0.346540	0.324264	0.880206
		outer loop
			vertex	19.4366	16.6377	42.9582
			vertex	15.2396	15.5806	45.0000
			vertex	16.5570	14.1727	45.0000
		endloop
	endfacet
	facet normal	0.878964	0.369785	0.301133
		outer loop
			vertex	45.0000	16.6364	13.9918
			vertex	42.5291	20.1508	16.8884
			vertex	44.1436	16.3132	16.8884
		endloop
	endfacet
	facet normal	0.853493	0.359069	0.377649
		outer loop
			vertex	41.0585	19.4540	20.8745
			vertex	44.1436	16.3132	16.8884
			vertex	42.5291	20.1508	16.8884
		endloop
	endfacet
	facet normal	0.853493	0.359075	0.377644
		outer loop
			vertex	44.1436	16.3132	16.8884
			vertex	41.0585	19.4540	20.8745
			vertex	42.6172	15.7491	20.8745
		endloop
	endfacet
	facet normal	0.820396	0.345151	0.455874
		outer loop
			vertex	39.2834	18.6129	24.7058
			vertex	42.6172	15.7491	20.8745
			vertex	41.0585	19.4540	20.8745
		endloop
	endfacet
	facet normal	0.820396	0.345151	0.455874
		outer loop
			vertex	42.6172	15.7491	20.8745
			vertex	39.2834	18.6129	24.7058
			vertex	40.7747	15.0682	24.7058
		endloop
	endfacet
	facet normal	0.781224	0.328671	0.530721
		outer loop
			vertex	37.2170	17.6338	28.3539
			vertex	40.7747	15.0682	24.7058
			vertex	39.2834	18.6129	24.7058
		endloop
	endfacet
	facet normal	0.781224	0.328686	0.530711
		outer loop
			vertex	40.7747	15.0682	24.7058
			vertex	37.2170	17.6338	28.3539
			vertex	38.6299	14.2756	28.3539
		endloop
	endfacet
	facet normal	0.736258	0.309767	0.601639
		outer loop
			vertex	34.8747	16.5240	31.7917
			vertex	38.6299	14.2756	28.3539
			vertex	37.2170	17.6338	28.3539
		endloop
	endfacet
	facet normal	0.736256	0.309743	0.601653
		outer loop
			vertex	38.6299	14.2756	28.3539
			vertex	34.8747	16.5240	31.7917
			vertex	36.1986	13.3771	31.7917
		endloop
	endfacet
	facet normal	0.685840	0.288532	0.668111
		outer loop
			vertex	32.2738	15.2917	34.9938
			vertex	36.1986	13.3771	31.7917
			vertex	34.8747	16.5240	31.7917
		endloop
	endfacet
	facet normal	0.685840	0.288542	0.668107
		outer loop
			vertex	36.1986	13.3771	31.7917
			vertex	32.2738	15.2917	34.9938
			vertex	33.4990	12.3795	34.9938
		endloop
	endfacet
	facet normal	0.630309	0.265179	0.729651
		outer loop
			vertex	29.4335	13.9459	37.9365
			vertex	33.4990	12.3795	34.9938
			vertex	32.2738	15.2917	34.9938
		endloop
	endfacet
	facet normal	0.630310	0.265186	0.729648
		outer loop
			vertex	33.4990	12.3795	34.9938
			vertex	29.4335	13.9459	37.9365
			vertex	30.5509	11.2900	37.9365
		endloop
	endfacet
	facet normal	0.570120	0.239863	0.785767
		outer loop
			vertex	26.3751	12.4968	40.5979
			vertex	30.5509	11.2900	37.9365
			vertex	29.4335	13.9459	37.9365
		endloop
	endfacet
	facet normal	0.570119	0.239843	0.785773
		outer loop
			vertex	30.5509	11.2900	37.9365
			vertex	26.3751	12.4968	40.5979
			vertex	27.3763	10.1169	40.5979
		endloop
	endfacet
	facet normal	0.505657	0.212725	0.836097
		outer loop
			vertex	23.1210	10.9550	42.9582
			vertex	27.3763	10.1169	40.5979
			vertex	26.3751	12.4968	40.5979
		endloop
	endfacet
	facet normal	0.505657	0.212727	0.836097
		outer loop
			vertex	27.3763	10.1169	40.5979
			vertex	23.1210	10.9550	42.9582
			vertex	23.9987	8.86869	42.9582
		endloop
	endfacet
	facet normal	0.437457	0.184036	0.880206
		outer loop
			vertex	19.6955	9.33197	45.0000
			vertex	23.9987	8.86869	42.9582
			vertex	23.1210	10.9550	42.9582
		endloop
	endfacet
	facet normal	0.437457	0.184044	0.880204
		outer loop
			vertex	23.9987	8.86869	42.9582
			vertex	19.6955	9.33197	45.0000
			vertex	20.4432	7.55475	45.0000
		endloop
	endfacet
	facet normal	0.513215	-0.831288	0.213474
		outer loop
			vertex	23.9981	-43.0189	8.57107
			vertex	27.1887	-39.9690	12.7771
			vertex	23.5499	-42.2155	12.7771
		endloop
	endfacet
	facet normal	0.501674	-0.812594	0.296670
		outer loop
			vertex	26.4697	-38.9119	16.8884
			vertex	23.5499	-42.2155	12.7771
			vertex	27.1887	-39.9690	12.7771
		endloop
	endfacet
	facet normal	0.501673	-0.812595	0.296672
		outer loop
			vertex	23.5499	-42.2155	12.7771
			vertex	26.4697	-38.9119	16.8884
			vertex	22.9271	-41.0990	16.8884
		endloop
	endfacet
	facet normal	0.486423	-0.787894	0.377646
		outer loop
			vertex	25.5544	-37.5664	20.8745
			vertex	22.9271	-41.0990	16.8884
			vertex	26.4697	-38.9119	16.8884
		endloop
	endfacet
	facet normal	0.486408	-0.787897	0.377658
		outer loop
			vertex	22.9271	-41.0990	16.8884
			vertex	25.5544	-37.5664	20.8745
			vertex	22.1343	-39.6778	20.8745
		endloop
	endfacet
	facet normal	0.467547	-0.757345	0.455883
		outer loop
			vertex	24.4496	-35.9422	24.7058
			vertex	22.1343	-39.6778	20.8745
			vertex	25.5544	-37.5664	20.8745
		endloop
	endfacet
	facet normal	0.467556	-0.757343	0.455876
		outer loop
			vertex	22.1343	-39.6778	20.8745
			vertex	24.4496	-35.9422	24.7058
			vertex	21.1773	-37.9624	24.7058
		endloop
	endfacet
	facet normal	0.445235	-0.721187	0.530712
		outer loop
			vertex	23.1635	-34.0516	28.3539
			vertex	21.1773	-37.9624	24.7058
			vertex	24.4496	-35.9422	24.7058
		endloop
	endfacet
	facet normal	0.445258	-0.721184	0.530696
		outer loop
			vertex	21.1773	-37.9624	24.7058
			vertex	23.1635	-34.0516	28.3539
			vertex	20.0634	-35.9656	28.3539
		endloop
	endfacet
	facet normal	0.419621	-0.679660	0.601648
		outer loop
			vertex	21.7056	-31.9085	31.7917
			vertex	20.0634	-35.9656	28.3539
			vertex	23.1635	-34.0516	28.3539
		endloop
	endfacet
	facet normal	0.419612	-0.679661	0.601654
		outer loop
			vertex	20.0634	-35.9656	28.3539
			vertex	21.7056	-31.9085	31.7917
			vertex	18.8006	-33.7020	31.7917
		endloop
	endfacet
	facet normal	0.390879	-0.633121	0.668110
		outer loop
			vertex	20.0869	-29.5288	34.9938
			vertex	18.8006	-33.7020	31.7917
			vertex	21.7056	-31.9085	31.7917
		endloop
	endfacet
	facet normal	0.390862	-0.633123	0.668118
		outer loop
			vertex	18.8006	-33.7020	31.7917
			vertex	20.0869	-29.5288	34.9938
			vertex	17.3985	-31.1885	34.9938
		endloop
	endfacet
	facet normal	0.359221	-0.581870	0.729649
		outer loop
			vertex	18.3191	-26.9301	37.9365
			vertex	17.3985	-31.1885	34.9938
			vertex	20.0869	-29.5288	34.9938
		endloop
	endfacet
	facet normal	0.359236	-0.581869	0.729642
		outer loop
			vertex	17.3985	-31.1885	34.9938
			vertex	18.3191	-26.9301	37.9365
			vertex	15.8673	-28.4438	37.9365
		endloop
	endfacet
	facet normal	0.324928	-0.526299	0.785768
		outer loop
			vertex	16.4156	-24.1318	40.5979
			vertex	15.8673	-28.4438	37.9365
			vertex	18.3191	-26.9301	37.9365
		endloop
	endfacet
	facet normal	0.324930	-0.526299	0.785767
		outer loop
			vertex	15.8673	-28.4438	37.9365
			vertex	16.4156	-24.1318	40.5979
			vertex	14.2186	-25.4882	40.5979
		endloop
	endfacet
	facet normal	0.288189	-0.466788	0.836096
		outer loop
			vertex	14.3903	-21.1545	42.9582
			vertex	14.2186	-25.4882	40.5979
			vertex	16.4156	-24.1318	40.5979
		endloop
	endfacet
	facet normal	0.288169	-0.466790	0.836102
		outer loop
			vertex	14.2186	-25.4882	40.5979
			vertex	14.3903	-21.1545	42.9582
			vertex	12.4643	-22.3435	42.9582
		endloop
	endfacet
	facet normal	0.249308	-0.403841	0.880204
		outer loop
			vertex	12.2583	-18.0204	45.0000
			vertex	12.4643	-22.3435	42.9582
			vertex	14.3903	-21.1545	42.9582
		endloop
	endfacet
	facet normal	0.249328	-0.403838	0.880199
		outer loop
			vertex	12.4643	-22.3435	42.9582
			vertex	12.2583	-18.0204	45.0000
			vertex	10.6177	-19.0333	45.0000
		endloop
	endfacet
	facet normal	-0.393598	-0.880574	0.263951
		outer loop
			vertex	-18.3347	-45.0000	11.7830
			vertex	-17.7553	-44.9610	12.7771
			vertex	-21.6595	-43.2159	12.7771
		endloop
	endfacet
	facet normal	-0.389702	-0.871856	0.296646
		outer loop
			vertex	-17.2858	-43.7720	16.8884
			vertex	-21.6595	-43.2159	12.7771
			vertex	-17.7553	-44.9610	12.7771
		endloop
	endfacet
	facet normal	-0.389715	-0.871846	0.296661
		outer loop
			vertex	-21.6595	-43.2159	12.7771
			vertex	-17.2858	-43.7720	16.8884
			vertex	-21.0867	-42.0730	16.8884
		endloop
	endfacet
	facet normal	-0.377861	-0.845329	0.377677
		outer loop
			vertex	-16.6880	-42.2583	20.8745
			vertex	-21.0867	-42.0730	16.8884
			vertex	-17.2858	-43.7720	16.8884
		endloop
	endfacet
	facet normal	-0.377851	-0.845339	0.377665
		outer loop
			vertex	-21.0867	-42.0730	16.8884
			vertex	-16.6880	-42.2583	20.8745
			vertex	-20.3575	-40.6181	20.8745
		endloop
	endfacet
	facet normal	-0.363205	-0.812572	0.455861
		outer loop
			vertex	-15.9665	-40.4314	24.7058
			vertex	-20.3575	-40.6181	20.8745
			vertex	-16.6880	-42.2583	20.8745
		endloop
	endfacet
	facet normal	-0.363219	-0.812557	0.455877
		outer loop
			vertex	-20.3575	-40.6181	20.8745
			vertex	-15.9665	-40.4314	24.7058
			vertex	-19.4774	-38.8620	24.7058
		endloop
	endfacet
	facet normal	-0.345878	-0.773763	0.530716
		outer loop
			vertex	-15.1267	-38.3046	28.3539
			vertex	-19.4774	-38.8620	24.7058
			vertex	-15.9665	-40.4314	24.7058
		endloop
	endfacet
	facet normal	-0.345879	-0.773761	0.530718
		outer loop
			vertex	-19.4774	-38.8620	24.7058
			vertex	-15.1267	-38.3046	28.3539
			vertex	-18.4528	-36.8178	28.3539
		endloop
	endfacet
	facet normal	-0.325968	-0.729219	0.601651
		outer loop
			vertex	-14.1746	-35.8938	31.7917
			vertex	-18.4528	-36.8178	28.3539
			vertex	-15.1267	-38.3046	28.3539
		endloop
	endfacet
	facet normal	-0.325955	-0.729235	0.601639
		outer loop
			vertex	-18.4528	-36.8178	28.3539
			vertex	-14.1746	-35.8938	31.7917
			vertex	-17.2915	-34.5006	31.7917
		endloop
	endfacet
	facet normal	-0.303631	-0.679290	0.668112
		outer loop
			vertex	-13.1175	-33.2169	34.9938
			vertex	-17.2915	-34.5006	31.7917
			vertex	-14.1746	-35.8938	31.7917
		endloop
	endfacet
	facet normal	-0.303634	-0.679286	0.668114
		outer loop
			vertex	-17.2915	-34.5006	31.7917
			vertex	-13.1175	-33.2169	34.9938
			vertex	-16.0019	-31.9276	34.9938
		endloop
	endfacet
	facet normal	-0.279057	-0.624303	0.729638
		outer loop
			vertex	-11.9631	-30.2937	37.9365
			vertex	-16.0019	-31.9276	34.9938
			vertex	-13.1175	-33.2169	34.9938
		endloop
	endfacet
	facet normal	-0.279065	-0.624294	0.729643
		outer loop
			vertex	-16.0019	-31.9276	34.9938
			vertex	-11.9631	-30.2937	37.9365
			vertex	-14.5937	-29.1178	37.9365
		endloop
	endfacet
	facet normal	-0.252409	-0.564662	0.785778
		outer loop
			vertex	-10.7200	-27.1458	40.5979
			vertex	-14.5937	-29.1178	37.9365
			vertex	-11.9631	-30.2937	37.9365
		endloop
	endfacet
	facet normal	-0.252395	-0.564679	0.785770
		outer loop
			vertex	-14.5937	-29.1178	37.9365
			vertex	-10.7200	-27.1458	40.5979
			vertex	-13.0772	-26.0922	40.5979
		endloop
	endfacet
	facet normal	-0.223859	-0.500837	0.836092
		outer loop
			vertex	-9.39742	-23.7967	42.9582
			vertex	-13.0772	-26.0922	40.5979
			vertex	-10.7200	-27.1458	40.5979
		endloop
	endfacet
	facet normal	-0.223873	-0.500821	0.836098
		outer loop
			vertex	-13.0772	-26.0922	40.5979
			vertex	-9.39742	-23.7967	42.9582
			vertex	-11.4638	-22.8730	42.9582
		endloop
	endfacet
	facet normal	-0.193679	-0.433274	0.880205
		outer loop
			vertex	-8.00515	-20.2711	45.0000
			vertex	-11.4638	-22.8730	42.9582
			vertex	-9.39742	-23.7967	42.9582
		endloop
	endfacet
	facet normal	-0.193671	-0.433283	0.880203
		outer loop
			vertex	-11.4638	-22.8730	42.9582
			vertex	-8.00515	-20.2711	45.0000
			vertex	-9.76539	-19.4843	45.0000
		endloop
	endfacet
	facet normal	-0.881066	-0.417460	0.222372
		outer loop
			vertex	-45.0000	-18.9374	10.6626
			vertex	-42.7261	-22.6102	12.7771
			vertex	-44.5572	-18.7456	12.7771
		endloop
	endfacet
	facet normal	-0.863015	-0.408907	0.296648
		outer loop
			vertex	-41.5962	-22.0123	16.8884
			vertex	-44.5572	-18.7456	12.7771
			vertex	-42.7261	-22.6102	12.7771
		endloop
	endfacet
	facet normal	-0.863016	-0.408903	0.296652
		outer loop
			vertex	-44.5572	-18.7456	12.7771
			vertex	-41.5962	-22.0123	16.8884
			vertex	-43.3789	-18.2498	16.8884
		endloop
	endfacet
	facet normal	-0.836770	-0.396468	0.377663
		outer loop
			vertex	-40.1578	-21.2511	20.8745
			vertex	-43.3789	-18.2498	16.8884
			vertex	-41.5962	-22.0123	16.8884
		endloop
	endfacet
	facet normal	-0.836770	-0.396466	0.377664
		outer loop
			vertex	-43.3789	-18.2498	16.8884
			vertex	-40.1578	-21.2511	20.8745
			vertex	-41.8788	-17.6188	20.8745
		endloop
	endfacet
	facet normal	-0.804326	-0.381094	0.455881
		outer loop
			vertex	-38.4216	-20.3323	24.7058
			vertex	-41.8788	-17.6188	20.8745
			vertex	-40.1578	-21.2511	20.8745
		endloop
	endfacet
	facet normal	-0.804324	-0.381123	0.455859
		outer loop
			vertex	-41.8788	-17.6188	20.8745
			vertex	-38.4216	-20.3323	24.7058
			vertex	-40.0683	-16.8571	24.7058
		endloop
	endfacet
	facet normal	-0.765921	-0.362926	0.530707
		outer loop
			vertex	-36.4006	-19.2628	28.3539
			vertex	-40.0683	-16.8571	24.7058
			vertex	-38.4216	-20.3323	24.7058
		endloop
	endfacet
	facet normal	-0.765921	-0.362896	0.530727
		outer loop
			vertex	-40.0683	-16.8571	24.7058
			vertex	-36.4006	-19.2628	28.3539
			vertex	-37.9606	-15.9703	28.3539
		endloop
	endfacet
	facet normal	-0.721837	-0.342009	0.601648
		outer loop
			vertex	-34.1096	-18.0505	31.7917
			vertex	-37.9606	-15.9703	28.3539
			vertex	-36.4006	-19.2628	28.3539
		endloop
	endfacet
	facet normal	-0.721838	-0.342026	0.601638
		outer loop
			vertex	-37.9606	-15.9703	28.3539
			vertex	-34.1096	-18.0505	31.7917
			vertex	-35.5715	-14.9652	31.7917
		endloop
	endfacet
	facet normal	-0.672400	-0.318602	0.668110
		outer loop
			vertex	-31.5658	-16.7043	34.9938
			vertex	-35.5715	-14.9652	31.7917
			vertex	-34.1096	-18.0505	31.7917
		endloop
	endfacet
	facet normal	-0.672400	-0.318585	0.668118
		outer loop
			vertex	-35.5715	-14.9652	31.7917
			vertex	-31.5658	-16.7043	34.9938
			vertex	-32.9186	-13.8491	34.9938
		endloop
	endfacet
	facet normal	-0.617975	-0.292798	0.729641
		outer loop
			vertex	-28.7879	-15.2342	37.9365
			vertex	-32.9186	-13.8491	34.9938
			vertex	-31.5658	-16.7043	34.9938
		endloop
	endfacet
	facet normal	-0.617975	-0.292790	0.729645
		outer loop
			vertex	-32.9186	-13.8491	34.9938
			vertex	-28.7879	-15.2342	37.9365
			vertex	-30.0216	-12.6303	37.9365
		endloop
	endfacet
	facet normal	-0.558951	-0.264825	0.785775
		outer loop
			vertex	-25.7965	-13.6512	40.5979
			vertex	-30.0216	-12.6303	37.9365
			vertex	-28.7879	-15.2342	37.9365
		endloop
	endfacet
	facet normal	-0.558951	-0.264827	0.785774
		outer loop
			vertex	-30.0216	-12.6303	37.9365
			vertex	-25.7965	-13.6512	40.5979
			vertex	-26.9020	-11.3179	40.5979
		endloop
	endfacet
	facet normal	-0.495755	-0.234885	0.836096
		outer loop
			vertex	-22.6138	-11.9670	42.9582
			vertex	-26.9020	-11.3179	40.5979
			vertex	-25.7965	-13.6512	40.5979
		endloop
	endfacet
	facet normal	-0.495755	-0.234905	0.836090
		outer loop
			vertex	-26.9020	-11.3179	40.5979
			vertex	-22.6138	-11.9670	42.9582
			vertex	-23.5830	-9.92155	42.9582
		endloop
	endfacet
	facet normal	-0.428885	-0.203219	0.880204
		outer loop
			vertex	-19.2635	-10.1940	45.0000
			vertex	-23.5830	-9.92155	42.9582
			vertex	-22.6138	-11.9670	42.9582
		endloop
	endfacet
	facet normal	-0.428886	-0.203197	0.880209
		outer loop
			vertex	-23.5830	-9.92155	42.9582
			vertex	-19.2635	-10.1940	45.0000
			vertex	-20.0890	-8.45163	45.0000
		endloop
	endfacet
	facet normal	-0.863014	0.408907	0.296652
		outer loop
			vertex	-42.7261	22.6102	12.7771
			vertex	-44.5572	18.7456	12.7771
			vertex	-43.3789	18.2498	16.8884
		endloop
	endfacet
	facet normal	-0.895312	0.332274	0.296667
		outer loop
			vertex	-45.0000	17.5564	12.7727
			vertex	-43.3789	18.2498	16.8884
			vertex	-44.5572	18.7456	12.7771
		endloop
	endfacet
	facet normal	-0.885487	0.365247	0.287242
		outer loop
			vertex	-43.3789	18.2498	16.8884
			vertex	-45.0000	17.5564	12.7727
			vertex	-45.0000	15.7734	15.0399
		endloop
	endfacet
	facet normal	-0.467183	0.0835679	0.880203
		outer loop
			vertex	-21.6028	2.88459	45.0000
			vertex	-21.2633	4.78255	45.0000
			vertex	-24.9614	5.61434	42.9582
		endloop
	endfacet
	facet normal	-0.457974	0.124510	0.880203
		outer loop
			vertex	-24.3676	7.79846	42.9582
			vertex	-24.9614	5.61434	42.9582
			vertex	-21.2633	4.78255	45.0000
		endloop
	endfacet
	facet normal	-0.529379	0.143923	0.836088
		outer loop
			vertex	-24.9614	5.61434	42.9582
			vertex	-24.3676	7.79846	42.9582
			vertex	-27.7970	8.89602	40.5979
		endloop
	endfacet
	facet normal	-0.514581	0.190162	0.836089
		outer loop
			vertex	-26.9020	11.3179	40.5979
			vertex	-27.7970	8.89602	40.5979
			vertex	-24.3676	7.79846	42.9582
		endloop
	endfacet
	facet normal	-0.580166	0.214399	0.785774
		outer loop
			vertex	-27.7970	8.89602	40.5979
			vertex	-26.9020	11.3179	40.5979
			vertex	-30.0216	12.6303	37.9365
		endloop
	endfacet
	facet normal	-0.558951	0.264825	0.785774
		outer loop
			vertex	-28.7879	15.2342	37.9365
			vertex	-30.0216	12.6303	37.9365
			vertex	-26.9020	11.3179	40.5979
		endloop
	endfacet
	facet normal	-0.617978	0.292791	0.729641
		outer loop
			vertex	-30.0216	12.6303	37.9365
			vertex	-28.7879	15.2342	37.9365
			vertex	-31.5658	16.7043	34.9938
		endloop
	endfacet
	facet normal	-0.589670	0.346283	0.729642
		outer loop
			vertex	-29.9659	19.4287	34.9938
			vertex	-31.5658	16.7043	34.9938
			vertex	-28.7879	15.2342	37.9365
		endloop
	endfacet
	facet normal	-0.641601	0.376780	0.668121
		outer loop
			vertex	-31.5658	16.7043	34.9938
			vertex	-29.9659	19.4287	34.9938
			vertex	-32.3809	20.9944	31.7917
		endloop
	endfacet
	facet normal	-0.605801	0.431996	0.668120
		outer loop
			vertex	-30.3987	23.7741	31.7917
			vertex	-32.3809	20.9944	31.7917
			vertex	-29.9659	19.4287	34.9938
		endloop
	endfacet
	facet normal	-0.650345	0.463760	0.601646
		outer loop
			vertex	-32.3809	20.9944	31.7917
			vertex	-30.3987	23.7741	31.7917
			vertex	-32.4404	25.3709	28.3539
		endloop
	endfacet
	facet normal	-0.606801	0.519436	0.601647
		outer loop
			vertex	-30.0711	28.1387	28.3539
			vertex	-32.4404	25.3709	28.3539
			vertex	-30.3987	23.7741	31.7917
		endloop
	endfacet
	facet normal	-0.643861	0.551160	0.530723
		outer loop
			vertex	-32.4404	25.3709	28.3539
			vertex	-30.0711	28.1387	28.3539
			vertex	-31.7408	29.7010	24.7058
		endloop
	endfacet
	facet normal	-0.592635	0.605903	0.530721
		outer loop
			vertex	-28.9916	32.3900	24.7058
			vertex	-31.7408	29.7010	24.7058
			vertex	-30.0711	28.1387	28.3539
		endloop
	endfacet
	facet normal	-0.622355	0.636287	0.455865
		outer loop
			vertex	-31.7408	29.7010	24.7058
			vertex	-28.9916	32.3900	24.7058
			vertex	-30.3016	33.8536	20.8745
		endloop
	endfacet
	facet normal	-0.563687	0.688799	0.455865
		outer loop
			vertex	-27.1910	36.3992	20.8745
			vertex	-30.3016	33.8536	20.8745
			vertex	-28.9916	32.3900	24.7058
		endloop
	endfacet
	facet normal	-0.586418	0.716574	0.377672
		outer loop
			vertex	-30.3016	33.8536	20.8745
			vertex	-27.1910	36.3992	20.8745
			vertex	-28.1650	37.7030	16.8884
		endloop
	endfacet
	facet normal	-0.520797	0.765594	0.377672
		outer loop
			vertex	-24.7226	40.0447	16.8884
			vertex	-28.1650	37.7030	16.8884
			vertex	-27.1910	36.3992	20.8745
		endloop
	endfacet
	facet normal	-0.537132	0.789607	0.296663
		outer loop
			vertex	-28.1650	37.7030	16.8884
			vertex	-24.7226	40.0447	16.8884
			vertex	-25.3942	41.1325	12.7771
		endloop
	endfacet
	facet normal	-0.465242	0.833991	0.296663
		outer loop
			vertex	-21.6595	43.2159	12.7771
			vertex	-25.3942	41.1325	12.7771
			vertex	-24.7226	40.0447	16.8884
		endloop
	endfacet
	facet normal	-0.475945	0.853176	0.213464
		outer loop
			vertex	-25.3942	41.1325	12.7771
			vertex	-21.6595	43.2159	12.7771
			vertex	-22.0717	44.0383	8.57107
		endloop
	endfacet
	facet normal	-0.425283	0.879484	0.213643
		outer loop
			vertex	-19.3717	45.0000	9.98682
			vertex	-22.0717	44.0383	8.57107
			vertex	-21.6595	43.2159	12.7771
		endloop
	endfacet
	facet normal	-0.405535	0.899546	0.162353
		outer loop
			vertex	-22.0717	44.0383	8.57107
			vertex	-19.3717	45.0000	9.98682
			vertex	-19.9405	45.0000	8.56604
		endloop
	endfacet
	facet normal	-0.403889	0.903596	0.142788
		outer loop
			vertex	-17.7775	45.0000	12.4675
			vertex	-21.6595	43.2159	12.7771
			vertex	-17.7553	44.9610	12.7771
		endloop
	endfacet
	facet normal	-0.389700	0.871852	0.296661
		outer loop
			vertex	-21.0867	42.0730	16.8884
			vertex	-17.7553	44.9610	12.7771
			vertex	-21.6595	43.2159	12.7771
		endloop
	endfacet
	facet normal	-0.389716	0.871850	0.296646
		outer loop
			vertex	-17.7553	44.9610	12.7771
			vertex	-21.0867	42.0730	16.8884
			vertex	-17.2858	43.7720	16.8884
		endloop
	endfacet
	facet normal	-0.377863	0.845333	0.377665
		outer loop
			vertex	-20.3575	40.6181	20.8745
			vertex	-17.2858	43.7720	16.8884
			vertex	-21.0867	42.0730	16.8884
		endloop
	endfacet
	facet normal	-0.377849	0.845334	0.377678
		outer loop
			vertex	-17.2858	43.7720	16.8884
			vertex	-20.3575	40.6181	20.8745
			vertex	-16.6880	42.2583	20.8745
		endloop
	endfacet
	facet normal	-0.363201	0.812565	0.455876
		outer loop
			vertex	-19.4774	38.8620	24.7058
			vertex	-16.6880	42.2583	20.8745
			vertex	-20.3575	40.6181	20.8745
		endloop
	endfacet
	facet normal	-0.363222	0.812564	0.455861
		outer loop
			vertex	-16.6880	42.2583	20.8745
			vertex	-19.4774	38.8620	24.7058
			vertex	-15.9665	40.4314	24.7058
		endloop
	endfacet
	facet normal	-0.345877	0.773762	0.530718
		outer loop
			vertex	-18.4528	36.8178	28.3539
			vertex	-15.9665	40.4314	24.7058
			vertex	-19.4774	38.8620	24.7058
		endloop
	endfacet
	facet normal	-0.345880	0.773762	0.530716
		outer loop
			vertex	-15.9665	40.4314	24.7058
			vertex	-18.4528	36.8178	28.3539
			vertex	-15.1267	38.3046	28.3539
		endloop
	endfacet
	facet normal	-0.325972	0.729227	0.601640
		outer loop
			vertex	-17.2915	34.5006	31.7917
			vertex	-15.1267	38.3046	28.3539
			vertex	-18.4528	36.8178	28.3539
		endloop
	endfacet
	facet normal	-0.325952	0.729226	0.601652
		outer loop
			vertex	-15.1267	38.3046	28.3539
			vertex	-17.2915	34.5006	31.7917
			vertex	-14.1746	35.8938	31.7917
		endloop
	endfacet
	facet normal	-0.303630	0.679288	0.668114
		outer loop
			vertex	-16.0019	31.9276	34.9938
			vertex	-14.1746	35.8938	31.7917
			vertex	-17.2915	34.5006	31.7917
		endloop
	endfacet
	facet normal	-0.303635	0.679288	0.668112
		outer loop
			vertex	-14.1746	35.8938	31.7917
			vertex	-16.0019	31.9276	34.9938
			vertex	-13.1175	33.2169	34.9938
		endloop
	endfacet
	facet normal	-0.279055	0.624299	0.729643
		outer loop
			vertex	-14.5937	29.1178	37.9365
			vertex	-13.1175	33.2169	34.9938
			vertex	-16.0019	31.9276	34.9938
		endloop
	endfacet
	facet normal	-0.279067	0.624299	0.729638
		outer loop
			vertex	-13.1175	33.2169	34.9938
			vertex	-14.5937	29.1178	37.9365
			vertex	-11.9631	30.2937	37.9365
		endloop
	endfacet
	facet normal	-0.252412	0.564671	0.785770
		outer loop
			vertex	-13.0772	26.0922	40.5979
			vertex	-11.9631	30.2937	37.9365
			vertex	-14.5937	29.1178	37.9365
		endloop
	endfacet
	facet normal	-0.252391	0.564670	0.785778
		outer loop
			vertex	-11.9631	30.2937	37.9365
			vertex	-13.0772	26.0922	40.5979
			vertex	-10.7200	27.1458	40.5979
		endloop
	endfacet
	facet normal	-0.223856	0.500829	0.836097
		outer loop
			vertex	-11.4638	22.8730	42.9582
			vertex	-10.7200	27.1458	40.5979
			vertex	-13.0772	26.0922	40.5979
		endloop
	endfacet
	facet normal	-0.223877	0.500830	0.836091
		outer loop
			vertex	-10.7200	27.1458	40.5979
			vertex	-11.4638	22.8730	42.9582
			vertex	-9.39742	23.7967	42.9582
		endloop
	endfacet
	facet normal	-0.193681	0.433278	0.880203
		outer loop
			vertex	-9.76539	19.4843	45.0000
			vertex	-9.39742	23.7967	42.9582
			vertex	-11.4638	22.8730	42.9582
		endloop
	endfacet
	facet normal	-0.193669	0.433278	0.880206
		outer loop
			vertex	-9.39742	23.7967	42.9582
			vertex	-9.76539	19.4843	45.0000
			vertex	-8.00515	20.2711	45.0000
		endloop
	endfacet
	facet normal	0.769550	0.601846	0.213483
		outer loop
			vertex	40.1068	28.6004	8.57107
			vertex	36.7232	31.4349	12.7771
			vertex	39.3577	28.0663	12.7771
		endloop
	endfacet
	facet normal	0.752246	0.588313	0.296672
		outer loop
			vertex	35.7520	30.6035	16.8884
			vertex	39.3577	28.0663	12.7771
			vertex	36.7232	31.4349	12.7771
		endloop
	endfacet
	facet normal	0.752247	0.588310	0.296674
		outer loop
			vertex	39.3577	28.0663	12.7771
			vertex	35.7520	30.6035	16.8884
			vertex	38.3168	27.3240	16.8884
		endloop
	endfacet
	facet normal	0.729379	0.570426	0.377651
		outer loop
			vertex	34.5157	29.5453	20.8745
			vertex	38.3168	27.3240	16.8884
			vertex	35.7520	30.6035	16.8884
		endloop
	endfacet
	facet normal	0.729380	0.570423	0.377654
		outer loop
			vertex	38.3168	27.3240	16.8884
			vertex	34.5157	29.5453	20.8745
			vertex	36.9918	26.3792	20.8745
		endloop
	endfacet
	facet normal	0.701099	0.548306	0.455873
		outer loop
			vertex	33.0235	28.2679	24.7058
			vertex	36.9918	26.3792	20.8745
			vertex	34.5157	29.5453	20.8745
		endloop
	endfacet
	facet normal	0.701096	0.548318	0.455863
		outer loop
			vertex	36.9918	26.3792	20.8745
			vertex	33.0235	28.2679	24.7058
			vertex	35.3926	25.2387	24.7058
		endloop
	endfacet
	facet normal	0.667621	0.522138	0.530712
		outer loop
			vertex	31.2864	26.7810	28.3539
			vertex	35.3926	25.2387	24.7058
			vertex	33.0235	28.2679	24.7058
		endloop
	endfacet
	facet normal	0.667621	0.522135	0.530714
		outer loop
			vertex	35.3926	25.2387	24.7058
			vertex	31.2864	26.7810	28.3539
			vertex	33.5309	23.9111	28.3539
		endloop
	endfacet
	facet normal	0.629190	0.492079	0.601646
		outer loop
			vertex	29.3173	25.0955	31.7917
			vertex	33.5309	23.9111	28.3539
			vertex	31.2864	26.7810	28.3539
		endloop
	endfacet
	facet normal	0.629193	0.492068	0.601653
		outer loop
			vertex	33.5309	23.9111	28.3539
			vertex	29.3173	25.0955	31.7917
			vertex	31.4205	22.4062	31.7917
		endloop
	endfacet
	facet normal	0.586101	0.458367	0.668121
		outer loop
			vertex	27.1308	23.2239	34.9938
			vertex	31.4205	22.4062	31.7917
			vertex	29.3173	25.0955	31.7917
		endloop
	endfacet
	facet normal	0.586098	0.458384	0.668112
		outer loop
			vertex	31.4205	22.4062	31.7917
			vertex	27.1308	23.2239	34.9938
			vertex	29.0772	20.7352	34.9938
		endloop
	endfacet
	facet normal	0.538656	0.421280	0.729639
		outer loop
			vertex	24.7432	21.1801	37.9365
			vertex	29.0772	20.7352	34.9938
			vertex	27.1308	23.2239	34.9938
		endloop
	endfacet
	facet normal	0.538657	0.421276	0.729641
		outer loop
			vertex	29.0772	20.7352	34.9938
			vertex	24.7432	21.1801	37.9365
			vertex	26.5183	18.9104	37.9365
		endloop
	endfacet
	facet normal	0.487203	0.381035	0.785777
		outer loop
			vertex	22.1721	18.9792	40.5979
			vertex	26.5183	18.9104	37.9365
			vertex	24.7432	21.1801	37.9365
		endloop
	endfacet
	facet normal	0.487204	0.381034	0.785777
		outer loop
			vertex	26.5183	18.9104	37.9365
			vertex	22.1721	18.9792	40.5979
			vertex	23.7627	16.9454	40.5979
		endloop
	endfacet
	facet normal	0.432129	0.337961	0.836091
		outer loop
			vertex	19.4366	16.6377	42.9582
			vertex	23.7627	16.9454	40.5979
			vertex	22.1721	18.9792	40.5979
		endloop
	endfacet
	facet normal	0.432131	0.337949	0.836094
		outer loop
			vertex	23.7627	16.9454	40.5979
			vertex	19.4366	16.6377	42.9582
			vertex	20.8310	14.8547	42.9582
		endloop
	endfacet
	facet normal	0.373845	0.292366	0.880206
		outer loop
			vertex	16.5570	14.1727	45.0000
			vertex	20.8310	14.8547	42.9582
			vertex	19.4366	16.6377	42.9582
		endloop
	endfacet
	facet normal	0.373844	0.292370	0.880205
		outer loop
			vertex	20.8310	14.8547	42.9582
			vertex	16.5570	14.1727	45.0000
			vertex	17.7448	12.6539	45.0000
		endloop
	endfacet
	facet normal	0.863501	-0.456948	0.213460
		outer loop
			vertex	42.4775	-24.9439	8.57107
			vertex	44.5158	-21.0921	8.57107
			vertex	43.6845	-20.6982	12.7771
		endloop
	endfacet
	facet normal	0.894349	-0.393096	0.213577
		outer loop
			vertex	45.0000	-19.9919	8.56845
			vertex	43.6845	-20.6982	12.7771
			vertex	44.5158	-21.0921	8.57107
		endloop
	endfacet
	facet normal	0.889170	-0.406712	0.209673
		outer loop
			vertex	43.6845	-20.6982	12.7771
			vertex	45.0000	-19.9919	8.56845
			vertex	45.0000	-18.3347	11.7830
		endloop
	endfacet
	facet normal	0.474129	-0.0209965	0.880205
		outer loop
			vertex	21.7945	0.000000	45.0000
			vertex	21.7092	-1.92620	45.0000
			vertex	25.4849	-2.26121	42.9582
		endloop
	endfacet
	facet normal	0.470418	-0.0628200	0.880205
		outer loop
			vertex	25.1853	-4.50472	42.9582
			vertex	25.4849	-2.26121	42.9582
			vertex	21.7092	-1.92620	45.0000
		endloop
	endfacet
	facet normal	0.543756	-0.0726136	0.836096
		outer loop
			vertex	25.4849	-2.26121	42.9582
			vertex	25.1853	-4.50472	42.9582
			vertex	28.7299	-5.13871	40.5979
		endloop
	endfacet
	facet normal	0.535212	-0.120384	0.836096
		outer loop
			vertex	28.1633	-7.65775	40.5979
			vertex	28.7299	-5.13871	40.5979
			vertex	25.1853	-4.50472	42.9582
		endloop
	endfacet
	facet normal	0.603431	-0.135728	0.785779
		outer loop
			vertex	28.7299	-5.13871	40.5979
			vertex	28.1633	-7.65775	40.5979
			vertex	31.4292	-8.54575	37.9365
		endloop
	endfacet
	facet normal	0.589073	-0.188534	0.785779
		outer loop
			vertex	30.5509	-11.2900	37.9365
			vertex	31.4292	-8.54575	37.9365
			vertex	28.1633	-7.65775	40.5979
		endloop
	endfacet
	facet normal	0.651280	-0.208443	0.729648
		outer loop
			vertex	31.4292	-8.54575	37.9365
			vertex	30.5509	-11.2900	37.9365
			vertex	33.4990	-12.3795	34.9938
		endloop
	endfacet
	facet normal	0.630312	-0.265180	0.729648
		outer loop
			vertex	32.2738	-15.2917	34.9938
			vertex	33.4990	-12.3795	34.9938
			vertex	30.5509	-11.2900	37.9365
		endloop
	endfacet
	facet normal	0.685836	-0.288540	0.668112
		outer loop
			vertex	33.4990	-12.3795	34.9938
			vertex	32.2738	-15.2917	34.9938
			vertex	34.8747	-16.5240	31.7917
		endloop
	endfacet
	facet normal	0.657651	-0.348026	0.668111
		outer loop
			vertex	33.2778	-19.5416	31.7917
			vertex	34.8747	-16.5240	31.7917
			vertex	32.2738	-15.2917	34.9938
		endloop
	endfacet
	facet normal	0.705999	-0.373612	0.601647
		outer loop
			vertex	34.8747	-16.5240	31.7917
			vertex	33.2778	-19.5416	31.7917
			vertex	35.5129	-20.8541	28.3539
		endloop
	endfacet
	facet normal	0.670222	-0.434537	0.601647
		outer loop
			vertex	33.5309	-23.9111	28.3539
			vertex	35.5129	-20.8541	28.3539
			vertex	33.2778	-19.5416	31.7917
		endloop
	endfacet
	facet normal	0.711160	-0.461079	0.530713
		outer loop
			vertex	35.5129	-20.8541	28.3539
			vertex	33.5309	-23.9111	28.3539
			vertex	35.3926	-25.2387	24.7058
		endloop
	endfacet
	facet normal	0.667620	-0.522137	0.530714
		outer loop
			vertex	33.0235	-28.2679	24.7058
			vertex	35.3926	-25.2387	24.7058
			vertex	33.5309	-23.9111	28.3539
		endloop
	endfacet
	facet normal	0.701092	-0.548315	0.455873
		outer loop
			vertex	35.3926	-25.2387	24.7058
			vertex	33.0235	-28.2679	24.7058
			vertex	34.5157	-29.5453	20.8745
		endloop
	endfacet
	facet normal	0.649891	-0.608128	0.455874
		outer loop
			vertex	31.7694	-32.4802	20.8745
			vertex	34.5157	-29.5453	20.8745
			vertex	33.0235	-28.2679	24.7058
		endloop
	endfacet
	facet normal	0.676106	-0.632659	0.377656
		outer loop
			vertex	34.5157	-29.5453	20.8745
			vertex	31.7694	-32.4802	20.8745
			vertex	32.9073	-33.6436	16.8884
		endloop
	endfacet
	facet normal	0.617556	-0.689927	0.377657
		outer loop
			vertex	29.8052	-36.4203	16.8884
			vertex	32.9073	-33.6436	16.8884
			vertex	31.7694	-32.4802	20.8745
		endloop
	endfacet
	facet normal	0.636925	-0.711566	0.296648
		outer loop
			vertex	32.9073	-33.6436	16.8884
			vertex	29.8052	-36.4203	16.8884
			vertex	30.6148	-37.4096	12.7771
		endloop
	endfacet
	facet normal	0.571537	-0.765078	0.296648
		outer loop
			vertex	27.1887	-39.9690	12.7771
			vertex	30.6148	-37.4096	12.7771
			vertex	29.8052	-36.4203	16.8884
		endloop
	endfacet
	facet normal	0.584681	-0.782673	0.213472
		outer loop
			vertex	30.6148	-37.4096	12.7771
			vertex	27.1887	-39.9690	12.7771
			vertex	27.7062	-40.7296	8.57107
		endloop
	endfacet
	facet normal	0.513218	-0.831286	0.213471
		outer loop
			vertex	23.9981	-43.0189	8.57107
			vertex	27.7062	-40.7296	8.57107
			vertex	27.1887	-39.9690	12.7771
		endloop
	endfacet
	facet normal	0.520957	-0.843821	0.128722
		outer loop
			vertex	27.7062	-40.7296	8.57107
			vertex	23.9981	-43.0189	8.57107
			vertex	24.2683	-43.5034	4.30148
		endloop
	endfacet
	facet normal	0.461839	-0.877561	0.128810
		outer loop
			vertex	20.9117	-45.0000	6.14022
			vertex	24.2683	-43.5034	4.30148
			vertex	23.9981	-43.0189	8.57107
		endloop
	endfacet
	facet normal	0.444497	-0.891675	0.0856642
		outer loop
			vertex	24.2683	-43.5034	4.30148
			vertex	20.9117	-45.0000	6.14022
			vertex	21.2667	-45.0000	4.29819
		endloop
	endfacet
	facet normal	0.446861	-0.891595	0.0733127
		outer loop
			vertex	20.1195	-45.0000	8.11898
			vertex	23.9981	-43.0189	8.57107
			vertex	20.1022	-44.9715	8.57107
		endloop
	endfacet
	facet normal	0.437738	-0.873393	0.213474
		outer loop
			vertex	23.5499	-42.2155	12.7771
			vertex	20.1022	-44.9715	8.57107
			vertex	23.9981	-43.0189	8.57107
		endloop
	endfacet
	facet normal	0.437725	-0.873396	0.213487
		outer loop
			vertex	20.1022	-44.9715	8.57107
			vertex	23.5499	-42.2155	12.7771
			vertex	19.7267	-44.1316	12.7771
		endloop
	endfacet
	facet normal	0.427883	-0.853758	0.296672
		outer loop
			vertex	22.9271	-41.0990	16.8884
			vertex	19.7267	-44.1316	12.7771
			vertex	23.5499	-42.2155	12.7771
		endloop
	endfacet
	facet normal	0.427899	-0.853755	0.296658
		outer loop
			vertex	19.7267	-44.1316	12.7771
			vertex	22.9271	-41.0990	16.8884
			vertex	19.2050	-42.9645	16.8884
		endloop
	endfacet
	facet normal	0.414887	-0.827794	0.377658
		outer loop
			vertex	22.1343	-39.6778	20.8745
			vertex	19.2050	-42.9645	16.8884
			vertex	22.9271	-41.0990	16.8884
		endloop
	endfacet
	facet normal	0.414888	-0.827794	0.377658
		outer loop
			vertex	19.2050	-42.9645	16.8884
			vertex	22.1343	-39.6778	20.8745
			vertex	18.5409	-41.4788	20.8745
		endloop
	endfacet
	facet normal	0.398802	-0.795698	0.455875
		outer loop
			vertex	21.1773	-37.9624	24.7058
			vertex	18.5409	-41.4788	20.8745
			vertex	22.1343	-39.6778	20.8745
		endloop
	endfacet
	facet normal	0.398798	-0.795698	0.455878
		outer loop
			vertex	18.5409	-41.4788	20.8745
			vertex	21.1773	-37.9624	24.7058
			vertex	17.7393	-39.6855	24.7058
		endloop
	endfacet
	facet normal	0.379764	-0.757720	0.530697
		outer loop
			vertex	20.0634	-35.9656	28.3539
			vertex	17.7393	-39.6855	24.7058
			vertex	21.1773	-37.9624	24.7058
		endloop
	endfacet
	facet normal	0.379744	-0.757721	0.530710
		outer loop
			vertex	17.7393	-39.6855	24.7058
			vertex	20.0634	-35.9656	28.3539
			vertex	16.8062	-37.5980	28.3539
		endloop
	endfacet
	facet normal	0.357882	-0.714097	0.601653
		outer loop
			vertex	18.8006	-33.7020	31.7917
			vertex	16.8062	-37.5980	28.3539
			vertex	20.0634	-35.9656	28.3539
		endloop
	endfacet
	facet normal	0.357902	-0.714097	0.601641
		outer loop
			vertex	16.8062	-37.5980	28.3539
			vertex	18.8006	-33.7020	31.7917
			vertex	15.7485	-35.2317	31.7917
		endloop
	endfacet
	facet normal	0.333387	-0.665184	0.668119
		outer loop
			vertex	17.3985	-31.1885	34.9938
			vertex	15.7485	-35.2317	31.7917
			vertex	18.8006	-33.7020	31.7917
		endloop
	endfacet
	facet normal	0.333405	-0.665184	0.668110
		outer loop
			vertex	15.7485	-35.2317	31.7917
			vertex	17.3985	-31.1885	34.9938
			vertex	14.5740	-32.6042	34.9938
		endloop
	endfacet
	facet normal	0.306415	-0.611337	0.729642
		outer loop
			vertex	15.8673	-28.4438	37.9365
			vertex	14.5740	-32.6042	34.9938
			vertex	17.3985	-31.1885	34.9938
		endloop
	endfacet
	facet normal	0.306392	-0.611336	0.729652
		outer loop
			vertex	14.5740	-32.6042	34.9938
			vertex	15.8673	-28.4438	37.9365
			vertex	13.2914	-29.7348	37.9365
		endloop
	endfacet
	facet normal	0.277135	-0.552961	0.785768
		outer loop
			vertex	14.2186	-25.4882	40.5979
			vertex	13.2914	-29.7348	37.9365
			vertex	15.8673	-28.4438	37.9365
		endloop
	endfacet
	facet normal	0.277139	-0.552961	0.785766
		outer loop
			vertex	13.2914	-29.7348	37.9365
			vertex	14.2186	-25.4882	40.5979
			vertex	11.9103	-26.6451	40.5979
		endloop
	endfacet
	facet normal	0.245798	-0.490427	0.836101
		outer loop
			vertex	12.4643	-22.3435	42.9582
			vertex	11.9103	-26.6451	40.5979
			vertex	14.2186	-25.4882	40.5979
		endloop
	endfacet
	facet normal	0.245807	-0.490426	0.836099
		outer loop
			vertex	11.9103	-26.6451	40.5979
			vertex	12.4643	-22.3435	42.9582
			vertex	10.4408	-23.3577	42.9582
		endloop
	endfacet
	facet normal	0.212660	-0.424293	0.880199
		outer loop
			vertex	10.6177	-19.0333	45.0000
			vertex	10.4408	-23.3577	42.9582
			vertex	12.4643	-22.3435	42.9582
		endloop
	endfacet
	facet normal	0.212649	-0.424294	0.880202
		outer loop
			vertex	10.4408	-23.3577	42.9582
			vertex	10.6177	-19.0333	45.0000
			vertex	8.89398	-19.8972	45.0000
		endloop
	endfacet
	facet normal	-0.472745	0.0419439	0.880200
		outer loop
			vertex	-21.7732	0.964043	45.0000
			vertex	-21.6028	2.88459	45.0000
			vertex	-25.3599	3.38628	42.9582
		endloop
	endfacet
	facet normal	-0.467189	0.0835590	0.880200
		outer loop
			vertex	-24.9614	5.61434	42.9582
			vertex	-25.3599	3.38628	42.9582
			vertex	-21.6028	2.88459	45.0000
		endloop
	endfacet
	facet normal	-0.540013	0.0965839	0.836097
		outer loop
			vertex	-25.3599	3.38628	42.9582
			vertex	-24.9614	5.61434	42.9582
			vertex	-28.4745	6.40450	40.5979
		endloop
	endfacet
	facet normal	-0.529360	0.143945	0.836096
		outer loop
			vertex	-27.7970	8.89602	40.5979
			vertex	-28.4745	6.40450	40.5979
			vertex	-24.9614	5.61434	42.9582
		endloop
	endfacet
	facet normal	-0.596838	0.162294	0.785777
		outer loop
			vertex	-28.4745	6.40450	40.5979
			vertex	-27.7970	8.89602	40.5979
			vertex	-31.0204	9.92761	37.9365
		endloop
	endfacet
	facet normal	-0.580161	0.214403	0.785777
		outer loop
			vertex	-30.0216	12.6303	37.9365
			vertex	-31.0204	9.92761	37.9365
			vertex	-27.7970	8.89602	40.5979
		endloop
	endfacet
	facet normal	-0.641427	0.237044	0.729645
		outer loop
			vertex	-31.0204	9.92761	37.9365
			vertex	-30.0216	12.6303	37.9365
			vertex	-32.9186	13.8491	34.9938
		endloop
	endfacet
	facet normal	-0.617972	0.292796	0.729645
		outer loop
			vertex	-31.5658	16.7043	34.9938
			vertex	-32.9186	13.8491	34.9938
			vertex	-30.0216	12.6303	37.9365
		endloop
	endfacet
	facet normal	-0.672407	0.318588	0.668109
		outer loop
			vertex	-32.9186	13.8491	34.9938
			vertex	-31.5658	16.7043	34.9938
			vertex	-34.1096	18.0505	31.7917
		endloop
	endfacet
	facet normal	-0.641619	0.376768	0.668110
		outer loop
			vertex	-32.3809	20.9944	31.7917
			vertex	-34.1096	18.0505	31.7917
			vertex	-31.5658	16.7043	34.9938
		endloop
	endfacet
	facet normal	-0.688791	0.404468	0.601641
		outer loop
			vertex	-34.1096	18.0505	31.7917
			vertex	-32.3809	20.9944	31.7917
			vertex	-34.5557	22.4045	28.3539
		endloop
	endfacet
	facet normal	-0.650351	0.463756	0.601642
		outer loop
			vertex	-32.4404	25.3709	28.3539
			vertex	-34.5557	22.4045	28.3539
			vertex	-32.3809	20.9944	31.7917
		endloop
	endfacet
	facet normal	-0.690078	0.492085	0.530701
		outer loop
			vertex	-34.5557	22.4045	28.3539
			vertex	-32.4404	25.3709	28.3539
			vertex	-34.2415	26.7795	24.7058
		endloop
	endfacet
	facet normal	-0.643889	0.551147	0.530702
		outer loop
			vertex	-31.7408	29.7010	24.7058
			vertex	-34.2415	26.7795	24.7058
			vertex	-32.4404	25.3709	28.3539
		endloop
	endfacet
	facet normal	-0.676170	0.578778	0.455862
		outer loop
			vertex	-34.2415	26.7795	24.7058
			vertex	-31.7408	29.7010	24.7058
			vertex	-33.1750	31.0431	20.8745
		endloop
	endfacet
	facet normal	-0.622358	0.636286	0.455863
		outer loop
			vertex	-30.3016	33.8536	20.8745
			vertex	-33.1750	31.0431	20.8745
			vertex	-31.7408	29.7010	24.7058
		endloop
	endfacet
	facet normal	-0.647454	0.661944	0.377668
		outer loop
			vertex	-33.1750	31.0431	20.8745
			vertex	-30.3016	33.8536	20.8745
			vertex	-31.3870	35.0662	16.8884
		endloop
	endfacet
	facet normal	-0.586423	0.716572	0.377667
		outer loop
			vertex	-28.1650	37.7030	16.8884
			vertex	-31.3870	35.0662	16.8884
			vertex	-30.3016	33.8536	20.8745
		endloop
	endfacet
	facet normal	-0.604815	0.739046	0.296664
		outer loop
			vertex	-31.3870	35.0662	16.8884
			vertex	-28.1650	37.7030	16.8884
			vertex	-28.9301	38.7272	12.7771
		endloop
	endfacet
	facet normal	-0.537131	0.789608	0.296664
		outer loop
			vertex	-25.3942	41.1325	12.7771
			vertex	-28.9301	38.7272	12.7771
			vertex	-28.1650	37.7030	16.8884
		endloop
	endfacet
	facet normal	-0.549486	0.807770	0.213477
		outer loop
			vertex	-28.9301	38.7272	12.7771
			vertex	-25.3942	41.1325	12.7771
			vertex	-25.8775	41.9153	8.57107
		endloop
	endfacet
	facet normal	-0.475932	0.853180	0.213476
		outer loop
			vertex	-22.0717	44.0383	8.57107
			vertex	-25.8775	41.9153	8.57107
			vertex	-25.3942	41.1325	12.7771
		endloop
	endfacet
	facet normal	-0.483108	0.866044	0.128738
		outer loop
			vertex	-25.8775	41.9153	8.57107
			vertex	-22.0717	44.0383	8.57107
			vertex	-22.3203	44.5343	4.30148
		endloop
	endfacet
	facet normal	-0.458840	0.879127	0.128845
		outer loop
			vertex	-20.9117	45.0000	6.14022
			vertex	-22.3203	44.5343	4.30148
			vertex	-22.0717	44.0383	8.57107
		endloop
	endfacet
	facet normal	-0.402854	0.911965	0.0776389
		outer loop
			vertex	-22.3203	44.5343	4.30148
			vertex	-20.9117	45.0000	6.14022
			vertex	-21.2667	45.0000	4.29819
		endloop
	endfacet
	facet normal	0.448666	0.883937	0.131736
		outer loop
			vertex	21.3489	45.0000	4.30069
			vertex	20.2333	45.0000	8.10020
			vertex	23.9981	43.0189	8.57107
		endloop
	endfacet
	facet normal	0.441066	0.880034	0.176071
		outer loop
			vertex	20.1022	44.9715	8.57107
			vertex	23.9981	43.0189	8.57107
			vertex	20.2333	45.0000	8.10020
		endloop
	endfacet
	facet normal	0.437737	0.873390	0.213486
		outer loop
			vertex	23.9981	43.0189	8.57107
			vertex	20.1022	44.9715	8.57107
			vertex	19.7267	44.1316	12.7771
		endloop
	endfacet
	facet normal	0.239883	0.947671	0.210656
		outer loop
			vertex	19.9919	45.0000	8.56845
			vertex	19.7267	44.1316	12.7771
			vertex	20.1022	44.9715	8.57107
		endloop
	endfacet
	facet normal	0.405706	0.889751	0.209154
		outer loop
			vertex	19.7267	44.1316	12.7771
			vertex	19.9919	45.0000	8.56845
			vertex	18.3347	45.0000	11.7830
		endloop
	endfacet
	facet normal	0.832094	0.539490	0.128728
		outer loop
			vertex	42.9559	25.2248	4.30148
			vertex	40.1068	28.6004	8.57107
			vertex	42.4775	24.9439	8.57107
		endloop
	endfacet
	facet normal	0.819731	0.531474	0.213484
		outer loop
			vertex	39.3577	28.0663	12.7771
			vertex	42.4775	24.9439	8.57107
			vertex	40.1068	28.6004	8.57107
		endloop
	endfacet
	facet normal	0.819730	0.531477	0.213481
		outer loop
			vertex	42.4775	24.9439	8.57107
			vertex	39.3577	28.0663	12.7771
			vertex	41.6842	24.4780	12.7771
		endloop
	endfacet
	facet normal	0.801297	0.519526	0.296674
		outer loop
			vertex	38.3168	27.3240	16.8884
			vertex	41.6842	24.4780	12.7771
			vertex	39.3577	28.0663	12.7771
		endloop
	endfacet
	facet normal	0.801292	0.519545	0.296657
		outer loop
			vertex	41.6842	24.4780	12.7771
			vertex	38.3168	27.3240	16.8884
			vertex	40.5818	23.8307	16.8884
		endloop
	endfacet
	facet normal	0.776927	0.503747	0.377655
		outer loop
			vertex	36.9918	26.3792	20.8745
			vertex	40.5818	23.8307	16.8884
			vertex	38.3168	27.3240	16.8884
		endloop
	endfacet
	facet normal	0.776929	0.503739	0.377661
		outer loop
			vertex	40.5818	23.8307	16.8884
			vertex	36.9918	26.3792	20.8745
			vertex	39.1785	23.0066	20.8745
		endloop
	endfacet
	facet normal	0.746812	0.484212	0.455862
		outer loop
			vertex	35.3926	25.2387	24.7058
			vertex	39.1785	23.0066	20.8745
			vertex	36.9918	26.3792	20.8745
		endloop
	endfacet
	facet normal	0.746815	0.484198	0.455873
		outer loop
			vertex	39.1785	23.0066	20.8745
			vertex	35.3926	25.2387	24.7058
			vertex	37.4847	22.0119	24.7058
		endloop
	endfacet
	facet normal	0.711159	0.461081	0.530713
		outer loop
			vertex	33.5309	23.9111	28.3539
			vertex	37.4847	22.0119	24.7058
			vertex	35.3926	25.2387	24.7058
		endloop
	endfacet
	facet normal	0.711160	0.461079	0.530715
		outer loop
			vertex	37.4847	22.0119	24.7058
			vertex	33.5309	23.9111	28.3539
			vertex	35.5129	20.8541	28.3539
		endloop
	endfacet
	facet normal	0.670219	0.434535	0.601653
		outer loop
			vertex	31.4205	22.4062	31.7917
			vertex	35.5129	20.8541	28.3539
			vertex	33.5309	23.9111	28.3539
		endloop
	endfacet
	facet normal	0.670218	0.434545	0.601647
		outer loop
			vertex	35.5129	20.8541	28.3539
			vertex	31.4205	22.4062	31.7917
			vertex	33.2778	19.5416	31.7917
		endloop
	endfacet
	facet normal	0.624319	0.404786	0.668113
		outer loop
			vertex	29.0772	20.7352	34.9938
			vertex	33.2778	19.5416	31.7917
			vertex	31.4205	22.4062	31.7917
		endloop
	endfacet
	facet normal	0.624319	0.404783	0.668114
		outer loop
			vertex	33.2778	19.5416	31.7917
			vertex	29.0772	20.7352	34.9938
			vertex	30.7960	18.0842	34.9938
		endloop
	endfacet
	facet normal	0.573783	0.372018	0.729640
		outer loop
			vertex	26.5183	18.9104	37.9365
			vertex	30.7960	18.0842	34.9938
			vertex	29.0772	20.7352	34.9938
		endloop
	endfacet
	facet normal	0.573784	0.372010	0.729644
		outer loop
			vertex	30.7960	18.0842	34.9938
			vertex	26.5183	18.9104	37.9365
			vertex	28.0858	16.4927	37.9365
		endloop
	endfacet
	facet normal	0.518978	0.336476	0.785777
		outer loop
			vertex	23.7627	16.9454	40.5979
			vertex	28.0858	16.4927	37.9365
			vertex	26.5183	18.9104	37.9365
		endloop
	endfacet
	facet normal	0.518976	0.336490	0.785773
		outer loop
			vertex	28.0858	16.4927	37.9365
			vertex	23.7627	16.9454	40.5979
			vertex	25.1674	14.7789	40.5979
		endloop
	endfacet
	facet normal	0.460301	0.298447	0.836093
		outer loop
			vertex	20.8310	14.8547	42.9582
			vertex	25.1674	14.7789	40.5979
			vertex	23.7627	16.9454	40.5979
		endloop
	endfacet
	facet normal	0.460302	0.298441	0.836095
		outer loop
			vertex	25.1674	14.7789	40.5979
			vertex	20.8310	14.8547	42.9582
			vertex	22.0623	12.9556	42.9582
		endloop
	endfacet
	facet normal	0.398218	0.258189	0.880205
		outer loop
			vertex	17.7448	12.6539	45.0000
			vertex	22.0623	12.9556	42.9582
			vertex	20.8310	14.8547	42.9582
		endloop
	endfacet
	facet normal	0.398219	0.258185	0.880206
		outer loop
			vertex	22.0623	12.9556	42.9582
			vertex	17.7448	12.6539	45.0000
			vertex	18.7937	11.0361	45.0000
		endloop
	endfacet
	facet normal	0.474133	0.0209966	0.880203
		outer loop
			vertex	21.7092	1.92620	45.0000
			vertex	21.7945	0.000000	45.0000
			vertex	25.5850	0.000000	42.9582
		endloop
	endfacet
	facet normal	0.474133	-0.0209892	0.880203
		outer loop
			vertex	25.4849	-2.26121	42.9582
			vertex	25.5850	0.000000	42.9582
			vertex	21.7945	0.000000	45.0000
		endloop
	endfacet
	facet normal	0.548053	-0.0242616	0.836091
		outer loop
			vertex	25.5850	0.000000	42.9582
			vertex	25.4849	-2.26121	42.9582
			vertex	29.0716	-2.57945	40.5979
		endloop
	endfacet
	facet normal	0.543765	-0.0726006	0.836092
		outer loop
			vertex	28.7299	-5.13871	40.5979
			vertex	29.0716	-2.57945	40.5979
			vertex	25.4849	-2.26121	42.9582
		endloop
	endfacet
	facet normal	0.613068	-0.0818536	0.785779
		outer loop
			vertex	29.0716	-2.57945	40.5979
			vertex	28.7299	-5.13871	40.5979
			vertex	32.0615	-5.73460	37.9365
		endloop
	endfacet
	facet normal	0.603432	-0.135727	0.785779
		outer loop
			vertex	31.4292	-8.54575	37.9365
			vertex	32.0615	-5.73460	37.9365
			vertex	28.7299	-5.13871	40.5979
		endloop
	endfacet
	facet normal	0.667162	-0.150062	0.729641
		outer loop
			vertex	32.0615	-5.73460	37.9365
			vertex	31.4292	-8.54575	37.9365
			vertex	34.4620	-9.37039	34.9938
		endloop
	endfacet
	facet normal	0.651291	-0.208431	0.729641
		outer loop
			vertex	33.4990	-12.3795	34.9938
			vertex	34.4620	-9.37039	34.9938
			vertex	31.4292	-8.54575	37.9365
		endloop
	endfacet
	facet normal	0.708660	-0.226791	0.668107
		outer loop
			vertex	34.4620	-9.37039	34.9938
			vertex	33.4990	-12.3795	34.9938
			vertex	36.1986	-13.3771	31.7917
		endloop
	endfacet
	facet normal	0.685844	-0.288534	0.668107
		outer loop
			vertex	34.8747	-16.5240	31.7917
			vertex	36.1986	-13.3771	31.7917
			vertex	33.4990	-12.3795	34.9938
		endloop
	endfacet
	facet normal	0.736266	-0.309747	0.601638
		outer loop
			vertex	36.1986	-13.3771	31.7917
			vertex	34.8747	-16.5240	31.7917
			vertex	37.2170	-17.6338	28.3539
		endloop
	endfacet
	facet normal	0.706011	-0.373603	0.601639
		outer loop
			vertex	35.5129	-20.8541	28.3539
			vertex	37.2170	-17.6338	28.3539
			vertex	34.8747	-16.5240	31.7917
		endloop
	endfacet
	facet normal	0.749128	-0.396419	0.530716
		outer loop
			vertex	37.2170	-17.6338	28.3539
			vertex	35.5129	-20.8541	28.3539
			vertex	37.4847	-22.0119	24.7058
		endloop
	endfacet
	facet normal	0.711159	-0.461080	0.530715
		outer loop
			vertex	35.3926	-25.2387	24.7058
			vertex	37.4847	-22.0119	24.7058
			vertex	35.5129	-20.8541	28.3539
		endloop
	endfacet
	facet normal	0.746819	-0.484201	0.455862
		outer loop
			vertex	37.4847	-22.0119	24.7058
			vertex	35.3926	-25.2387	24.7058
			vertex	36.9918	-26.3792	20.8745
		endloop
	endfacet
	facet normal	0.701103	-0.548309	0.455864
		outer loop
			vertex	34.5157	-29.5453	20.8745
			vertex	36.9918	-26.3792	20.8745
			vertex	35.3926	-25.2387	24.7058
		endloop
	endfacet
	facet normal	0.729381	-0.570424	0.377651
		outer loop
			vertex	36.9918	-26.3792	20.8745
			vertex	34.5157	-29.5453	20.8745
			vertex	35.7520	-30.6035	16.8884
		endloop
	endfacet
	facet normal	0.676112	-0.632655	0.377651
		outer loop
			vertex	32.9073	-33.6436	16.8884
			vertex	35.7520	-30.6035	16.8884
			vertex	34.5157	-29.5453	20.8745
		endloop
	endfacet
	facet normal	0.697310	-0.652491	0.296672
		outer loop
			vertex	35.7520	-30.6035	16.8884
			vertex	32.9073	-33.6436	16.8884
			vertex	33.8013	-34.5575	12.7771
		endloop
	endfacet
	facet normal	0.636902	-0.711577	0.296671
		outer loop
			vertex	30.6148	-37.4096	12.7771
			vertex	33.8013	-34.5575	12.7771
			vertex	32.9073	-33.6436	16.8884
		endloop
	endfacet
	facet normal	0.651551	-0.727944	0.213493
		outer loop
			vertex	33.8013	-34.5575	12.7771
			vertex	30.6148	-37.4096	12.7771
			vertex	31.1975	-38.1216	8.57107
		endloop
	endfacet
	facet normal	0.584663	-0.782682	0.213492
		outer loop
			vertex	27.7062	-40.7296	8.57107
			vertex	31.1975	-38.1216	8.57107
			vertex	30.6148	-37.4096	12.7771
		endloop
	endfacet
	facet normal	0.593481	-0.794487	0.128724
		outer loop
			vertex	31.1975	-38.1216	8.57107
			vertex	27.7062	-40.7296	8.57107
			vertex	28.0182	-41.1883	4.30148
		endloop
	endfacet
	facet normal	0.520955	-0.843822	0.128725
		outer loop
			vertex	24.2683	-43.5034	4.30148
			vertex	28.0182	-41.1883	4.30148
			vertex	27.7062	-40.7296	8.57107
		endloop
	endfacet
	facet normal	0.524839	-0.850114	0.0430152
		outer loop
			vertex	28.0182	-41.1883	4.30148
			vertex	24.2683	-43.5034	4.30148
			vertex	24.3586	-43.6653	2.08167e-015
		endloop
	endfacet
	facet normal	0.474253	-0.879335	0.0430532
		outer loop
			vertex	21.6958	-45.0000	2.07170
			vertex	24.3586	-43.6653	2.08167e-015
			vertex	24.2683	-43.5034	4.30148
		endloop
	endfacet
	facet normal	0.448099	-0.893984	0.000000
		outer loop
			vertex	24.3586	-43.6653	2.08167e-015
			vertex	21.6958	-45.0000	2.07170
			vertex	21.6958	-45.0000	2.18548e-015
		endloop
	endfacet
	facet normal	-0.887833	0.441521	0.129657
		outer loop
			vertex	-45.0000	21.4006	4.12464
			vertex	-45.0000	21.3489	4.30069
			vertex	-44.0296	23.3000	4.30148
		endloop
	endfacet
	facet normal	-0.887933	0.441571	0.128804
		outer loop
			vertex	-43.5393	23.0405	8.57107
			vertex	-44.0296	23.3000	4.30148
			vertex	-45.0000	21.3489	4.30069
		endloop
	endfacet
	facet normal	-0.855148	0.502148	0.128721
		outer loop
			vertex	-44.0296	23.3000	4.30148
			vertex	-43.5393	23.0405	8.57107
			vertex	-41.7981	27.1002	4.30148
		endloop
	endfacet
	facet normal	-0.474211	0.0104776	0.880349
		outer loop
			vertex	-21.7945	2.66897e-015	45.0000
			vertex	-21.7732	0.964043	45.0000
			vertex	-25.5600	1.13171	42.9582
		endloop
	endfacet
	facet normal	-0.472738	0.0419570	0.880203
		outer loop
			vertex	-25.3599	3.38628	42.9582
			vertex	-25.5600	1.13171	42.9582
			vertex	-21.7732	0.964043	45.0000
		endloop
	endfacet
	facet normal	-0.546432	0.0484976	0.836098
		outer loop
			vertex	-25.5600	1.13171	42.9582
			vertex	-25.3599	3.38628	42.9582
			vertex	-28.9291	3.86286	40.5979
		endloop
	endfacet
	facet normal	-0.540011	0.0965869	0.836098
		outer loop
			vertex	-28.4745	6.40450	40.5979
			vertex	-28.9291	3.86286	40.5979
			vertex	-25.3599	3.38628	42.9582
		endloop
	endfacet
	facet normal	-0.608854	0.108900	0.785772
		outer loop
			vertex	-28.9291	3.86286	40.5979
			vertex	-28.4745	6.40450	40.5979
			vertex	-31.7764	7.14717	37.9365
		endloop
	endfacet
	facet normal	-0.596848	0.162283	0.785772
		outer loop
			vertex	-31.0204	9.92761	37.9365
			vertex	-31.7764	7.14717	37.9365
			vertex	-28.4745	6.40450	40.5979
		endloop
	endfacet
	facet normal	-0.659879	0.179421	0.729636
		outer loop
			vertex	-31.7764	7.14717	37.9365
			vertex	-31.0204	9.92761	37.9365
			vertex	-34.0137	10.8856	34.9938
		endloop
	endfacet
	facet normal	-0.641441	0.237031	0.729636
		outer loop
			vertex	-32.9186	13.8491	34.9938
			vertex	-34.0137	10.8856	34.9938
			vertex	-31.0204	9.92761	37.9365
		endloop
	endfacet
	facet normal	-0.697928	0.257905	0.668118
		outer loop
			vertex	-34.0137	10.8856	34.9938
			vertex	-32.9186	13.8491	34.9938
			vertex	-35.5715	14.9652	31.7917
		endloop
	endfacet
	facet normal	-0.672394	0.318599	0.668118
		outer loop
			vertex	-34.1096	18.0505	31.7917
			vertex	-35.5715	14.9652	31.7917
			vertex	-32.9186	13.8491	34.9938
		endloop
	endfacet
	facet normal	-0.721830	0.342023	0.601649
		outer loop
			vertex	-35.5715	14.9652	31.7917
			vertex	-34.1096	18.0505	31.7917
			vertex	-36.4006	19.2628	28.3539
		endloop
	endfacet
	facet normal	-0.688782	0.404474	0.601648
		outer loop
			vertex	-34.5557	22.4045	28.3539
			vertex	-36.4006	19.2628	28.3539
			vertex	-34.1096	18.0505	31.7917
		endloop
	endfacet
	facet normal	-0.730852	0.429179	0.530718
		outer loop
			vertex	-36.4006	19.2628	28.3539
			vertex	-34.5557	22.4045	28.3539
			vertex	-36.4743	23.6485	24.7058
		endloop
	endfacet
	facet normal	-0.690057	0.492098	0.530718
		outer loop
			vertex	-34.2415	26.7795	24.7058
			vertex	-36.4743	23.6485	24.7058
			vertex	-34.5557	22.4045	28.3539
		endloop
	endfacet
	facet normal	-0.724655	0.516770	0.455877
		outer loop
			vertex	-36.4743	23.6485	24.7058
			vertex	-34.2415	26.7795	24.7058
			vertex	-35.7888	27.9896	20.8745
		endloop
	endfacet
	facet normal	-0.676152	0.578787	0.455876
		outer loop
			vertex	-33.1750	31.0431	20.8745
			vertex	-35.7888	27.9896	20.8745
			vertex	-34.2415	26.7795	24.7058
		endloop
	endfacet
	facet normal	-0.703426	0.602133	0.377661
		outer loop
			vertex	-35.7888	27.9896	20.8745
			vertex	-33.1750	31.0431	20.8745
			vertex	-34.3633	32.1550	16.8884
		endloop
	endfacet
	facet normal	-0.647462	0.661940	0.377660
		outer loop
			vertex	-31.3870	35.0662	16.8884
			vertex	-34.3633	32.1550	16.8884
			vertex	-33.1750	31.0431	20.8745
		endloop
	endfacet
	facet normal	-0.667767	0.682699	0.296664
		outer loop
			vertex	-34.3633	32.1550	16.8884
			vertex	-31.3870	35.0662	16.8884
			vertex	-32.2396	36.0188	12.7771
		endloop
	endfacet
	facet normal	-0.604814	0.739046	0.296665
		outer loop
			vertex	-28.9301	38.7272	12.7771
			vertex	-32.2396	36.0188	12.7771
			vertex	-31.3870	35.0662	16.8884
		endloop
	endfacet
	facet normal	-0.618727	0.756047	0.213473
		outer loop
			vertex	-32.2396	36.0188	12.7771
			vertex	-28.9301	38.7272	12.7771
			vertex	-29.4807	39.4642	8.57107
		endloop
	endfacet
	facet normal	-0.549490	0.807768	0.213473
		outer loop
			vertex	-25.8775	41.9153	8.57107
			vertex	-29.4807	39.4642	8.57107
			vertex	-28.9301	38.7272	12.7771
		endloop
	endfacet
	facet normal	-0.557777	0.819950	0.128713
		outer loop
			vertex	-29.4807	39.4642	8.57107
			vertex	-25.8775	41.9153	8.57107
			vertex	-26.1689	42.3873	4.30148
		endloop
	endfacet
	facet normal	-0.483131	0.866035	0.128713
		outer loop
			vertex	-22.3203	44.5343	4.30148
			vertex	-26.1689	42.3873	4.30148
			vertex	-25.8775	41.9153	8.57107
		endloop
	endfacet
	facet normal	-0.486733	0.872492	0.0430019
		outer loop
			vertex	-26.1689	42.3873	4.30148
			vertex	-22.3203	44.5343	4.30148
			vertex	-22.4033	44.7000	2.08167e-015
		endloop
	endfacet
	facet normal	-0.494073	0.868357	0.0429843
		outer loop
			vertex	-21.6958	45.0000	2.07170
			vertex	-22.4033	44.7000	2.08167e-015
			vertex	-22.3203	44.5343	4.30148
		endloop
	endfacet
	facet normal	-0.390382	0.920653	0.000000
		outer loop
			vertex	-22.4033	44.7000	2.08167e-015
			vertex	-21.6958	45.0000	2.07170
			vertex	-21.6958	45.0000	1.63911e-015
		endloop
	endfacet
	facet normal	0.452123	0.882019	0.132770
		outer loop
			vertex	21.4006	45.0000	4.12464
			vertex	21.3489	45.0000	4.30069
			vertex	24.2683	43.5034	4.30148
		endloop
	endfacet
	facet normal	0.452364	0.882488	0.128769
		outer loop
			vertex	23.9981	43.0189	8.57107
			vertex	24.2683	43.5034	4.30148
			vertex	21.3489	45.0000	4.30069
		endloop
	endfacet
	facet normal	0.520955	0.843822	0.128722
		outer loop
			vertex	24.2683	43.5034	4.30148
			vertex	23.9981	43.0189	8.57107
			vertex	28.0182	41.1883	4.30148
		endloop
	endfacet
	facet normal	-0.0314826	0.473549	0.880204
		outer loop
			vertex	-2.40598	21.6613	45.0000
			vertex	-0.482140	21.7892	45.0000
			vertex	-0.565994	25.5788	42.9582
		endloop
	endfacet
	facet normal	0.0105052	0.474479	0.880204
		outer loop
			vertex	1.69687	25.5287	42.9582
			vertex	-0.565994	25.5788	42.9582
			vertex	-0.482140	21.7892	45.0000
		endloop
	endfacet
	facet normal	0.0121429	0.548451	0.836094
		outer loop
			vertex	-0.565994	25.5788	42.9582
			vertex	1.69687	25.5287	42.9582
			vertex	1.93569	29.1216	40.5979
		endloop
	endfacet
	facet normal	0.0605530	0.545234	0.836094
		outer loop
			vertex	4.50189	28.8366	40.5979
			vertex	1.93569	29.1216	40.5979
			vertex	1.69687	25.5287	42.9582
		endloop
	endfacet
	facet normal	0.0682719	0.614736	0.785773
		outer loop
			vertex	1.93569	29.1216	40.5979
			vertex	4.50189	28.8366	40.5979
			vertex	5.02393	32.1805	37.9365
		endloop
	endfacet
	facet normal	0.122356	0.606292	0.785773
		outer loop
			vertex	7.84838	31.6105	37.9365
			vertex	5.02393	32.1805	37.9365
			vertex	4.50189	28.8366	40.5979
		endloop
	endfacet
	facet normal	0.135276	0.670316	0.729641
		outer loop
			vertex	5.02393	32.1805	37.9365
			vertex	7.84838	31.6105	37.9365
			vertex	8.60572	34.6608	34.9938
		endloop
	endfacet
	facet normal	0.193973	0.655742	0.729641
		outer loop
			vertex	11.6354	33.7646	34.9938
			vertex	8.60572	34.6608	34.9938
			vertex	7.84838	31.6105	37.9365
		endloop
	endfacet
	facet normal	0.211056	0.713492	0.668121
		outer loop
			vertex	8.60572	34.6608	34.9938
			vertex	11.6354	33.7646	34.9938
			vertex	12.5731	36.4857	31.7917
		endloop
	endfacet
	facet normal	0.273295	0.692044	0.668121
		outer loop
			vertex	15.7485	35.2317	31.7917
			vertex	12.5731	36.4857	31.7917
			vertex	11.6354	33.7646	34.9938
		endloop
	endfacet
	facet normal	0.293392	0.742933	0.601641
		outer loop
			vertex	12.5731	36.4857	31.7917
			vertex	15.7485	35.2317	31.7917
			vertex	16.8062	37.5980	28.3539
		endloop
	endfacet
	facet normal	0.357886	0.714105	0.601641
		outer loop
			vertex	20.0634	35.9656	28.3539
			vertex	16.8062	37.5980	28.3539
			vertex	15.7485	35.2317	31.7917
		endloop
	endfacet
	facet normal	0.379748	0.757728	0.530697
		outer loop
			vertex	16.8062	37.5980	28.3539
			vertex	20.0634	35.9656	28.3539
			vertex	21.1773	37.9624	24.7058
		endloop
	endfacet
	facet normal	0.445240	0.721195	0.530697
		outer loop
			vertex	24.4496	35.9422	24.7058
			vertex	21.1773	37.9624	24.7058
			vertex	20.0634	35.9656	28.3539
		endloop
	endfacet
	facet normal	0.467554	0.757340	0.455883
		outer loop
			vertex	21.1773	37.9624	24.7058
			vertex	24.4496	35.9422	24.7058
			vertex	25.5544	37.5664	20.8745
		endloop
	endfacet
	facet normal	0.532680	0.713038	0.455882
		outer loop
			vertex	28.7745	35.1608	20.8745
			vertex	25.5544	37.5664	20.8745
			vertex	24.4496	35.9422	24.7058
		endloop
	endfacet
	facet normal	0.554164	0.741796	0.377679
		outer loop
			vertex	25.5544	37.5664	20.8745
			vertex	28.7745	35.1608	20.8745
			vertex	29.8052	36.4203	16.8884
		endloop
	endfacet
	facet normal	0.617550	0.689921	0.377678
		outer loop
			vertex	32.9073	33.6436	16.8884
			vertex	29.8052	36.4203	16.8884
			vertex	28.7745	35.1608	20.8745
		endloop
	endfacet
	facet normal	0.636920	0.711561	0.296671
		outer loop
			vertex	29.8052	36.4203	16.8884
			vertex	32.9073	33.6436	16.8884
			vertex	33.8013	34.5575	12.7771
		endloop
	endfacet
	facet normal	0.697310	0.652491	0.296672
		outer loop
			vertex	36.7232	31.4349	12.7771
			vertex	33.8013	34.5575	12.7771
			vertex	32.9073	33.6436	16.8884
		endloop
	endfacet
	facet normal	0.713349	0.667500	0.213485
		outer loop
			vertex	33.8013	34.5575	12.7771
			vertex	36.7232	31.4349	12.7771
			vertex	37.4221	32.0332	8.57107
		endloop
	endfacet
	facet normal	0.769550	0.601845	0.213484
		outer loop
			vertex	40.1068	28.6004	8.57107
			vertex	37.4221	32.0332	8.57107
			vertex	36.7232	31.4349	12.7771
		endloop
	endfacet
	facet normal	0.781158	0.610922	0.128712
		outer loop
			vertex	37.4221	32.0332	8.57107
			vertex	40.1068	28.6004	8.57107
			vertex	40.5584	28.9225	4.30148
		endloop
	endfacet
	facet normal	0.832086	0.539505	0.128711
		outer loop
			vertex	42.9559	25.2248	4.30148
			vertex	40.5584	28.9225	4.30148
			vertex	40.1068	28.6004	8.57107
		endloop
	endfacet
	facet normal	0.838290	0.543527	0.0429951
		outer loop
			vertex	40.5584	28.9225	4.30148
			vertex	42.9559	25.2248	4.30148
			vertex	43.1157	25.3186	2.08167e-015
		endloop
	endfacet
	facet normal	0.876069	0.480263	0.0430191
		outer loop
			vertex	45.0000	21.6958	2.07170
			vertex	43.1157	25.3186	2.08167e-015
			vertex	42.9559	25.2248	4.30148
		endloop
	endfacet
	facet normal	0.887172	0.461438	0.000000
		outer loop
			vertex	43.1157	25.3186	2.08167e-015
			vertex	45.0000	21.6958	2.07170
			vertex	45.0000	21.6958	1.63911e-015
		endloop
	endfacet
	facet normal	0.882151	0.466826	-0.0623143
		outer loop
			vertex	45.0000	21.3228	4.00703
			vertex	42.9559	25.2248	4.30148
			vertex	45.0172	21.3296	4.30148
		endloop
	endfacet
	facet normal	0.876515	0.463843	0.128729
		outer loop
			vertex	42.4775	24.9439	8.57107
			vertex	45.0172	21.3296	4.30148
			vertex	42.9559	25.2248	4.30148
		endloop
	endfacet
	facet normal	0.876517	0.463837	0.128736
		outer loop
			vertex	45.0172	21.3296	4.30148
			vertex	42.4775	24.9439	8.57107
			vertex	44.5158	21.0921	8.57107
		endloop
	endfacet
	facet normal	0.863497	0.456946	0.213480
		outer loop
			vertex	41.6842	24.4780	12.7771
			vertex	44.5158	21.0921	8.57107
			vertex	42.4775	24.9439	8.57107
		endloop
	endfacet
	facet normal	0.863491	0.456967	0.213459
		outer loop
			vertex	44.5158	21.0921	8.57107
			vertex	41.6842	24.4780	12.7771
			vertex	43.6845	20.6982	12.7771
		endloop
	endfacet
	facet normal	0.844074	0.446692	0.296658
		outer loop
			vertex	40.5818	23.8307	16.8884
			vertex	43.6845	20.6982	12.7771
			vertex	41.6842	24.4780	12.7771
		endloop
	endfacet
	facet normal	0.844080	0.446664	0.296683
		outer loop
			vertex	43.6845	20.6982	12.7771
			vertex	40.5818	23.8307	16.8884
			vertex	42.5291	20.1508	16.8884
		endloop
	endfacet
	facet normal	0.818419	0.433085	0.377661
		outer loop
			vertex	39.1785	23.0066	20.8745
			vertex	42.5291	20.1508	16.8884
			vertex	40.5818	23.8307	16.8884
		endloop
	endfacet
	facet normal	0.818417	0.433098	0.377650
		outer loop
			vertex	42.5291	20.1508	16.8884
			vertex	39.1785	23.0066	20.8745
			vertex	41.0585	19.4540	20.8745
		endloop
	endfacet
	facet normal	0.786683	0.416305	0.455872
		outer loop
			vertex	37.4847	22.0119	24.7058
			vertex	41.0585	19.4540	20.8745
			vertex	39.1785	23.0066	20.8745
		endloop
	endfacet
	facet normal	0.786684	0.416302	0.455875
		outer loop
			vertex	41.0585	19.4540	20.8745
			vertex	37.4847	22.0119	24.7058
			vertex	39.2834	18.6129	24.7058
		endloop
	endfacet
	facet normal	0.749124	0.396426	0.530716
		outer loop
			vertex	35.5129	20.8541	28.3539
			vertex	39.2834	18.6129	24.7058
			vertex	37.4847	22.0119	24.7058
		endloop
	endfacet
	facet normal	0.749125	0.396417	0.530721
		outer loop
			vertex	39.2834	18.6129	24.7058
			vertex	35.5129	20.8541	28.3539
			vertex	37.2170	17.6338	28.3539
		endloop
	endfacet
	facet normal	0.706006	0.373600	0.601647
		outer loop
			vertex	33.2778	19.5416	31.7917
			vertex	37.2170	17.6338	28.3539
			vertex	35.5129	20.8541	28.3539
		endloop
	endfacet
	facet normal	0.706005	0.373615	0.601638
		outer loop
			vertex	37.2170	17.6338	28.3539
			vertex	33.2778	19.5416	31.7917
			vertex	34.8747	16.5240	31.7917
		endloop
	endfacet
	facet normal	0.657649	0.348025	0.668114
		outer loop
			vertex	30.7960	18.0842	34.9938
			vertex	34.8747	16.5240	31.7917
			vertex	33.2778	19.5416	31.7917
		endloop
	endfacet
	facet normal	0.657649	0.348030	0.668111
		outer loop
			vertex	34.8747	16.5240	31.7917
			vertex	30.7960	18.0842	34.9938
			vertex	32.2738	15.2917	34.9938
		endloop
	endfacet
	facet normal	0.604410	0.319856	0.729644
		outer loop
			vertex	28.0858	16.4927	37.9365
			vertex	32.2738	15.2917	34.9938
			vertex	30.7960	18.0842	34.9938
		endloop
	endfacet
	facet normal	0.604411	0.319839	0.729651
		outer loop
			vertex	32.2738	15.2917	34.9938
			vertex	28.0858	16.4927	37.9365
			vertex	29.4335	13.9459	37.9365
		endloop
	endfacet
	facet normal	0.546691	0.289295	0.785772
		outer loop
			vertex	25.1674	14.7789	40.5979
			vertex	29.4335	13.9459	37.9365
			vertex	28.0858	16.4927	37.9365
		endloop
	endfacet
	facet normal	0.546690	0.289312	0.785766
		outer loop
			vertex	29.4335	13.9459	37.9365
			vertex	25.1674	14.7789	40.5979
			vertex	26.3751	12.4968	40.5979
		endloop
	endfacet
	facet normal	0.484873	0.256598	0.836096
		outer loop
			vertex	22.0623	12.9556	42.9582
			vertex	26.3751	12.4968	40.5979
			vertex	25.1674	14.7789	40.5979
		endloop
	endfacet
	facet normal	0.484873	0.256591	0.836097
		outer loop
			vertex	26.3751	12.4968	40.5979
			vertex	22.0623	12.9556	42.9582
			vertex	23.1210	10.9550	42.9582
		endloop
	endfacet
	facet normal	0.419478	0.221984	0.880205
		outer loop
			vertex	18.7937	11.0361	45.0000
			vertex	23.1210	10.9550	42.9582
			vertex	22.0623	12.9556	42.9582
		endloop
	endfacet
	facet normal	0.419478	0.221982	0.880206
		outer loop
			vertex	23.1210	10.9550	42.9582
			vertex	18.7937	11.0361	45.0000
			vertex	19.6955	9.33197	45.0000
		endloop
	endfacet
	facet normal	0.880963	-0.471042	-0.0449841
		outer loop
			vertex	45.0000	-21.4006	-4.12464
			vertex	45.0000	-21.7945	0.000000
			vertex	43.1157	-25.3186	2.08167e-015
		endloop
	endfacet
	facet normal	0.881040	-0.471083	0.0430036
		outer loop
			vertex	42.9559	-25.2248	4.30148
			vertex	43.1157	-25.3186	2.08167e-015
			vertex	45.0000	-21.7945	0.000000
		endloop
	endfacet
	facet normal	0.838295	-0.543519	0.0429951
		outer loop
			vertex	43.1157	-25.3186	2.08167e-015
			vertex	42.9559	-25.2248	4.30148
			vertex	40.7093	-29.0301	2.08167e-015
		endloop
	endfacet
	facet normal	0.470418	0.0628168	0.880205
		outer loop
			vertex	21.4540	3.83732	45.0000
			vertex	21.7092	1.92620	45.0000
			vertex	25.4849	2.26121	42.9582
		endloop
	endfacet
	facet normal	0.474130	0.0209891	0.880205
		outer loop
			vertex	25.5850	0.000000	42.9582
			vertex	25.4849	2.26121	42.9582
			vertex	21.7092	1.92620	45.0000
		endloop
	endfacet
	facet normal	0.548042	0.0242610	0.836099
		outer loop
			vertex	25.4849	2.26121	42.9582
			vertex	25.5850	0.000000	42.9582
			vertex	29.1859	0.000000	40.5979
		endloop
	endfacet
	facet normal	0.548041	-0.0242847	0.836099
		outer loop
			vertex	29.0716	-2.57945	40.5979
			vertex	29.1859	0.000000	40.5979
			vertex	25.5850	0.000000	42.9582
		endloop
	endfacet
	facet normal	0.617904	-0.0273804	0.785777
		outer loop
			vertex	29.1859	0.000000	40.5979
			vertex	29.0716	-2.57945	40.5979
			vertex	32.4428	-2.87856	37.9365
		endloop
	endfacet
	facet normal	0.613071	-0.0818491	0.785777
		outer loop
			vertex	32.0615	-5.73460	37.9365
			vertex	32.4428	-2.87856	37.9365
			vertex	29.0716	-2.57945	40.5979
		endloop
	endfacet
	facet normal	0.677818	-0.0904933	0.729639
		outer loop
			vertex	32.4428	-2.87856	37.9365
			vertex	32.0615	-5.73460	37.9365
			vertex	35.1553	-6.28797	34.9938
		endloop
	endfacet
	facet normal	0.667164	-0.150059	0.729640
		outer loop
			vertex	34.4620	-9.37039	34.9938
			vertex	35.1553	-6.28797	34.9938
			vertex	32.0615	-5.73460	37.9365
		endloop
	endfacet
	facet normal	0.725930	-0.163277	0.668107
		outer loop
			vertex	35.1553	-6.28797	34.9938
			vertex	34.4620	-9.37039	34.9938
			vertex	37.2392	-10.1255	31.7917
		endloop
	endfacet
	facet normal	0.708660	-0.226791	0.668107
		outer loop
			vertex	36.1986	-13.3771	31.7917
			vertex	37.2392	-10.1255	31.7917
			vertex	34.4620	-9.37039	34.9938
		endloop
	endfacet
	facet normal	0.760750	-0.243461	0.601652
		outer loop
			vertex	37.2392	-10.1255	31.7917
			vertex	36.1986	-13.3771	31.7917
			vertex	38.6299	-14.2756	28.3539
		endloop
	endfacet
	facet normal	0.736248	-0.309763	0.601652
		outer loop
			vertex	37.2170	-17.6338	28.3539
			vertex	38.6299	-14.2756	28.3539
			vertex	36.1986	-13.3771	31.7917
		endloop
	endfacet
	facet normal	0.781218	-0.328683	0.530721
		outer loop
			vertex	38.6299	-14.2756	28.3539
			vertex	37.2170	-17.6338	28.3539
			vertex	39.2834	-18.6129	24.7058
		endloop
	endfacet
	facet normal	0.749121	-0.396424	0.530721
		outer loop
			vertex	37.4847	-22.0119	24.7058
			vertex	39.2834	-18.6129	24.7058
			vertex	37.2170	-17.6338	28.3539
		endloop
	endfacet
	facet normal	0.786685	-0.416302	0.455872
		outer loop
			vertex	39.2834	-18.6129	24.7058
			vertex	37.4847	-22.0119	24.7058
			vertex	39.1785	-23.0066	20.8745
		endloop
	endfacet
	facet normal	0.746808	-0.484209	0.455873
		outer loop
			vertex	36.9918	-26.3792	20.8745
			vertex	39.1785	-23.0066	20.8745
			vertex	37.4847	-22.0119	24.7058
		endloop
	endfacet
	facet normal	0.776931	-0.503741	0.377655
		outer loop
			vertex	39.1785	-23.0066	20.8745
			vertex	36.9918	-26.3792	20.8745
			vertex	38.3168	-27.3240	16.8884
		endloop
	endfacet
	facet normal	0.729378	-0.570425	0.377654
		outer loop
			vertex	35.7520	-30.6035	16.8884
			vertex	38.3168	-27.3240	16.8884
			vertex	36.9918	-26.3792	20.8745
		endloop
	endfacet
	facet normal	0.752248	-0.588311	0.296672
		outer loop
			vertex	38.3168	-27.3240	16.8884
			vertex	35.7520	-30.6035	16.8884
			vertex	36.7232	-31.4349	12.7771
		endloop
	endfacet
	facet normal	0.697309	-0.652491	0.296672
		outer loop
			vertex	33.8013	-34.5575	12.7771
			vertex	36.7232	-31.4349	12.7771
			vertex	35.7520	-30.6035	16.8884
		endloop
	endfacet
	facet normal	0.713350	-0.667501	0.213482
		outer loop
			vertex	36.7232	-31.4349	12.7771
			vertex	33.8013	-34.5575	12.7771
			vertex	34.4446	-35.2152	8.57107
		endloop
	endfacet
	facet normal	0.651560	-0.727939	0.213483
		outer loop
			vertex	31.1975	-38.1216	8.57107
			vertex	34.4446	-35.2152	8.57107
			vertex	33.8013	-34.5575	12.7771
		endloop
	endfacet
	facet normal	0.661387	-0.738918	0.128715
		outer loop
			vertex	34.4446	-35.2152	8.57107
			vertex	31.1975	-38.1216	8.57107
			vertex	31.5488	-38.5509	4.30148
		endloop
	endfacet
	facet normal	0.593489	-0.794483	0.128716
		outer loop
			vertex	28.0182	-41.1883	4.30148
			vertex	31.5488	-38.5509	4.30148
			vertex	31.1975	-38.1216	8.57107
		endloop
	endfacet
	facet normal	0.597913	-0.800406	0.0430226
		outer loop
			vertex	31.5488	-38.5509	4.30148
			vertex	28.0182	-41.1883	4.30148
			vertex	28.1225	-41.3416	2.08167e-015
		endloop
	endfacet
	facet normal	0.524833	-0.850117	0.0430223
		outer loop
			vertex	24.3586	-43.6653	2.08167e-015
			vertex	28.1225	-41.3416	2.08167e-015
			vertex	28.0182	-41.1883	4.30148
		endloop
	endfacet
	facet normal	0.524834	-0.850117	-0.0430152
		outer loop
			vertex	28.1225	-41.3416	2.08167e-015
			vertex	24.3586	-43.6653	2.08167e-015
			vertex	24.2683	-43.5034	-4.30148
		endloop
	endfacet
	facet normal	0.447684	-0.893156	-0.0430156
		outer loop
			vertex	21.6958	-45.0000	2.18548e-015
			vertex	24.2683	-43.5034	-4.30148
			vertex	24.3586	-43.6653	2.08167e-015
		endloop
	endfacet
	facet normal	0.502862	-0.864367	0.000000
		outer loop
			vertex	24.2683	-43.5034	-4.30148
			vertex	21.6958	-45.0000	2.18548e-015
			vertex	21.6958	-45.0000	-2.07170
		endloop
	endfacet
	facet normal	-0.891254	0.451450	-0.0431131
		outer loop
			vertex	-45.0000	21.4006	-4.12464
			vertex	-45.0000	21.7945	0.000000
			vertex	-44.1935	23.3867	2.08167e-015
		endloop
	endfacet
	facet normal	-0.891256	0.451451	0.0430587
		outer loop
			vertex	-44.0296	23.3000	4.30148
			vertex	-44.1935	23.3867	2.08167e-015
			vertex	-45.0000	21.7945	0.000000
		endloop
	endfacet
	facet normal	-0.861512	0.505911	0.0430230
		outer loop
			vertex	-44.1935	23.3867	2.08167e-015
			vertex	-44.0296	23.3000	4.30148
			vertex	-41.9536	27.2010	2.08167e-015
		endloop
	endfacet
	facet normal	-0.861524	0.505892	0.0429998
		outer loop
			vertex	-41.7981	27.1002	4.30148
			vertex	-41.9536	27.2010	2.08167e-015
			vertex	-44.0296	23.3000	4.30148
		endloop
	endfacet
	facet normal	-0.813432	0.580068	0.0429995
		outer loop
			vertex	-41.9536	27.2010	2.08167e-015
			vertex	-41.7981	27.1002	4.30148
			vertex	-39.3854	30.8024	2.08167e-015
		endloop
	endfacet
	facet normal	-0.472739	-0.0419434	0.880204
		outer loop
			vertex	-21.6028	-2.88459	45.0000
			vertex	-21.7732	-0.964043	45.0000
			vertex	-25.5600	-1.13171	42.9582
		endloop
	endfacet
	facet normal	-0.474596	0.000000	0.880204
		outer loop
			vertex	-25.5600	1.13171	42.9582
			vertex	-25.5600	-1.13171	42.9582
			vertex	-21.7732	-0.964043	45.0000
		endloop
	endfacet
	facet normal	-0.548586	0.000000	0.836094
		outer loop
			vertex	-25.5600	-1.13171	42.9582
			vertex	-25.5600	1.13171	42.9582
			vertex	-29.1573	1.29099	40.5979
		endloop
	endfacet
	facet normal	-0.546440	0.0484849	0.836094
		outer loop
			vertex	-28.9291	3.86286	40.5979
			vertex	-29.1573	1.29099	40.5979
			vertex	-25.5600	1.13171	42.9582
		endloop
	endfacet
	facet normal	-0.616098	0.0546657	0.785770
		outer loop
			vertex	-29.1573	1.29099	40.5979
			vertex	-28.9291	3.86286	40.5979
			vertex	-32.2837	4.31080	37.9365
		endloop
	endfacet
	facet normal	-0.608857	0.108897	0.785770
		outer loop
			vertex	-31.7764	7.14717	37.9365
			vertex	-32.2837	4.31080	37.9365
			vertex	-28.9291	3.86286	40.5979
		endloop
	endfacet
	facet normal	-0.673149	0.120396	0.729640
		outer loop
			vertex	-32.2837	4.31080	37.9365
			vertex	-31.7764	7.14717	37.9365
			vertex	-34.8427	7.83685	34.9938
		endloop
	endfacet
	facet normal	-0.659872	0.179429	0.729640
		outer loop
			vertex	-34.0137	10.8856	34.9938
			vertex	-34.8427	7.83685	34.9938
			vertex	-31.7764	7.14717	37.9365
		endloop
	endfacet
	facet normal	-0.717983	0.195230	0.668121
		outer loop
			vertex	-34.8427	7.83685	34.9938
			vertex	-34.0137	10.8856	34.9938
			vertex	-36.7549	11.7628	31.7917
		endloop
	endfacet
	facet normal	-0.697925	0.257908	0.668120
		outer loop
			vertex	-35.5715	14.9652	31.7917
			vertex	-36.7549	11.7628	31.7917
			vertex	-34.0137	10.8856	34.9938
		endloop
	endfacet
	facet normal	-0.749248	0.276873	0.601638
		outer loop
			vertex	-36.7549	11.7628	31.7917
			vertex	-35.5715	14.9652	31.7917
			vertex	-37.9606	15.9703	28.3539
		endloop
	endfacet
	facet normal	-0.721844	0.342012	0.601639
		outer loop
			vertex	-36.4006	19.2628	28.3539
			vertex	-37.9606	15.9703	28.3539
			vertex	-35.5715	14.9652	31.7917
		endloop
	endfacet
	facet normal	-0.765933	0.362902	0.530707
		outer loop
			vertex	-37.9606	15.9703	28.3539
			vertex	-36.4006	19.2628	28.3539
			vertex	-38.4216	20.3323	24.7058
		endloop
	endfacet
	facet normal	-0.730865	0.429170	0.530707
		outer loop
			vertex	-36.4743	23.6485	24.7058
			vertex	-38.4216	20.3323	24.7058
			vertex	-36.4006	19.2628	28.3539
		endloop
	endfacet
	facet normal	-0.767503	0.450684	0.455876
		outer loop
			vertex	-38.4216	20.3323	24.7058
			vertex	-36.4743	23.6485	24.7058
			vertex	-38.1225	24.7171	20.8745
		endloop
	endfacet
	facet normal	-0.724656	0.516770	0.455876
		outer loop
			vertex	-35.7888	27.9896	20.8745
			vertex	-38.1225	24.7171	20.8745
			vertex	-36.4743	23.6485	24.7058
		endloop
	endfacet
	facet normal	-0.753884	0.537613	0.377666
		outer loop
			vertex	-38.1225	24.7171	20.8745
			vertex	-35.7888	27.9896	20.8745
			vertex	-37.0707	28.9922	16.8884
		endloop
	endfacet
	facet normal	-0.703420	0.602137	0.377667
		outer loop
			vertex	-34.3633	32.1550	16.8884
			vertex	-37.0707	28.9922	16.8884
			vertex	-35.7888	27.9896	20.8745
		endloop
	endfacet
	facet normal	-0.725480	0.621020	0.296669
		outer loop
			vertex	-37.0707	28.9922	16.8884
			vertex	-34.3633	32.1550	16.8884
			vertex	-35.2968	33.0285	12.7771
		endloop
	endfacet
	facet normal	-0.667762	0.682701	0.296669
		outer loop
			vertex	-32.2396	36.0188	12.7771
			vertex	-35.2968	33.0285	12.7771
			vertex	-34.3633	32.1550	16.8884
		endloop
	endfacet
	facet normal	-0.683122	0.698405	0.213484
		outer loop
			vertex	-35.2968	33.0285	12.7771
			vertex	-32.2396	36.0188	12.7771
			vertex	-32.8532	36.7043	8.57107
		endloop
	endfacet
	facet normal	-0.618717	0.756052	0.213483
		outer loop
			vertex	-29.4807	39.4642	8.57107
			vertex	-32.8532	36.7043	8.57107
			vertex	-32.2396	36.0188	12.7771
		endloop
	endfacet
	facet normal	-0.628047	0.767453	0.128735
		outer loop
			vertex	-32.8532	36.7043	8.57107
			vertex	-29.4807	39.4642	8.57107
			vertex	-29.8127	39.9087	4.30148
		endloop
	endfacet
	facet normal	-0.557757	0.819960	0.128736
		outer loop
			vertex	-26.1689	42.3873	4.30148
			vertex	-29.8127	39.9087	4.30148
			vertex	-29.4807	39.4642	8.57107
		endloop
	endfacet
	facet normal	-0.561916	0.826074	0.0430286
		outer loop
			vertex	-29.8127	39.9087	4.30148
			vertex	-26.1689	42.3873	4.30148
			vertex	-26.2663	42.5451	2.08167e-015
		endloop
	endfacet
	facet normal	-0.486709	0.872504	0.0430290
		outer loop
			vertex	-22.4033	44.7000	2.08167e-015
			vertex	-26.2663	42.5451	2.08167e-015
			vertex	-26.1689	42.3873	4.30148
		endloop
	endfacet
	facet normal	-0.486710	0.872505	-0.0430020
		outer loop
			vertex	-26.2663	42.5451	2.08167e-015
			vertex	-22.4033	44.7000	2.08167e-015
			vertex	-22.3203	44.5343	-4.30148
		endloop
	endfacet
	facet normal	-0.390021	0.919803	-0.0429583
		outer loop
			vertex	-21.6958	45.0000	1.63911e-015
			vertex	-22.3203	44.5343	-4.30148
			vertex	-22.4033	44.7000	2.08167e-015
		endloop
	endfacet
	facet normal	-0.597800	0.801645	0.000000
		outer loop
			vertex	-22.3203	44.5343	-4.30148
			vertex	-21.6958	45.0000	1.63911e-015
			vertex	-21.6958	45.0000	-2.07170
		endloop
	endfacet
	facet normal	0.461276	0.886162	-0.0440515
		outer loop
			vertex	21.4006	45.0000	-4.12464
			vertex	21.7945	45.0000	0.000000
			vertex	24.3586	43.6653	2.08167e-015
		endloop
	endfacet
	facet normal	0.461297	0.886201	0.0430396
		outer loop
			vertex	24.2683	43.5034	4.30148
			vertex	24.3586	43.6653	2.08167e-015
			vertex	21.7945	45.0000	0.000000
		endloop
	endfacet
	facet normal	0.524834	0.850117	0.0430152
		outer loop
			vertex	24.3586	43.6653	2.08167e-015
			vertex	24.2683	43.5034	4.30148
			vertex	28.1225	41.3416	2.08167e-015
		endloop
	endfacet
	facet normal	0.524839	0.850113	0.0430223
		outer loop
			vertex	28.0182	41.1883	4.30148
			vertex	28.1225	41.3416	2.08167e-015
			vertex	24.2683	43.5034	4.30148
		endloop
	endfacet
	facet normal	0.597929	0.800394	0.0430226
		outer loop
			vertex	28.1225	41.3416	2.08167e-015
			vertex	28.0182	41.1883	4.30148
			vertex	31.6662	38.6943	2.08167e-015
		endloop
	endfacet
	facet normal	-0.0732051	0.468920	0.880201
		outer loop
			vertex	-4.31099	21.3639	45.0000
			vertex	-2.40598	21.6613	45.0000
			vertex	-2.82443	25.4286	42.9582
		endloop
	endfacet
	facet normal	-0.0314945	0.473554	0.880202
		outer loop
			vertex	-0.565994	25.5788	42.9582
			vertex	-2.82443	25.4286	42.9582
			vertex	-2.40598	21.6613	45.0000
		endloop
	endfacet
	facet normal	-0.0364047	0.547382	0.836090
		outer loop
			vertex	-2.82443	25.4286	42.9582
			vertex	-0.565994	25.5788	42.9582
			vertex	-0.645652	29.1787	40.5979
		endloop
	endfacet
	facet normal	0.0121322	0.548457	0.836091
		outer loop
			vertex	1.93569	29.1216	40.5979
			vertex	-0.645652	29.1787	40.5979
			vertex	-0.565994	25.5788	42.9582
		endloop
	endfacet
	facet normal	0.0136785	0.618359	0.785777
		outer loop
			vertex	-0.645652	29.1787	40.5979
			vertex	1.93569	29.1216	40.5979
			vertex	2.16016	32.4986	37.9365
		endloop
	endfacet
	facet normal	0.0682822	0.614729	0.785777
		outer loop
			vertex	5.02393	32.1805	37.9365
			vertex	2.16016	32.4986	37.9365
			vertex	1.93569	29.1216	40.5979
		endloop
	endfacet
	facet normal	0.0754934	0.679650	0.729641
		outer loop
			vertex	2.16016	32.4986	37.9365
			vertex	5.02393	32.1805	37.9365
			vertex	5.50872	35.2858	34.9938
		endloop
	endfacet
	facet normal	0.135275	0.670317	0.729641
		outer loop
			vertex	8.60572	34.6608	34.9938
			vertex	5.50872	35.2858	34.9938
			vertex	5.02393	32.1805	37.9365
		endloop
	endfacet
	facet normal	0.147189	0.729352	0.668117
		outer loop
			vertex	5.50872	35.2858	34.9938
			vertex	8.60572	34.6608	34.9938
			vertex	9.29925	37.4541	31.7917
		endloop
	endfacet
	facet normal	0.211051	0.713496	0.668117
		outer loop
			vertex	12.5731	36.4857	31.7917
			vertex	9.29925	37.4541	31.7917
			vertex	8.60572	34.6608	34.9938
		endloop
	endfacet
	facet normal	0.226571	0.765963	0.601637
		outer loop
			vertex	9.29925	37.4541	31.7917
			vertex	12.5731	36.4857	31.7917
			vertex	13.4175	38.9362	28.3539
		endloop
	endfacet
	facet normal	0.293387	0.742939	0.601636
		outer loop
			vertex	16.8062	37.5980	28.3539
			vertex	13.4175	38.9362	28.3539
			vertex	12.5731	36.4857	31.7917
		endloop
	endfacet
	facet normal	0.311305	0.788313	0.530709
		outer loop
			vertex	13.4175	38.9362	28.3539
			vertex	16.8062	37.5980	28.3539
			vertex	17.7393	39.6855	24.7058
		endloop
	endfacet
	facet normal	0.379760	0.757713	0.530709
		outer loop
			vertex	21.1773	37.9624	24.7058
			vertex	17.7393	39.6855	24.7058
			vertex	16.8062	37.5980	28.3539
		endloop
	endfacet
	facet normal	0.398799	0.795700	0.455875
		outer loop
			vertex	17.7393	39.6855	24.7058
			vertex	21.1773	37.9624	24.7058
			vertex	22.1343	39.6778	20.8745
		endloop
	endfacet
	facet normal	0.467549	0.757348	0.455876
		outer loop
			vertex	25.5544	37.5664	20.8745
			vertex	22.1343	39.6778	20.8745
			vertex	21.1773	37.9624	24.7058
		endloop
	endfacet
	facet normal	0.486411	0.787901	0.377646
		outer loop
			vertex	22.1343	39.6778	20.8745
			vertex	25.5544	37.5664	20.8745
			vertex	26.4697	38.9119	16.8884
		endloop
	endfacet
	facet normal	0.554142	0.741829	0.377646
		outer loop
			vertex	29.8052	36.4203	16.8884
			vertex	26.4697	38.9119	16.8884
			vertex	25.5544	37.5664	20.8745
		endloop
	endfacet
	facet normal	0.571520	0.765092	0.296648
		outer loop
			vertex	26.4697	38.9119	16.8884
			vertex	29.8052	36.4203	16.8884
			vertex	30.6148	37.4096	12.7771
		endloop
	endfacet
	facet normal	0.636907	0.711582	0.296648
		outer loop
			vertex	33.8013	34.5575	12.7771
			vertex	30.6148	37.4096	12.7771
			vertex	29.8052	36.4203	16.8884
		endloop
	endfacet
	facet normal	0.651553	0.727945	0.213482
		outer loop
			vertex	30.6148	37.4096	12.7771
			vertex	33.8013	34.5575	12.7771
			vertex	34.4446	35.2152	8.57107
		endloop
	endfacet
	facet normal	0.713348	0.667503	0.213482
		outer loop
			vertex	37.4221	32.0332	8.57107
			vertex	34.4446	35.2152	8.57107
			vertex	33.8013	34.5575	12.7771
		endloop
	endfacet
	facet normal	0.724108	0.677571	0.128710
		outer loop
			vertex	34.4446	35.2152	8.57107
			vertex	37.4221	32.0332	8.57107
			vertex	37.8435	32.3939	4.30148
		endloop
	endfacet
	facet normal	0.781157	0.610924	0.128710
		outer loop
			vertex	40.5584	28.9225	4.30148
			vertex	37.8435	32.3939	4.30148
			vertex	37.4221	32.0332	8.57107
		endloop
	endfacet
	facet normal	0.786980	0.615478	0.0430046
		outer loop
			vertex	37.8435	32.3939	4.30148
			vertex	40.5584	28.9225	4.30148
			vertex	40.7093	29.0301	2.08167e-015
		endloop
	endfacet
	facet normal	0.838294	0.543519	0.0430047
		outer loop
			vertex	43.1157	25.3186	2.08167e-015
			vertex	40.7093	29.0301	2.08167e-015
			vertex	40.5584	28.9225	4.30148
		endloop
	endfacet
	facet normal	0.838295	0.543519	-0.0429951
		outer loop
			vertex	40.7093	29.0301	2.08167e-015
			vertex	43.1157	25.3186	2.08167e-015
			vertex	42.9559	25.2248	-4.30148
		endloop
	endfacet
	facet normal	0.886352	0.461012	-0.0429813
		outer loop
			vertex	45.0000	21.6958	1.63911e-015
			vertex	42.9559	25.2248	-4.30148
			vertex	43.1157	25.3186	2.08167e-015
		endloop
	endfacet
	facet normal	0.865320	0.501219	0.000000
		outer loop
			vertex	42.9559	25.2248	-4.30148
			vertex	45.0000	21.6958	1.63911e-015
			vertex	45.0000	21.6958	-2.07170
		endloop
	endfacet
	facet normal	0.876355	-0.462151	-0.135715
		outer loop
			vertex	45.0000	-21.3489	-4.30069
			vertex	45.0000	-21.4006	-4.12464
			vertex	42.9559	-25.2248	-4.30148
		endloop
	endfacet
	facet normal	0.881929	-0.469418	-0.0430003
		outer loop
			vertex	43.1157	-25.3186	2.08167e-015
			vertex	42.9559	-25.2248	-4.30148
			vertex	45.0000	-21.4006	-4.12464
		endloop
	endfacet
	facet normal	0.838290	-0.543527	-0.0429951
		outer loop
			vertex	42.9559	-25.2248	-4.30148
			vertex	43.1157	-25.3186	2.08167e-015
			vertex	40.5584	-28.9225	-4.30148
		endloop
	endfacet
	facet normal	0.838294	-0.543519	-0.0430047
		outer loop
			vertex	40.7093	-29.0301	2.08167e-015
			vertex	40.5584	-28.9225	-4.30148
			vertex	43.1157	-25.3186	2.08167e-015
		endloop
	endfacet
	facet normal	0.786980	-0.615478	-0.0430046
		outer loop
			vertex	40.5584	-28.9225	-4.30148
			vertex	40.7093	-29.0301	2.08167e-015
			vertex	37.8435	-32.3939	-4.30148
		endloop
	endfacet
	facet normal	0.729505	-0.682621	-0.0430183
		outer loop
			vertex	34.8325	-35.6117	-4.30148
			vertex	37.8435	-32.3939	-4.30148
			vertex	37.9844	-32.5144	2.08167e-015
		endloop
	endfacet
	facet normal	0.786989	-0.615466	-0.0430200
		outer loop
			vertex	40.7093	-29.0301	2.08167e-015
			vertex	37.9844	-32.5144	2.08167e-015
			vertex	37.8435	-32.3939	-4.30148
		endloop
	endfacet
	facet normal	0.786989	-0.615466	0.0430046
		outer loop
			vertex	37.9844	-32.5144	2.08167e-015
			vertex	40.7093	-29.0301	2.08167e-015
			vertex	40.5584	-28.9225	4.30148
		endloop
	endfacet
	facet normal	0.838289	-0.543527	0.0430048
		outer loop
			vertex	42.9559	-25.2248	4.30148
			vertex	40.5584	-28.9225	4.30148
			vertex	40.7093	-29.0301	2.08167e-015
		endloop
	endfacet
	facet normal	0.832084	-0.539504	0.128728
		outer loop
			vertex	40.5584	-28.9225	4.30148
			vertex	42.9559	-25.2248	4.30148
			vertex	42.4775	-24.9439	8.57107
		endloop
	endfacet
	facet normal	0.877248	-0.462458	0.128720
		outer loop
			vertex	45.0000	-21.3222	4.39163
			vertex	42.4775	-24.9439	8.57107
			vertex	42.9559	-25.2248	4.30148
		endloop
	endfacet
	facet normal	0.876703	-0.463935	0.127111
		outer loop
			vertex	42.4775	-24.9439	8.57107
			vertex	45.0000	-21.3222	4.39163
			vertex	44.5158	-21.0921	8.57107
		endloop
	endfacet
	facet normal	0.892229	-0.433293	0.127222
		outer loop
			vertex	45.0000	-20.2333	8.10020
			vertex	44.5158	-21.0921	8.57107
			vertex	45.0000	-21.3222	4.39163
		endloop
	endfacet
	facet normal	0.896377	-0.394014	0.203128
		outer loop
			vertex	44.5158	-21.0921	8.57107
			vertex	45.0000	-20.2333	8.10020
			vertex	45.0000	-19.9919	8.56845
		endloop
	endfacet
	facet normal	0.463028	0.104145	0.880204
		outer loop
			vertex	21.0309	5.71842	45.0000
			vertex	21.4540	3.83732	45.0000
			vertex	25.1853	4.50472	42.9582
		endloop
	endfacet
	facet normal	0.470419	0.0628202	0.880204
		outer loop
			vertex	25.4849	2.26121	42.9582
			vertex	25.1853	4.50472	42.9582
			vertex	21.4540	3.83732	45.0000
		endloop
	endfacet
	facet normal	0.543763	0.0726146	0.836091
		outer loop
			vertex	25.1853	4.50472	42.9582
			vertex	25.4849	2.26121	42.9582
			vertex	29.0716	2.57945	40.5979
		endloop
	endfacet
	facet normal	0.548052	0.0242852	0.836092
		outer loop
			vertex	29.1859	0.000000	40.5979
			vertex	29.0716	2.57945	40.5979
			vertex	25.4849	2.26121	42.9582
		endloop
	endfacet
	facet normal	0.617910	0.0273807	0.785772
		outer loop
			vertex	29.0716	2.57945	40.5979
			vertex	29.1859	0.000000	40.5979
			vertex	32.5703	0.000000	37.9365
		endloop
	endfacet
	facet normal	0.617910	-0.0273691	0.785772
		outer loop
			vertex	32.4428	-2.87856	37.9365
			vertex	32.5703	0.000000	37.9365
			vertex	29.1859	0.000000	40.5979
		endloop
	endfacet
	facet normal	0.683162	-0.0302593	0.729640
		outer loop
			vertex	32.5703	0.000000	37.9365
			vertex	32.4428	-2.87856	37.9365
			vertex	35.5734	-3.15633	34.9938
		endloop
	endfacet
	facet normal	0.677818	-0.0904940	0.729640
		outer loop
			vertex	35.1553	-6.28797	34.9938
			vertex	35.5734	-3.15633	34.9938
			vertex	32.4428	-2.87856	37.9365
		endloop
	endfacet
	facet normal	0.737518	-0.0984644	0.668111
		outer loop
			vertex	35.5734	-3.15633	34.9938
			vertex	35.1553	-6.28797	34.9938
			vertex	37.9884	-6.79471	31.7917
		endloop
	endfacet
	facet normal	0.725924	-0.163283	0.668111
		outer loop
			vertex	37.2392	-10.1255	31.7917
			vertex	37.9884	-6.79471	31.7917
			vertex	35.1553	-6.28797	34.9938
		endloop
	endfacet
	facet normal	0.779287	-0.175286	0.601653
		outer loop
			vertex	37.9884	-6.79471	31.7917
			vertex	37.2392	-10.1255	31.7917
			vertex	39.7404	-10.8056	28.3539
		endloop
	endfacet
	facet normal	0.760749	-0.243462	0.601654
		outer loop
			vertex	38.6299	-14.2756	28.3539
			vertex	39.7404	-10.8056	28.3539
			vertex	37.2392	-10.1255	31.7917
		endloop
	endfacet
	facet normal	0.807222	-0.258335	0.530712
		outer loop
			vertex	39.7404	-10.8056	28.3539
			vertex	38.6299	-14.2756	28.3539
			vertex	40.7747	-15.0682	24.7058
		endloop
	endfacet
	facet normal	0.781229	-0.328673	0.530712
		outer loop
			vertex	39.2834	-18.6129	24.7058
			vertex	40.7747	-15.0682	24.7058
			vertex	38.6299	-14.2756	28.3539
		endloop
	endfacet
	facet normal	0.820396	-0.345151	0.455874
		outer loop
			vertex	40.7747	-15.0682	24.7058
			vertex	39.2834	-18.6129	24.7058
			vertex	41.0585	-19.4540	20.8745
		endloop
	endfacet
	facet normal	0.786682	-0.416304	0.455875
		outer loop
			vertex	39.1785	-23.0066	20.8745
			vertex	41.0585	-19.4540	20.8745
			vertex	39.2834	-18.6129	24.7058
		endloop
	endfacet
	facet normal	0.818413	-0.433096	0.377661
		outer loop
			vertex	41.0585	-19.4540	20.8745
			vertex	39.1785	-23.0066	20.8745
			vertex	40.5818	-23.8307	16.8884
		endloop
	endfacet
	facet normal	0.776925	-0.503746	0.377661
		outer loop
			vertex	38.3168	-27.3240	16.8884
			vertex	40.5818	-23.8307	16.8884
			vertex	39.1785	-23.0066	20.8745
		endloop
	endfacet
	facet normal	0.801287	-0.519542	0.296674
		outer loop
			vertex	40.5818	-23.8307	16.8884
			vertex	38.3168	-27.3240	16.8884
			vertex	39.3577	-28.0663	12.7771
		endloop
	endfacet
	facet normal	0.752245	-0.588312	0.296674
		outer loop
			vertex	36.7232	-31.4349	12.7771
			vertex	39.3577	-28.0663	12.7771
			vertex	38.3168	-27.3240	16.8884
		endloop
	endfacet
	facet normal	0.769549	-0.601846	0.213484
		outer loop
			vertex	39.3577	-28.0663	12.7771
			vertex	36.7232	-31.4349	12.7771
			vertex	37.4221	-32.0332	8.57107
		endloop
	endfacet
	facet normal	0.713348	-0.667502	0.213485
		outer loop
			vertex	34.4446	-35.2152	8.57107
			vertex	37.4221	-32.0332	8.57107
			vertex	36.7232	-31.4349	12.7771
		endloop
	endfacet
	facet normal	0.724108	-0.677571	0.128710
		outer loop
			vertex	37.4221	-32.0332	8.57107
			vertex	34.4446	-35.2152	8.57107
			vertex	34.8325	-35.6117	4.30148
		endloop
	endfacet
	facet normal	0.661393	-0.738914	0.128709
		outer loop
			vertex	31.5488	-38.5509	4.30148
			vertex	34.8325	-35.6117	4.30148
			vertex	34.4446	-35.2152	8.57107
		endloop
	endfacet
	facet normal	0.666323	-0.744422	0.0430031
		outer loop
			vertex	34.8325	-35.6117	4.30148
			vertex	31.5488	-38.5509	4.30148
			vertex	31.6662	-38.6943	2.08167e-015
		endloop
	endfacet
	facet normal	0.597929	-0.800394	0.0430024
		outer loop
			vertex	28.1225	-41.3416	2.08167e-015
			vertex	31.6662	-38.6943	2.08167e-015
			vertex	31.5488	-38.5509	4.30148
		endloop
	endfacet
	facet normal	0.597929	-0.800394	-0.0430226
		outer loop
			vertex	31.6662	-38.6943	2.08167e-015
			vertex	28.1225	-41.3416	2.08167e-015
			vertex	28.0182	-41.1883	-4.30148
		endloop
	endfacet
	facet normal	0.524839	-0.850113	-0.0430223
		outer loop
			vertex	24.2683	-43.5034	-4.30148
			vertex	28.0182	-41.1883	-4.30148
			vertex	28.1225	-41.3416	2.08167e-015
		endloop
	endfacet
	facet normal	0.520955	-0.843822	-0.128722
		outer loop
			vertex	28.0182	-41.1883	-4.30148
			vertex	24.2683	-43.5034	-4.30148
			vertex	23.9981	-43.0189	-8.57107
		endloop
	endfacet
	facet normal	0.442387	-0.887540	-0.128711
		outer loop
			vertex	21.2667	-45.0000	-4.29819
			vertex	23.9981	-43.0189	-8.57107
			vertex	24.2683	-43.5034	-4.30148
		endloop
	endfacet
	facet normal	0.484672	-0.869694	-0.0934070
		outer loop
			vertex	23.9981	-43.0189	-8.57107
			vertex	21.2667	-45.0000	-4.29819
			vertex	20.9117	-45.0000	-6.14022
		endloop
	endfacet
	facet normal	-0.887833	0.441521	-0.129657
		outer loop
			vertex	-45.0000	21.3489	-4.30069
			vertex	-45.0000	21.4006	-4.12464
			vertex	-44.0296	23.3000	-4.30148
		endloop
	endfacet
	facet normal	-0.891304	0.451357	-0.0430586
		outer loop
			vertex	-44.1935	23.3867	2.08167e-015
			vertex	-44.0296	23.3000	-4.30148
			vertex	-45.0000	21.4006	-4.12464
		endloop
	endfacet
	facet normal	-0.861523	0.505892	-0.0430231
		outer loop
			vertex	-44.0296	23.3000	-4.30148
			vertex	-44.1935	23.3867	2.08167e-015
			vertex	-41.7981	27.1002	-4.30148
		endloop
	endfacet
	facet normal	-0.861513	0.505912	-0.0429999
		outer loop
			vertex	-41.9536	27.2010	2.08167e-015
			vertex	-41.7981	27.1002	-4.30148
			vertex	-44.1935	23.3867	2.08167e-015
		endloop
	endfacet
	facet normal	-0.813426	0.580076	-0.0429995
		outer loop
			vertex	-41.7981	27.1002	-4.30148
			vertex	-41.9536	27.2010	2.08167e-015
			vertex	-39.2394	30.6882	-4.30148
		endloop
	endfacet
	facet normal	-0.813432	0.580068	-0.0430101
		outer loop
			vertex	-39.3854	30.8024	2.08167e-015
			vertex	-39.2394	30.6882	-4.30148
			vertex	-41.9536	27.2010	2.08167e-015
		endloop
	endfacet
	facet normal	-0.758983	0.649689	-0.0430103
		outer loop
			vertex	-39.2394	30.6882	-4.30148
			vertex	-39.3854	30.8024	2.08167e-015
			vertex	-36.3736	34.0361	-4.30148
		endloop
	endfacet
	facet normal	-0.467187	-0.0835687	0.880200
		outer loop
			vertex	-21.2633	-4.78255	45.0000
			vertex	-21.6028	-2.88459	45.0000
			vertex	-25.3599	-3.38628	42.9582
		endloop
	endfacet
	facet normal	-0.472744	-0.0419575	0.880200
		outer loop
			vertex	-25.5600	-1.13171	42.9582
			vertex	-25.3599	-3.38628	42.9582
			vertex	-21.6028	-2.88459	45.0000
		endloop
	endfacet
	facet normal	-0.546439	-0.0484982	0.836094
		outer loop
			vertex	-25.3599	-3.38628	42.9582
			vertex	-25.5600	-1.13171	42.9582
			vertex	-29.1573	-1.29099	40.5979
		endloop
	endfacet
	facet normal	-0.548586	0.000000	0.836094
		outer loop
			vertex	-29.1573	1.29099	40.5979
			vertex	-29.1573	-1.29099	40.5979
			vertex	-25.5600	-1.13171	42.9582
		endloop
	endfacet
	facet normal	-0.618514	0.000000	0.785774
		outer loop
			vertex	-29.1573	-1.29099	40.5979
			vertex	-29.1573	1.29099	40.5979
			vertex	-32.5384	1.44069	37.9365
		endloop
	endfacet
	facet normal	-0.616093	0.0546739	0.785773
		outer loop
			vertex	-32.2837	4.31080	37.9365
			vertex	-32.5384	1.44069	37.9365
			vertex	-29.1573	1.29099	40.5979
		endloop
	endfacet
	facet normal	-0.681149	0.0604471	0.729645
		outer loop
			vertex	-32.5384	1.44069	37.9365
			vertex	-32.2837	4.31080	37.9365
			vertex	-35.3990	4.72678	34.9938
		endloop
	endfacet
	facet normal	-0.673142	0.120405	0.729645
		outer loop
			vertex	-34.8427	7.83685	34.9938
			vertex	-35.3990	4.72678	34.9938
			vertex	-32.2837	4.31080	37.9365
		endloop
	endfacet
	facet normal	-0.732427	0.131009	0.668122
		outer loop
			vertex	-35.3990	4.72678	34.9938
			vertex	-34.8427	7.83685	34.9938
			vertex	-37.6507	8.46841	31.7917
		endloop
	endfacet
	facet normal	-0.717982	0.195232	0.668122
		outer loop
			vertex	-36.7549	11.7628	31.7917
			vertex	-37.6507	8.46841	31.7917
			vertex	-34.8427	7.83685	34.9938
		endloop
	endfacet
	facet normal	-0.770777	0.209588	0.601645
		outer loop
			vertex	-37.6507	8.46841	31.7917
			vertex	-36.7549	11.7628	31.7917
			vertex	-39.2235	12.5529	28.3539
		endloop
	endfacet
	facet normal	-0.749239	0.276881	0.601645
		outer loop
			vertex	-37.9606	15.9703	28.3539
			vertex	-39.2235	12.5529	28.3539
			vertex	-36.7549	11.7628	31.7917
		endloop
	endfacet
	facet normal	-0.794995	0.293790	0.530726
		outer loop
			vertex	-39.2235	12.5529	28.3539
			vertex	-37.9606	15.9703	28.3539
			vertex	-40.0683	16.8571	24.7058
		endloop
	endfacet
	facet normal	-0.765910	0.362921	0.530727
		outer loop
			vertex	-38.4216	20.3323	24.7058
			vertex	-40.0683	16.8571	24.7058
			vertex	-37.9606	15.9703	28.3539
		endloop
	endfacet
	facet normal	-0.804314	0.381118	0.455882
		outer loop
			vertex	-40.0683	16.8571	24.7058
			vertex	-38.4216	20.3323	24.7058
			vertex	-40.1578	21.2511	20.8745
		endloop
	endfacet
	facet normal	-0.767497	0.450688	0.455882
		outer loop
			vertex	-38.1225	24.7171	20.8745
			vertex	-40.1578	21.2511	20.8745
			vertex	-38.4216	20.3323	24.7058
		endloop
	endfacet
	facet normal	-0.798458	0.468869	0.377659
		outer loop
			vertex	-40.1578	21.2511	20.8745
			vertex	-38.1225	24.7171	20.8745
			vertex	-39.4880	25.6024	16.8884
		endloop
	endfacet
	facet normal	-0.753891	0.537608	0.377659
		outer loop
			vertex	-37.0707	28.9922	16.8884
			vertex	-39.4880	25.6024	16.8884
			vertex	-38.1225	24.7171	20.8745
		endloop
	endfacet
	facet normal	-0.777536	0.554469	0.296652
		outer loop
			vertex	-39.4880	25.6024	16.8884
			vertex	-37.0707	28.9922	16.8884
			vertex	-38.0777	29.7797	12.7771
		endloop
	endfacet
	facet normal	-0.725497	0.621009	0.296651
		outer loop
			vertex	-35.2968	33.0285	12.7771
			vertex	-38.0777	29.7797	12.7771
			vertex	-37.0707	28.9922	16.8884
		endloop
	endfacet
	facet normal	-0.742182	0.635292	0.213472
		outer loop
			vertex	-38.0777	29.7797	12.7771
			vertex	-35.2968	33.0285	12.7771
			vertex	-35.9685	33.6571	8.57107
		endloop
	endfacet
	facet normal	-0.683132	0.698398	0.213473
		outer loop
			vertex	-32.8532	36.7043	8.57107
			vertex	-35.9685	33.6571	8.57107
			vertex	-35.2968	33.0285	12.7771
		endloop
	endfacet
	facet normal	-0.693435	0.708932	0.128702
		outer loop
			vertex	-35.9685	33.6571	8.57107
			vertex	-32.8532	36.7043	8.57107
			vertex	-33.2231	37.1176	4.30148
		endloop
	endfacet
	facet normal	-0.628075	0.767436	0.128702
		outer loop
			vertex	-29.8127	39.9087	4.30148
			vertex	-33.2231	37.1176	4.30148
			vertex	-32.8532	36.7043	8.57107
		endloop
	endfacet
	facet normal	-0.632756	0.773156	0.0430053
		outer loop
			vertex	-33.2231	37.1176	4.30148
			vertex	-29.8127	39.9087	4.30148
			vertex	-29.9236	40.0572	2.08167e-015
		endloop
	endfacet
	facet normal	-0.561935	0.826063	0.0430059
		outer loop
			vertex	-26.2663	42.5451	2.08167e-015
			vertex	-29.9236	40.0572	2.08167e-015
			vertex	-29.8127	39.9087	4.30148
		endloop
	endfacet
	facet normal	-0.561934	0.826062	-0.0430286
		outer loop
			vertex	-29.9236	40.0572	2.08167e-015
			vertex	-26.2663	42.5451	2.08167e-015
			vertex	-26.1689	42.3873	-4.30148
		endloop
	endfacet
	facet normal	-0.486732	0.872491	-0.0430290
		outer loop
			vertex	-22.3203	44.5343	-4.30148
			vertex	-26.1689	42.3873	-4.30148
			vertex	-26.2663	42.5451	2.08167e-015
		endloop
	endfacet
	facet normal	-0.483130	0.866033	-0.128738
		outer loop
			vertex	-26.1689	42.3873	-4.30148
			vertex	-22.3203	44.5343	-4.30148
			vertex	-22.0717	44.0383	-8.57107
		endloop
	endfacet
	facet normal	-0.400578	0.907177	-0.128711
		outer loop
			vertex	-21.2667	45.0000	-4.29819
			vertex	-22.0717	44.0383	-8.57107
			vertex	-22.3203	44.5343	-4.30148
		endloop
	endfacet
	facet normal	-0.506077	0.856956	-0.0975321
		outer loop
			vertex	-22.0717	44.0383	-8.57107
			vertex	-21.2667	45.0000	-4.29819
			vertex	-20.9117	45.0000	-6.14022
		endloop
	endfacet
	facet normal	0.452123	0.882019	-0.132770
		outer loop
			vertex	21.3489	45.0000	-4.30069
			vertex	21.4006	45.0000	-4.12464
			vertex	24.2683	43.5034	-4.30148
		endloop
	endfacet
	facet normal	0.460150	0.886798	-0.0430380
		outer loop
			vertex	24.3586	43.6653	2.08167e-015
			vertex	24.2683	43.5034	-4.30148
			vertex	21.4006	45.0000	-4.12464
		endloop
	endfacet
	facet normal	0.524839	0.850114	-0.0430152
		outer loop
			vertex	24.2683	43.5034	-4.30148
			vertex	24.3586	43.6653	2.08167e-015
			vertex	28.0182	41.1883	-4.30148
		endloop
	endfacet
	facet normal	0.524833	0.850117	-0.0430223
		outer loop
			vertex	28.1225	41.3416	2.08167e-015
			vertex	28.0182	41.1883	-4.30148
			vertex	24.3586	43.6653	2.08167e-015
		endloop
	endfacet
	facet normal	0.597913	0.800406	-0.0430226
		outer loop
			vertex	28.0182	41.1883	-4.30148
			vertex	28.1225	41.3416	2.08167e-015
			vertex	31.5488	38.5509	-4.30148
		endloop
	endfacet
	facet normal	0.597929	0.800394	-0.0430024
		outer loop
			vertex	31.6662	38.6943	2.08167e-015
			vertex	31.5488	38.5509	-4.30148
			vertex	28.1225	41.3416	2.08167e-015
		endloop
	endfacet
	facet normal	0.666323	0.744422	-0.0430031
		outer loop
			vertex	31.5488	38.5509	-4.30148
			vertex	31.6662	38.6943	2.08167e-015
			vertex	34.8325	35.6117	-4.30148
		endloop
	endfacet
	facet normal	0.896377	-0.394014	-0.203128
		outer loop
			vertex	45.0000	-19.9919	-8.56845
			vertex	45.0000	-20.2333	-8.10020
			vertex	44.5158	-21.0921	-8.57107
		endloop
	endfacet
	facet normal	0.892229	-0.433293	-0.127222
		outer loop
			vertex	45.0000	-21.3222	-4.39163
			vertex	44.5158	-21.0921	-8.57107
			vertex	45.0000	-20.2333	-8.10020
		endloop
	endfacet
	facet normal	0.876703	-0.463935	-0.127111
		outer loop
			vertex	44.5158	-21.0921	-8.57107
			vertex	45.0000	-21.3222	-4.39163
			vertex	42.4775	-24.9439	-8.57107
		endloop
	endfacet
	facet normal	0.877248	-0.462458	-0.128720
		outer loop
			vertex	42.9559	-25.2248	-4.30148
			vertex	42.4775	-24.9439	-8.57107
			vertex	45.0000	-21.3222	-4.39163
		endloop
	endfacet
	facet normal	0.832094	-0.539490	-0.128728
		outer loop
			vertex	42.4775	-24.9439	-8.57107
			vertex	42.9559	-25.2248	-4.30148
			vertex	40.1068	-28.6004	-8.57107
		endloop
	endfacet
	facet normal	0.832086	-0.539505	-0.128711
		outer loop
			vertex	40.5584	-28.9225	-4.30148
			vertex	40.1068	-28.6004	-8.57107
			vertex	42.9559	-25.2248	-4.30148
		endloop
	endfacet
	facet normal	0.781158	-0.610922	-0.128712
		outer loop
			vertex	40.1068	-28.6004	-8.57107
			vertex	40.5584	-28.9225	-4.30148
			vertex	37.4221	-32.0332	-8.57107
		endloop
	endfacet
	facet normal	0.781157	-0.610924	-0.128710
		outer loop
			vertex	37.8435	-32.3939	-4.30148
			vertex	37.4221	-32.0332	-8.57107
			vertex	40.5584	-28.9225	-4.30148
		endloop
	endfacet
	facet normal	0.724108	-0.677571	-0.128710
		outer loop
			vertex	37.4221	-32.0332	-8.57107
			vertex	37.8435	-32.3939	-4.30148
			vertex	34.4446	-35.2152	-8.57107
		endloop
	endfacet
	facet normal	0.724107	-0.677571	-0.128710
		outer loop
			vertex	34.8325	-35.6117	-4.30148
			vertex	34.4446	-35.2152	-8.57107
			vertex	37.8435	-32.3939	-4.30148
		endloop
	endfacet
	facet normal	0.661388	-0.738918	-0.128709
		outer loop
			vertex	34.4446	-35.2152	-8.57107
			vertex	34.8325	-35.6117	-4.30148
			vertex	31.1975	-38.1216	-8.57107
		endloop
	endfacet
	facet normal	-0.880338	0.421616	-0.217358
		outer loop
			vertex	-45.0000	19.9919	-8.56845
			vertex	-45.0000	20.2333	-8.10020
			vertex	-43.5393	23.0405	-8.57107
		endloop
	endfacet
	facet normal	-0.888386	0.440659	-0.128800
		outer loop
			vertex	-44.0296	23.3000	-4.30148
			vertex	-43.5393	23.0405	-8.57107
			vertex	-45.0000	20.2333	-8.10020
		endloop
	endfacet
	facet normal	-0.855144	0.502154	-0.128721
		outer loop
			vertex	-43.5393	23.0405	-8.57107
			vertex	-44.0296	23.3000	-4.30148
			vertex	-41.3326	26.7984	-8.57107
		endloop
	endfacet
	facet normal	-0.855147	0.502147	-0.128728
		outer loop
			vertex	-41.7981	27.1002	-4.30148
			vertex	-41.3326	26.7984	-8.57107
			vertex	-44.0296	23.3000	-4.30148
		endloop
	endfacet
	facet normal	-0.807410	0.575776	-0.128728
		outer loop
			vertex	-41.3326	26.7984	-8.57107
			vertex	-41.7981	27.1002	-4.30148
			vertex	-38.8024	30.3465	-8.57107
		endloop
	endfacet
	facet normal	-0.807406	0.575783	-0.128720
		outer loop
			vertex	-39.2394	30.6882	-4.30148
			vertex	-38.8024	30.3465	-8.57107
			vertex	-41.7981	27.1002	-4.30148
		endloop
	endfacet
	facet normal	-0.753363	0.644885	-0.128718
		outer loop
			vertex	-38.8024	30.3465	-8.57107
			vertex	-39.2394	30.6882	-4.30148
			vertex	-35.9685	33.6571	-8.57107
		endloop
	endfacet
	facet normal	-0.753366	0.644880	-0.128724
		outer loop
			vertex	-36.3736	34.0361	-4.30148
			vertex	-35.9685	33.6571	-8.57107
			vertex	-39.2394	30.6882	-4.30148
		endloop
	endfacet
	facet normal	-0.693433	0.708930	-0.128723
		outer loop
			vertex	-35.9685	33.6571	-8.57107
			vertex	-36.3736	34.0361	-4.30148
			vertex	-32.8532	36.7043	-8.57107
		endloop
	endfacet
	facet normal	-0.628050	0.767456	-0.128702
		outer loop
			vertex	-29.4807	39.4642	-8.57107
			vertex	-32.8532	36.7043	-8.57107
			vertex	-33.2231	37.1176	-4.30148
		endloop
	endfacet
	facet normal	-0.693420	0.708946	-0.128702
		outer loop
			vertex	-36.3736	34.0361	-4.30148
			vertex	-33.2231	37.1176	-4.30148
			vertex	-32.8532	36.7043	-8.57107
		endloop
	endfacet
	facet normal	-0.698588	0.714230	-0.0430276
		outer loop
			vertex	-33.2231	37.1176	-4.30148
			vertex	-36.3736	34.0361	-4.30148
			vertex	-36.5090	34.1628	2.08167e-015
		endloop
	endfacet
	facet normal	-0.758993	0.649675	-0.0430275
		outer loop
			vertex	-39.3854	30.8024	2.08167e-015
			vertex	-36.5090	34.1628	2.08167e-015
			vertex	-36.3736	34.0361	-4.30148
		endloop
	endfacet
	facet normal	-0.758994	0.649676	0.0430103
		outer loop
			vertex	-36.5090	34.1628	2.08167e-015
			vertex	-39.3854	30.8024	2.08167e-015
			vertex	-39.2394	30.6882	4.30148
		endloop
	endfacet
	facet normal	-0.813426	0.580076	0.0430101
		outer loop
			vertex	-41.7981	27.1002	4.30148
			vertex	-39.2394	30.6882	4.30148
			vertex	-39.3854	30.8024	2.08167e-015
		endloop
	endfacet
	facet normal	-0.807405	0.575783	0.128728
		outer loop
			vertex	-39.2394	30.6882	4.30148
			vertex	-41.7981	27.1002	4.30148
			vertex	-41.3326	26.7984	8.57107
		endloop
	endfacet
	facet normal	-0.855143	0.502154	0.128728
		outer loop
			vertex	-43.5393	23.0405	8.57107
			vertex	-41.3326	26.7984	8.57107
			vertex	-41.7981	27.1002	4.30148
		endloop
	endfacet
	facet normal	-0.842438	0.494693	0.213488
		outer loop
			vertex	-41.3326	26.7984	8.57107
			vertex	-43.5393	23.0405	8.57107
			vertex	-42.7261	22.6102	12.7771
		endloop
	endfacet
	facet normal	-0.881923	0.420269	0.213508
		outer loop
			vertex	-45.0000	18.9375	10.6138
			vertex	-42.7261	22.6102	12.7771
			vertex	-43.5393	23.0405	8.57107
		endloop
	endfacet
	facet normal	-0.882036	0.417920	0.217615
		outer loop
			vertex	-42.7261	22.6102	12.7771
			vertex	-45.0000	18.9375	10.6138
			vertex	-44.5572	18.7456	12.7771
		endloop
	endfacet
	facet normal	-0.880089	0.422021	0.217580
		outer loop
			vertex	-45.0000	18.3347	11.7830
			vertex	-44.5572	18.7456	12.7771
			vertex	-45.0000	18.9375	10.6138
		endloop
	endfacet
	facet normal	-0.904214	0.335709	0.264002
		outer loop
			vertex	-44.5572	18.7456	12.7771
			vertex	-45.0000	18.3347	11.7830
			vertex	-45.0000	17.5564	12.7727
		endloop
	endfacet
	facet normal	-0.457970	-0.124527	0.880203
		outer loop
			vertex	-20.7574	-6.64309	45.0000
			vertex	-21.2633	-4.78255	45.0000
			vertex	-24.9614	-5.61434	42.9582
		endloop
	endfacet
	facet normal	-0.467185	-0.0835583	0.880202
		outer loop
			vertex	-25.3599	-3.38628	42.9582
			vertex	-24.9614	-5.61434	42.9582
			vertex	-21.2633	-4.78255	45.0000
		endloop
	endfacet
	facet normal	-0.540011	-0.0965836	0.836098
		outer loop
			vertex	-24.9614	-5.61434	42.9582
			vertex	-25.3599	-3.38628	42.9582
			vertex	-28.9291	-3.86286	40.5979
		endloop
	endfacet
	facet normal	-0.546434	-0.0484844	0.836098
		outer loop
			vertex	-29.1573	-1.29099	40.5979
			vertex	-28.9291	-3.86286	40.5979
			vertex	-25.3599	-3.38628	42.9582
		endloop
	endfacet
	facet normal	-0.616094	-0.0546653	0.785774
		outer loop
			vertex	-28.9291	-3.86286	40.5979
			vertex	-29.1573	-1.29099	40.5979
			vertex	-32.5384	-1.44069	37.9365
		endloop
	endfacet
	facet normal	-0.618514	0.000000	0.785774
		outer loop
			vertex	-32.5384	1.44069	37.9365
			vertex	-32.5384	-1.44069	37.9365
			vertex	-29.1573	-1.29099	40.5979
		endloop
	endfacet
	facet normal	-0.683835	0.000000	0.729637
		outer loop
			vertex	-32.5384	-1.44069	37.9365
			vertex	-32.5384	1.44069	37.9365
			vertex	-35.6782	1.57971	34.9938
		endloop
	endfacet
	facet normal	-0.681159	0.0604309	0.729637
		outer loop
			vertex	-35.3990	4.72678	34.9938
			vertex	-35.6782	1.57971	34.9938
			vertex	-32.5384	1.44069	37.9365
		endloop
	endfacet
	facet normal	-0.741144	0.0657526	0.668119
		outer loop
			vertex	-35.6782	1.57971	34.9938
			vertex	-35.3990	4.72678	34.9938
			vertex	-38.2518	5.10771	31.7917
		endloop
	endfacet
	facet normal	-0.732431	0.131003	0.668119
		outer loop
			vertex	-37.6507	8.46841	31.7917
			vertex	-38.2518	5.10771	31.7917
			vertex	-35.3990	4.72678	34.9938
		endloop
	endfacet
	facet normal	-0.786294	0.140637	0.601633
		outer loop
			vertex	-38.2518	5.10771	31.7917
			vertex	-37.6507	8.46841	31.7917
			vertex	-40.1794	9.03719	28.3539
		endloop
	endfacet
	facet normal	-0.770789	0.209573	0.601634
		outer loop
			vertex	-39.2235	12.5529	28.3539
			vertex	-40.1794	9.03719	28.3539
			vertex	-37.6507	8.46841	31.7917
		endloop
	endfacet
	facet normal	-0.817856	0.222370	0.530720
		outer loop
			vertex	-40.1794	9.03719	28.3539
			vertex	-39.2235	12.5529	28.3539
			vertex	-41.4013	13.2499	24.7058
		endloop
	endfacet
	facet normal	-0.795001	0.293784	0.530721
		outer loop
			vertex	-40.0683	16.8571	24.7058
			vertex	-41.4013	13.2499	24.7058
			vertex	-39.2235	12.5529	28.3539
		endloop
	endfacet
	facet normal	-0.834871	0.308518	0.455859
		outer loop
			vertex	-41.4013	13.2499	24.7058
			vertex	-40.0683	16.8571	24.7058
			vertex	-41.8788	17.6188	20.8745
		endloop
	endfacet
	facet normal	-0.804336	0.381098	0.455860
		outer loop
			vertex	-40.1578	21.2511	20.8745
			vertex	-41.8788	17.6188	20.8745
			vertex	-40.0683	16.8571	24.7058
		endloop
	endfacet
	facet normal	-0.836771	0.396466	0.377663
		outer loop
			vertex	-41.8788	17.6188	20.8745
			vertex	-40.1578	21.2511	20.8745
			vertex	-41.5962	22.0123	16.8884
		endloop
	endfacet
	facet normal	-0.798454	0.468872	0.377663
		outer loop
			vertex	-39.4880	25.6024	16.8884
			vertex	-41.5962	22.0123	16.8884
			vertex	-40.1578	21.2511	20.8745
		endloop
	endfacet
	facet normal	-0.823494	0.483577	0.296667
		outer loop
			vertex	-41.5962	22.0123	16.8884
			vertex	-39.4880	25.6024	16.8884
			vertex	-40.5607	26.2979	12.7771
		endloop
	endfacet
	facet normal	-0.777523	0.554480	0.296667
		outer loop
			vertex	-38.0777	29.7797	12.7771
			vertex	-40.5607	26.2979	12.7771
			vertex	-39.4880	25.6024	16.8884
		endloop
	endfacet
	facet normal	-0.795406	0.567232	0.213488
		outer loop
			vertex	-40.5607	26.2979	12.7771
			vertex	-38.0777	29.7797	12.7771
			vertex	-38.8024	30.3465	8.57107
		endloop
	endfacet
	facet normal	-0.742168	0.635302	0.213489
		outer loop
			vertex	-35.9685	33.6571	8.57107
			vertex	-38.8024	30.3465	8.57107
			vertex	-38.0777	29.7797	12.7771
		endloop
	endfacet
	facet normal	-0.753362	0.644884	0.128724
		outer loop
			vertex	-38.8024	30.3465	8.57107
			vertex	-35.9685	33.6571	8.57107
			vertex	-36.3736	34.0361	4.30148
		endloop
	endfacet
	facet normal	-0.693418	0.708944	0.128723
		outer loop
			vertex	-33.2231	37.1176	4.30148
			vertex	-36.3736	34.0361	4.30148
			vertex	-35.9685	33.6571	8.57107
		endloop
	endfacet
	facet normal	-0.698587	0.714229	0.0430366
		outer loop
			vertex	-36.3736	34.0361	4.30148
			vertex	-33.2231	37.1176	4.30148
			vertex	-33.3468	37.2558	2.08167e-015
		endloop
	endfacet
	facet normal	-0.632732	0.773174	0.0430366
		outer loop
			vertex	-29.9236	40.0572	2.08167e-015
			vertex	-33.3468	37.2558	2.08167e-015
			vertex	-33.2231	37.1176	4.30148
		endloop
	endfacet
	facet normal	-0.632733	0.773175	-0.0430053
		outer loop
			vertex	-33.3468	37.2558	2.08167e-015
			vertex	-29.9236	40.0572	2.08167e-015
			vertex	-29.8127	39.9087	-4.30148
		endloop
	endfacet
	facet normal	-0.561917	0.826075	-0.0430058
		outer loop
			vertex	-26.1689	42.3873	-4.30148
			vertex	-29.8127	39.9087	-4.30148
			vertex	-29.9236	40.0572	2.08167e-015
		endloop
	endfacet
	facet normal	-0.557758	0.819962	-0.128713
		outer loop
			vertex	-29.8127	39.9087	-4.30148
			vertex	-26.1689	42.3873	-4.30148
			vertex	-25.8775	41.9153	-8.57107
		endloop
	endfacet
	facet normal	-0.483110	0.866047	-0.128713
		outer loop
			vertex	-22.0717	44.0383	-8.57107
			vertex	-25.8775	41.9153	-8.57107
			vertex	-26.1689	42.3873	-4.30148
		endloop
	endfacet
	facet normal	-0.475933	0.853183	-0.213464
		outer loop
			vertex	-25.8775	41.9153	-8.57107
			vertex	-22.0717	44.0383	-8.57107
			vertex	-21.6595	43.2159	-12.7771
		endloop
	endfacet
	facet normal	-0.401409	0.890670	-0.213490
		outer loop
			vertex	-19.9405	45.0000	-8.56604
			vertex	-21.6595	43.2159	-12.7771
			vertex	-22.0717	44.0383	-8.57107
		endloop
	endfacet
	facet normal	-0.456318	0.870862	-0.182684
		outer loop
			vertex	-21.6595	43.2159	-12.7771
			vertex	-19.9405	45.0000	-8.56604
			vertex	-19.3717	45.0000	-9.98682
		endloop
	endfacet
	facet normal	0.432026	0.873934	-0.222694
		outer loop
			vertex	20.1165	45.0000	-8.32679
			vertex	20.2333	45.0000	-8.10020
			vertex	23.9981	43.0189	-8.57107
		endloop
	endfacet
	facet normal	0.449143	0.884134	-0.128752
		outer loop
			vertex	24.2683	43.5034	-4.30148
			vertex	23.9981	43.0189	-8.57107
			vertex	20.2333	45.0000	-8.10020
		endloop
	endfacet
	facet normal	0.520957	0.843821	-0.128722
		outer loop
			vertex	23.9981	43.0189	-8.57107
			vertex	24.2683	43.5034	-4.30148
			vertex	27.7062	40.7296	-8.57107
		endloop
	endfacet
	facet normal	0.520955	0.843822	-0.128725
		outer loop
			vertex	28.0182	41.1883	-4.30148
			vertex	27.7062	40.7296	-8.57107
			vertex	24.2683	43.5034	-4.30148
		endloop
	endfacet
	facet normal	0.593481	0.794487	-0.128724
		outer loop
			vertex	27.7062	40.7296	-8.57107
			vertex	28.0182	41.1883	-4.30148
			vertex	31.1975	38.1216	-8.57107
		endloop
	endfacet
	facet normal	0.593489	0.794483	-0.128716
		outer loop
			vertex	31.5488	38.5509	-4.30148
			vertex	31.1975	38.1216	-8.57107
			vertex	28.0182	41.1883	-4.30148
		endloop
	endfacet
	facet normal	0.661387	0.738918	-0.128715
		outer loop
			vertex	31.1975	38.1216	-8.57107
			vertex	31.5488	38.5509	-4.30148
			vertex	34.4446	35.2152	-8.57107
		endloop
	endfacet
	facet normal	0.661393	0.738914	-0.128709
		outer loop
			vertex	34.8325	35.6117	-4.30148
			vertex	34.4446	35.2152	-8.57107
			vertex	31.5488	38.5509	-4.30148
		endloop
	endfacet
	facet normal	0.724108	0.677571	-0.128710
		outer loop
			vertex	34.4446	35.2152	-8.57107
			vertex	34.8325	35.6117	-4.30148
			vertex	37.4221	32.0332	-8.57107
		endloop
	endfacet
	facet normal	0.781158	0.610923	-0.128710
		outer loop
			vertex	40.1068	28.6004	-8.57107
			vertex	37.4221	32.0332	-8.57107
			vertex	37.8435	32.3939	-4.30148
		endloop
	endfacet
	facet normal	0.724107	0.677571	-0.128710
		outer loop
			vertex	34.8325	35.6117	-4.30148
			vertex	37.8435	32.3939	-4.30148
			vertex	37.4221	32.0332	-8.57107
		endloop
	endfacet
	facet normal	0.729505	0.682621	-0.0430222
		outer loop
			vertex	37.8435	32.3939	-4.30148
			vertex	34.8325	35.6117	-4.30148
			vertex	34.9621	35.7443	2.08167e-015
		endloop
	endfacet
	facet normal	0.666308	0.744435	-0.0430236
		outer loop
			vertex	31.6662	38.6943	2.08167e-015
			vertex	34.9621	35.7443	2.08167e-015
			vertex	34.8325	35.6117	-4.30148
		endloop
	endfacet
	facet normal	0.666308	0.744435	0.0430032
		outer loop
			vertex	34.9621	35.7443	2.08167e-015
			vertex	31.6662	38.6943	2.08167e-015
			vertex	31.5488	38.5509	4.30148
		endloop
	endfacet
	facet normal	0.597914	0.800406	0.0430024
		outer loop
			vertex	28.0182	41.1883	4.30148
			vertex	31.5488	38.5509	4.30148
			vertex	31.6662	38.6943	2.08167e-015
		endloop
	endfacet
	facet normal	0.593488	0.794482	0.128724
		outer loop
			vertex	31.5488	38.5509	4.30148
			vertex	28.0182	41.1883	4.30148
			vertex	27.7062	40.7296	8.57107
		endloop
	endfacet
	facet normal	0.520957	0.843821	0.128725
		outer loop
			vertex	23.9981	43.0189	8.57107
			vertex	27.7062	40.7296	8.57107
			vertex	28.0182	41.1883	4.30148
		endloop
	endfacet
	facet normal	0.513218	0.831286	0.213474
		outer loop
			vertex	27.7062	40.7296	8.57107
			vertex	23.9981	43.0189	8.57107
			vertex	23.5499	42.2155	12.7771
		endloop
	endfacet
	facet normal	0.437726	0.873398	0.213474
		outer loop
			vertex	19.7267	44.1316	12.7771
			vertex	23.5499	42.2155	12.7771
			vertex	23.9981	43.0189	8.57107
		endloop
	endfacet
	facet normal	0.427885	0.853762	0.296658
		outer loop
			vertex	23.5499	42.2155	12.7771
			vertex	19.7267	44.1316	12.7771
			vertex	19.2050	42.9645	16.8884
		endloop
	endfacet
	facet normal	0.354248	0.886835	0.296702
		outer loop
			vertex	17.5564	45.0000	12.7727
			vertex	19.2050	42.9645	16.8884
			vertex	19.7267	44.1316	12.7771
		endloop
	endfacet
	facet normal	0.368136	0.883548	0.289514
		outer loop
			vertex	19.2050	42.9645	16.8884
			vertex	17.5564	45.0000	12.7727
			vertex	15.7734	45.0000	15.0399
		endloop
	endfacet
	facet normal	-0.114361	0.460613	0.880203
		outer loop
			vertex	-6.18227	20.8993	45.0000
			vertex	-4.31099	21.3639	45.0000
			vertex	-5.06077	25.0795	42.9582
		endloop
	endfacet
	facet normal	-0.0731999	0.468919	0.880203
		outer loop
			vertex	-2.82443	25.4286	42.9582
			vertex	-5.06077	25.0795	42.9582
			vertex	-4.31099	21.3639	45.0000
		endloop
	endfacet
	facet normal	-0.0846101	0.542013	0.836100
		outer loop
			vertex	-5.06077	25.0795	42.9582
			vertex	-2.82443	25.4286	42.9582
			vertex	-3.22194	29.0075	40.5979
		endloop
	endfacet
	facet normal	-0.0363743	0.547370	0.836100
		outer loop
			vertex	-0.645652	29.1787	40.5979
			vertex	-3.22194	29.0075	40.5979
			vertex	-2.82443	25.4286	42.9582
		endloop
	endfacet
	facet normal	-0.0410114	0.617151	0.785775
		outer loop
			vertex	-3.22194	29.0075	40.5979
			vertex	-0.645652	29.1787	40.5979
			vertex	-0.720522	32.5623	37.9365
		endloop
	endfacet
	facet normal	0.0136736	0.618361	0.785775
		outer loop
			vertex	2.16016	32.4986	37.9365
			vertex	-0.720522	32.5623	37.9365
			vertex	-0.645652	29.1787	40.5979
		endloop
	endfacet
	facet normal	0.0151178	0.683674	0.729631
		outer loop
			vertex	-0.720522	32.5623	37.9365
			vertex	2.16016	32.4986	37.9365
			vertex	2.36860	35.6345	34.9938
		endloop
	endfacet
	facet normal	0.0754746	0.679663	0.729632
		outer loop
			vertex	5.50872	35.2858	34.9938
			vertex	2.36860	35.6345	34.9938
			vertex	2.16016	32.4986	37.9365
		endloop
	endfacet
	facet normal	0.0821213	0.739518	0.668109
		outer loop
			vertex	2.36860	35.6345	34.9938
			vertex	5.50872	35.2858	34.9938
			vertex	5.95266	38.1294	31.7917
		endloop
	endfacet
	facet normal	0.147177	0.729362	0.668109
		outer loop
			vertex	9.29925	37.4541	31.7917
			vertex	5.95266	38.1294	31.7917
			vertex	5.50872	35.2858	34.9938
		endloop
	endfacet
	facet normal	0.157996	0.782980	0.601648
		outer loop
			vertex	5.95266	38.1294	31.7917
			vertex	9.29925	37.4541	31.7917
			vertex	9.92383	39.9697	28.3539
		endloop
	endfacet
	facet normal	0.226584	0.765950	0.601648
		outer loop
			vertex	13.4175	38.9362	28.3539
			vertex	9.92383	39.9697	28.3539
			vertex	9.29925	37.4541	31.7917
		endloop
	endfacet
	facet normal	0.240425	0.812737	0.530712
		outer loop
			vertex	9.92383	39.9697	28.3539
			vertex	13.4175	38.9362	28.3539
			vertex	14.1625	41.0980	24.7058
		endloop
	endfacet
	facet normal	0.311308	0.788309	0.530712
		outer loop
			vertex	17.7393	39.6855	24.7058
			vertex	14.1625	41.0980	24.7058
			vertex	13.4175	38.9362	28.3539
		endloop
	endfacet
	facet normal	0.326915	0.827830	0.455878
		outer loop
			vertex	14.1625	41.0980	24.7058
			vertex	17.7393	39.6855	24.7058
			vertex	18.5409	41.4788	20.8745
		endloop
	endfacet
	facet normal	0.398801	0.795697	0.455878
		outer loop
			vertex	22.1343	39.6778	20.8745
			vertex	18.5409	41.4788	20.8745
			vertex	17.7393	39.6855	24.7058
		endloop
	endfacet
	facet normal	0.414888	0.827793	0.377658
		outer loop
			vertex	18.5409	41.4788	20.8745
			vertex	22.1343	39.6778	20.8745
			vertex	22.9271	41.0990	16.8884
		endloop
	endfacet
	facet normal	0.486420	0.787889	0.377658
		outer loop
			vertex	26.4697	38.9119	16.8884
			vertex	22.9271	41.0990	16.8884
			vertex	22.1343	39.6778	20.8745
		endloop
	endfacet
	facet normal	0.501673	0.812595	0.296670
		outer loop
			vertex	22.9271	41.0990	16.8884
			vertex	26.4697	38.9119	16.8884
			vertex	27.1887	39.9690	12.7771
		endloop
	endfacet
	facet normal	0.571534	0.765073	0.296669
		outer loop
			vertex	30.6148	37.4096	12.7771
			vertex	27.1887	39.9690	12.7771
			vertex	26.4697	38.9119	16.8884
		endloop
	endfacet
	facet normal	0.584679	0.782670	0.213492
		outer loop
			vertex	27.1887	39.9690	12.7771
			vertex	30.6148	37.4096	12.7771
			vertex	31.1975	38.1216	8.57107
		endloop
	endfacet
	facet normal	0.651559	0.727937	0.213492
		outer loop
			vertex	34.4446	35.2152	8.57107
			vertex	31.1975	38.1216	8.57107
			vertex	30.6148	37.4096	12.7771
		endloop
	endfacet
	facet normal	0.661388	0.738918	0.128709
		outer loop
			vertex	31.1975	38.1216	8.57107
			vertex	34.4446	35.2152	8.57107
			vertex	34.8325	35.6117	4.30148
		endloop
	endfacet
	facet normal	0.724107	0.677571	0.128710
		outer loop
			vertex	37.8435	32.3939	4.30148
			vertex	34.8325	35.6117	4.30148
			vertex	34.4446	35.2152	8.57107
		endloop
	endfacet
	facet normal	0.729505	0.682621	0.0430183
		outer loop
			vertex	34.8325	35.6117	4.30148
			vertex	37.8435	32.3939	4.30148
			vertex	37.9844	32.5144	2.08167e-015
		endloop
	endfacet
	facet normal	0.786989	0.615466	0.0430200
		outer loop
			vertex	40.7093	29.0301	2.08167e-015
			vertex	37.9844	32.5144	2.08167e-015
			vertex	37.8435	32.3939	4.30148
		endloop
	endfacet
	facet normal	0.786989	0.615466	-0.0430046
		outer loop
			vertex	37.9844	32.5144	2.08167e-015
			vertex	40.7093	29.0301	2.08167e-015
			vertex	40.5584	28.9225	-4.30148
		endloop
	endfacet
	facet normal	0.838289	0.543527	-0.0430048
		outer loop
			vertex	42.9559	25.2248	-4.30148
			vertex	40.5584	28.9225	-4.30148
			vertex	40.7093	29.0301	2.08167e-015
		endloop
	endfacet
	facet normal	0.832084	0.539504	-0.128728
		outer loop
			vertex	40.5584	28.9225	-4.30148
			vertex	42.9559	25.2248	-4.30148
			vertex	42.4775	24.9439	-8.57107
		endloop
	endfacet
	facet normal	0.876518	0.463837	-0.128729
		outer loop
			vertex	44.5158	21.0921	-8.57107
			vertex	42.4775	24.9439	-8.57107
			vertex	42.9559	25.2248	-4.30148
		endloop
	endfacet
	facet normal	0.863501	0.456948	-0.213460
		outer loop
			vertex	42.4775	24.9439	-8.57107
			vertex	44.5158	21.0921	-8.57107
			vertex	43.6845	20.6982	-12.7771
		endloop
	endfacet
	facet normal	0.900919	0.377867	-0.213449
		outer loop
			vertex	45.0000	19.9405	-8.56604
			vertex	43.6845	20.6982	-12.7771
			vertex	44.5158	21.0921	-8.57107
		endloop
	endfacet
	facet normal	0.865072	0.465712	-0.186445
		outer loop
			vertex	43.6845	20.6982	-12.7771
			vertex	45.0000	19.9405	-8.56604
			vertex	45.0000	19.3717	-9.98682
		endloop
	endfacet
	facet normal	0.882811	-0.369234	-0.290365
		outer loop
			vertex	45.0000	-17.5564	-12.7727
			vertex	45.0000	-18.3347	-11.7830
			vertex	43.6845	-20.6982	-12.7771
		endloop
	endfacet
	facet normal	0.889024	-0.404964	-0.213636
		outer loop
			vertex	44.5158	-21.0921	-8.57107
			vertex	43.6845	-20.6982	-12.7771
			vertex	45.0000	-18.3347	-11.7830
		endloop
	endfacet
	facet normal	0.863491	-0.456967	-0.213459
		outer loop
			vertex	43.6845	-20.6982	-12.7771
			vertex	44.5158	-21.0921	-8.57107
			vertex	41.6842	-24.4780	-12.7771
		endloop
	endfacet
	facet normal	0.863497	-0.456946	-0.213480
		outer loop
			vertex	42.4775	-24.9439	-8.57107
			vertex	41.6842	-24.4780	-12.7771
			vertex	44.5158	-21.0921	-8.57107
		endloop
	endfacet
	facet normal	0.819730	-0.531477	-0.213481
		outer loop
			vertex	41.6842	-24.4780	-12.7771
			vertex	42.4775	-24.9439	-8.57107
			vertex	39.3577	-28.0663	-12.7771
		endloop
	endfacet
	facet normal	0.819731	-0.531474	-0.213484
		outer loop
			vertex	40.1068	-28.6004	-8.57107
			vertex	39.3577	-28.0663	-12.7771
			vertex	42.4775	-24.9439	-8.57107
		endloop
	endfacet
	facet normal	0.769550	-0.601846	-0.213483
		outer loop
			vertex	39.3577	-28.0663	-12.7771
			vertex	40.1068	-28.6004	-8.57107
			vertex	36.7232	-31.4349	-12.7771
		endloop
	endfacet
	facet normal	0.769550	-0.601845	-0.213484
		outer loop
			vertex	37.4221	-32.0332	-8.57107
			vertex	36.7232	-31.4349	-12.7771
			vertex	40.1068	-28.6004	-8.57107
		endloop
	endfacet
	facet normal	0.713349	-0.667500	-0.213485
		outer loop
			vertex	36.7232	-31.4349	-12.7771
			vertex	37.4221	-32.0332	-8.57107
			vertex	33.8013	-34.5575	-12.7771
		endloop
	endfacet
	facet normal	0.713348	-0.667503	-0.213482
		outer loop
			vertex	34.4446	-35.2152	-8.57107
			vertex	33.8013	-34.5575	-12.7771
			vertex	37.4221	-32.0332	-8.57107
		endloop
	endfacet
	facet normal	0.651553	-0.727945	-0.213482
		outer loop
			vertex	33.8013	-34.5575	-12.7771
			vertex	34.4446	-35.2152	-8.57107
			vertex	30.6148	-37.4096	-12.7771
		endloop
	endfacet
	facet normal	0.651559	-0.727937	-0.213492
		outer loop
			vertex	31.1975	-38.1216	-8.57107
			vertex	30.6148	-37.4096	-12.7771
			vertex	34.4446	-35.2152	-8.57107
		endloop
	endfacet
	facet normal	0.584679	-0.782670	-0.213492
		outer loop
			vertex	30.6148	-37.4096	-12.7771
			vertex	31.1975	-38.1216	-8.57107
			vertex	27.1887	-39.9690	-12.7771
		endloop
	endfacet
	facet normal	0.513215	-0.831288	-0.213471
		outer loop
			vertex	23.5499	-42.2155	-12.7771
			vertex	27.1887	-39.9690	-12.7771
			vertex	27.7062	-40.7296	-8.57107
		endloop
	endfacet
	facet normal	0.584665	-0.782685	-0.213473
		outer loop
			vertex	31.1975	-38.1216	-8.57107
			vertex	27.7062	-40.7296	-8.57107
			vertex	27.1887	-39.9690	-12.7771
		endloop
	endfacet
	facet normal	0.593482	-0.794488	-0.128716
		outer loop
			vertex	27.7062	-40.7296	-8.57107
			vertex	31.1975	-38.1216	-8.57107
			vertex	31.5488	-38.5509	-4.30148
		endloop
	endfacet
	facet normal	0.661392	-0.738913	-0.128715
		outer loop
			vertex	34.8325	-35.6117	-4.30148
			vertex	31.5488	-38.5509	-4.30148
			vertex	31.1975	-38.1216	-8.57107
		endloop
	endfacet
	facet normal	0.666322	-0.744421	-0.0430236
		outer loop
			vertex	31.5488	-38.5509	-4.30148
			vertex	34.8325	-35.6117	-4.30148
			vertex	34.9621	-35.7443	2.08167e-015
		endloop
	endfacet
	facet normal	0.729507	-0.682619	-0.0430222
		outer loop
			vertex	37.9844	-32.5144	2.08167e-015
			vertex	34.9621	-35.7443	2.08167e-015
			vertex	34.8325	-35.6117	-4.30148
		endloop
	endfacet
	facet normal	0.729507	-0.682619	0.0430184
		outer loop
			vertex	34.9621	-35.7443	2.08167e-015
			vertex	37.9844	-32.5144	2.08167e-015
			vertex	37.8435	-32.3939	4.30148
		endloop
	endfacet
	facet normal	0.786979	-0.615478	0.0430200
		outer loop
			vertex	40.5584	-28.9225	4.30148
			vertex	37.8435	-32.3939	4.30148
			vertex	37.9844	-32.5144	2.08167e-015
		endloop
	endfacet
	facet normal	0.781157	-0.610924	0.128712
		outer loop
			vertex	37.8435	-32.3939	4.30148
			vertex	40.5584	-28.9225	4.30148
			vertex	40.1068	-28.6004	8.57107
		endloop
	endfacet
	facet normal	0.832096	-0.539491	0.128711
		outer loop
			vertex	42.4775	-24.9439	8.57107
			vertex	40.1068	-28.6004	8.57107
			vertex	40.5584	-28.9225	4.30148
		endloop
	endfacet
	facet normal	0.819732	-0.531475	0.213481
		outer loop
			vertex	40.1068	-28.6004	8.57107
			vertex	42.4775	-24.9439	8.57107
			vertex	41.6842	-24.4780	12.7771
		endloop
	endfacet
	facet normal	0.863487	-0.456965	0.213480
		outer loop
			vertex	43.6845	-20.6982	12.7771
			vertex	41.6842	-24.4780	12.7771
			vertex	42.4775	-24.9439	8.57107
		endloop
	endfacet
	facet normal	0.844067	-0.446688	0.296683
		outer loop
			vertex	41.6842	-24.4780	12.7771
			vertex	43.6845	-20.6982	12.7771
			vertex	42.5291	-20.1508	16.8884
		endloop
	endfacet
	facet normal	0.880292	-0.370224	0.296683
		outer loop
			vertex	45.0000	-16.6384	13.9400
			vertex	42.5291	-20.1508	16.8884
			vertex	43.6845	-20.6982	12.7771
		endloop
	endfacet
	facet normal	0.880290	-0.370342	0.296539
		outer loop
			vertex	42.5291	-20.1508	16.8884
			vertex	45.0000	-16.6384	13.9400
			vertex	44.1436	-16.3132	16.8884
		endloop
	endfacet
	facet normal	0.877501	-0.376967	0.296460
		outer loop
			vertex	45.0000	-15.7734	15.0399
			vertex	44.1436	-16.3132	16.8884
			vertex	45.0000	-16.6384	13.9400
		endloop
	endfacet
	facet normal	0.898261	-0.287792	0.332119
		outer loop
			vertex	44.1436	-16.3132	16.8884
			vertex	45.0000	-15.7734	15.0399
			vertex	45.0000	-13.6433	16.8857
		endloop
	endfacet
	facet normal	0.452004	0.144659	0.880208
		outer loop
			vertex	20.4432	7.55475	45.0000
			vertex	21.0309	5.71842	45.0000
			vertex	24.6887	6.71297	42.9582
		endloop
	endfacet
	facet normal	0.463025	0.104127	0.880208
		outer loop
			vertex	25.1853	4.50472	42.9582
			vertex	24.6887	6.71297	42.9582
			vertex	21.0309	5.71842	45.0000
		endloop
	endfacet
	facet normal	0.535216	0.120362	0.836096
		outer loop
			vertex	24.6887	6.71297	42.9582
			vertex	25.1853	4.50472	42.9582
			vertex	28.7299	5.13871	40.5979
		endloop
	endfacet
	facet normal	0.543758	0.0725997	0.836096
		outer loop
			vertex	29.0716	2.57945	40.5979
			vertex	28.7299	5.13871	40.5979
			vertex	25.1853	4.50472	42.9582
		endloop
	endfacet
	facet normal	0.613070	0.0818539	0.785777
		outer loop
			vertex	28.7299	5.13871	40.5979
			vertex	29.0716	2.57945	40.5979
			vertex	32.4428	2.87856	37.9365
		endloop
	endfacet
	facet normal	0.617905	0.0273688	0.785777
		outer loop
			vertex	32.5703	0.000000	37.9365
			vertex	32.4428	2.87856	37.9365
			vertex	29.0716	2.57945	40.5979
		endloop
	endfacet
	facet normal	0.683162	0.0302593	0.729639
		outer loop
			vertex	32.4428	2.87856	37.9365
			vertex	32.5703	0.000000	37.9365
			vertex	35.7132	0.000000	34.9938
		endloop
	endfacet
	facet normal	0.683162	-0.0302588	0.729639
		outer loop
			vertex	35.5734	-3.15633	34.9938
			vertex	35.7132	0.000000	34.9938
			vertex	32.5703	0.000000	37.9365
		endloop
	endfacet
	facet normal	0.743321	-0.0329234	0.668125
		outer loop
			vertex	35.7132	0.000000	34.9938
			vertex	35.5734	-3.15633	34.9938
			vertex	38.4403	-3.41070	31.7917
		endloop
	endfacet
	facet normal	0.737503	-0.0984859	0.668124
		outer loop
			vertex	37.9884	-6.79471	31.7917
			vertex	38.4403	-3.41070	31.7917
			vertex	35.5734	-3.15633	34.9938
		endloop
	endfacet
	facet normal	0.791731	-0.105728	0.601650
		outer loop
			vertex	38.4403	-3.41070	31.7917
			vertex	37.9884	-6.79471	31.7917
			vertex	40.5399	-7.25107	28.3539
		endloop
	endfacet
	facet normal	0.779291	-0.175281	0.601650
		outer loop
			vertex	39.7404	-10.8056	28.3539
			vertex	40.5399	-7.25107	28.3539
			vertex	37.9884	-6.79471	31.7917
		endloop
	endfacet
	facet normal	0.826889	-0.185987	0.530720
		outer loop
			vertex	40.5399	-7.25107	28.3539
			vertex	39.7404	-10.8056	28.3539
			vertex	41.9469	-11.4056	24.7058
		endloop
	endfacet
	facet normal	0.807213	-0.258345	0.530721
		outer loop
			vertex	40.7747	-15.0682	24.7058
			vertex	41.9469	-11.4056	24.7058
			vertex	39.7404	-10.8056	28.3539
		endloop
	endfacet
	facet normal	0.847688	-0.271299	0.455874
		outer loop
			vertex	41.9469	-11.4056	24.7058
			vertex	40.7747	-15.0682	24.7058
			vertex	42.6172	-15.7491	20.8745
		endloop
	endfacet
	facet normal	0.820396	-0.345151	0.455874
		outer loop
			vertex	41.0585	-19.4540	20.8745
			vertex	42.6172	-15.7491	20.8745
			vertex	40.7747	-15.0682	24.7058
		endloop
	endfacet
	facet normal	0.853491	-0.359074	0.377649
		outer loop
			vertex	42.6172	-15.7491	20.8745
			vertex	41.0585	-19.4540	20.8745
			vertex	42.5291	-20.1508	16.8884
		endloop
	endfacet
	facet normal	0.818423	-0.433087	0.377650
		outer loop
			vertex	40.5818	-23.8307	16.8884
			vertex	42.5291	-20.1508	16.8884
			vertex	41.0585	-19.4540	20.8745
		endloop
	endfacet
	facet normal	0.844087	-0.446668	0.296658
		outer loop
			vertex	42.5291	-20.1508	16.8884
			vertex	40.5818	-23.8307	16.8884
			vertex	41.6842	-24.4780	12.7771
		endloop
	endfacet
	facet normal	0.801302	-0.519529	0.296657
		outer loop
			vertex	39.3577	-28.0663	12.7771
			vertex	41.6842	-24.4780	12.7771
			vertex	40.5818	-23.8307	16.8884
		endloop
	endfacet
	facet normal	0.819730	-0.531477	0.213484
		outer loop
			vertex	41.6842	-24.4780	12.7771
			vertex	39.3577	-28.0663	12.7771
			vertex	40.1068	-28.6004	8.57107
		endloop
	endfacet
	facet normal	0.769550	-0.601845	0.213483
		outer loop
			vertex	37.4221	-32.0332	8.57107
			vertex	40.1068	-28.6004	8.57107
			vertex	39.3577	-28.0663	12.7771
		endloop
	endfacet
	facet normal	0.781158	-0.610923	0.128710
		outer loop
			vertex	40.1068	-28.6004	8.57107
			vertex	37.4221	-32.0332	8.57107
			vertex	37.8435	-32.3939	4.30148
		endloop
	endfacet
	facet normal	0.724107	-0.677571	0.128710
		outer loop
			vertex	34.8325	-35.6117	4.30148
			vertex	37.8435	-32.3939	4.30148
			vertex	37.4221	-32.0332	8.57107
		endloop
	endfacet
	facet normal	0.729505	-0.682621	0.0430222
		outer loop
			vertex	37.8435	-32.3939	4.30148
			vertex	34.8325	-35.6117	4.30148
			vertex	34.9621	-35.7443	2.08167e-015
		endloop
	endfacet
	facet normal	0.666308	-0.744435	0.0430236
		outer loop
			vertex	31.6662	-38.6943	2.08167e-015
			vertex	34.9621	-35.7443	2.08167e-015
			vertex	34.8325	-35.6117	4.30148
		endloop
	endfacet
	facet normal	0.666308	-0.744435	-0.0430032
		outer loop
			vertex	34.9621	-35.7443	2.08167e-015
			vertex	31.6662	-38.6943	2.08167e-015
			vertex	31.5488	-38.5509	-4.30148
		endloop
	endfacet
	facet normal	0.597914	-0.800406	-0.0430024
		outer loop
			vertex	28.0182	-41.1883	-4.30148
			vertex	31.5488	-38.5509	-4.30148
			vertex	31.6662	-38.6943	2.08167e-015
		endloop
	endfacet
	facet normal	0.593488	-0.794482	-0.128724
		outer loop
			vertex	31.5488	-38.5509	-4.30148
			vertex	28.0182	-41.1883	-4.30148
			vertex	27.7062	-40.7296	-8.57107
		endloop
	endfacet
	facet normal	0.520957	-0.843821	-0.128725
		outer loop
			vertex	23.9981	-43.0189	-8.57107
			vertex	27.7062	-40.7296	-8.57107
			vertex	28.0182	-41.1883	-4.30148
		endloop
	endfacet
	facet normal	0.513218	-0.831286	-0.213474
		outer loop
			vertex	27.7062	-40.7296	-8.57107
			vertex	23.9981	-43.0189	-8.57107
			vertex	23.5499	-42.2155	-12.7771
		endloop
	endfacet
	facet normal	0.437726	-0.873398	-0.213474
		outer loop
			vertex	19.7267	-44.1316	-12.7771
			vertex	23.5499	-42.2155	-12.7771
			vertex	23.9981	-43.0189	-8.57107
		endloop
	endfacet
	facet normal	-0.231211	-0.414468	0.880203
		outer loop
			vertex	-9.76539	-19.4843	45.0000
			vertex	-13.4405	-21.7703	42.9582
			vertex	-11.4638	-22.8730	42.9582
		endloop
	endfacet
	facet normal	-0.267254	-0.479079	0.836097
		outer loop
			vertex	-15.3321	-24.8343	40.5979
			vertex	-11.4638	-22.8730	42.9582
			vertex	-13.4405	-21.7703	42.9582
		endloop
	endfacet
	facet normal	-0.267255	-0.479078	0.836097
		outer loop
			vertex	-11.4638	-22.8730	42.9582
			vertex	-15.3321	-24.8343	40.5979
			vertex	-13.0772	-26.0922	40.5979
		endloop
	endfacet
	facet normal	-0.301325	-0.540153	0.785773
		outer loop
			vertex	-17.1100	-27.7141	37.9365
			vertex	-13.0772	-26.0922	40.5979
			vertex	-15.3321	-24.8343	40.5979
		endloop
	endfacet
	facet normal	-0.301322	-0.540156	0.785771
		outer loop
			vertex	-13.0772	-26.0922	40.5979
			vertex	-17.1100	-27.7141	37.9365
			vertex	-14.5937	-29.1178	37.9365
		endloop
	endfacet
	facet normal	-0.333143	-0.597198	0.729638
		outer loop
			vertex	-18.7610	-30.3884	34.9938
			vertex	-14.5937	-29.1178	37.9365
			vertex	-17.1100	-27.7141	37.9365
		endloop
	endfacet
	facet normal	-0.333149	-0.597188	0.729643
		outer loop
			vertex	-14.5937	-29.1178	37.9365
			vertex	-18.7610	-30.3884	34.9938
			vertex	-16.0019	-31.9276	34.9938
		endloop
	endfacet
	facet normal	-0.362489	-0.649780	0.668122
		outer loop
			vertex	-20.2730	-32.8374	31.7917
			vertex	-16.0019	-31.9276	34.9938
			vertex	-18.7610	-30.3884	34.9938
		endloop
	endfacet
	facet normal	-0.362480	-0.649793	0.668115
		outer loop
			vertex	-16.0019	-31.9276	34.9938
			vertex	-20.2730	-32.8374	31.7917
			vertex	-17.2915	-34.5006	31.7917
		endloop
	endfacet
	facet normal	-0.389132	-0.697569	0.601643
		outer loop
			vertex	-21.6346	-35.0429	28.3539
			vertex	-17.2915	-34.5006	31.7917
			vertex	-20.2730	-32.8374	31.7917
		endloop
	endfacet
	facet normal	-0.389128	-0.697575	0.601639
		outer loop
			vertex	-17.2915	-34.5006	31.7917
			vertex	-21.6346	-35.0429	28.3539
			vertex	-18.4528	-36.8178	28.3539
		endloop
	endfacet
	facet normal	-0.412895	-0.740182	0.530706
		outer loop
			vertex	-22.8358	-36.9885	24.7058
			vertex	-18.4528	-36.8178	28.3539
			vertex	-21.6346	-35.0429	28.3539
		endloop
	endfacet
	facet normal	-0.412906	-0.740167	0.530718
		outer loop
			vertex	-18.4528	-36.8178	28.3539
			vertex	-22.8358	-36.9885	24.7058
			vertex	-19.4774	-38.8620	24.7058
		endloop
	endfacet
	facet normal	-0.433609	-0.777279	0.455873
		outer loop
			vertex	-23.8677	-38.6599	20.8745
			vertex	-19.4774	-38.8620	24.7058
			vertex	-22.8358	-36.9885	24.7058
		endloop
	endfacet
	facet normal	-0.433611	-0.777276	0.455876
		outer loop
			vertex	-19.4774	-38.8620	24.7058
			vertex	-23.8677	-38.6599	20.8745
			vertex	-20.3575	-40.6181	20.8745
		endloop
	endfacet
	facet normal	-0.451100	-0.808625	0.377670
		outer loop
			vertex	-24.7226	-40.0447	16.8884
			vertex	-20.3575	-40.6181	20.8745
			vertex	-23.8677	-38.6599	20.8745
		endloop
	endfacet
	facet normal	-0.451096	-0.808629	0.377665
		outer loop
			vertex	-20.3575	-40.6181	20.8745
			vertex	-24.7226	-40.0447	16.8884
			vertex	-21.0867	-42.0730	16.8884
		endloop
	endfacet
	facet normal	-0.465244	-0.833990	0.296663
		outer loop
			vertex	-25.3942	-41.1325	12.7771
			vertex	-21.0867	-42.0730	16.8884
			vertex	-24.7226	-40.0447	16.8884
		endloop
	endfacet
	facet normal	-0.465242	-0.833992	0.296661
		outer loop
			vertex	-21.0867	-42.0730	16.8884
			vertex	-25.3942	-41.1325	12.7771
			vertex	-21.6595	-43.2159	12.7771
		endloop
	endfacet
	facet normal	-0.475943	-0.853174	0.213477
		outer loop
			vertex	-25.8775	-41.9153	8.57107
			vertex	-21.6595	-43.2159	12.7771
			vertex	-25.3942	-41.1325	12.7771
		endloop
	endfacet
	facet normal	-0.475933	-0.853183	0.213464
		outer loop
			vertex	-21.6595	-43.2159	12.7771
			vertex	-25.8775	-41.9153	8.57107
			vertex	-22.0717	-44.0383	8.57107
		endloop
	endfacet
	facet normal	-0.483110	-0.866047	0.128713
		outer loop
			vertex	-26.1689	-42.3873	4.30148
			vertex	-22.0717	-44.0383	8.57107
			vertex	-25.8775	-41.9153	8.57107
		endloop
	endfacet
	facet normal	-0.483130	-0.866033	0.128738
		outer loop
			vertex	-22.0717	-44.0383	8.57107
			vertex	-26.1689	-42.3873	4.30148
			vertex	-22.3203	-44.5343	4.30148
		endloop
	endfacet
	facet normal	-0.486732	-0.872491	0.0430290
		outer loop
			vertex	-26.2663	-42.5451	2.08167e-015
			vertex	-22.3203	-44.5343	4.30148
			vertex	-26.1689	-42.3873	4.30148
		endloop
	endfacet
	facet normal	-0.486710	-0.872505	0.0430020
		outer loop
			vertex	-22.3203	-44.5343	4.30148
			vertex	-26.2663	-42.5451	2.08167e-015
			vertex	-22.4033	-44.7000	2.08167e-015
		endloop
	endfacet
	facet normal	-0.486709	-0.872504	-0.0430290
		outer loop
			vertex	-26.1689	-42.3873	-4.30148
			vertex	-22.4033	-44.7000	2.08167e-015
			vertex	-26.2663	-42.5451	2.08167e-015
		endloop
	endfacet
	facet normal	-0.486733	-0.872492	-0.0430019
		outer loop
			vertex	-22.4033	-44.7000	2.08167e-015
			vertex	-26.1689	-42.3873	-4.30148
			vertex	-22.3203	-44.5343	-4.30148
		endloop
	endfacet
	facet normal	-0.483131	-0.866035	-0.128713
		outer loop
			vertex	-25.8775	-41.9153	-8.57107
			vertex	-22.3203	-44.5343	-4.30148
			vertex	-26.1689	-42.3873	-4.30148
		endloop
	endfacet
	facet normal	-0.483108	-0.866044	-0.128738
		outer loop
			vertex	-22.3203	-44.5343	-4.30148
			vertex	-25.8775	-41.9153	-8.57107
			vertex	-22.0717	-44.0383	-8.57107
		endloop
	endfacet
	facet normal	-0.475932	-0.853180	-0.213476
		outer loop
			vertex	-25.3942	-41.1325	-12.7771
			vertex	-22.0717	-44.0383	-8.57107
			vertex	-25.8775	-41.9153	-8.57107
		endloop
	endfacet
	facet normal	-0.475945	-0.853176	-0.213464
		outer loop
			vertex	-22.0717	-44.0383	-8.57107
			vertex	-25.3942	-41.1325	-12.7771
			vertex	-21.6595	-43.2159	-12.7771
		endloop
	endfacet
	facet normal	-0.266935	-0.392414	0.880203
		outer loop
			vertex	-11.4492	-18.5450	45.0000
			vertex	-15.3119	-20.4973	42.9582
			vertex	-13.4405	-21.7703	42.9582
		endloop
	endfacet
	facet normal	-0.308549	-0.453588	0.836095
		outer loop
			vertex	-17.4669	-23.3821	40.5979
			vertex	-13.4405	-21.7703	42.9582
			vertex	-15.3119	-20.4973	42.9582
		endloop
	endfacet
	facet normal	-0.308551	-0.453584	0.836097
		outer loop
			vertex	-13.4405	-21.7703	42.9582
			vertex	-17.4669	-23.3821	40.5979
			vertex	-15.3321	-24.8343	40.5979
		endloop
	endfacet
	facet normal	-0.347884	-0.511405	0.785775
		outer loop
			vertex	-19.4924	-26.0935	37.9365
			vertex	-15.3321	-24.8343	40.5979
			vertex	-17.4669	-23.3821	40.5979
		endloop
	endfacet
	facet normal	-0.347881	-0.511410	0.785772
		outer loop
			vertex	-15.3321	-24.8343	40.5979
			vertex	-19.4924	-26.0935	37.9365
			vertex	-17.1100	-27.7141	37.9365
		endloop
	endfacet
	facet normal	-0.384620	-0.565419	0.729636
		outer loop
			vertex	-21.3733	-28.6114	34.9938
			vertex	-17.1100	-27.7141	37.9365
			vertex	-19.4924	-26.0935	37.9365
		endloop
	endfacet
	facet normal	-0.384621	-0.565417	0.729637
		outer loop
			vertex	-17.1100	-27.7141	37.9365
			vertex	-21.3733	-28.6114	34.9938
			vertex	-18.7610	-30.3884	34.9938
		endloop
	endfacet
	facet normal	-0.418490	-0.615207	0.668122
		outer loop
			vertex	-23.0958	-30.9172	31.7917
			vertex	-18.7610	-30.3884	34.9938
			vertex	-21.3733	-28.6114	34.9938
		endloop
	endfacet
	facet normal	-0.418491	-0.615205	0.668123
		outer loop
			vertex	-18.7610	-30.3884	34.9938
			vertex	-23.0958	-30.9172	31.7917
			vertex	-20.2730	-32.8374	31.7917
		endloop
	endfacet
	facet normal	-0.449266	-0.660446	0.601640
		outer loop
			vertex	-24.6470	-32.9937	28.3539
			vertex	-20.2730	-32.8374	31.7917
			vertex	-23.0958	-30.9172	31.7917
		endloop
	endfacet
	facet normal	-0.449269	-0.660442	0.601643
		outer loop
			vertex	-20.2730	-32.8374	31.7917
			vertex	-24.6470	-32.9937	28.3539
			vertex	-21.6346	-35.0429	28.3539
		endloop
	endfacet
	facet normal	-0.476706	-0.700776	0.530721
		outer loop
			vertex	-26.0155	-34.8256	24.7058
			vertex	-21.6346	-35.0429	28.3539
			vertex	-24.6470	-32.9937	28.3539
		endloop
	endfacet
	facet normal	-0.476695	-0.700794	0.530707
		outer loop
			vertex	-21.6346	-35.0429	28.3539
			vertex	-26.0155	-34.8256	24.7058
			vertex	-22.8358	-36.9885	24.7058
		endloop
	endfacet
	facet normal	-0.500598	-0.735934	0.455855
		outer loop
			vertex	-27.1910	-36.3992	20.8745
			vertex	-22.8358	-36.9885	24.7058
			vertex	-26.0155	-34.8256	24.7058
		endloop
	endfacet
	facet normal	-0.500611	-0.735913	0.455873
		outer loop
			vertex	-22.8358	-36.9885	24.7058
			vertex	-27.1910	-36.3992	20.8745
			vertex	-23.8677	-38.6599	20.8745
		endloop
	endfacet
	facet normal	-0.520800	-0.765592	0.377672
		outer loop
			vertex	-28.1650	-37.7030	16.8884
			vertex	-23.8677	-38.6599	20.8745
			vertex	-27.1910	-36.3992	20.8745
		endloop
	endfacet
	facet normal	-0.520798	-0.765595	0.377669
		outer loop
			vertex	-23.8677	-38.6599	20.8745
			vertex	-28.1650	-37.7030	16.8884
			vertex	-24.7226	-40.0447	16.8884
		endloop
	endfacet
	facet normal	-0.537132	-0.789607	0.296664
		outer loop
			vertex	-28.9301	-38.7272	12.7771
			vertex	-24.7226	-40.0447	16.8884
			vertex	-28.1650	-37.7030	16.8884
		endloop
	endfacet
	facet normal	-0.537131	-0.789608	0.296663
		outer loop
			vertex	-24.7226	-40.0447	16.8884
			vertex	-28.9301	-38.7272	12.7771
			vertex	-25.3942	-41.1325	12.7771
		endloop
	endfacet
	facet normal	-0.549487	-0.807771	0.213473
		outer loop
			vertex	-29.4807	-39.4642	8.57107
			vertex	-25.3942	-41.1325	12.7771
			vertex	-28.9301	-38.7272	12.7771
		endloop
	endfacet
	facet normal	-0.549490	-0.807768	0.213477
		outer loop
			vertex	-25.3942	-41.1325	12.7771
			vertex	-29.4807	-39.4642	8.57107
			vertex	-25.8775	-41.9153	8.57107
		endloop
	endfacet
	facet normal	-0.557775	-0.819947	0.128736
		outer loop
			vertex	-29.8127	-39.9087	4.30148
			vertex	-25.8775	-41.9153	8.57107
			vertex	-29.4807	-39.4642	8.57107
		endloop
	endfacet
	facet normal	-0.557758	-0.819962	0.128713
		outer loop
			vertex	-25.8775	-41.9153	8.57107
			vertex	-29.8127	-39.9087	4.30148
			vertex	-26.1689	-42.3873	4.30148
		endloop
	endfacet
	facet normal	-0.561917	-0.826075	0.0430058
		outer loop
			vertex	-29.9236	-40.0572	2.08167e-015
			vertex	-26.1689	-42.3873	4.30148
			vertex	-29.8127	-39.9087	4.30148
		endloop
	endfacet
	facet normal	-0.561934	-0.826062	0.0430286
		outer loop
			vertex	-26.1689	-42.3873	4.30148
			vertex	-29.9236	-40.0572	2.08167e-015
			vertex	-26.2663	-42.5451	2.08167e-015
		endloop
	endfacet
	facet normal	-0.561935	-0.826063	-0.0430059
		outer loop
			vertex	-29.8127	-39.9087	-4.30148
			vertex	-26.2663	-42.5451	2.08167e-015
			vertex	-29.9236	-40.0572	2.08167e-015
		endloop
	endfacet
	facet normal	-0.561916	-0.826074	-0.0430286
		outer loop
			vertex	-26.2663	-42.5451	2.08167e-015
			vertex	-29.8127	-39.9087	-4.30148
			vertex	-26.1689	-42.3873	-4.30148
		endloop
	endfacet
	facet normal	-0.557757	-0.819960	-0.128736
		outer loop
			vertex	-29.4807	-39.4642	-8.57107
			vertex	-26.1689	-42.3873	-4.30148
			vertex	-29.8127	-39.9087	-4.30148
		endloop
	endfacet
	facet normal	-0.557777	-0.819950	-0.128713
		outer loop
			vertex	-26.1689	-42.3873	-4.30148
			vertex	-29.4807	-39.4642	-8.57107
			vertex	-25.8775	-41.9153	-8.57107
		endloop
	endfacet
	facet normal	-0.549490	-0.807768	-0.213473
		outer loop
			vertex	-28.9301	-38.7272	-12.7771
			vertex	-25.8775	-41.9153	-8.57107
			vertex	-29.4807	-39.4642	-8.57107
		endloop
	endfacet
	facet normal	-0.549486	-0.807770	-0.213477
		outer loop
			vertex	-25.8775	-41.9153	-8.57107
			vertex	-28.9301	-38.7272	-12.7771
			vertex	-25.3942	-41.1325	-12.7771
		endloop
	endfacet
	facet normal	-0.300567	-0.367285	0.880206
		outer loop
			vertex	-13.0434	-17.4605	45.0000
			vertex	-17.0636	-19.0638	42.9582
			vertex	-15.3119	-20.4973	42.9582
		endloop
	endfacet
	facet normal	-0.347430	-0.424551	0.836091
		outer loop
			vertex	-19.4651	-21.7468	40.5979
			vertex	-15.3119	-20.4973	42.9582
			vertex	-17.0636	-19.0638	42.9582
		endloop
	endfacet
	facet normal	-0.347436	-0.424538	0.836095
		outer loop
			vertex	-15.3119	-20.4973	42.9582
			vertex	-19.4651	-21.7468	40.5979
			vertex	-17.4669	-23.3821	40.5979
		endloop
	endfacet
	facet normal	-0.391723	-0.478653	0.785776
		outer loop
			vertex	-21.7223	-24.2686	37.9365
			vertex	-17.4669	-23.3821	40.5979
			vertex	-19.4651	-21.7468	40.5979
		endloop
	endfacet
	facet normal	-0.391722	-0.478656	0.785775
		outer loop
			vertex	-17.4669	-23.3821	40.5979
			vertex	-21.7223	-24.2686	37.9365
			vertex	-19.4924	-26.0935	37.9365
		endloop
	endfacet
	facet normal	-0.433092	-0.529208	0.729637
		outer loop
			vertex	-23.8184	-26.6104	34.9938
			vertex	-19.4924	-26.0935	37.9365
			vertex	-21.7223	-24.2686	37.9365
		endloop
	endfacet
	facet normal	-0.433091	-0.529210	0.729636
		outer loop
			vertex	-19.4924	-26.0935	37.9365
			vertex	-23.8184	-26.6104	34.9938
			vertex	-21.3733	-28.6114	34.9938
		endloop
	endfacet
	facet normal	-0.471226	-0.575809	0.668124
		outer loop
			vertex	-25.7379	-28.7550	31.7917
			vertex	-21.3733	-28.6114	34.9938
			vertex	-23.8184	-26.6104	34.9938
		endloop
	endfacet
	facet normal	-0.471224	-0.575813	0.668122
		outer loop
			vertex	-21.3733	-28.6114	34.9938
			vertex	-25.7379	-28.7550	31.7917
			vertex	-23.0958	-30.9172	31.7917
		endloop
	endfacet
	facet normal	-0.505874	-0.618153	0.601647
		outer loop
			vertex	-27.4666	-30.6863	28.3539
			vertex	-23.0958	-30.9172	31.7917
			vertex	-25.7379	-28.7550	31.7917
		endloop
	endfacet
	facet normal	-0.505869	-0.618163	0.601640
		outer loop
			vertex	-23.0958	-30.9172	31.7917
			vertex	-27.4666	-30.6863	28.3539
			vertex	-24.6470	-32.9937	28.3539
		endloop
	endfacet
	facet normal	-0.536768	-0.655921	0.530705
		outer loop
			vertex	-28.9916	-32.3900	24.7058
			vertex	-24.6470	-32.9937	28.3539
			vertex	-27.4666	-30.6863	28.3539
		endloop
	endfacet
	facet normal	-0.536779	-0.655899	0.530721
		outer loop
			vertex	-24.6470	-32.9937	28.3539
			vertex	-28.9916	-32.3900	24.7058
			vertex	-26.0155	-34.8256	24.7058
		endloop
	endfacet
	facet normal	-0.563697	-0.688790	0.455866
		outer loop
			vertex	-30.3016	-33.8536	20.8745
			vertex	-26.0155	-34.8256	24.7058
			vertex	-28.9916	-32.3900	24.7058
		endloop
	endfacet
	facet normal	-0.563690	-0.688803	0.455855
		outer loop
			vertex	-26.0155	-34.8256	24.7058
			vertex	-30.3016	-33.8536	20.8745
			vertex	-27.1910	-36.3992	20.8745
		endloop
	endfacet
	facet normal	-0.586419	-0.716576	0.377667
		outer loop
			vertex	-31.3870	-35.0662	16.8884
			vertex	-27.1910	-36.3992	20.8745
			vertex	-30.3016	-33.8536	20.8745
		endloop
	endfacet
	facet normal	-0.586422	-0.716570	0.377672
		outer loop
			vertex	-27.1910	-36.3992	20.8745
			vertex	-31.3870	-35.0662	16.8884
			vertex	-28.1650	-37.7030	16.8884
		endloop
	endfacet
	facet normal	-0.604815	-0.739046	0.296665
		outer loop
			vertex	-32.2396	-36.0188	12.7771
			vertex	-28.1650	-37.7030	16.8884
			vertex	-31.3870	-35.0662	16.8884
		endloop
	endfacet
	facet normal	-0.604814	-0.739047	0.296664
		outer loop
			vertex	-28.1650	-37.7030	16.8884
			vertex	-32.2396	-36.0188	12.7771
			vertex	-28.9301	-38.7272	12.7771
		endloop
	endfacet
	facet normal	-0.618725	-0.756045	0.213484
		outer loop
			vertex	-32.8532	-36.7043	8.57107
			vertex	-28.9301	-38.7272	12.7771
			vertex	-32.2396	-36.0188	12.7771
		endloop
	endfacet
	facet normal	-0.618719	-0.756053	0.213473
		outer loop
			vertex	-28.9301	-38.7272	12.7771
			vertex	-32.8532	-36.7043	8.57107
			vertex	-29.4807	-39.4642	8.57107
		endloop
	endfacet
	facet normal	-0.628050	-0.767456	0.128702
		outer loop
			vertex	-33.2231	-37.1176	4.30148
			vertex	-29.4807	-39.4642	8.57107
			vertex	-32.8532	-36.7043	8.57107
		endloop
	endfacet
	facet normal	-0.628072	-0.767432	0.128735
		outer loop
			vertex	-29.4807	-39.4642	8.57107
			vertex	-33.2231	-37.1176	4.30148
			vertex	-29.8127	-39.9087	4.30148
		endloop
	endfacet
	facet normal	-0.632756	-0.773155	0.0430367
		outer loop
			vertex	-33.3468	-37.2558	2.08167e-015
			vertex	-29.8127	-39.9087	4.30148
			vertex	-33.2231	-37.1176	4.30148
		endloop
	endfacet
	facet normal	-0.632733	-0.773175	0.0430053
		outer loop
			vertex	-29.8127	-39.9087	4.30148
			vertex	-33.3468	-37.2558	2.08167e-015
			vertex	-29.9236	-40.0572	2.08167e-015
		endloop
	endfacet
	facet normal	-0.632732	-0.773174	-0.0430366
		outer loop
			vertex	-33.2231	-37.1176	-4.30148
			vertex	-29.9236	-40.0572	2.08167e-015
			vertex	-33.3468	-37.2558	2.08167e-015
		endloop
	endfacet
	facet normal	-0.632756	-0.773156	-0.0430053
		outer loop
			vertex	-29.9236	-40.0572	2.08167e-015
			vertex	-33.2231	-37.1176	-4.30148
			vertex	-29.8127	-39.9087	-4.30148
		endloop
	endfacet
	facet normal	-0.628075	-0.767436	-0.128702
		outer loop
			vertex	-32.8532	-36.7043	-8.57107
			vertex	-29.8127	-39.9087	-4.30148
			vertex	-33.2231	-37.1176	-4.30148
		endloop
	endfacet
	facet normal	-0.628047	-0.767453	-0.128735
		outer loop
			vertex	-29.8127	-39.9087	-4.30148
			vertex	-32.8532	-36.7043	-8.57107
			vertex	-29.4807	-39.4642	-8.57107
		endloop
	endfacet
	facet normal	-0.618717	-0.756052	-0.213483
		outer loop
			vertex	-32.2396	-36.0188	-12.7771
			vertex	-29.4807	-39.4642	-8.57107
			vertex	-32.8532	-36.7043	-8.57107
		endloop
	endfacet
	facet normal	-0.618727	-0.756047	-0.213473
		outer loop
			vertex	-29.4807	-39.4642	-8.57107
			vertex	-32.2396	-36.0188	-12.7771
			vertex	-28.9301	-38.7272	-12.7771
		endloop
	endfacet
	facet normal	-0.331853	-0.339276	0.880208
		outer loop
			vertex	-14.5355	-16.2394	45.0000
			vertex	-18.6817	-17.4811	42.9582
			vertex	-17.0636	-19.0638	42.9582
		endloop
	endfacet
	facet normal	-0.383597	-0.392177	0.836092
		outer loop
			vertex	-21.3109	-19.9414	40.5979
			vertex	-17.0636	-19.0638	42.9582
			vertex	-18.6817	-17.4811	42.9582
		endloop
	endfacet
	facet normal	-0.383596	-0.392180	0.836091
		outer loop
			vertex	-17.0636	-19.0638	42.9582
			vertex	-21.3109	-19.9414	40.5979
			vertex	-19.4651	-21.7468	40.5979
		endloop
	endfacet
	facet normal	-0.432493	-0.442170	0.785771
		outer loop
			vertex	-23.7821	-22.2538	37.9365
			vertex	-19.4651	-21.7468	40.5979
			vertex	-21.3109	-19.9414	40.5979
		endloop
	endfacet
	facet normal	-0.432497	-0.442157	0.785776
		outer loop
			vertex	-19.4651	-21.7468	40.5979
			vertex	-23.7821	-22.2538	37.9365
			vertex	-21.7223	-24.2686	37.9365
		endloop
	endfacet
	facet normal	-0.478171	-0.488852	0.729641
		outer loop
			vertex	-26.0770	-24.4012	34.9938
			vertex	-21.7223	-24.2686	37.9365
			vertex	-23.7821	-22.2538	37.9365
		endloop
	endfacet
	facet normal	-0.478168	-0.488861	0.729637
		outer loop
			vertex	-21.7223	-24.2686	37.9365
			vertex	-26.0770	-24.4012	34.9938
			vertex	-23.8184	-26.6104	34.9938
		endloop
	endfacet
	facet normal	-0.520279	-0.531913	0.668116
		outer loop
			vertex	-28.1785	-26.3677	31.7917
			vertex	-23.8184	-26.6104	34.9938
			vertex	-26.0770	-24.4012	34.9938
		endloop
	endfacet
	facet normal	-0.520284	-0.531899	0.668123
		outer loop
			vertex	-23.8184	-26.6104	34.9938
			vertex	-28.1785	-26.3677	31.7917
			vertex	-25.7379	-28.7550	31.7917
		endloop
	endfacet
	facet normal	-0.558540	-0.571010	0.601649
		outer loop
			vertex	-30.0711	-28.1387	28.3539
			vertex	-25.7379	-28.7550	31.7917
			vertex	-28.1785	-26.3677	31.7917
		endloop
	endfacet
	facet normal	-0.558538	-0.571013	0.601647
		outer loop
			vertex	-25.7379	-28.7550	31.7917
			vertex	-30.0711	-28.1387	28.3539
			vertex	-27.4666	-30.6863	28.3539
		endloop
	endfacet
	facet normal	-0.592651	-0.605888	0.530722
		outer loop
			vertex	-31.7408	-29.7010	24.7058
			vertex	-27.4666	-30.6863	28.3539
			vertex	-30.0711	-28.1387	28.3539
		endloop
	endfacet
	facet normal	-0.592642	-0.605910	0.530706
		outer loop
			vertex	-27.4666	-30.6863	28.3539
			vertex	-31.7408	-29.7010	24.7058
			vertex	-28.9916	-32.3900	24.7058
		endloop
	endfacet
	facet normal	-0.622356	-0.636288	0.455863
		outer loop
			vertex	-33.1750	-31.0431	20.8745
			vertex	-28.9916	-32.3900	24.7058
			vertex	-31.7408	-29.7010	24.7058
		endloop
	endfacet
	facet normal	-0.622357	-0.636285	0.455865
		outer loop
			vertex	-28.9916	-32.3900	24.7058
			vertex	-33.1750	-31.0431	20.8745
			vertex	-30.3016	-33.8536	20.8745
		endloop
	endfacet
	facet normal	-0.647456	-0.661947	0.377660
		outer loop
			vertex	-34.3633	-32.1550	16.8884
			vertex	-30.3016	-33.8536	20.8745
			vertex	-33.1750	-31.0431	20.8745
		endloop
	endfacet
	facet normal	-0.647460	-0.661938	0.377668
		outer loop
			vertex	-30.3016	-33.8536	20.8745
			vertex	-34.3633	-32.1550	16.8884
			vertex	-31.3870	-35.0662	16.8884
		endloop
	endfacet
	facet normal	-0.667766	-0.682698	0.296669
		outer loop
			vertex	-35.2968	-33.0285	12.7771
			vertex	-31.3870	-35.0662	16.8884
			vertex	-34.3633	-32.1550	16.8884
		endloop
	endfacet
	facet normal	-0.667763	-0.682702	0.296665
		outer loop
			vertex	-31.3870	-35.0662	16.8884
			vertex	-35.2968	-33.0285	12.7771
			vertex	-32.2396	-36.0188	12.7771
		endloop
	endfacet
	facet normal	-0.683124	-0.698406	0.213473
		outer loop
			vertex	-35.9685	-33.6571	8.57107
			vertex	-32.2396	-36.0188	12.7771
			vertex	-35.2968	-33.0285	12.7771
		endloop
	endfacet
	facet normal	-0.683130	-0.698397	0.213484
		outer loop
			vertex	-32.2396	-36.0188	12.7771
			vertex	-35.9685	-33.6571	8.57107
			vertex	-32.8532	-36.7043	8.57107
		endloop
	endfacet
	facet normal	-0.693433	-0.708930	0.128723
		outer loop
			vertex	-36.3736	-34.0361	4.30148
			vertex	-32.8532	-36.7043	8.57107
			vertex	-35.9685	-33.6571	8.57107
		endloop
	endfacet
	facet normal	-0.693420	-0.708946	0.128702
		outer loop
			vertex	-32.8532	-36.7043	8.57107
			vertex	-36.3736	-34.0361	4.30148
			vertex	-33.2231	-37.1176	4.30148
		endloop
	endfacet
	facet normal	-0.698588	-0.714230	0.0430276
		outer loop
			vertex	-36.5090	-34.1628	2.08167e-015
			vertex	-33.2231	-37.1176	4.30148
			vertex	-36.3736	-34.0361	4.30148
		endloop
	endfacet
	facet normal	-0.698594	-0.714223	0.0430366
		outer loop
			vertex	-33.2231	-37.1176	4.30148
			vertex	-36.5090	-34.1628	2.08167e-015
			vertex	-33.3468	-37.2558	2.08167e-015
		endloop
	endfacet
	facet normal	-0.698594	-0.714224	-0.0430276
		outer loop
			vertex	-36.3736	-34.0361	-4.30148
			vertex	-33.3468	-37.2558	2.08167e-015
			vertex	-36.5090	-34.1628	2.08167e-015
		endloop
	endfacet
	facet normal	-0.698587	-0.714229	-0.0430366
		outer loop
			vertex	-33.3468	-37.2558	2.08167e-015
			vertex	-36.3736	-34.0361	-4.30148
			vertex	-33.2231	-37.1176	-4.30148
		endloop
	endfacet
	facet normal	-0.693418	-0.708944	-0.128723
		outer loop
			vertex	-35.9685	-33.6571	-8.57107
			vertex	-33.2231	-37.1176	-4.30148
			vertex	-36.3736	-34.0361	-4.30148
		endloop
	endfacet
	facet normal	-0.693435	-0.708932	-0.128702
		outer loop
			vertex	-33.2231	-37.1176	-4.30148
			vertex	-35.9685	-33.6571	-8.57107
			vertex	-32.8532	-36.7043	-8.57107
		endloop
	endfacet
	facet normal	-0.683132	-0.698398	-0.213473
		outer loop
			vertex	-35.2968	-33.0285	-12.7771
			vertex	-32.8532	-36.7043	-8.57107
			vertex	-35.9685	-33.6571	-8.57107
		endloop
	endfacet
	facet normal	-0.683122	-0.698405	-0.213484
		outer loop
			vertex	-32.8532	-36.7043	-8.57107
			vertex	-35.2968	-33.0285	-12.7771
			vertex	-32.2396	-36.0188	-12.7771
		endloop
	endfacet
	facet normal	-0.360551	-0.308612	0.880206
		outer loop
			vertex	-15.9139	-14.8912	45.0000
			vertex	-20.1535	-15.7616	42.9582
			vertex	-18.6817	-17.4811	42.9582
		endloop
	endfacet
	facet normal	-0.416763	-0.356726	0.836095
		outer loop
			vertex	-22.9899	-17.9799	40.5979
			vertex	-18.6817	-17.4811	42.9582
			vertex	-20.1535	-15.7616	42.9582
		endloop
	endfacet
	facet normal	-0.416760	-0.356737	0.836092
		outer loop
			vertex	-18.6817	-17.4811	42.9582
			vertex	-22.9899	-17.9799	40.5979
			vertex	-21.3109	-19.9414	40.5979
		endloop
	endfacet
	facet normal	-0.469875	-0.402202	0.785780
		outer loop
			vertex	-25.6559	-20.0649	37.9365
			vertex	-21.3109	-19.9414	40.5979
			vertex	-22.9899	-17.9799	40.5979
		endloop
	endfacet
	facet normal	-0.469868	-0.402229	0.785771
		outer loop
			vertex	-21.3109	-19.9414	40.5979
			vertex	-25.6559	-20.0649	37.9365
			vertex	-23.7821	-22.2538	37.9365
		endloop
	endfacet
	facet normal	-0.519484	-0.444702	0.729642
		outer loop
			vertex	-28.1316	-22.0011	34.9938
			vertex	-23.7821	-22.2538	37.9365
			vertex	-25.6559	-20.0649	37.9365
		endloop
	endfacet
	facet normal	-0.519483	-0.444702	0.729641
		outer loop
			vertex	-23.7821	-22.2538	37.9365
			vertex	-28.1316	-22.0011	34.9938
			vertex	-26.0770	-24.4012	34.9938
		endloop
	endfacet
	facet normal	-0.565239	-0.483872	0.668111
		outer loop
			vertex	-30.3987	-23.7741	31.7917
			vertex	-26.0770	-24.4012	34.9938
			vertex	-28.1316	-22.0011	34.9938
		endloop
	endfacet
	facet normal	-0.565241	-0.483864	0.668115
		outer loop
			vertex	-26.0770	-24.4012	34.9938
			vertex	-30.3987	-23.7741	31.7917
			vertex	-28.1785	-26.3677	31.7917
		endloop
	endfacet
	facet normal	-0.606799	-0.519438	0.601647
		outer loop
			vertex	-32.4404	-25.3709	28.3539
			vertex	-28.1785	-26.3677	31.7917
			vertex	-30.3987	-23.7741	31.7917
		endloop
	endfacet
	facet normal	-0.606800	-0.519435	0.601649
		outer loop
			vertex	-28.1785	-26.3677	31.7917
			vertex	-32.4404	-25.3709	28.3539
			vertex	-30.0711	-28.1387	28.3539
		endloop
	endfacet
	facet normal	-0.643871	-0.551168	0.530701
		outer loop
			vertex	-34.2415	-26.7795	24.7058
			vertex	-30.0711	-28.1387	28.3539
			vertex	-32.4404	-25.3709	28.3539
		endloop
	endfacet
	facet normal	-0.643879	-0.551138	0.530722
		outer loop
			vertex	-30.0711	-28.1387	28.3539
			vertex	-34.2415	-26.7795	24.7058
			vertex	-31.7408	-29.7010	24.7058
		endloop
	endfacet
	facet normal	-0.676164	-0.578773	0.455877
		outer loop
			vertex	-35.7888	-27.9896	20.8745
			vertex	-31.7408	-29.7010	24.7058
			vertex	-34.2415	-26.7795	24.7058
		endloop
	endfacet
	facet normal	-0.676158	-0.578792	0.455862
		outer loop
			vertex	-31.7408	-29.7010	24.7058
			vertex	-35.7888	-27.9896	20.8745
			vertex	-33.1750	-31.0431	20.8745
		endloop
	endfacet
	facet normal	-0.703424	-0.602132	0.377667
		outer loop
			vertex	-37.0707	-28.9922	16.8884
			vertex	-33.1750	-31.0431	20.8745
			vertex	-35.7888	-27.9896	20.8745
		endloop
	endfacet
	facet normal	-0.703422	-0.602138	0.377661
		outer loop
			vertex	-33.1750	-31.0431	20.8745
			vertex	-37.0707	-28.9922	16.8884
			vertex	-34.3633	-32.1550	16.8884
		endloop
	endfacet
	facet normal	-0.725484	-0.621024	0.296651
		outer loop
			vertex	-38.0777	-29.7797	12.7771
			vertex	-34.3633	-32.1550	16.8884
			vertex	-37.0707	-28.9922	16.8884
		endloop
	endfacet
	facet normal	-0.725493	-0.621006	0.296669
		outer loop
			vertex	-34.3633	-32.1550	16.8884
			vertex	-38.0777	-29.7797	12.7771
			vertex	-35.2968	-33.0285	12.7771
		endloop
	endfacet
	facet normal	-0.742179	-0.635289	0.213489
		outer loop
			vertex	-38.8024	-30.3465	8.57107
			vertex	-35.2968	-33.0285	12.7771
			vertex	-38.0777	-29.7797	12.7771
		endloop
	endfacet
	facet normal	-0.742171	-0.635305	0.213472
		outer loop
			vertex	-35.2968	-33.0285	12.7771
			vertex	-38.8024	-30.3465	8.57107
			vertex	-35.9685	-33.6571	8.57107
		endloop
	endfacet
	facet normal	-0.753363	-0.644885	0.128718
		outer loop
			vertex	-39.2394	-30.6882	4.30148
			vertex	-35.9685	-33.6571	8.57107
			vertex	-38.8024	-30.3465	8.57107
		endloop
	endfacet
	facet normal	-0.753366	-0.644880	0.128724
		outer loop
			vertex	-35.9685	-33.6571	8.57107
			vertex	-39.2394	-30.6882	4.30148
			vertex	-36.3736	-34.0361	4.30148
		endloop
	endfacet
	facet normal	-0.758983	-0.649689	0.0430103
		outer loop
			vertex	-39.3854	-30.8024	2.08167e-015
			vertex	-36.3736	-34.0361	4.30148
			vertex	-39.2394	-30.6882	4.30148
		endloop
	endfacet
	facet normal	-0.758993	-0.649675	0.0430275
		outer loop
			vertex	-36.3736	-34.0361	4.30148
			vertex	-39.3854	-30.8024	2.08167e-015
			vertex	-36.5090	-34.1628	2.08167e-015
		endloop
	endfacet
	facet normal	-0.758994	-0.649676	-0.0430103
		outer loop
			vertex	-39.2394	-30.6882	-4.30148
			vertex	-36.5090	-34.1628	2.08167e-015
			vertex	-39.3854	-30.8024	2.08167e-015
		endloop
	endfacet
	facet normal	-0.758982	-0.649688	-0.0430275
		outer loop
			vertex	-36.5090	-34.1628	2.08167e-015
			vertex	-39.2394	-30.6882	-4.30148
			vertex	-36.3736	-34.0361	-4.30148
		endloop
	endfacet
	facet normal	-0.753366	-0.644881	-0.128718
		outer loop
			vertex	-38.8024	-30.3465	-8.57107
			vertex	-36.3736	-34.0361	-4.30148
			vertex	-39.2394	-30.6882	-4.30148
		endloop
	endfacet
	facet normal	-0.753362	-0.644884	-0.128724
		outer loop
			vertex	-36.3736	-34.0361	-4.30148
			vertex	-38.8024	-30.3465	-8.57107
			vertex	-35.9685	-33.6571	-8.57107
		endloop
	endfacet
	facet normal	-0.742168	-0.635302	-0.213489
		outer loop
			vertex	-38.0777	-29.7797	-12.7771
			vertex	-35.9685	-33.6571	-8.57107
			vertex	-38.8024	-30.3465	-8.57107
		endloop
	endfacet
	facet normal	-0.742182	-0.635292	-0.213472
		outer loop
			vertex	-35.9685	-33.6571	-8.57107
			vertex	-38.0777	-29.7797	-12.7771
			vertex	-35.2968	-33.0285	-12.7771
		endloop
	endfacet
	facet normal	-0.386404	-0.275566	0.880202
		outer loop
			vertex	-17.1677	-13.4265	45.0000
			vertex	-21.4677	-13.9188	42.9582
			vertex	-20.1535	-15.7616	42.9582
		endloop
	endfacet
	facet normal	-0.446647	-0.318528	0.836090
		outer loop
			vertex	-24.4890	-15.8777	40.5979
			vertex	-20.1535	-15.7616	42.9582
			vertex	-21.4677	-13.9188	42.9582
		endloop
	endfacet
	facet normal	-0.446650	-0.318511	0.836095
		outer loop
			vertex	-20.1535	-15.7616	42.9582
			vertex	-24.4890	-15.8777	40.5979
			vertex	-22.9899	-17.9799	40.5979
		endloop
	endfacet
	facet normal	-0.503583	-0.359110	0.785777
		outer loop
			vertex	-27.3288	-17.7189	37.9365
			vertex	-22.9899	-17.9799	40.5979
			vertex	-24.4890	-15.8777	40.5979
		endloop
	endfacet
	facet normal	-0.503584	-0.359099	0.785780
		outer loop
			vertex	-22.9899	-17.9799	40.5979
			vertex	-27.3288	-17.7189	37.9365
			vertex	-25.6559	-20.0649	37.9365
		endloop
	endfacet
	facet normal	-0.556774	-0.397028	0.729638
		outer loop
			vertex	-29.9659	-19.4287	34.9938
			vertex	-25.6559	-20.0649	37.9365
			vertex	-27.3288	-17.7189	37.9365
		endloop
	endfacet
	facet normal	-0.556775	-0.397019	0.729642
		outer loop
			vertex	-25.6559	-20.0649	37.9365
			vertex	-29.9659	-19.4287	34.9938
			vertex	-28.1316	-22.0011	34.9938
		endloop
	endfacet
	facet normal	-0.605809	-0.431984	0.668120
		outer loop
			vertex	-32.3809	-20.9944	31.7917
			vertex	-28.1316	-22.0011	34.9938
			vertex	-29.9659	-19.4287	34.9938
		endloop
	endfacet
	facet normal	-0.605807	-0.432000	0.668112
		outer loop
			vertex	-28.1316	-22.0011	34.9938
			vertex	-32.3809	-20.9944	31.7917
			vertex	-30.3987	-23.7741	31.7917
		endloop
	endfacet
	facet normal	-0.650348	-0.463762	0.601642
		outer loop
			vertex	-34.5557	-22.4045	28.3539
			vertex	-30.3987	-23.7741	31.7917
			vertex	-32.3809	-20.9944	31.7917
		endloop
	endfacet
	facet normal	-0.650349	-0.463754	0.601646
		outer loop
			vertex	-30.3987	-23.7741	31.7917
			vertex	-34.5557	-22.4045	28.3539
			vertex	-32.4404	-25.3709	28.3539
		endloop
	endfacet
	facet normal	-0.690070	-0.492079	0.530719
		outer loop
			vertex	-36.4743	-23.6485	24.7058
			vertex	-32.4404	-25.3709	28.3539
			vertex	-34.5557	-22.4045	28.3539
		endloop
	endfacet
	facet normal	-0.690065	-0.492103	0.530702
		outer loop
			vertex	-32.4404	-25.3709	28.3539
			vertex	-36.4743	-23.6485	24.7058
			vertex	-34.2415	-26.7795	24.7058
		endloop
	endfacet
	facet normal	-0.724655	-0.516771	0.455876
		outer loop
			vertex	-38.1225	-24.7171	20.8745
			vertex	-34.2415	-26.7795	24.7058
			vertex	-36.4743	-23.6485	24.7058
		endloop
	endfacet
	facet normal	-0.724655	-0.516770	0.455877
		outer loop
			vertex	-34.2415	-26.7795	24.7058
			vertex	-38.1225	-24.7171	20.8745
			vertex	-35.7888	-27.9896	20.8745
		endloop
	endfacet
	facet normal	-0.753886	-0.537615	0.377658
		outer loop
			vertex	-39.4880	-25.6024	16.8884
			vertex	-35.7888	-27.9896	20.8745
			vertex	-38.1225	-24.7171	20.8745
		endloop
	endfacet
	facet normal	-0.753889	-0.537606	0.377666
		outer loop
			vertex	-35.7888	-27.9896	20.8745
			vertex	-39.4880	-25.6024	16.8884
			vertex	-37.0707	-28.9922	16.8884
		endloop
	endfacet
	facet normal	-0.777532	-0.554466	0.296667
		outer loop
			vertex	-40.5607	-26.2979	12.7771
			vertex	-37.0707	-28.9922	16.8884
			vertex	-39.4880	-25.6024	16.8884
		endloop
	endfacet
	facet normal	-0.777526	-0.554482	0.296652
		outer loop
			vertex	-37.0707	-28.9922	16.8884
			vertex	-40.5607	-26.2979	12.7771
			vertex	-38.0777	-29.7797	12.7771
		endloop
	endfacet
	facet normal	-0.795408	-0.567234	0.213474
		outer loop
			vertex	-41.3326	-26.7984	8.57107
			vertex	-38.0777	-29.7797	12.7771
			vertex	-40.5607	-26.2979	12.7771
		endloop
	endfacet
	facet normal	-0.795414	-0.567221	0.213488
		outer loop
			vertex	-38.0777	-29.7797	12.7771
			vertex	-41.3326	-26.7984	8.57107
			vertex	-38.8024	-30.3465	8.57107
		endloop
	endfacet
	facet normal	-0.807410	-0.575776	0.128728
		outer loop
			vertex	-41.7981	-27.1002	4.30148
			vertex	-38.8024	-30.3465	8.57107
			vertex	-41.3326	-26.7984	8.57107
		endloop
	endfacet
	facet normal	-0.807406	-0.575783	0.128720
		outer loop
			vertex	-38.8024	-30.3465	8.57107
			vertex	-41.7981	-27.1002	4.30148
			vertex	-39.2394	-30.6882	4.30148
		endloop
	endfacet
	facet normal	-0.813426	-0.580076	0.0429995
		outer loop
			vertex	-41.9536	-27.2010	2.08167e-015
			vertex	-39.2394	-30.6882	4.30148
			vertex	-41.7981	-27.1002	4.30148
		endloop
	endfacet
	facet normal	-0.813432	-0.580068	0.0430101
		outer loop
			vertex	-39.2394	-30.6882	4.30148
			vertex	-41.9536	-27.2010	2.08167e-015
			vertex	-39.3854	-30.8024	2.08167e-015
		endloop
	endfacet
	facet normal	-0.813432	-0.580068	-0.0429995
		outer loop
			vertex	-41.7981	-27.1002	-4.30148
			vertex	-39.3854	-30.8024	2.08167e-015
			vertex	-41.9536	-27.2010	2.08167e-015
		endloop
	endfacet
	facet normal	-0.813426	-0.580076	-0.0430101
		outer loop
			vertex	-39.3854	-30.8024	2.08167e-015
			vertex	-41.7981	-27.1002	-4.30148
			vertex	-39.2394	-30.6882	-4.30148
		endloop
	endfacet
	facet normal	-0.807405	-0.575783	-0.128728
		outer loop
			vertex	-41.3326	-26.7984	-8.57107
			vertex	-39.2394	-30.6882	-4.30148
			vertex	-41.7981	-27.1002	-4.30148
		endloop
	endfacet
	facet normal	-0.807411	-0.575776	-0.128719
		outer loop
			vertex	-39.2394	-30.6882	-4.30148
			vertex	-41.3326	-26.7984	-8.57107
			vertex	-38.8024	-30.3465	-8.57107
		endloop
	endfacet
	facet normal	-0.795416	-0.567223	-0.213474
		outer loop
			vertex	-40.5607	-26.2979	-12.7771
			vertex	-38.8024	-30.3465	-8.57107
			vertex	-41.3326	-26.7984	-8.57107
		endloop
	endfacet
	facet normal	-0.795406	-0.567232	-0.213488
		outer loop
			vertex	-38.8024	-30.3465	-8.57107
			vertex	-40.5607	-26.2979	-12.7771
			vertex	-38.0777	-29.7797	-12.7771
		endloop
	endfacet
	facet normal	-0.409246	-0.240310	0.880210
		outer loop
			vertex	-18.2871	-11.8566	45.0000
			vertex	-22.6138	-11.9670	42.9582
			vertex	-21.4677	-13.9188	42.9582
		endloop
	endfacet
	facet normal	-0.473057	-0.277780	0.836096
		outer loop
			vertex	-25.7965	-13.6512	40.5979
			vertex	-21.4677	-13.9188	42.9582
			vertex	-22.6138	-11.9670	42.9582
		endloop
	endfacet
	facet normal	-0.473055	-0.277799	0.836090
		outer loop
			vertex	-21.4677	-13.9188	42.9582
			vertex	-25.7965	-13.6512	40.5979
			vertex	-24.4890	-15.8777	40.5979
		endloop
	endfacet
	facet normal	-0.533348	-0.313206	0.785775
		outer loop
			vertex	-28.7879	-15.2342	37.9365
			vertex	-24.4890	-15.8777	40.5979
			vertex	-25.7965	-13.6512	40.5979
		endloop
	endfacet
	facet normal	-0.533348	-0.313200	0.785777
		outer loop
			vertex	-24.4890	-15.8777	40.5979
			vertex	-28.7879	-15.2342	37.9365
			vertex	-27.3288	-17.7189	37.9365
		endloop
	endfacet
	facet normal	-0.589674	-0.346277	0.729642
		outer loop
			vertex	-31.5658	-16.7043	34.9938
			vertex	-27.3288	-17.7189	37.9365
			vertex	-28.7879	-15.2342	37.9365
		endloop
	endfacet
	facet normal	-0.589673	-0.346285	0.729638
		outer loop
			vertex	-27.3288	-17.7189	37.9365
			vertex	-31.5658	-16.7043	34.9938
			vertex	-29.9659	-19.4287	34.9938
		endloop
	endfacet
	facet normal	-0.641610	-0.376785	0.668110
		outer loop
			vertex	-34.1096	-18.0505	31.7917
			vertex	-29.9659	-19.4287	34.9938
			vertex	-31.5658	-16.7043	34.9938
		endloop
	endfacet
	facet normal	-0.641611	-0.376763	0.668120
		outer loop
			vertex	-29.9659	-19.4287	34.9938
			vertex	-34.1096	-18.0505	31.7917
			vertex	-32.3809	-20.9944	31.7917
		endloop
	endfacet
	facet normal	-0.688787	-0.404466	0.601648
		outer loop
			vertex	-36.4006	-19.2628	28.3539
			vertex	-32.3809	-20.9944	31.7917
			vertex	-34.1096	-18.0505	31.7917
		endloop
	endfacet
	facet normal	-0.688786	-0.404476	0.601641
		outer loop
			vertex	-32.3809	-20.9944	31.7917
			vertex	-36.4006	-19.2628	28.3539
			vertex	-34.5557	-22.4045	28.3539
		endloop
	endfacet
	facet normal	-0.730858	-0.429182	0.530707
		outer loop
			vertex	-38.4216	-20.3323	24.7058
			vertex	-34.5557	-22.4045	28.3539
			vertex	-36.4006	-19.2628	28.3539
		endloop
	endfacet
	facet normal	-0.730859	-0.429166	0.530717
		outer loop
			vertex	-34.5557	-22.4045	28.3539
			vertex	-38.4216	-20.3323	24.7058
			vertex	-36.4743	-23.6485	24.7058
		endloop
	endfacet
	facet normal	-0.767500	-0.450683	0.455882
		outer loop
			vertex	-40.1578	-21.2511	20.8745
			vertex	-36.4743	-23.6485	24.7058
			vertex	-38.4216	-20.3323	24.7058
		endloop
	endfacet
	facet normal	-0.767499	-0.450690	0.455877
		outer loop
			vertex	-36.4743	-23.6485	24.7058
			vertex	-40.1578	-21.2511	20.8745
			vertex	-38.1225	-24.7171	20.8745
		endloop
	endfacet
	facet normal	-0.798457	-0.468868	0.377663
		outer loop
			vertex	-41.5962	-22.0123	16.8884
			vertex	-38.1225	-24.7171	20.8745
			vertex	-40.1578	-21.2511	20.8745
		endloop
	endfacet
	facet normal	-0.798456	-0.468873	0.377659
		outer loop
			vertex	-38.1225	-24.7171	20.8745
			vertex	-41.5962	-22.0123	16.8884
			vertex	-39.4880	-25.6024	16.8884
		endloop
	endfacet
	facet normal	-0.823499	-0.483580	0.296647
		outer loop
			vertex	-42.7261	-22.6102	12.7771
			vertex	-39.4880	-25.6024	16.8884
			vertex	-41.5962	-22.0123	16.8884
		endloop
	endfacet
	facet normal	-0.823505	-0.483559	0.296667
		outer loop
			vertex	-39.4880	-25.6024	16.8884
			vertex	-42.7261	-22.6102	12.7771
			vertex	-40.5607	-26.2979	12.7771
		endloop
	endfacet
	facet normal	-0.842445	-0.494681	0.213488
		outer loop
			vertex	-43.5393	-23.0405	8.57107
			vertex	-40.5607	-26.2979	12.7771
			vertex	-42.7261	-22.6102	12.7771
		endloop
	endfacet
	facet normal	-0.842441	-0.494695	0.213474
		outer loop
			vertex	-40.5607	-26.2979	12.7771
			vertex	-43.5393	-23.0405	8.57107
			vertex	-41.3326	-26.7984	8.57107
		endloop
	endfacet
	facet normal	-0.855144	-0.502154	0.128721
		outer loop
			vertex	-44.0296	-23.3000	4.30148
			vertex	-41.3326	-26.7984	8.57107
			vertex	-43.5393	-23.0405	8.57107
		endloop
	endfacet
	facet normal	-0.855147	-0.502147	0.128728
		outer loop
			vertex	-41.3326	-26.7984	8.57107
			vertex	-44.0296	-23.3000	4.30148
			vertex	-41.7981	-27.1002	4.30148
		endloop
	endfacet
	facet normal	-0.861523	-0.505892	0.0430231
		outer loop
			vertex	-44.1935	-23.3867	2.08167e-015
			vertex	-41.7981	-27.1002	4.30148
			vertex	-44.0296	-23.3000	4.30148
		endloop
	endfacet
	facet normal	-0.861513	-0.505912	0.0429999
		outer loop
			vertex	-41.7981	-27.1002	4.30148
			vertex	-44.1935	-23.3867	2.08167e-015
			vertex	-41.9536	-27.2010	2.08167e-015
		endloop
	endfacet
	facet normal	-0.861512	-0.505911	-0.0430230
		outer loop
			vertex	-44.0296	-23.3000	-4.30148
			vertex	-41.9536	-27.2010	2.08167e-015
			vertex	-44.1935	-23.3867	2.08167e-015
		endloop
	endfacet
	facet normal	-0.861524	-0.505892	-0.0429998
		outer loop
			vertex	-41.9536	-27.2010	2.08167e-015
			vertex	-44.0296	-23.3000	-4.30148
			vertex	-41.7981	-27.1002	-4.30148
		endloop
	endfacet
	facet normal	-0.855148	-0.502148	-0.128721
		outer loop
			vertex	-43.5393	-23.0405	-8.57107
			vertex	-41.7981	-27.1002	-4.30148
			vertex	-44.0296	-23.3000	-4.30148
		endloop
	endfacet
	facet normal	-0.855143	-0.502154	-0.128728
		outer loop
			vertex	-41.7981	-27.1002	-4.30148
			vertex	-43.5393	-23.0405	-8.57107
			vertex	-41.3326	-26.7984	-8.57107
		endloop
	endfacet
	facet normal	-0.842438	-0.494693	-0.213488
		outer loop
			vertex	-42.7261	-22.6102	-12.7771
			vertex	-41.3326	-26.7984	-8.57107
			vertex	-43.5393	-23.0405	-8.57107
		endloop
	endfacet
	facet normal	-0.842448	-0.494682	-0.213474
		outer loop
			vertex	-41.3326	-26.7984	-8.57107
			vertex	-42.7261	-22.6102	-12.7771
			vertex	-40.5607	-26.2979	-12.7771
		endloop
	endfacet
	facet normal	-0.904214	0.335709	-0.264002
		outer loop
			vertex	-45.0000	17.5564	-12.7727
			vertex	-45.0000	18.3347	-11.7830
			vertex	-44.5572	18.7456	-12.7771
		endloop
	endfacet
	facet normal	-0.880089	0.422021	-0.217580
		outer loop
			vertex	-45.0000	18.9375	-10.6138
			vertex	-44.5572	18.7456	-12.7771
			vertex	-45.0000	18.3347	-11.7830
		endloop
	endfacet
	facet normal	-0.882036	0.417920	-0.217615
		outer loop
			vertex	-44.5572	18.7456	-12.7771
			vertex	-45.0000	18.9375	-10.6138
			vertex	-42.7261	22.6102	-12.7771
		endloop
	endfacet
	facet normal	-0.881923	0.420269	-0.213508
		outer loop
			vertex	-43.5393	23.0405	-8.57107
			vertex	-42.7261	22.6102	-12.7771
			vertex	-45.0000	18.9375	-10.6138
		endloop
	endfacet
	facet normal	-0.842445	0.494681	-0.213488
		outer loop
			vertex	-42.7261	22.6102	-12.7771
			vertex	-43.5393	23.0405	-8.57107
			vertex	-40.5607	26.2979	-12.7771
		endloop
	endfacet
	facet normal	-0.842441	0.494695	-0.213474
		outer loop
			vertex	-41.3326	26.7984	-8.57107
			vertex	-40.5607	26.2979	-12.7771
			vertex	-43.5393	23.0405	-8.57107
		endloop
	endfacet
	facet normal	-0.795408	0.567234	-0.213474
		outer loop
			vertex	-40.5607	26.2979	-12.7771
			vertex	-41.3326	26.7984	-8.57107
			vertex	-38.0777	29.7797	-12.7771
		endloop
	endfacet
	facet normal	-0.795414	0.567221	-0.213488
		outer loop
			vertex	-38.8024	30.3465	-8.57107
			vertex	-38.0777	29.7797	-12.7771
			vertex	-41.3326	26.7984	-8.57107
		endloop
	endfacet
	facet normal	-0.742179	0.635289	-0.213489
		outer loop
			vertex	-38.0777	29.7797	-12.7771
			vertex	-38.8024	30.3465	-8.57107
			vertex	-35.2968	33.0285	-12.7771
		endloop
	endfacet
	facet normal	-0.742171	0.635305	-0.213472
		outer loop
			vertex	-35.9685	33.6571	-8.57107
			vertex	-35.2968	33.0285	-12.7771
			vertex	-38.8024	30.3465	-8.57107
		endloop
	endfacet
	facet normal	-0.683124	0.698406	-0.213473
		outer loop
			vertex	-35.2968	33.0285	-12.7771
			vertex	-35.9685	33.6571	-8.57107
			vertex	-32.2396	36.0188	-12.7771
		endloop
	endfacet
	facet normal	-0.683130	0.698397	-0.213484
		outer loop
			vertex	-32.8532	36.7043	-8.57107
			vertex	-32.2396	36.0188	-12.7771
			vertex	-35.9685	33.6571	-8.57107
		endloop
	endfacet
	facet normal	-0.618725	0.756045	-0.213484
		outer loop
			vertex	-32.2396	36.0188	-12.7771
			vertex	-32.8532	36.7043	-8.57107
			vertex	-28.9301	38.7272	-12.7771
		endloop
	endfacet
	facet normal	-0.618719	0.756053	-0.213473
		outer loop
			vertex	-29.4807	39.4642	-8.57107
			vertex	-28.9301	38.7272	-12.7771
			vertex	-32.8532	36.7043	-8.57107
		endloop
	endfacet
	facet normal	-0.549487	0.807771	-0.213473
		outer loop
			vertex	-28.9301	38.7272	-12.7771
			vertex	-29.4807	39.4642	-8.57107
			vertex	-25.3942	41.1325	-12.7771
		endloop
	endfacet
	facet normal	0.356138	0.891475	-0.280067
		outer loop
			vertex	17.5564	45.0000	-12.7727
			vertex	18.3347	45.0000	-11.7830
			vertex	19.7267	44.1316	-12.7771
		endloop
	endfacet
	facet normal	0.402662	0.890058	-0.213683
		outer loop
			vertex	20.1022	44.9715	-8.57107
			vertex	19.7267	44.1316	-12.7771
			vertex	18.3347	45.0000	-11.7830
		endloop
	endfacet
	facet normal	0.437725	0.873396	-0.213487
		outer loop
			vertex	19.7267	44.1316	-12.7771
			vertex	20.1022	44.9715	-8.57107
			vertex	23.5499	42.2155	-12.7771
		endloop
	endfacet
	facet normal	0.437738	0.873393	-0.213474
		outer loop
			vertex	23.9981	43.0189	-8.57107
			vertex	23.5499	42.2155	-12.7771
			vertex	20.1022	44.9715	-8.57107
		endloop
	endfacet
	facet normal	0.513215	0.831288	-0.213474
		outer loop
			vertex	23.5499	42.2155	-12.7771
			vertex	23.9981	43.0189	-8.57107
			vertex	27.1887	39.9690	-12.7771
		endloop
	endfacet
	facet normal	0.513218	0.831286	-0.213471
		outer loop
			vertex	27.7062	40.7296	-8.57107
			vertex	27.1887	39.9690	-12.7771
			vertex	23.9981	43.0189	-8.57107
		endloop
	endfacet
	facet normal	0.584681	0.782673	-0.213472
		outer loop
			vertex	27.1887	39.9690	-12.7771
			vertex	27.7062	40.7296	-8.57107
			vertex	30.6148	37.4096	-12.7771
		endloop
	endfacet
	facet normal	0.584663	0.782682	-0.213492
		outer loop
			vertex	31.1975	38.1216	-8.57107
			vertex	30.6148	37.4096	-12.7771
			vertex	27.7062	40.7296	-8.57107
		endloop
	endfacet
	facet normal	0.651551	0.727944	-0.213493
		outer loop
			vertex	30.6148	37.4096	-12.7771
			vertex	31.1975	38.1216	-8.57107
			vertex	33.8013	34.5575	-12.7771
		endloop
	endfacet
	facet normal	0.651560	0.727939	-0.213483
		outer loop
			vertex	34.4446	35.2152	-8.57107
			vertex	33.8013	34.5575	-12.7771
			vertex	31.1975	38.1216	-8.57107
		endloop
	endfacet
	facet normal	0.713350	0.667501	-0.213482
		outer loop
			vertex	33.8013	34.5575	-12.7771
			vertex	34.4446	35.2152	-8.57107
			vertex	36.7232	31.4349	-12.7771
		endloop
	endfacet
	facet normal	0.713348	0.667502	-0.213485
		outer loop
			vertex	37.4221	32.0332	-8.57107
			vertex	36.7232	31.4349	-12.7771
			vertex	34.4446	35.2152	-8.57107
		endloop
	endfacet
	facet normal	0.769549	0.601846	-0.213484
		outer loop
			vertex	36.7232	31.4349	-12.7771
			vertex	37.4221	32.0332	-8.57107
			vertex	39.3577	28.0663	-12.7771
		endloop
	endfacet
	facet normal	0.769550	0.601845	-0.213483
		outer loop
			vertex	40.1068	28.6004	-8.57107
			vertex	39.3577	28.0663	-12.7771
			vertex	37.4221	32.0332	-8.57107
		endloop
	endfacet
	facet normal	0.819730	0.531477	-0.213484
		outer loop
			vertex	39.3577	28.0663	-12.7771
			vertex	40.1068	28.6004	-8.57107
			vertex	41.6842	24.4780	-12.7771
		endloop
	endfacet
	facet normal	-0.154631	0.448701	0.880203
		outer loop
			vertex	-8.00515	20.2711	45.0000
			vertex	-6.18227	20.8993	45.0000
			vertex	-7.25749	24.5341	42.9582
		endloop
	endfacet
	facet normal	-0.114361	0.460613	0.880203
		outer loop
			vertex	-5.06077	25.0795	42.9582
			vertex	-7.25749	24.5341	42.9582
			vertex	-6.18227	20.8993	45.0000
		endloop
	endfacet
	facet normal	-0.132189	0.532420	0.836095
		outer loop
			vertex	-7.25749	24.5341	42.9582
			vertex	-5.06077	25.0795	42.9582
			vertex	-5.77302	28.6092	40.5979
		endloop
	endfacet
	facet normal	-0.0846251	0.542018	0.836095
		outer loop
			vertex	-3.22194	29.0075	40.5979
			vertex	-5.77302	28.6092	40.5979
			vertex	-5.06077	25.0795	42.9582
		endloop
	endfacet
	facet normal	-0.0954131	0.611114	0.785771
		outer loop
			vertex	-5.77302	28.6092	40.5979
			vertex	-3.22194	29.0075	40.5979
			vertex	-3.59556	32.3712	37.9365
		endloop
	endfacet
	facet normal	-0.0410212	0.617155	0.785771
		outer loop
			vertex	-0.720522	32.5623	37.9365
			vertex	-3.59556	32.3712	37.9365
			vertex	-3.22194	29.0075	40.5979
		endloop
	endfacet
	facet normal	-0.0453532	0.682330	0.729637
		outer loop
			vertex	-3.59556	32.3712	37.9365
			vertex	-0.720522	32.5623	37.9365
			vertex	-0.790050	35.7044	34.9938
		endloop
	endfacet
	facet normal	0.0151292	0.683668	0.729637
		outer loop
			vertex	2.36860	35.6345	34.9938
			vertex	-0.790050	35.7044	34.9938
			vertex	-0.720522	32.5623	37.9365
		endloop
	endfacet
	facet normal	0.0164615	0.743871	0.668121
		outer loop
			vertex	-0.790050	35.7044	34.9938
			vertex	2.36860	35.6345	34.9938
			vertex	2.55949	38.5063	31.7917
		endloop
	endfacet
	facet normal	0.0821410	0.739505	0.668121
		outer loop
			vertex	5.95266	38.1294	31.7917
			vertex	2.55949	38.5063	31.7917
			vertex	2.36860	35.6345	34.9938
		endloop
	endfacet
	facet normal	0.0881801	0.793874	0.601654
		outer loop
			vertex	2.55949	38.5063	31.7917
			vertex	5.95266	38.1294	31.7917
			vertex	6.35247	40.6904	28.3539
		endloop
	endfacet
	facet normal	0.158004	0.782973	0.601654
		outer loop
			vertex	9.92383	39.9697	28.3539
			vertex	6.35247	40.6904	28.3539
			vertex	5.95266	38.1294	31.7917
		endloop
	endfacet
	facet normal	0.167656	0.830804	0.530713
		outer loop
			vertex	6.35247	40.6904	28.3539
			vertex	9.92383	39.9697	28.3539
			vertex	10.4748	42.1889	24.7058
		endloop
	endfacet
	facet normal	0.240425	0.812737	0.530712
		outer loop
			vertex	14.1625	41.0980	24.7058
			vertex	10.4748	42.1889	24.7058
			vertex	9.92383	39.9697	28.3539
		endloop
	endfacet
	facet normal	0.252479	0.853483	0.455874
		outer loop
			vertex	10.4748	42.1889	24.7058
			vertex	14.1625	41.0980	24.7058
			vertex	14.8025	42.9551	20.8745
		endloop
	endfacet
	facet normal	0.326912	0.827832	0.455875
		outer loop
			vertex	18.5409	41.4788	20.8745
			vertex	14.8025	42.9551	20.8745
			vertex	14.1625	41.0980	24.7058
		endloop
	endfacet
	facet normal	0.340099	0.861224	0.377658
		outer loop
			vertex	14.8025	42.9551	20.8745
			vertex	18.5409	41.4788	20.8745
			vertex	19.2050	42.9645	16.8884
		endloop
	endfacet
	facet normal	0.414887	0.827794	0.377658
		outer loop
			vertex	22.9271	41.0990	16.8884
			vertex	19.2050	42.9645	16.8884
			vertex	18.5409	41.4788	20.8745
		endloop
	endfacet
	facet normal	0.427897	0.853750	0.296672
		outer loop
			vertex	19.2050	42.9645	16.8884
			vertex	22.9271	41.0990	16.8884
			vertex	23.5499	42.2155	12.7771
		endloop
	endfacet
	facet normal	0.501674	0.812594	0.296672
		outer loop
			vertex	27.1887	39.9690	12.7771
			vertex	23.5499	42.2155	12.7771
			vertex	22.9271	41.0990	16.8884
		endloop
	endfacet
	facet normal	0.513215	0.831288	0.213471
		outer loop
			vertex	23.5499	42.2155	12.7771
			vertex	27.1887	39.9690	12.7771
			vertex	27.7062	40.7296	8.57107
		endloop
	endfacet
	facet normal	0.584665	0.782685	0.213473
		outer loop
			vertex	31.1975	38.1216	8.57107
			vertex	27.7062	40.7296	8.57107
			vertex	27.1887	39.9690	12.7771
		endloop
	endfacet
	facet normal	0.593482	0.794488	0.128716
		outer loop
			vertex	27.7062	40.7296	8.57107
			vertex	31.1975	38.1216	8.57107
			vertex	31.5488	38.5509	4.30148
		endloop
	endfacet
	facet normal	0.661392	0.738913	0.128715
		outer loop
			vertex	34.8325	35.6117	4.30148
			vertex	31.5488	38.5509	4.30148
			vertex	31.1975	38.1216	8.57107
		endloop
	endfacet
	facet normal	0.666322	0.744421	0.0430236
		outer loop
			vertex	31.5488	38.5509	4.30148
			vertex	34.8325	35.6117	4.30148
			vertex	34.9621	35.7443	2.08167e-015
		endloop
	endfacet
	facet normal	0.729507	0.682619	0.0430222
		outer loop
			vertex	37.9844	32.5144	2.08167e-015
			vertex	34.9621	35.7443	2.08167e-015
			vertex	34.8325	35.6117	4.30148
		endloop
	endfacet
	facet normal	0.729507	0.682619	-0.0430184
		outer loop
			vertex	34.9621	35.7443	2.08167e-015
			vertex	37.9844	32.5144	2.08167e-015
			vertex	37.8435	32.3939	-4.30148
		endloop
	endfacet
	facet normal	0.786979	0.615478	-0.0430200
		outer loop
			vertex	40.5584	28.9225	-4.30148
			vertex	37.8435	32.3939	-4.30148
			vertex	37.9844	32.5144	2.08167e-015
		endloop
	endfacet
	facet normal	0.781157	0.610924	-0.128712
		outer loop
			vertex	37.8435	32.3939	-4.30148
			vertex	40.5584	28.9225	-4.30148
			vertex	40.1068	28.6004	-8.57107
		endloop
	endfacet
	facet normal	0.832096	0.539491	-0.128711
		outer loop
			vertex	42.4775	24.9439	-8.57107
			vertex	40.1068	28.6004	-8.57107
			vertex	40.5584	28.9225	-4.30148
		endloop
	endfacet
	facet normal	0.819732	0.531475	-0.213481
		outer loop
			vertex	40.1068	28.6004	-8.57107
			vertex	42.4775	24.9439	-8.57107
			vertex	41.6842	24.4780	-12.7771
		endloop
	endfacet
	facet normal	0.863487	0.456965	-0.213480
		outer loop
			vertex	43.6845	20.6982	-12.7771
			vertex	41.6842	24.4780	-12.7771
			vertex	42.4775	24.9439	-8.57107
		endloop
	endfacet
	facet normal	0.364370	-0.901335	-0.234159
		outer loop
			vertex	19.3717	-45.0000	-9.98682
			vertex	17.5808	-45.0000	-12.7736
			vertex	19.7267	-44.1316	-12.7771
		endloop
	endfacet
	facet normal	0.357815	-0.885388	-0.296744
		outer loop
			vertex	19.2050	-42.9645	-16.8884
			vertex	19.7267	-44.1316	-12.7771
			vertex	17.5808	-45.0000	-12.7736
		endloop
	endfacet
	facet normal	0.427885	-0.853762	-0.296658
		outer loop
			vertex	19.7267	-44.1316	-12.7771
			vertex	19.2050	-42.9645	-16.8884
			vertex	23.5499	-42.2155	-12.7771
		endloop
	endfacet
	facet normal	0.427897	-0.853750	-0.296672
		outer loop
			vertex	22.9271	-41.0990	-16.8884
			vertex	23.5499	-42.2155	-12.7771
			vertex	19.2050	-42.9645	-16.8884
		endloop
	endfacet
	facet normal	0.501674	-0.812594	-0.296672
		outer loop
			vertex	23.5499	-42.2155	-12.7771
			vertex	22.9271	-41.0990	-16.8884
			vertex	27.1887	-39.9690	-12.7771
		endloop
	endfacet
	facet normal	0.501673	-0.812595	-0.296670
		outer loop
			vertex	26.4697	-38.9119	-16.8884
			vertex	27.1887	-39.9690	-12.7771
			vertex	22.9271	-41.0990	-16.8884
		endloop
	endfacet
	facet normal	0.571534	-0.765073	-0.296669
		outer loop
			vertex	27.1887	-39.9690	-12.7771
			vertex	26.4697	-38.9119	-16.8884
			vertex	30.6148	-37.4096	-12.7771
		endloop
	endfacet
	facet normal	0.571520	-0.765092	-0.296648
		outer loop
			vertex	29.8052	-36.4203	-16.8884
			vertex	30.6148	-37.4096	-12.7771
			vertex	26.4697	-38.9119	-16.8884
		endloop
	endfacet
	facet normal	0.636907	-0.711582	-0.296648
		outer loop
			vertex	30.6148	-37.4096	-12.7771
			vertex	29.8052	-36.4203	-16.8884
			vertex	33.8013	-34.5575	-12.7771
		endloop
	endfacet
	facet normal	0.636920	-0.711561	-0.296671
		outer loop
			vertex	32.9073	-33.6436	-16.8884
			vertex	33.8013	-34.5575	-12.7771
			vertex	29.8052	-36.4203	-16.8884
		endloop
	endfacet
	facet normal	0.697310	-0.652491	-0.296672
		outer loop
			vertex	33.8013	-34.5575	-12.7771
			vertex	32.9073	-33.6436	-16.8884
			vertex	36.7232	-31.4349	-12.7771
		endloop
	endfacet
	facet normal	0.697310	-0.652491	-0.296672
		outer loop
			vertex	35.7520	-30.6035	-16.8884
			vertex	36.7232	-31.4349	-12.7771
			vertex	32.9073	-33.6436	-16.8884
		endloop
	endfacet
	facet normal	0.752246	-0.588313	-0.296672
		outer loop
			vertex	36.7232	-31.4349	-12.7771
			vertex	35.7520	-30.6035	-16.8884
			vertex	39.3577	-28.0663	-12.7771
		endloop
	endfacet
	facet normal	0.752247	-0.588310	-0.296674
		outer loop
			vertex	38.3168	-27.3240	-16.8884
			vertex	39.3577	-28.0663	-12.7771
			vertex	35.7520	-30.6035	-16.8884
		endloop
	endfacet
	facet normal	0.801297	-0.519526	-0.296674
		outer loop
			vertex	39.3577	-28.0663	-12.7771
			vertex	38.3168	-27.3240	-16.8884
			vertex	41.6842	-24.4780	-12.7771
		endloop
	endfacet
	facet normal	0.801292	-0.519545	-0.296657
		outer loop
			vertex	40.5818	-23.8307	-16.8884
			vertex	41.6842	-24.4780	-12.7771
			vertex	38.3168	-27.3240	-16.8884
		endloop
	endfacet
	facet normal	0.844074	-0.446692	-0.296658
		outer loop
			vertex	41.6842	-24.4780	-12.7771
			vertex	40.5818	-23.8307	-16.8884
			vertex	43.6845	-20.6982	-12.7771
		endloop
	endfacet
	facet normal	0.844080	-0.446664	-0.296683
		outer loop
			vertex	42.5291	-20.1508	-16.8884
			vertex	43.6845	-20.6982	-12.7771
			vertex	40.5818	-23.8307	-16.8884
		endloop
	endfacet
	facet normal	0.880292	-0.370224	-0.296683
		outer loop
			vertex	43.6845	-20.6982	-12.7771
			vertex	42.5291	-20.1508	-16.8884
			vertex	45.0000	-16.6384	-13.9400
		endloop
	endfacet
	facet normal	0.880290	-0.370342	-0.296539
		outer loop
			vertex	44.1436	-16.3132	-16.8884
			vertex	45.0000	-16.6384	-13.9400
			vertex	42.5291	-20.1508	-16.8884
		endloop
	endfacet
	facet normal	0.877501	-0.376967	-0.296460
		outer loop
			vertex	45.0000	-16.6384	-13.9400
			vertex	44.1436	-16.3132	-16.8884
			vertex	45.0000	-15.7734	-15.0399
		endloop
	endfacet
	facet normal	0.898261	-0.287792	-0.332119
		outer loop
			vertex	45.0000	-13.6433	-16.8857
			vertex	45.0000	-15.7734	-15.0399
			vertex	44.1436	-16.3132	-16.8884
		endloop
	endfacet
	facet normal	-0.911576	-0.345870	-0.222268
		outer loop
			vertex	-45.0000	-18.9374	-10.6626
			vertex	-45.0000	-17.5808	-12.7736
			vertex	-44.5572	-18.7456	-12.7771
		endloop
	endfacet
	facet normal	-0.892929	-0.338558	-0.296742
		outer loop
			vertex	-43.3789	-18.2498	-16.8884
			vertex	-44.5572	-18.7456	-12.7771
			vertex	-45.0000	-17.5808	-12.7736
		endloop
	endfacet
	facet normal	-0.863014	-0.408907	-0.296652
		outer loop
			vertex	-44.5572	-18.7456	-12.7771
			vertex	-43.3789	-18.2498	-16.8884
			vertex	-42.7261	-22.6102	-12.7771
		endloop
	endfacet
	facet normal	-0.863017	-0.408904	-0.296648
		outer loop
			vertex	-41.5962	-22.0123	-16.8884
			vertex	-42.7261	-22.6102	-12.7771
			vertex	-43.3789	-18.2498	-16.8884
		endloop
	endfacet
	facet normal	-0.823510	-0.483562	-0.296648
		outer loop
			vertex	-42.7261	-22.6102	-12.7771
			vertex	-41.5962	-22.0123	-16.8884
			vertex	-40.5607	-26.2979	-12.7771
		endloop
	endfacet
	facet normal	-0.823494	-0.483577	-0.296667
		outer loop
			vertex	-39.4880	-25.6024	-16.8884
			vertex	-40.5607	-26.2979	-12.7771
			vertex	-41.5962	-22.0123	-16.8884
		endloop
	endfacet
	facet normal	-0.777523	-0.554480	-0.296667
		outer loop
			vertex	-40.5607	-26.2979	-12.7771
			vertex	-39.4880	-25.6024	-16.8884
			vertex	-38.0777	-29.7797	-12.7771
		endloop
	endfacet
	facet normal	-0.777536	-0.554469	-0.296652
		outer loop
			vertex	-37.0707	-28.9922	-16.8884
			vertex	-38.0777	-29.7797	-12.7771
			vertex	-39.4880	-25.6024	-16.8884
		endloop
	endfacet
	facet normal	-0.725497	-0.621009	-0.296651
		outer loop
			vertex	-38.0777	-29.7797	-12.7771
			vertex	-37.0707	-28.9922	-16.8884
			vertex	-35.2968	-33.0285	-12.7771
		endloop
	endfacet
	facet normal	-0.725480	-0.621020	-0.296669
		outer loop
			vertex	-34.3633	-32.1550	-16.8884
			vertex	-35.2968	-33.0285	-12.7771
			vertex	-37.0707	-28.9922	-16.8884
		endloop
	endfacet
	facet normal	-0.667762	-0.682701	-0.296669
		outer loop
			vertex	-35.2968	-33.0285	-12.7771
			vertex	-34.3633	-32.1550	-16.8884
			vertex	-32.2396	-36.0188	-12.7771
		endloop
	endfacet
	facet normal	-0.667767	-0.682699	-0.296664
		outer loop
			vertex	-31.3870	-35.0662	-16.8884
			vertex	-32.2396	-36.0188	-12.7771
			vertex	-34.3633	-32.1550	-16.8884
		endloop
	endfacet
	facet normal	-0.604814	-0.739046	-0.296665
		outer loop
			vertex	-32.2396	-36.0188	-12.7771
			vertex	-31.3870	-35.0662	-16.8884
			vertex	-28.9301	-38.7272	-12.7771
		endloop
	endfacet
	facet normal	-0.604815	-0.739046	-0.296664
		outer loop
			vertex	-28.1650	-37.7030	-16.8884
			vertex	-28.9301	-38.7272	-12.7771
			vertex	-31.3870	-35.0662	-16.8884
		endloop
	endfacet
	facet normal	-0.537131	-0.789608	-0.296664
		outer loop
			vertex	-28.9301	-38.7272	-12.7771
			vertex	-28.1650	-37.7030	-16.8884
			vertex	-25.3942	-41.1325	-12.7771
		endloop
	endfacet
	facet normal	-0.537132	-0.789607	-0.296663
		outer loop
			vertex	-24.7226	-40.0447	-16.8884
			vertex	-25.3942	-41.1325	-12.7771
			vertex	-28.1650	-37.7030	-16.8884
		endloop
	endfacet
	facet normal	-0.465242	-0.833991	-0.296663
		outer loop
			vertex	-25.3942	-41.1325	-12.7771
			vertex	-24.7226	-40.0447	-16.8884
			vertex	-21.6595	-43.2159	-12.7771
		endloop
	endfacet
	facet normal	-0.465244	-0.833990	-0.296661
		outer loop
			vertex	-21.0867	-42.0730	-16.8884
			vertex	-21.6595	-43.2159	-12.7771
			vertex	-24.7226	-40.0447	-16.8884
		endloop
	endfacet
	facet normal	-0.389700	-0.871852	-0.296661
		outer loop
			vertex	-21.6595	-43.2159	-12.7771
			vertex	-21.0867	-42.0730	-16.8884
			vertex	-17.7553	-44.9610	-12.7771
		endloop
	endfacet
	facet normal	-0.389716	-0.871850	-0.296646
		outer loop
			vertex	-17.2858	-43.7720	-16.8884
			vertex	-17.7553	-44.9610	-12.7771
			vertex	-21.0867	-42.0730	-16.8884
		endloop
	endfacet
	facet normal	-0.356421	-0.885896	-0.296906
		outer loop
			vertex	-17.7553	-44.9610	-12.7771
			vertex	-17.2858	-43.7720	-16.8884
			vertex	-15.7734	-45.0000	-15.0399
		endloop
	endfacet
	facet normal	-0.299541	-0.889259	-0.345678
		outer loop
			vertex	-13.6433	-45.0000	-16.8857
			vertex	-15.7734	-45.0000	-15.0399
			vertex	-17.2858	-43.7720	-16.8884
		endloop
	endfacet
	facet normal	-0.881003	0.309836	-0.357542
		outer loop
			vertex	-45.0000	14.4131	-16.2187
			vertex	-45.0000	15.7734	-15.0399
			vertex	-43.3789	18.2498	-16.8884
		endloop
	endfacet
	facet normal	-0.885296	0.357921	-0.296889
		outer loop
			vertex	-44.5572	18.7456	-12.7771
			vertex	-43.3789	18.2498	-16.8884
			vertex	-45.0000	15.7734	-15.0399
		endloop
	endfacet
	facet normal	-0.863016	0.408903	-0.296652
		outer loop
			vertex	-43.3789	18.2498	-16.8884
			vertex	-44.5572	18.7456	-12.7771
			vertex	-41.5962	22.0123	-16.8884
		endloop
	endfacet
	facet normal	-0.863015	0.408907	-0.296648
		outer loop
			vertex	-42.7261	22.6102	-12.7771
			vertex	-41.5962	22.0123	-16.8884
			vertex	-44.5572	18.7456	-12.7771
		endloop
	endfacet
	facet normal	-0.823499	0.483580	-0.296647
		outer loop
			vertex	-41.5962	22.0123	-16.8884
			vertex	-42.7261	22.6102	-12.7771
			vertex	-39.4880	25.6024	-16.8884
		endloop
	endfacet
	facet normal	-0.823505	0.483559	-0.296667
		outer loop
			vertex	-40.5607	26.2979	-12.7771
			vertex	-39.4880	25.6024	-16.8884
			vertex	-42.7261	22.6102	-12.7771
		endloop
	endfacet
	facet normal	-0.777532	0.554466	-0.296667
		outer loop
			vertex	-39.4880	25.6024	-16.8884
			vertex	-40.5607	26.2979	-12.7771
			vertex	-37.0707	28.9922	-16.8884
		endloop
	endfacet
	facet normal	-0.777526	0.554482	-0.296652
		outer loop
			vertex	-38.0777	29.7797	-12.7771
			vertex	-37.0707	28.9922	-16.8884
			vertex	-40.5607	26.2979	-12.7771
		endloop
	endfacet
	facet normal	-0.725484	0.621024	-0.296651
		outer loop
			vertex	-37.0707	28.9922	-16.8884
			vertex	-38.0777	29.7797	-12.7771
			vertex	-34.3633	32.1550	-16.8884
		endloop
	endfacet
	facet normal	-0.725493	0.621006	-0.296669
		outer loop
			vertex	-35.2968	33.0285	-12.7771
			vertex	-34.3633	32.1550	-16.8884
			vertex	-38.0777	29.7797	-12.7771
		endloop
	endfacet
	facet normal	-0.667766	0.682698	-0.296669
		outer loop
			vertex	-34.3633	32.1550	-16.8884
			vertex	-35.2968	33.0285	-12.7771
			vertex	-31.3870	35.0662	-16.8884
		endloop
	endfacet
	facet normal	-0.667763	0.682702	-0.296665
		outer loop
			vertex	-32.2396	36.0188	-12.7771
			vertex	-31.3870	35.0662	-16.8884
			vertex	-35.2968	33.0285	-12.7771
		endloop
	endfacet
	facet normal	-0.604815	0.739046	-0.296665
		outer loop
			vertex	-31.3870	35.0662	-16.8884
			vertex	-32.2396	36.0188	-12.7771
			vertex	-28.1650	37.7030	-16.8884
		endloop
	endfacet
	facet normal	-0.604814	0.739047	-0.296664
		outer loop
			vertex	-28.9301	38.7272	-12.7771
			vertex	-28.1650	37.7030	-16.8884
			vertex	-32.2396	36.0188	-12.7771
		endloop
	endfacet
	facet normal	-0.537132	0.789607	-0.296664
		outer loop
			vertex	-28.1650	37.7030	-16.8884
			vertex	-28.9301	38.7272	-12.7771
			vertex	-24.7226	40.0447	-16.8884
		endloop
	endfacet
	facet normal	-0.537131	0.789608	-0.296663
		outer loop
			vertex	-25.3942	41.1325	-12.7771
			vertex	-24.7226	40.0447	-16.8884
			vertex	-28.9301	38.7272	-12.7771
		endloop
	endfacet
	facet normal	-0.465244	0.833990	-0.296663
		outer loop
			vertex	-24.7226	40.0447	-16.8884
			vertex	-25.3942	41.1325	-12.7771
			vertex	-21.0867	42.0730	-16.8884
		endloop
	endfacet
	facet normal	-0.445162	-0.164523	0.880206
		outer loop
			vertex	-20.0890	-8.45163	45.0000
			vertex	-20.7574	-6.64309	45.0000
			vertex	-24.3676	-7.79846	42.9582
		endloop
	endfacet
	facet normal	-0.457967	-0.124508	0.880206
		outer loop
			vertex	-24.9614	-5.61434	42.9582
			vertex	-24.3676	-7.79846	42.9582
			vertex	-20.7574	-6.64309	45.0000
		endloop
	endfacet
	facet normal	-0.529367	-0.143920	0.836097
		outer loop
			vertex	-24.3676	-7.79846	42.9582
			vertex	-24.9614	-5.61434	42.9582
			vertex	-28.4745	-6.40450	40.5979
		endloop
	endfacet
	facet normal	-0.540012	-0.0965872	0.836097
		outer loop
			vertex	-28.9291	-3.86286	40.5979
			vertex	-28.4745	-6.40450	40.5979
			vertex	-24.9614	-5.61434	42.9582
		endloop
	endfacet
	facet normal	-0.608856	-0.108901	0.785770
		outer loop
			vertex	-28.4745	-6.40450	40.5979
			vertex	-28.9291	-3.86286	40.5979
			vertex	-32.2837	-4.31080	37.9365
		endloop
	endfacet
	facet normal	-0.616097	-0.0546743	0.785770
		outer loop
			vertex	-32.5384	-1.44069	37.9365
			vertex	-32.2837	-4.31080	37.9365
			vertex	-28.9291	-3.86286	40.5979
		endloop
	endfacet
	facet normal	-0.681158	-0.0604479	0.729637
		outer loop
			vertex	-32.2837	-4.31080	37.9365
			vertex	-32.5384	-1.44069	37.9365
			vertex	-35.6782	-1.57971	34.9938
		endloop
	endfacet
	facet normal	-0.683835	0.000000	0.729637
		outer loop
			vertex	-35.6782	1.57971	34.9938
			vertex	-35.6782	-1.57971	34.9938
			vertex	-32.5384	-1.44069	37.9365
		endloop
	endfacet
	facet normal	-0.744055	0.000000	0.668118
		outer loop
			vertex	-35.6782	-1.57971	34.9938
			vertex	-35.6782	1.57971	34.9938
			vertex	-38.5535	1.70702	31.7917
		endloop
	endfacet
	facet normal	-0.741144	0.0657524	0.668118
		outer loop
			vertex	-38.2518	5.10771	31.7917
			vertex	-38.5535	1.70702	31.7917
			vertex	-35.6782	1.57971	34.9938
		endloop
	endfacet
	facet normal	-0.795645	0.0705876	0.601636
		outer loop
			vertex	-38.5535	1.70702	31.7917
			vertex	-38.2518	5.10771	31.7917
			vertex	-40.8209	5.45076	28.3539
		endloop
	endfacet
	facet normal	-0.786291	0.140642	0.601636
		outer loop
			vertex	-40.1794	9.03719	28.3539
			vertex	-40.8209	5.45076	28.3539
			vertex	-38.2518	5.10771	31.7917
		endloop
	endfacet
	facet normal	-0.834305	0.149230	0.530722
		outer loop
			vertex	-40.8209	5.45076	28.3539
			vertex	-40.1794	9.03719	28.3539
			vertex	-42.4103	9.53895	24.7058
		endloop
	endfacet
	facet normal	-0.817854	0.222373	0.530722
		outer loop
			vertex	-41.4013	13.2499	24.7058
			vertex	-42.4103	9.53895	24.7058
			vertex	-40.1794	9.03719	28.3539
		endloop
	endfacet
	facet normal	-0.858865	0.233523	0.455870
		outer loop
			vertex	-42.4103	9.53895	24.7058
			vertex	-41.4013	13.2499	24.7058
			vertex	-43.2721	13.8486	20.8745
		endloop
	endfacet
	facet normal	-0.834862	0.308528	0.455869
		outer loop
			vertex	-41.8788	17.6188	20.8745
			vertex	-43.2721	13.8486	20.8745
			vertex	-41.4013	13.2499	24.7058
		endloop
	endfacet
	facet normal	-0.868531	0.320970	0.377666
		outer loop
			vertex	-43.2721	13.8486	20.8745
			vertex	-41.8788	17.6188	20.8745
			vertex	-43.3789	18.2498	16.8884
		endloop
	endfacet
	facet normal	-0.836770	0.396467	0.377664
		outer loop
			vertex	-41.5962	22.0123	16.8884
			vertex	-43.3789	18.2498	16.8884
			vertex	-41.8788	17.6188	20.8745
		endloop
	endfacet
	facet normal	-0.863017	0.408904	0.296648
		outer loop
			vertex	-43.3789	18.2498	16.8884
			vertex	-41.5962	22.0123	16.8884
			vertex	-42.7261	22.6102	12.7771
		endloop
	endfacet
	facet normal	-0.823510	0.483562	0.296648
		outer loop
			vertex	-40.5607	26.2979	12.7771
			vertex	-42.7261	22.6102	12.7771
			vertex	-41.5962	22.0123	16.8884
		endloop
	endfacet
	facet normal	-0.842448	0.494682	0.213474
		outer loop
			vertex	-42.7261	22.6102	12.7771
			vertex	-40.5607	26.2979	12.7771
			vertex	-41.3326	26.7984	8.57107
		endloop
	endfacet
	facet normal	-0.795416	0.567223	0.213474
		outer loop
			vertex	-38.8024	30.3465	8.57107
			vertex	-41.3326	26.7984	8.57107
			vertex	-40.5607	26.2979	12.7771
		endloop
	endfacet
	facet normal	-0.807411	0.575776	0.128719
		outer loop
			vertex	-41.3326	26.7984	8.57107
			vertex	-38.8024	30.3465	8.57107
			vertex	-39.2394	30.6882	4.30148
		endloop
	endfacet
	facet normal	-0.753366	0.644881	0.128718
		outer loop
			vertex	-36.3736	34.0361	4.30148
			vertex	-39.2394	30.6882	4.30148
			vertex	-38.8024	30.3465	8.57107
		endloop
	endfacet
	facet normal	-0.758982	0.649688	0.0430275
		outer loop
			vertex	-39.2394	30.6882	4.30148
			vertex	-36.3736	34.0361	4.30148
			vertex	-36.5090	34.1628	2.08167e-015
		endloop
	endfacet
	facet normal	-0.698594	0.714224	0.0430276
		outer loop
			vertex	-33.3468	37.2558	2.08167e-015
			vertex	-36.5090	34.1628	2.08167e-015
			vertex	-36.3736	34.0361	4.30148
		endloop
	endfacet
	facet normal	-0.698594	0.714223	-0.0430366
		outer loop
			vertex	-36.5090	34.1628	2.08167e-015
			vertex	-33.3468	37.2558	2.08167e-015
			vertex	-33.2231	37.1176	-4.30148
		endloop
	endfacet
	facet normal	-0.632756	0.773155	-0.0430367
		outer loop
			vertex	-29.8127	39.9087	-4.30148
			vertex	-33.2231	37.1176	-4.30148
			vertex	-33.3468	37.2558	2.08167e-015
		endloop
	endfacet
	facet normal	-0.628072	0.767432	-0.128735
		outer loop
			vertex	-33.2231	37.1176	-4.30148
			vertex	-29.8127	39.9087	-4.30148
			vertex	-29.4807	39.4642	-8.57107
		endloop
	endfacet
	facet normal	-0.557775	0.819947	-0.128736
		outer loop
			vertex	-25.8775	41.9153	-8.57107
			vertex	-29.4807	39.4642	-8.57107
			vertex	-29.8127	39.9087	-4.30148
		endloop
	endfacet
	facet normal	-0.549490	0.807768	-0.213477
		outer loop
			vertex	-29.4807	39.4642	-8.57107
			vertex	-25.8775	41.9153	-8.57107
			vertex	-25.3942	41.1325	-12.7771
		endloop
	endfacet
	facet normal	-0.475943	0.853174	-0.213477
		outer loop
			vertex	-21.6595	43.2159	-12.7771
			vertex	-25.3942	41.1325	-12.7771
			vertex	-25.8775	41.9153	-8.57107
		endloop
	endfacet
	facet normal	-0.465242	0.833992	-0.296661
		outer loop
			vertex	-25.3942	41.1325	-12.7771
			vertex	-21.6595	43.2159	-12.7771
			vertex	-21.0867	42.0730	-16.8884
		endloop
	endfacet
	facet normal	-0.389715	0.871846	-0.296661
		outer loop
			vertex	-17.2858	43.7720	-16.8884
			vertex	-21.0867	42.0730	-16.8884
			vertex	-21.6595	43.2159	-12.7771
		endloop
	endfacet
	facet normal	0.893980	0.376975	-0.242259
		outer loop
			vertex	45.0000	19.3717	-9.98682
			vertex	45.0000	17.5808	-12.7736
			vertex	43.6845	20.6982	-12.7771
		endloop
	endfacet
	facet normal	0.879962	0.370998	-0.296693
		outer loop
			vertex	42.5291	20.1508	-16.8884
			vertex	43.6845	20.6982	-12.7771
			vertex	45.0000	17.5808	-12.7736
		endloop
	endfacet
	facet normal	0.844067	0.446688	-0.296683
		outer loop
			vertex	43.6845	20.6982	-12.7771
			vertex	42.5291	20.1508	-16.8884
			vertex	41.6842	24.4780	-12.7771
		endloop
	endfacet
	facet normal	0.844087	0.446668	-0.296658
		outer loop
			vertex	40.5818	23.8307	-16.8884
			vertex	41.6842	24.4780	-12.7771
			vertex	42.5291	20.1508	-16.8884
		endloop
	endfacet
	facet normal	0.801302	0.519529	-0.296657
		outer loop
			vertex	41.6842	24.4780	-12.7771
			vertex	40.5818	23.8307	-16.8884
			vertex	39.3577	28.0663	-12.7771
		endloop
	endfacet
	facet normal	0.801287	0.519542	-0.296674
		outer loop
			vertex	38.3168	27.3240	-16.8884
			vertex	39.3577	28.0663	-12.7771
			vertex	40.5818	23.8307	-16.8884
		endloop
	endfacet
	facet normal	0.752245	0.588312	-0.296674
		outer loop
			vertex	39.3577	28.0663	-12.7771
			vertex	38.3168	27.3240	-16.8884
			vertex	36.7232	31.4349	-12.7771
		endloop
	endfacet
	facet normal	0.752248	0.588311	-0.296672
		outer loop
			vertex	35.7520	30.6035	-16.8884
			vertex	36.7232	31.4349	-12.7771
			vertex	38.3168	27.3240	-16.8884
		endloop
	endfacet
	facet normal	0.697309	0.652491	-0.296672
		outer loop
			vertex	36.7232	31.4349	-12.7771
			vertex	35.7520	30.6035	-16.8884
			vertex	33.8013	34.5575	-12.7771
		endloop
	endfacet
	facet normal	0.697310	0.652491	-0.296672
		outer loop
			vertex	32.9073	33.6436	-16.8884
			vertex	33.8013	34.5575	-12.7771
			vertex	35.7520	30.6035	-16.8884
		endloop
	endfacet
	facet normal	0.636902	0.711577	-0.296671
		outer loop
			vertex	33.8013	34.5575	-12.7771
			vertex	32.9073	33.6436	-16.8884
			vertex	30.6148	37.4096	-12.7771
		endloop
	endfacet
	facet normal	0.636925	0.711566	-0.296648
		outer loop
			vertex	29.8052	36.4203	-16.8884
			vertex	30.6148	37.4096	-12.7771
			vertex	32.9073	33.6436	-16.8884
		endloop
	endfacet
	facet normal	0.571537	0.765078	-0.296648
		outer loop
			vertex	30.6148	37.4096	-12.7771
			vertex	29.8052	36.4203	-16.8884
			vertex	27.1887	39.9690	-12.7771
		endloop
	endfacet
	facet normal	0.571516	0.765086	-0.296669
		outer loop
			vertex	26.4697	38.9119	-16.8884
			vertex	27.1887	39.9690	-12.7771
			vertex	29.8052	36.4203	-16.8884
		endloop
	endfacet
	facet normal	0.501674	0.812594	-0.296670
		outer loop
			vertex	27.1887	39.9690	-12.7771
			vertex	26.4697	38.9119	-16.8884
			vertex	23.5499	42.2155	-12.7771
		endloop
	endfacet
	facet normal	0.501673	0.812595	-0.296672
		outer loop
			vertex	22.9271	41.0990	-16.8884
			vertex	23.5499	42.2155	-12.7771
			vertex	26.4697	38.9119	-16.8884
		endloop
	endfacet
	facet normal	0.427883	0.853758	-0.296672
		outer loop
			vertex	23.5499	42.2155	-12.7771
			vertex	22.9271	41.0990	-16.8884
			vertex	19.7267	44.1316	-12.7771
		endloop
	endfacet
	facet normal	0.427899	0.853755	-0.296658
		outer loop
			vertex	19.2050	42.9645	-16.8884
			vertex	19.7267	44.1316	-12.7771
			vertex	22.9271	41.0990	-16.8884
		endloop
	endfacet
	facet normal	0.363831	0.882912	-0.296805
		outer loop
			vertex	19.7267	44.1316	-12.7771
			vertex	19.2050	42.9645	-16.8884
			vertex	15.7734	45.0000	-15.0399
		endloop
	endfacet
	facet normal	0.319355	0.873048	-0.368509
		outer loop
			vertex	15.5110	45.0000	-15.2673
			vertex	15.7734	45.0000	-15.0399
			vertex	19.2050	42.9645	-16.8884
		endloop
	endfacet
	facet normal	0.271710	-0.883480	-0.381623
		outer loop
			vertex	14.2724	-45.0000	-16.4712
			vertex	13.6884	-45.0000	-16.8870
			vertex	15.3327	-44.4937	-16.8884
		endloop
	endfacet
	facet normal	0.272175	-0.884980	-0.377797
		outer loop
			vertex	14.8025	-42.9551	-20.8745
			vertex	15.3327	-44.4937	-16.8884
			vertex	13.6884	-45.0000	-16.8870
		endloop
	endfacet
	facet normal	0.340102	-0.861222	-0.377661
		outer loop
			vertex	15.3327	-44.4937	-16.8884
			vertex	14.8025	-42.9551	-20.8745
			vertex	19.2050	-42.9645	-16.8884
		endloop
	endfacet
	facet normal	0.340099	-0.861224	-0.377658
		outer loop
			vertex	18.5409	-41.4788	-20.8745
			vertex	19.2050	-42.9645	-16.8884
			vertex	14.8025	-42.9551	-20.8745
		endloop
	endfacet
	facet normal	0.414887	-0.827794	-0.377658
		outer loop
			vertex	19.2050	-42.9645	-16.8884
			vertex	18.5409	-41.4788	-20.8745
			vertex	22.9271	-41.0990	-16.8884
		endloop
	endfacet
	facet normal	0.414888	-0.827793	-0.377658
		outer loop
			vertex	22.1343	-39.6778	-20.8745
			vertex	22.9271	-41.0990	-16.8884
			vertex	18.5409	-41.4788	-20.8745
		endloop
	endfacet
	facet normal	0.486420	-0.787889	-0.377658
		outer loop
			vertex	22.9271	-41.0990	-16.8884
			vertex	22.1343	-39.6778	-20.8745
			vertex	26.4697	-38.9119	-16.8884
		endloop
	endfacet
	facet normal	0.486411	-0.787901	-0.377646
		outer loop
			vertex	25.5544	-37.5664	-20.8745
			vertex	26.4697	-38.9119	-16.8884
			vertex	22.1343	-39.6778	-20.8745
		endloop
	endfacet
	facet normal	0.554142	-0.741829	-0.377646
		outer loop
			vertex	26.4697	-38.9119	-16.8884
			vertex	25.5544	-37.5664	-20.8745
			vertex	29.8052	-36.4203	-16.8884
		endloop
	endfacet
	facet normal	0.554164	-0.741796	-0.377679
		outer loop
			vertex	28.7745	-35.1608	-20.8745
			vertex	29.8052	-36.4203	-16.8884
			vertex	25.5544	-37.5664	-20.8745
		endloop
	endfacet
	facet normal	0.617550	-0.689921	-0.377678
		outer loop
			vertex	29.8052	-36.4203	-16.8884
			vertex	28.7745	-35.1608	-20.8745
			vertex	32.9073	-33.6436	-16.8884
		endloop
	endfacet
	facet normal	0.617538	-0.689944	-0.377657
		outer loop
			vertex	31.7694	-32.4802	-20.8745
			vertex	32.9073	-33.6436	-16.8884
			vertex	28.7745	-35.1608	-20.8745
		endloop
	endfacet
	facet normal	0.676110	-0.632654	-0.377656
		outer loop
			vertex	32.9073	-33.6436	-16.8884
			vertex	31.7694	-32.4802	-20.8745
			vertex	35.7520	-30.6035	-16.8884
		endloop
	endfacet
	facet normal	0.676107	-0.632660	-0.377650
		outer loop
			vertex	34.5157	-29.5453	-20.8745
			vertex	35.7520	-30.6035	-16.8884
			vertex	31.7694	-32.4802	-20.8745
		endloop
	endfacet
	facet normal	0.729379	-0.570426	-0.377651
		outer loop
			vertex	35.7520	-30.6035	-16.8884
			vertex	34.5157	-29.5453	-20.8745
			vertex	38.3168	-27.3240	-16.8884
		endloop
	endfacet
	facet normal	0.729380	-0.570423	-0.377654
		outer loop
			vertex	36.9918	-26.3792	-20.8745
			vertex	38.3168	-27.3240	-16.8884
			vertex	34.5157	-29.5453	-20.8745
		endloop
	endfacet
	facet normal	0.776927	-0.503747	-0.377655
		outer loop
			vertex	38.3168	-27.3240	-16.8884
			vertex	36.9918	-26.3792	-20.8745
			vertex	40.5818	-23.8307	-16.8884
		endloop
	endfacet
	facet normal	0.776929	-0.503739	-0.377661
		outer loop
			vertex	39.1785	-23.0066	-20.8745
			vertex	40.5818	-23.8307	-16.8884
			vertex	36.9918	-26.3792	-20.8745
		endloop
	endfacet
	facet normal	0.818419	-0.433085	-0.377661
		outer loop
			vertex	40.5818	-23.8307	-16.8884
			vertex	39.1785	-23.0066	-20.8745
			vertex	42.5291	-20.1508	-16.8884
		endloop
	endfacet
	facet normal	0.818417	-0.433098	-0.377650
		outer loop
			vertex	41.0585	-19.4540	-20.8745
			vertex	42.5291	-20.1508	-16.8884
			vertex	39.1785	-23.0066	-20.8745
		endloop
	endfacet
	facet normal	0.853493	-0.359069	-0.377649
		outer loop
			vertex	42.5291	-20.1508	-16.8884
			vertex	41.0585	-19.4540	-20.8745
			vertex	44.1436	-16.3132	-16.8884
		endloop
	endfacet
	facet normal	0.853493	-0.359075	-0.377644
		outer loop
			vertex	42.6172	-15.7491	-20.8745
			vertex	44.1436	-16.3132	-16.8884
			vertex	41.0585	-19.4540	-20.8745
		endloop
	endfacet
	facet normal	0.878025	-0.293829	-0.377805
		outer loop
			vertex	44.1436	-16.3132	-16.8884
			vertex	42.6172	-15.7491	-20.8745
			vertex	45.0000	-12.6420	-17.7533
		endloop
	endfacet
	facet normal	0.872587	-0.244258	-0.423000
		outer loop
			vertex	45.0000	-12.2404	-17.9852
			vertex	45.0000	-12.6420	-17.7533
			vertex	42.6172	-15.7491	-20.8745
		endloop
	endfacet
	facet normal	-0.906311	-0.245113	-0.344267
		outer loop
			vertex	-45.0000	-14.2724	-16.4712
			vertex	-45.0000	-13.6884	-16.8870
			vertex	-44.8220	-14.3446	-16.8884
		endloop
	endfacet
	facet normal	-0.893865	-0.241666	-0.377629
		outer loop
			vertex	-43.2721	-13.8486	-20.8745
			vertex	-44.8220	-14.3446	-16.8884
			vertex	-45.0000	-13.6884	-16.8870
		endloop
	endfacet
	facet normal	-0.868544	-0.320955	-0.377650
		outer loop
			vertex	-44.8220	-14.3446	-16.8884
			vertex	-43.2721	-13.8486	-20.8745
			vertex	-43.3789	-18.2498	-16.8884
		endloop
	endfacet
	facet normal	-0.868531	-0.320970	-0.377666
		outer loop
			vertex	-41.8788	-17.6188	-20.8745
			vertex	-43.3789	-18.2498	-16.8884
			vertex	-43.2721	-13.8486	-20.8745
		endloop
	endfacet
	facet normal	-0.836770	-0.396467	-0.377664
		outer loop
			vertex	-43.3789	-18.2498	-16.8884
			vertex	-41.8788	-17.6188	-20.8745
			vertex	-41.5962	-22.0123	-16.8884
		endloop
	endfacet
	facet normal	-0.836771	-0.396466	-0.377663
		outer loop
			vertex	-40.1578	-21.2511	-20.8745
			vertex	-41.5962	-22.0123	-16.8884
			vertex	-41.8788	-17.6188	-20.8745
		endloop
	endfacet
	facet normal	-0.798454	-0.468872	-0.377663
		outer loop
			vertex	-41.5962	-22.0123	-16.8884
			vertex	-40.1578	-21.2511	-20.8745
			vertex	-39.4880	-25.6024	-16.8884
		endloop
	endfacet
	facet normal	-0.798458	-0.468869	-0.377659
		outer loop
			vertex	-38.1225	-24.7171	-20.8745
			vertex	-39.4880	-25.6024	-16.8884
			vertex	-40.1578	-21.2511	-20.8745
		endloop
	endfacet
	facet normal	-0.753891	-0.537608	-0.377659
		outer loop
			vertex	-39.4880	-25.6024	-16.8884
			vertex	-38.1225	-24.7171	-20.8745
			vertex	-37.0707	-28.9922	-16.8884
		endloop
	endfacet
	facet normal	-0.753884	-0.537613	-0.377666
		outer loop
			vertex	-35.7888	-27.9896	-20.8745
			vertex	-37.0707	-28.9922	-16.8884
			vertex	-38.1225	-24.7171	-20.8745
		endloop
	endfacet
	facet normal	-0.703420	-0.602137	-0.377667
		outer loop
			vertex	-37.0707	-28.9922	-16.8884
			vertex	-35.7888	-27.9896	-20.8745
			vertex	-34.3633	-32.1550	-16.8884
		endloop
	endfacet
	facet normal	-0.703426	-0.602133	-0.377661
		outer loop
			vertex	-33.1750	-31.0431	-20.8745
			vertex	-34.3633	-32.1550	-16.8884
			vertex	-35.7888	-27.9896	-20.8745
		endloop
	endfacet
	facet normal	-0.647462	-0.661940	-0.377660
		outer loop
			vertex	-34.3633	-32.1550	-16.8884
			vertex	-33.1750	-31.0431	-20.8745
			vertex	-31.3870	-35.0662	-16.8884
		endloop
	endfacet
	facet normal	-0.647454	-0.661944	-0.377668
		outer loop
			vertex	-30.3016	-33.8536	-20.8745
			vertex	-31.3870	-35.0662	-16.8884
			vertex	-33.1750	-31.0431	-20.8745
		endloop
	endfacet
	facet normal	-0.586423	-0.716572	-0.377667
		outer loop
			vertex	-31.3870	-35.0662	-16.8884
			vertex	-30.3016	-33.8536	-20.8745
			vertex	-28.1650	-37.7030	-16.8884
		endloop
	endfacet
	facet normal	-0.586418	-0.716574	-0.377672
		outer loop
			vertex	-27.1910	-36.3992	-20.8745
			vertex	-28.1650	-37.7030	-16.8884
			vertex	-30.3016	-33.8536	-20.8745
		endloop
	endfacet
	facet normal	-0.520797	-0.765594	-0.377672
		outer loop
			vertex	-28.1650	-37.7030	-16.8884
			vertex	-27.1910	-36.3992	-20.8745
			vertex	-24.7226	-40.0447	-16.8884
		endloop
	endfacet
	facet normal	-0.520801	-0.765593	-0.377669
		outer loop
			vertex	-23.8677	-38.6599	-20.8745
			vertex	-24.7226	-40.0447	-16.8884
			vertex	-27.1910	-36.3992	-20.8745
		endloop
	endfacet
	facet normal	-0.451095	-0.808628	-0.377670
		outer loop
			vertex	-24.7226	-40.0447	-16.8884
			vertex	-23.8677	-38.6599	-20.8745
			vertex	-21.0867	-42.0730	-16.8884
		endloop
	endfacet
	facet normal	-0.451101	-0.808627	-0.377665
		outer loop
			vertex	-20.3575	-40.6181	-20.8745
			vertex	-21.0867	-42.0730	-16.8884
			vertex	-23.8677	-38.6599	-20.8745
		endloop
	endfacet
	facet normal	-0.377863	-0.845333	-0.377665
		outer loop
			vertex	-21.0867	-42.0730	-16.8884
			vertex	-20.3575	-40.6181	-20.8745
			vertex	-17.2858	-43.7720	-16.8884
		endloop
	endfacet
	facet normal	-0.377849	-0.845334	-0.377678
		outer loop
			vertex	-16.6880	-42.2583	-20.8745
			vertex	-17.2858	-43.7720	-16.8884
			vertex	-20.3575	-40.6181	-20.8745
		endloop
	endfacet
	facet normal	-0.295567	-0.877543	-0.377569
		outer loop
			vertex	-17.2858	-43.7720	-16.8884
			vertex	-16.6880	-42.2583	-20.8745
			vertex	-13.6433	-45.0000	-16.8857
		endloop
	endfacet
	facet normal	-0.302394	-0.877466	-0.372305
		outer loop
			vertex	-12.8879	-43.5679	-20.8745
			vertex	-13.6433	-45.0000	-16.8857
			vertex	-16.6880	-42.2583	-20.8745
		endloop
	endfacet
	facet normal	-0.323576	-0.869400	-0.373420
		outer loop
			vertex	-13.6433	-45.0000	-16.8857
			vertex	-12.8879	-43.5679	-20.8745
			vertex	-13.3189	-45.0000	-17.1668
		endloop
	endfacet
	facet normal	-0.323551	-0.869409	-0.373421
		outer loop
			vertex	-12.6420	-45.0000	-17.7533
			vertex	-13.3189	-45.0000	-17.1668
			vertex	-12.8879	-43.5679	-20.8745
		endloop
	endfacet
	facet normal	-0.294068	0.861936	-0.413025
		outer loop
			vertex	-14.2724	45.0000	-16.4712
			vertex	-13.6884	45.0000	-16.8870
			vertex	-17.2858	43.7720	-16.8884
		endloop
	endfacet
	facet normal	-0.299003	0.876351	-0.377631
		outer loop
			vertex	-16.6880	42.2583	-20.8745
			vertex	-17.2858	43.7720	-16.8884
			vertex	-13.6884	45.0000	-16.8870
		endloop
	endfacet
	facet normal	-0.377861	0.845329	-0.377677
		outer loop
			vertex	-17.2858	43.7720	-16.8884
			vertex	-16.6880	42.2583	-20.8745
			vertex	-21.0867	42.0730	-16.8884
		endloop
	endfacet
	facet normal	-0.377851	0.845339	-0.377665
		outer loop
			vertex	-20.3575	40.6181	-20.8745
			vertex	-21.0867	42.0730	-16.8884
			vertex	-16.6880	42.2583	-20.8745
		endloop
	endfacet
	facet normal	-0.451096	0.808629	-0.377665
		outer loop
			vertex	-21.0867	42.0730	-16.8884
			vertex	-20.3575	40.6181	-20.8745
			vertex	-24.7226	40.0447	-16.8884
		endloop
	endfacet
	facet normal	-0.451100	0.808625	-0.377670
		outer loop
			vertex	-23.8677	38.6599	-20.8745
			vertex	-24.7226	40.0447	-16.8884
			vertex	-20.3575	40.6181	-20.8745
		endloop
	endfacet
	facet normal	-0.520798	0.765595	-0.377669
		outer loop
			vertex	-24.7226	40.0447	-16.8884
			vertex	-23.8677	38.6599	-20.8745
			vertex	-28.1650	37.7030	-16.8884
		endloop
	endfacet
	facet normal	-0.520800	0.765592	-0.377672
		outer loop
			vertex	-27.1910	36.3992	-20.8745
			vertex	-28.1650	37.7030	-16.8884
			vertex	-23.8677	38.6599	-20.8745
		endloop
	endfacet
	facet normal	-0.586422	0.716570	-0.377672
		outer loop
			vertex	-28.1650	37.7030	-16.8884
			vertex	-27.1910	36.3992	-20.8745
			vertex	-31.3870	35.0662	-16.8884
		endloop
	endfacet
	facet normal	-0.586419	0.716576	-0.377667
		outer loop
			vertex	-30.3016	33.8536	-20.8745
			vertex	-31.3870	35.0662	-16.8884
			vertex	-27.1910	36.3992	-20.8745
		endloop
	endfacet
	facet normal	-0.647460	0.661938	-0.377668
		outer loop
			vertex	-31.3870	35.0662	-16.8884
			vertex	-30.3016	33.8536	-20.8745
			vertex	-34.3633	32.1550	-16.8884
		endloop
	endfacet
	facet normal	-0.647456	0.661947	-0.377660
		outer loop
			vertex	-33.1750	31.0431	-20.8745
			vertex	-34.3633	32.1550	-16.8884
			vertex	-30.3016	33.8536	-20.8745
		endloop
	endfacet
	facet normal	-0.703422	0.602138	-0.377661
		outer loop
			vertex	-34.3633	32.1550	-16.8884
			vertex	-33.1750	31.0431	-20.8745
			vertex	-37.0707	28.9922	-16.8884
		endloop
	endfacet
	facet normal	-0.703424	0.602132	-0.377667
		outer loop
			vertex	-35.7888	27.9896	-20.8745
			vertex	-37.0707	28.9922	-16.8884
			vertex	-33.1750	31.0431	-20.8745
		endloop
	endfacet
	facet normal	-0.753889	0.537606	-0.377666
		outer loop
			vertex	-37.0707	28.9922	-16.8884
			vertex	-35.7888	27.9896	-20.8745
			vertex	-39.4880	25.6024	-16.8884
		endloop
	endfacet
	facet normal	-0.753886	0.537615	-0.377658
		outer loop
			vertex	-38.1225	24.7171	-20.8745
			vertex	-39.4880	25.6024	-16.8884
			vertex	-35.7888	27.9896	-20.8745
		endloop
	endfacet
	facet normal	-0.798456	0.468873	-0.377659
		outer loop
			vertex	-39.4880	25.6024	-16.8884
			vertex	-38.1225	24.7171	-20.8745
			vertex	-41.5962	22.0123	-16.8884
		endloop
	endfacet
	facet normal	-0.798457	0.468868	-0.377663
		outer loop
			vertex	-40.1578	21.2511	-20.8745
			vertex	-41.5962	22.0123	-16.8884
			vertex	-38.1225	24.7171	-20.8745
		endloop
	endfacet
	facet normal	-0.836770	0.396468	-0.377663
		outer loop
			vertex	-41.5962	22.0123	-16.8884
			vertex	-40.1578	21.2511	-20.8745
			vertex	-43.3789	18.2498	-16.8884
		endloop
	endfacet
	facet normal	-0.836770	0.396466	-0.377664
		outer loop
			vertex	-41.8788	17.6188	-20.8745
			vertex	-43.3789	18.2498	-16.8884
			vertex	-40.1578	21.2511	-20.8745
		endloop
	endfacet
	facet normal	-0.868538	0.320953	-0.377666
		outer loop
			vertex	-43.3789	18.2498	-16.8884
			vertex	-41.8788	17.6188	-20.8745
			vertex	-44.8220	14.3446	-16.8884
		endloop
	endfacet
	facet normal	-0.868537	0.320973	-0.377649
		outer loop
			vertex	-43.2721	13.8486	-20.8745
			vertex	-44.8220	14.3446	-16.8884
			vertex	-41.8788	17.6188	-20.8745
		endloop
	endfacet
	facet normal	-0.881145	0.284123	-0.377966
		outer loop
			vertex	-44.8220	14.3446	-16.8884
			vertex	-43.2721	13.8486	-20.8745
			vertex	-45.0000	12.6420	-17.7533
		endloop
	endfacet
	facet normal	-0.886271	0.231587	-0.401114
		outer loop
			vertex	-45.0000	10.1297	-19.2038
			vertex	-45.0000	12.6420	-17.7533
			vertex	-43.2721	13.8486	-20.8745
		endloop
	endfacet
	facet normal	0.871716	0.284205	-0.399172
		outer loop
			vertex	45.0000	14.2724	-16.4712
			vertex	45.0000	13.6884	-16.8870
			vertex	44.1436	16.3132	-16.8884
		endloop
	endfacet
	facet normal	0.880312	0.287021	-0.377717
		outer loop
			vertex	42.6172	15.7491	-20.8745
			vertex	44.1436	16.3132	-16.8884
			vertex	45.0000	13.6884	-16.8870
		endloop
	endfacet
	facet normal	0.853495	0.359070	-0.377644
		outer loop
			vertex	44.1436	16.3132	-16.8884
			vertex	42.6172	15.7491	-20.8745
			vertex	42.5291	20.1508	-16.8884
		endloop
	endfacet
	facet normal	0.853491	0.359074	-0.377649
		outer loop
			vertex	41.0585	19.4540	-20.8745
			vertex	42.5291	20.1508	-16.8884
			vertex	42.6172	15.7491	-20.8745
		endloop
	endfacet
	facet normal	0.818423	0.433087	-0.377650
		outer loop
			vertex	42.5291	20.1508	-16.8884
			vertex	41.0585	19.4540	-20.8745
			vertex	40.5818	23.8307	-16.8884
		endloop
	endfacet
	facet normal	0.818413	0.433096	-0.377661
		outer loop
			vertex	39.1785	23.0066	-20.8745
			vertex	40.5818	23.8307	-16.8884
			vertex	41.0585	19.4540	-20.8745
		endloop
	endfacet
	facet normal	0.776925	0.503746	-0.377661
		outer loop
			vertex	40.5818	23.8307	-16.8884
			vertex	39.1785	23.0066	-20.8745
			vertex	38.3168	27.3240	-16.8884
		endloop
	endfacet
	facet normal	0.776931	0.503741	-0.377655
		outer loop
			vertex	36.9918	26.3792	-20.8745
			vertex	38.3168	27.3240	-16.8884
			vertex	39.1785	23.0066	-20.8745
		endloop
	endfacet
	facet normal	0.729378	0.570425	-0.377654
		outer loop
			vertex	38.3168	27.3240	-16.8884
			vertex	36.9918	26.3792	-20.8745
			vertex	35.7520	30.6035	-16.8884
		endloop
	endfacet
	facet normal	0.729381	0.570424	-0.377651
		outer loop
			vertex	34.5157	29.5453	-20.8745
			vertex	35.7520	30.6035	-16.8884
			vertex	36.9918	26.3792	-20.8745
		endloop
	endfacet
	facet normal	0.676112	0.632655	-0.377651
		outer loop
			vertex	35.7520	30.6035	-16.8884
			vertex	34.5157	29.5453	-20.8745
			vertex	32.9073	33.6436	-16.8884
		endloop
	endfacet
	facet normal	0.676106	0.632659	-0.377656
		outer loop
			vertex	31.7694	32.4802	-20.8745
			vertex	32.9073	33.6436	-16.8884
			vertex	34.5157	29.5453	-20.8745
		endloop
	endfacet
	facet normal	0.617556	0.689927	-0.377657
		outer loop
			vertex	32.9073	33.6436	-16.8884
			vertex	31.7694	32.4802	-20.8745
			vertex	29.8052	36.4203	-16.8884
		endloop
	endfacet
	facet normal	0.617532	0.689937	-0.377679
		outer loop
			vertex	28.7745	35.1608	-20.8745
			vertex	29.8052	36.4203	-16.8884
			vertex	31.7694	32.4802	-20.8745
		endloop
	endfacet
	facet normal	0.554134	0.741818	-0.377679
		outer loop
			vertex	29.8052	36.4203	-16.8884
			vertex	28.7745	35.1608	-20.8745
			vertex	26.4697	38.9119	-16.8884
		endloop
	endfacet
	facet normal	0.554172	0.741806	-0.377646
		outer loop
			vertex	25.5544	37.5664	-20.8745
			vertex	26.4697	38.9119	-16.8884
			vertex	28.7745	35.1608	-20.8745
		endloop
	endfacet
	facet normal	0.486423	0.787894	-0.377646
		outer loop
			vertex	26.4697	38.9119	-16.8884
			vertex	25.5544	37.5664	-20.8745
			vertex	22.9271	41.0990	-16.8884
		endloop
	endfacet
	facet normal	0.486408	0.787897	-0.377658
		outer loop
			vertex	22.1343	39.6778	-20.8745
			vertex	22.9271	41.0990	-16.8884
			vertex	25.5544	37.5664	-20.8745
		endloop
	endfacet
	facet normal	0.414887	0.827794	-0.377658
		outer loop
			vertex	22.9271	41.0990	-16.8884
			vertex	22.1343	39.6778	-20.8745
			vertex	19.2050	42.9645	-16.8884
		endloop
	endfacet
	facet normal	0.414888	0.827794	-0.377658
		outer loop
			vertex	18.5409	41.4788	-20.8745
			vertex	19.2050	42.9645	-16.8884
			vertex	22.1343	39.6778	-20.8745
		endloop
	endfacet
	facet normal	0.340103	0.861223	-0.377658
		outer loop
			vertex	19.2050	42.9645	-16.8884
			vertex	18.5409	41.4788	-20.8745
			vertex	15.3327	44.4937	-16.8884
		endloop
	endfacet
	facet normal	0.340098	0.861223	-0.377661
		outer loop
			vertex	14.8025	42.9551	-20.8745
			vertex	15.3327	44.4937	-16.8884
			vertex	18.5409	41.4788	-20.8745
		endloop
	endfacet
	facet normal	0.287106	0.880191	-0.377934
		outer loop
			vertex	15.3327	44.4937	-16.8884
			vertex	14.8025	42.9551	-20.8745
			vertex	12.6420	45.0000	-17.7533
		endloop
	endfacet
	facet normal	0.237740	0.879718	-0.411796
		outer loop
			vertex	11.1832	45.0000	-18.5955
			vertex	12.6420	45.0000	-17.7533
			vertex	14.8025	42.9551	-20.8745
		endloop
	endfacet
	facet normal	0.0971546	-0.911133	-0.400498
		outer loop
			vertex	7.02601	-45.0000	-20.6206
			vertex	5.98019	-45.0000	-20.8743
			vertex	7.00816	-44.8903	-20.8745
		endloop
	endfacet
	facet normal	0.0943629	-0.885073	-0.455786
		outer loop
			vertex	6.70517	-42.9496	-24.7058
			vertex	7.00816	-44.8903	-20.8745
			vertex	5.98019	-45.0000	-20.8743
		endloop
	endfacet
	facet normal	0.176046	-0.872467	-0.455860
		outer loop
			vertex	7.00816	-44.8903	-20.8745
			vertex	6.70517	-42.9496	-24.7058
			vertex	10.9481	-44.0953	-20.8745
		endloop
	endfacet
	facet normal	0.176060	-0.872458	-0.455872
		outer loop
			vertex	10.4748	-42.1889	-24.7058
			vertex	10.9481	-44.0953	-20.8745
			vertex	6.70517	-42.9496	-24.7058
		endloop
	endfacet
	facet normal	0.252476	-0.853485	-0.455872
		outer loop
			vertex	10.9481	-44.0953	-20.8745
			vertex	10.4748	-42.1889	-24.7058
			vertex	14.8025	-42.9551	-20.8745
		endloop
	endfacet
	facet normal	0.252479	-0.853483	-0.455874
		outer loop
			vertex	14.1625	-41.0980	-24.7058
			vertex	14.8025	-42.9551	-20.8745
			vertex	10.4748	-42.1889	-24.7058
		endloop
	endfacet
	facet normal	0.326912	-0.827832	-0.455875
		outer loop
			vertex	14.8025	-42.9551	-20.8745
			vertex	14.1625	-41.0980	-24.7058
			vertex	18.5409	-41.4788	-20.8745
		endloop
	endfacet
	facet normal	0.326915	-0.827830	-0.455878
		outer loop
			vertex	17.7393	-39.6855	-24.7058
			vertex	18.5409	-41.4788	-20.8745
			vertex	14.1625	-41.0980	-24.7058
		endloop
	endfacet
	facet normal	0.398801	-0.795697	-0.455878
		outer loop
			vertex	18.5409	-41.4788	-20.8745
			vertex	17.7393	-39.6855	-24.7058
			vertex	22.1343	-39.6778	-20.8745
		endloop
	endfacet
	facet normal	0.398799	-0.795700	-0.455875
		outer loop
			vertex	21.1773	-37.9624	-24.7058
			vertex	22.1343	-39.6778	-20.8745
			vertex	17.7393	-39.6855	-24.7058
		endloop
	endfacet
	facet normal	0.467549	-0.757348	-0.455876
		outer loop
			vertex	22.1343	-39.6778	-20.8745
			vertex	21.1773	-37.9624	-24.7058
			vertex	25.5544	-37.5664	-20.8745
		endloop
	endfacet
	facet normal	0.467554	-0.757340	-0.455883
		outer loop
			vertex	24.4496	-35.9422	-24.7058
			vertex	25.5544	-37.5664	-20.8745
			vertex	21.1773	-37.9624	-24.7058
		endloop
	endfacet
	facet normal	0.532680	-0.713038	-0.455882
		outer loop
			vertex	25.5544	-37.5664	-20.8745
			vertex	24.4496	-35.9422	-24.7058
			vertex	28.7745	-35.1608	-20.8745
		endloop
	endfacet
	facet normal	0.532669	-0.713057	-0.455866
		outer loop
			vertex	27.5305	-33.6407	-24.7058
			vertex	28.7745	-35.1608	-20.8745
			vertex	24.4496	-35.9422	-24.7058
		endloop
	endfacet
	facet normal	0.593597	-0.663196	-0.455866
		outer loop
			vertex	28.7745	-35.1608	-20.8745
			vertex	27.5305	-33.6407	-24.7058
			vertex	31.7694	-32.4802	-20.8745
		endloop
	endfacet
	facet normal	0.593606	-0.663178	-0.455881
		outer loop
			vertex	30.3959	-31.0759	-24.7058
			vertex	31.7694	-32.4802	-20.8745
			vertex	27.5305	-33.6407	-24.7058
		endloop
	endfacet
	facet normal	0.649889	-0.608126	-0.455880
		outer loop
			vertex	31.7694	-32.4802	-20.8745
			vertex	30.3959	-31.0759	-24.7058
			vertex	34.5157	-29.5453	-20.8745
		endloop
	endfacet
	facet normal	0.649886	-0.608134	-0.455874
		outer loop
			vertex	33.0235	-28.2679	-24.7058
			vertex	34.5157	-29.5453	-20.8745
			vertex	30.3959	-31.0759	-24.7058
		endloop
	endfacet
	facet normal	0.701099	-0.548306	-0.455873
		outer loop
			vertex	34.5157	-29.5453	-20.8745
			vertex	33.0235	-28.2679	-24.7058
			vertex	36.9918	-26.3792	-20.8745
		endloop
	endfacet
	facet normal	0.701096	-0.548318	-0.455863
		outer loop
			vertex	35.3926	-25.2387	-24.7058
			vertex	36.9918	-26.3792	-20.8745
			vertex	33.0235	-28.2679	-24.7058
		endloop
	endfacet
	facet normal	0.746812	-0.484212	-0.455862
		outer loop
			vertex	36.9918	-26.3792	-20.8745
			vertex	35.3926	-25.2387	-24.7058
			vertex	39.1785	-23.0066	-20.8745
		endloop
	endfacet
	facet normal	0.746815	-0.484198	-0.455873
		outer loop
			vertex	37.4847	-22.0119	-24.7058
			vertex	39.1785	-23.0066	-20.8745
			vertex	35.3926	-25.2387	-24.7058
		endloop
	endfacet
	facet normal	0.786683	-0.416305	-0.455872
		outer loop
			vertex	39.1785	-23.0066	-20.8745
			vertex	37.4847	-22.0119	-24.7058
			vertex	41.0585	-19.4540	-20.8745
		endloop
	endfacet
	facet normal	0.786684	-0.416302	-0.455875
		outer loop
			vertex	39.2834	-18.6129	-24.7058
			vertex	41.0585	-19.4540	-20.8745
			vertex	37.4847	-22.0119	-24.7058
		endloop
	endfacet
	facet normal	0.820396	-0.345151	-0.455874
		outer loop
			vertex	41.0585	-19.4540	-20.8745
			vertex	39.2834	-18.6129	-24.7058
			vertex	42.6172	-15.7491	-20.8745
		endloop
	endfacet
	facet normal	0.820396	-0.345151	-0.455874
		outer loop
			vertex	40.7747	-15.0682	-24.7058
			vertex	42.6172	-15.7491	-20.8745
			vertex	39.2834	-18.6129	-24.7058
		endloop
	endfacet
	facet normal	0.847695	-0.271279	-0.455874
		outer loop
			vertex	42.6172	-15.7491	-20.8745
			vertex	40.7747	-15.0682	-24.7058
			vertex	43.8423	-11.9209	-20.8745
		endloop
	endfacet
	facet normal	0.847697	-0.271301	-0.455857
		outer loop
			vertex	41.9469	-11.4056	-24.7058
			vertex	43.8423	-11.9209	-20.8745
			vertex	40.7747	-15.0682	-24.7058
		endloop
	endfacet
	facet normal	0.868359	-0.195311	-0.455858
		outer loop
			vertex	43.8423	-11.9209	-20.8745
			vertex	41.9469	-11.4056	-24.7058
			vertex	44.7243	-7.99951	-20.8745
		endloop
	endfacet
	facet normal	0.868355	-0.195291	-0.455874
		outer loop
			vertex	42.7907	-7.65367	-24.7058
			vertex	44.7243	-7.99951	-20.8745
			vertex	41.9469	-11.4056	-24.7058
		endloop
	endfacet
	facet normal	0.879858	-0.133495	-0.456101
		outer loop
			vertex	44.7243	-7.99951	-20.8745
			vertex	42.7907	-7.65367	-24.7058
			vertex	45.0000	-5.13825	-21.1801
		endloop
	endfacet
	facet normal	0.867224	-0.0708976	-0.492844
		outer loop
			vertex	45.0000	-3.99612	-21.3444
			vertex	45.0000	-5.13825	-21.1801
			vertex	42.7907	-7.65367	-24.7058
		endloop
	endfacet
	facet normal	-0.0660830	-0.886526	-0.457936
		outer loop
			vertex	-4.99897	-45.0000	-21.2002
			vertex	-5.13825	-45.0000	-21.1801
			vertex	-4.79881	-43.2041	-24.7058
		endloop
	endfacet
	facet normal	-0.159237	-0.873407	-0.460222
		outer loop
			vertex	-6.02177	-45.0000	-20.8744
			vertex	-4.79881	-43.2041	-24.7058
			vertex	-5.13825	-45.0000	-21.1801
		endloop
	endfacet
	facet normal	-0.137282	-0.879332	-0.455992
		outer loop
			vertex	-4.79881	-43.2041	-24.7058
			vertex	-6.02177	-45.0000	-20.8744
			vertex	-8.59841	-42.6109	-24.7058
		endloop
	endfacet
	facet normal	-0.137472	-0.879360	-0.455881
		outer loop
			vertex	-8.98695	-44.5364	-20.8745
			vertex	-8.59841	-42.6109	-24.7058
			vertex	-6.02177	-45.0000	-20.8744
		endloop
	endfacet
	facet normal	-0.214456	-0.863819	-0.455878
		outer loop
			vertex	-8.59841	-42.6109	-24.7058
			vertex	-8.98695	-44.5364	-20.8745
			vertex	-12.3307	-41.6843	-24.7058
		endloop
	endfacet
	facet normal	-0.214463	-0.863820	-0.455873
		outer loop
			vertex	-12.8879	-43.5679	-20.8745
			vertex	-12.3307	-41.6843	-24.7058
			vertex	-8.98695	-44.5364	-20.8745
		endloop
	endfacet
	facet normal	-0.289977	-0.841483	-0.455874
		outer loop
			vertex	-12.3307	-41.6843	-24.7058
			vertex	-12.8879	-43.5679	-20.8745
			vertex	-15.9665	-40.4314	-24.7058
		endloop
	endfacet
	facet normal	-0.289994	-0.841484	-0.455860
		outer loop
			vertex	-16.6880	-42.2583	-20.8745
			vertex	-15.9665	-40.4314	-24.7058
			vertex	-12.8879	-43.5679	-20.8745
		endloop
	endfacet
	facet normal	-0.363222	-0.812564	-0.455861
		outer loop
			vertex	-15.9665	-40.4314	-24.7058
			vertex	-16.6880	-42.2583	-20.8745
			vertex	-19.4774	-38.8620	-24.7058
		endloop
	endfacet
	facet normal	-0.363201	-0.812565	-0.455876
		outer loop
			vertex	-20.3575	-40.6181	-20.8745
			vertex	-19.4774	-38.8620	-24.7058
			vertex	-16.6880	-42.2583	-20.8745
		endloop
	endfacet
	facet normal	-0.433609	-0.777278	-0.455876
		outer loop
			vertex	-19.4774	-38.8620	-24.7058
			vertex	-20.3575	-40.6181	-20.8745
			vertex	-22.8358	-36.9885	-24.7058
		endloop
	endfacet
	facet normal	-0.433612	-0.777277	-0.455873
		outer loop
			vertex	-23.8677	-38.6599	-20.8745
			vertex	-22.8358	-36.9885	-24.7058
			vertex	-20.3575	-40.6181	-20.8745
		endloop
	endfacet
	facet normal	-0.500592	-0.735926	-0.455874
		outer loop
			vertex	-22.8358	-36.9885	-24.7058
			vertex	-23.8677	-38.6599	-20.8745
			vertex	-26.0155	-34.8256	-24.7058
		endloop
	endfacet
	facet normal	-0.500616	-0.735921	-0.455855
		outer loop
			vertex	-27.1910	-36.3992	-20.8745
			vertex	-26.0155	-34.8256	-24.7058
			vertex	-23.8677	-38.6599	-20.8745
		endloop
	endfacet
	facet normal	-0.563700	-0.688795	-0.455855
		outer loop
			vertex	-26.0155	-34.8256	-24.7058
			vertex	-27.1910	-36.3992	-20.8745
			vertex	-28.9916	-32.3900	-24.7058
		endloop
	endfacet
	facet normal	-0.563687	-0.688799	-0.455865
		outer loop
			vertex	-30.3016	-33.8536	-20.8745
			vertex	-28.9916	-32.3900	-24.7058
			vertex	-27.1910	-36.3992	-20.8745
		endloop
	endfacet
	facet normal	-0.622355	-0.636287	-0.455865
		outer loop
			vertex	-28.9916	-32.3900	-24.7058
			vertex	-30.3016	-33.8536	-20.8745
			vertex	-31.7408	-29.7010	-24.7058
		endloop
	endfacet
	facet normal	-0.622358	-0.636286	-0.455863
		outer loop
			vertex	-33.1750	-31.0431	-20.8745
			vertex	-31.7408	-29.7010	-24.7058
			vertex	-30.3016	-33.8536	-20.8745
		endloop
	endfacet
	facet normal	-0.676170	-0.578778	-0.455862
		outer loop
			vertex	-31.7408	-29.7010	-24.7058
			vertex	-33.1750	-31.0431	-20.8745
			vertex	-34.2415	-26.7795	-24.7058
		endloop
	endfacet
	facet normal	-0.676152	-0.578787	-0.455876
		outer loop
			vertex	-35.7888	-27.9896	-20.8745
			vertex	-34.2415	-26.7795	-24.7058
			vertex	-33.1750	-31.0431	-20.8745
		endloop
	endfacet
	facet normal	-0.724655	-0.516770	-0.455877
		outer loop
			vertex	-34.2415	-26.7795	-24.7058
			vertex	-35.7888	-27.9896	-20.8745
			vertex	-36.4743	-23.6485	-24.7058
		endloop
	endfacet
	facet normal	-0.724656	-0.516770	-0.455876
		outer loop
			vertex	-38.1225	-24.7171	-20.8745
			vertex	-36.4743	-23.6485	-24.7058
			vertex	-35.7888	-27.9896	-20.8745
		endloop
	endfacet
	facet normal	-0.767503	-0.450684	-0.455876
		outer loop
			vertex	-36.4743	-23.6485	-24.7058
			vertex	-38.1225	-24.7171	-20.8745
			vertex	-38.4216	-20.3323	-24.7058
		endloop
	endfacet
	facet normal	-0.767497	-0.450688	-0.455882
		outer loop
			vertex	-40.1578	-21.2511	-20.8745
			vertex	-38.4216	-20.3323	-24.7058
			vertex	-38.1225	-24.7171	-20.8745
		endloop
	endfacet
	facet normal	-0.804314	-0.381118	-0.455882
		outer loop
			vertex	-38.4216	-20.3323	-24.7058
			vertex	-40.1578	-21.2511	-20.8745
			vertex	-40.0683	-16.8571	-24.7058
		endloop
	endfacet
	facet normal	-0.804336	-0.381098	-0.455860
		outer loop
			vertex	-41.8788	-17.6188	-20.8745
			vertex	-40.0683	-16.8571	-24.7058
			vertex	-40.1578	-21.2511	-20.8745
		endloop
	endfacet
	facet normal	-0.834871	-0.308518	-0.455859
		outer loop
			vertex	-40.0683	-16.8571	-24.7058
			vertex	-41.8788	-17.6188	-20.8745
			vertex	-41.4013	-13.2499	-24.7058
		endloop
	endfacet
	facet normal	-0.834862	-0.308528	-0.455869
		outer loop
			vertex	-43.2721	-13.8486	-20.8745
			vertex	-41.4013	-13.2499	-24.7058
			vertex	-41.8788	-17.6188	-20.8745
		endloop
	endfacet
	facet normal	-0.858865	-0.233523	-0.455870
		outer loop
			vertex	-41.4013	-13.2499	-24.7058
			vertex	-43.2721	-13.8486	-20.8745
			vertex	-42.4103	-9.53895	-24.7058
		endloop
	endfacet
	facet normal	-0.858863	-0.233526	-0.455872
		outer loop
			vertex	-44.3267	-9.96999	-20.8745
			vertex	-42.4103	-9.53895	-24.7058
			vertex	-43.2721	-13.8486	-20.8745
		endloop
	endfacet
	facet normal	-0.876141	-0.156710	-0.455872
		outer loop
			vertex	-42.4103	-9.53895	-24.7058
			vertex	-44.3267	-9.96999	-20.8745
			vertex	-43.0874	-5.75340	-24.7058
		endloop
	endfacet
	facet normal	-0.881035	-0.149003	-0.448972
		outer loop
			vertex	-45.0000	-6.01384	-20.8662
			vertex	-43.0874	-5.75340	-24.7058
			vertex	-44.3267	-9.96999	-20.8745
		endloop
	endfacet
	facet normal	-0.886904	-0.108117	-0.449123
		outer loop
			vertex	-43.0874	-5.75340	-24.7058
			vertex	-45.0000	-6.01384	-20.8662
			vertex	-45.0000	-5.98019	-20.8743
		endloop
	endfacet
	facet normal	-0.129012	0.836958	-0.531843
		outer loop
			vertex	-7.12828	45.0000	-20.5958
			vertex	-5.98019	45.0000	-20.8743
			vertex	-8.98695	44.5364	-20.8745
		endloop
	endfacet
	facet normal	-0.135603	0.879668	-0.455847
		outer loop
			vertex	-8.59841	42.6109	-24.7058
			vertex	-8.98695	44.5364	-20.8745
			vertex	-5.98019	45.0000	-20.8743
		endloop
	endfacet
	facet normal	-0.214463	0.863818	-0.455878
		outer loop
			vertex	-8.98695	44.5364	-20.8745
			vertex	-8.59841	42.6109	-24.7058
			vertex	-12.8879	43.5679	-20.8745
		endloop
	endfacet
	facet normal	-0.214457	0.863822	-0.455873
		outer loop
			vertex	-12.3307	41.6843	-24.7058
			vertex	-12.8879	43.5679	-20.8745
			vertex	-8.59841	42.6109	-24.7058
		endloop
	endfacet
	facet normal	-0.289992	0.841477	-0.455873
		outer loop
			vertex	-12.8879	43.5679	-20.8745
			vertex	-12.3307	41.6843	-24.7058
			vertex	-16.6880	42.2583	-20.8745
		endloop
	endfacet
	facet normal	-0.289979	0.841489	-0.455860
		outer loop
			vertex	-15.9665	40.4314	-24.7058
			vertex	-16.6880	42.2583	-20.8745
			vertex	-12.3307	41.6843	-24.7058
		endloop
	endfacet
	facet normal	-0.363205	0.812572	-0.455861
		outer loop
			vertex	-16.6880	42.2583	-20.8745
			vertex	-15.9665	40.4314	-24.7058
			vertex	-20.3575	40.6181	-20.8745
		endloop
	endfacet
	facet normal	-0.363219	0.812557	-0.455877
		outer loop
			vertex	-19.4774	38.8620	-24.7058
			vertex	-20.3575	40.6181	-20.8745
			vertex	-15.9665	40.4314	-24.7058
		endloop
	endfacet
	facet normal	-0.433611	0.777276	-0.455876
		outer loop
			vertex	-20.3575	40.6181	-20.8745
			vertex	-19.4774	38.8620	-24.7058
			vertex	-23.8677	38.6599	-20.8745
		endloop
	endfacet
	facet normal	-0.433609	0.777279	-0.455873
		outer loop
			vertex	-22.8358	36.9885	-24.7058
			vertex	-23.8677	38.6599	-20.8745
			vertex	-19.4774	38.8620	-24.7058
		endloop
	endfacet
	facet normal	-0.500611	0.735913	-0.455873
		outer loop
			vertex	-23.8677	38.6599	-20.8745
			vertex	-22.8358	36.9885	-24.7058
			vertex	-27.1910	36.3992	-20.8745
		endloop
	endfacet
	facet normal	-0.500598	0.735934	-0.455855
		outer loop
			vertex	-26.0155	34.8256	-24.7058
			vertex	-27.1910	36.3992	-20.8745
			vertex	-22.8358	36.9885	-24.7058
		endloop
	endfacet
	facet normal	-0.563690	0.688803	-0.455855
		outer loop
			vertex	-27.1910	36.3992	-20.8745
			vertex	-26.0155	34.8256	-24.7058
			vertex	-30.3016	33.8536	-20.8745
		endloop
	endfacet
	facet normal	-0.563697	0.688790	-0.455866
		outer loop
			vertex	-28.9916	32.3900	-24.7058
			vertex	-30.3016	33.8536	-20.8745
			vertex	-26.0155	34.8256	-24.7058
		endloop
	endfacet
	facet normal	-0.622357	0.636285	-0.455865
		outer loop
			vertex	-30.3016	33.8536	-20.8745
			vertex	-28.9916	32.3900	-24.7058
			vertex	-33.1750	31.0431	-20.8745
		endloop
	endfacet
	facet normal	-0.622356	0.636288	-0.455863
		outer loop
			vertex	-31.7408	29.7010	-24.7058
			vertex	-33.1750	31.0431	-20.8745
			vertex	-28.9916	32.3900	-24.7058
		endloop
	endfacet
	facet normal	-0.676158	0.578792	-0.455862
		outer loop
			vertex	-33.1750	31.0431	-20.8745
			vertex	-31.7408	29.7010	-24.7058
			vertex	-35.7888	27.9896	-20.8745
		endloop
	endfacet
	facet normal	-0.676164	0.578773	-0.455877
		outer loop
			vertex	-34.2415	26.7795	-24.7058
			vertex	-35.7888	27.9896	-20.8745
			vertex	-31.7408	29.7010	-24.7058
		endloop
	endfacet
	facet normal	-0.724655	0.516770	-0.455877
		outer loop
			vertex	-35.7888	27.9896	-20.8745
			vertex	-34.2415	26.7795	-24.7058
			vertex	-38.1225	24.7171	-20.8745
		endloop
	endfacet
	facet normal	-0.724655	0.516771	-0.455876
		outer loop
			vertex	-36.4743	23.6485	-24.7058
			vertex	-38.1225	24.7171	-20.8745
			vertex	-34.2415	26.7795	-24.7058
		endloop
	endfacet
	facet normal	-0.767499	0.450690	-0.455877
		outer loop
			vertex	-38.1225	24.7171	-20.8745
			vertex	-36.4743	23.6485	-24.7058
			vertex	-40.1578	21.2511	-20.8745
		endloop
	endfacet
	facet normal	-0.767500	0.450683	-0.455882
		outer loop
			vertex	-38.4216	20.3323	-24.7058
			vertex	-40.1578	21.2511	-20.8745
			vertex	-36.4743	23.6485	-24.7058
		endloop
	endfacet
	facet normal	-0.804326	0.381094	-0.455881
		outer loop
			vertex	-40.1578	21.2511	-20.8745
			vertex	-38.4216	20.3323	-24.7058
			vertex	-41.8788	17.6188	-20.8745
		endloop
	endfacet
	facet normal	-0.804324	0.381123	-0.455859
		outer loop
			vertex	-40.0683	16.8571	-24.7058
			vertex	-41.8788	17.6188	-20.8745
			vertex	-38.4216	20.3323	-24.7058
		endloop
	endfacet
	facet normal	-0.834866	0.308529	-0.455860
		outer loop
			vertex	-41.8788	17.6188	-20.8745
			vertex	-40.0683	16.8571	-24.7058
			vertex	-43.2721	13.8486	-20.8745
		endloop
	endfacet
	facet normal	-0.834866	0.308516	-0.455870
		outer loop
			vertex	-41.4013	13.2499	-24.7058
			vertex	-43.2721	13.8486	-20.8745
			vertex	-40.0683	16.8571	-24.7058
		endloop
	endfacet
	facet normal	-0.858865	0.233526	-0.455870
		outer loop
			vertex	-43.2721	13.8486	-20.8745
			vertex	-41.4013	13.2499	-24.7058
			vertex	-44.3267	9.96999	-20.8745
		endloop
	endfacet
	facet normal	-0.858864	0.233523	-0.455872
		outer loop
			vertex	-42.4103	9.53895	-24.7058
			vertex	-44.3267	9.96999	-20.8745
			vertex	-41.4013	13.2499	-24.7058
		endloop
	endfacet
	facet normal	-0.877452	0.149623	-0.455731
		outer loop
			vertex	-44.3267	9.96999	-20.8745
			vertex	-42.4103	9.53895	-24.7058
			vertex	-45.0000	6.02177	-20.8744
		endloop
	endfacet
	facet normal	-0.879140	0.157247	-0.449873
		outer loop
			vertex	-43.0874	5.75340	-24.7058
			vertex	-45.0000	6.02177	-20.8744
			vertex	-42.4103	9.53895	-24.7058
		endloop
	endfacet
	facet normal	-0.880115	0.151456	-0.449954
		outer loop
			vertex	-45.0000	6.02177	-20.8744
			vertex	-43.0874	5.75340	-24.7058
			vertex	-45.0000	6.01316	-20.8773
		endloop
	endfacet
	facet normal	-0.879407	0.155704	-0.449889
		outer loop
			vertex	-45.0000	5.13825	-21.1801
			vertex	-45.0000	6.01316	-20.8773
			vertex	-43.0874	5.75340	-24.7058
		endloop
	endfacet
	facet normal	0.865433	0.118111	-0.486904
		outer loop
			vertex	45.0000	7.12828	-20.5958
			vertex	45.0000	5.98019	-20.8743
			vertex	44.7243	7.99951	-20.8745
		endloop
	endfacet
	facet normal	0.881846	0.120355	-0.455918
		outer loop
			vertex	42.7907	7.65367	-24.7058
			vertex	44.7243	7.99951	-20.8745
			vertex	45.0000	5.98019	-20.8743
		endloop
	endfacet
	facet normal	0.868351	0.195309	-0.455873
		outer loop
			vertex	44.7243	7.99951	-20.8745
			vertex	42.7907	7.65367	-24.7058
			vertex	43.8423	11.9209	-20.8745
		endloop
	endfacet
	facet normal	0.868363	0.195293	-0.455858
		outer loop
			vertex	41.9469	11.4056	-24.7058
			vertex	43.8423	11.9209	-20.8745
			vertex	42.7907	7.65367	-24.7058
		endloop
	endfacet
	facet normal	0.847703	0.271282	-0.455858
		outer loop
			vertex	43.8423	11.9209	-20.8745
			vertex	41.9469	11.4056	-24.7058
			vertex	42.6172	15.7491	-20.8745
		endloop
	endfacet
	facet normal	0.847688	0.271299	-0.455874
		outer loop
			vertex	40.7747	15.0682	-24.7058
			vertex	42.6172	15.7491	-20.8745
			vertex	41.9469	11.4056	-24.7058
		endloop
	endfacet
	facet normal	0.820396	0.345151	-0.455874
		outer loop
			vertex	42.6172	15.7491	-20.8745
			vertex	40.7747	15.0682	-24.7058
			vertex	41.0585	19.4540	-20.8745
		endloop
	endfacet
	facet normal	0.820396	0.345151	-0.455874
		outer loop
			vertex	39.2834	18.6129	-24.7058
			vertex	41.0585	19.4540	-20.8745
			vertex	40.7747	15.0682	-24.7058
		endloop
	endfacet
	facet normal	0.786682	0.416304	-0.455875
		outer loop
			vertex	41.0585	19.4540	-20.8745
			vertex	39.2834	18.6129	-24.7058
			vertex	39.1785	23.0066	-20.8745
		endloop
	endfacet
	facet normal	0.786685	0.416302	-0.455872
		outer loop
			vertex	37.4847	22.0119	-24.7058
			vertex	39.1785	23.0066	-20.8745
			vertex	39.2834	18.6129	-24.7058
		endloop
	endfacet
	facet normal	0.746808	0.484209	-0.455873
		outer loop
			vertex	39.1785	23.0066	-20.8745
			vertex	37.4847	22.0119	-24.7058
			vertex	36.9918	26.3792	-20.8745
		endloop
	endfacet
	facet normal	0.746819	0.484201	-0.455862
		outer loop
			vertex	35.3926	25.2387	-24.7058
			vertex	36.9918	26.3792	-20.8745
			vertex	37.4847	22.0119	-24.7058
		endloop
	endfacet
	facet normal	0.701103	0.548309	-0.455864
		outer loop
			vertex	36.9918	26.3792	-20.8745
			vertex	35.3926	25.2387	-24.7058
			vertex	34.5157	29.5453	-20.8745
		endloop
	endfacet
	facet normal	0.701092	0.548315	-0.455873
		outer loop
			vertex	33.0235	28.2679	-24.7058
			vertex	34.5157	29.5453	-20.8745
			vertex	35.3926	25.2387	-24.7058
		endloop
	endfacet
	facet normal	0.649891	0.608128	-0.455874
		outer loop
			vertex	34.5157	29.5453	-20.8745
			vertex	33.0235	28.2679	-24.7058
			vertex	31.7694	32.4802	-20.8745
		endloop
	endfacet
	facet normal	0.649884	0.608132	-0.455880
		outer loop
			vertex	30.3959	31.0759	-24.7058
			vertex	31.7694	32.4802	-20.8745
			vertex	33.0235	28.2679	-24.7058
		endloop
	endfacet
	facet normal	0.593592	0.663190	-0.455881
		outer loop
			vertex	31.7694	32.4802	-20.8745
			vertex	30.3959	31.0759	-24.7058
			vertex	28.7745	35.1608	-20.8745
		endloop
	endfacet
	facet normal	0.593611	0.663184	-0.455866
		outer loop
			vertex	27.5305	33.6407	-24.7058
			vertex	28.7745	35.1608	-20.8745
			vertex	30.3959	31.0759	-24.7058
		endloop
	endfacet
	facet normal	0.532685	0.713045	-0.455866
		outer loop
			vertex	28.7745	35.1608	-20.8745
			vertex	27.5305	33.6407	-24.7058
			vertex	25.5544	37.5664	-20.8745
		endloop
	endfacet
	facet normal	0.532664	0.713050	-0.455883
		outer loop
			vertex	24.4496	35.9422	-24.7058
			vertex	25.5544	37.5664	-20.8745
			vertex	27.5305	33.6407	-24.7058
		endloop
	endfacet
	facet normal	0.467547	0.757345	-0.455883
		outer loop
			vertex	25.5544	37.5664	-20.8745
			vertex	24.4496	35.9422	-24.7058
			vertex	22.1343	39.6778	-20.8745
		endloop
	endfacet
	facet normal	0.467556	0.757343	-0.455876
		outer loop
			vertex	21.1773	37.9624	-24.7058
			vertex	22.1343	39.6778	-20.8745
			vertex	24.4496	35.9422	-24.7058
		endloop
	endfacet
	facet normal	0.398802	0.795698	-0.455875
		outer loop
			vertex	22.1343	39.6778	-20.8745
			vertex	21.1773	37.9624	-24.7058
			vertex	18.5409	41.4788	-20.8745
		endloop
	endfacet
	facet normal	0.398798	0.795698	-0.455878
		outer loop
			vertex	17.7393	39.6855	-24.7058
			vertex	18.5409	41.4788	-20.8745
			vertex	21.1773	37.9624	-24.7058
		endloop
	endfacet
	facet normal	0.326912	0.827831	-0.455878
		outer loop
			vertex	18.5409	41.4788	-20.8745
			vertex	17.7393	39.6855	-24.7058
			vertex	14.8025	42.9551	-20.8745
		endloop
	endfacet
	facet normal	0.326915	0.827831	-0.455875
		outer loop
			vertex	14.1625	41.0980	-24.7058
			vertex	14.8025	42.9551	-20.8745
			vertex	17.7393	39.6855	-24.7058
		endloop
	endfacet
	facet normal	0.252476	0.853484	-0.455874
		outer loop
			vertex	14.8025	42.9551	-20.8745
			vertex	14.1625	41.0980	-24.7058
			vertex	10.9481	44.0953	-20.8745
		endloop
	endfacet
	facet normal	0.252479	0.853484	-0.455872
		outer loop
			vertex	10.4748	42.1889	-24.7058
			vertex	10.9481	44.0953	-20.8745
			vertex	14.1625	41.0980	-24.7058
		endloop
	endfacet
	facet normal	0.176045	0.872461	-0.455872
		outer loop
			vertex	10.9481	44.0953	-20.8745
			vertex	10.4748	42.1889	-24.7058
			vertex	7.00816	44.8903	-20.8745
		endloop
	endfacet
	facet normal	0.176061	0.872465	-0.455860
		outer loop
			vertex	6.70517	42.9496	-24.7058
			vertex	7.00816	44.8903	-20.8745
			vertex	10.4748	42.1889	-24.7058
		endloop
	endfacet
	facet normal	0.126233	0.880886	-0.456185
		outer loop
			vertex	7.00816	44.8903	-20.8745
			vertex	6.70517	42.9496	-24.7058
			vertex	5.13825	45.0000	-21.1801
		endloop
	endfacet
	facet normal	0.0688084	0.875384	-0.478506
		outer loop
			vertex	2.99428	45.0000	-21.4884
			vertex	5.13825	45.0000	-21.1801
			vertex	6.70517	42.9496	-24.7058
		endloop
	endfacet
	facet normal	0.840098	0.112181	-0.530709
		outer loop
			vertex	43.2997	3.84187	-24.7058
			vertex	41.0221	3.63978	-28.3539
			vertex	42.7907	7.65367	-24.7058
		endloop
	endfacet
	facet normal	0.840101	0.112174	-0.530704
		outer loop
			vertex	40.5399	7.25107	-28.3539
			vertex	42.7907	7.65367	-24.7058
			vertex	41.0221	3.63978	-28.3539
		endloop
	endfacet
	facet normal	0.826903	0.185968	-0.530704
		outer loop
			vertex	42.7907	7.65367	-24.7058
			vertex	40.5399	7.25107	-28.3539
			vertex	41.9469	11.4056	-24.7058
		endloop
	endfacet
	facet normal	0.826889	0.185987	-0.530720
		outer loop
			vertex	39.7404	10.8056	-28.3539
			vertex	41.9469	11.4056	-24.7058
			vertex	40.5399	7.25107	-28.3539
		endloop
	endfacet
	facet normal	0.807213	0.258345	-0.530721
		outer loop
			vertex	41.9469	11.4056	-24.7058
			vertex	39.7404	10.8056	-28.3539
			vertex	40.7747	15.0682	-24.7058
		endloop
	endfacet
	facet normal	0.807222	0.258335	-0.530712
		outer loop
			vertex	38.6299	14.2756	-28.3539
			vertex	40.7747	15.0682	-24.7058
			vertex	39.7404	10.8056	-28.3539
		endloop
	endfacet
	facet normal	0.781229	0.328673	-0.530712
		outer loop
			vertex	40.7747	15.0682	-24.7058
			vertex	38.6299	14.2756	-28.3539
			vertex	39.2834	18.6129	-24.7058
		endloop
	endfacet
	facet normal	0.781218	0.328683	-0.530721
		outer loop
			vertex	37.2170	17.6338	-28.3539
			vertex	39.2834	18.6129	-24.7058
			vertex	38.6299	14.2756	-28.3539
		endloop
	endfacet
	facet normal	0.749121	0.396424	-0.530721
		outer loop
			vertex	39.2834	18.6129	-24.7058
			vertex	37.2170	17.6338	-28.3539
			vertex	37.4847	22.0119	-24.7058
		endloop
	endfacet
	facet normal	0.749128	0.396419	-0.530716
		outer loop
			vertex	35.5129	20.8541	-28.3539
			vertex	37.4847	22.0119	-24.7058
			vertex	37.2170	17.6338	-28.3539
		endloop
	endfacet
	facet normal	0.711159	0.461080	-0.530715
		outer loop
			vertex	37.4847	22.0119	-24.7058
			vertex	35.5129	20.8541	-28.3539
			vertex	35.3926	25.2387	-24.7058
		endloop
	endfacet
	facet normal	0.711160	0.461079	-0.530713
		outer loop
			vertex	33.5309	23.9111	-28.3539
			vertex	35.3926	25.2387	-24.7058
			vertex	35.5129	20.8541	-28.3539
		endloop
	endfacet
	facet normal	0.667620	0.522137	-0.530714
		outer loop
			vertex	35.3926	25.2387	-24.7058
			vertex	33.5309	23.9111	-28.3539
			vertex	33.0235	28.2679	-24.7058
		endloop
	endfacet
	facet normal	0.667622	0.522136	-0.530712
		outer loop
			vertex	31.2864	26.7810	-28.3539
			vertex	33.0235	28.2679	-24.7058
			vertex	33.5309	23.9111	-28.3539
		endloop
	endfacet
	facet normal	0.618860	0.579101	-0.530711
		outer loop
			vertex	33.0235	28.2679	-24.7058
			vertex	31.2864	26.7810	-28.3539
			vertex	30.3959	31.0759	-24.7058
		endloop
	endfacet
	facet normal	0.618858	0.579102	-0.530712
		outer loop
			vertex	28.7970	29.4413	-28.3539
			vertex	30.3959	31.0759	-24.7058
			vertex	31.2864	26.7810	-28.3539
		endloop
	endfacet
	facet normal	0.565269	0.631519	-0.530712
		outer loop
			vertex	30.3959	31.0759	-24.7058
			vertex	28.7970	29.4413	-28.3539
			vertex	27.5305	33.6407	-24.7058
		endloop
	endfacet
	facet normal	0.565267	0.631520	-0.530713
		outer loop
			vertex	26.0823	31.8712	-28.3539
			vertex	27.5305	33.6407	-24.7058
			vertex	28.7970	29.4413	-28.3539
		endloop
	endfacet
	facet normal	0.507236	0.679011	-0.530712
		outer loop
			vertex	27.5305	33.6407	-24.7058
			vertex	26.0823	31.8712	-28.3539
			vertex	24.4496	35.9422	-24.7058
		endloop
	endfacet
	facet normal	0.507235	0.679012	-0.530713
		outer loop
			vertex	23.1635	34.0516	-28.3539
			vertex	24.4496	35.9422	-24.7058
			vertex	26.0823	31.8712	-28.3539
		endloop
	endfacet
	facet normal	0.445235	0.721187	-0.530712
		outer loop
			vertex	24.4496	35.9422	-24.7058
			vertex	23.1635	34.0516	-28.3539
			vertex	21.1773	37.9624	-24.7058
		endloop
	endfacet
	facet normal	0.445258	0.721184	-0.530696
		outer loop
			vertex	20.0634	35.9656	-28.3539
			vertex	21.1773	37.9624	-24.7058
			vertex	23.1635	34.0516	-28.3539
		endloop
	endfacet
	facet normal	0.379764	0.757720	-0.530697
		outer loop
			vertex	21.1773	37.9624	-24.7058
			vertex	20.0634	35.9656	-28.3539
			vertex	17.7393	39.6855	-24.7058
		endloop
	endfacet
	facet normal	0.379744	0.757721	-0.530710
		outer loop
			vertex	16.8062	37.5980	-28.3539
			vertex	17.7393	39.6855	-24.7058
			vertex	20.0634	35.9656	-28.3539
		endloop
	endfacet
	facet normal	0.311309	0.788311	-0.530710
		outer loop
			vertex	17.7393	39.6855	-24.7058
			vertex	16.8062	37.5980	-28.3539
			vertex	14.1625	41.0980	-24.7058
		endloop
	endfacet
	facet normal	0.311304	0.788311	-0.530712
		outer loop
			vertex	13.4175	38.9362	-28.3539
			vertex	14.1625	41.0980	-24.7058
			vertex	16.8062	37.5980	-28.3539
		endloop
	endfacet
	facet normal	0.240425	0.812737	-0.530712
		outer loop
			vertex	14.1625	41.0980	-24.7058
			vertex	13.4175	38.9362	-28.3539
			vertex	10.4748	42.1889	-24.7058
		endloop
	endfacet
	facet normal	0.240425	0.812737	-0.530712
		outer loop
			vertex	9.92383	39.9697	-28.3539
			vertex	10.4748	42.1889	-24.7058
			vertex	13.4175	38.9362	-28.3539
		endloop
	endfacet
	facet normal	0.167654	0.830805	-0.530713
		outer loop
			vertex	10.4748	42.1889	-24.7058
			vertex	9.92383	39.9697	-28.3539
			vertex	6.70517	42.9496	-24.7058
		endloop
	endfacet
	facet normal	0.167656	0.830805	-0.530711
		outer loop
			vertex	6.35247	40.6904	-28.3539
			vertex	6.70517	42.9496	-24.7058
			vertex	9.92383	39.9697	-28.3539
		endloop
	endfacet
	facet normal	0.0935569	0.842373	-0.530711
		outer loop
			vertex	6.70517	42.9496	-24.7058
			vertex	6.35247	40.6904	-28.3539
			vertex	2.88305	43.3741	-24.7058
		endloop
	endfacet
	facet normal	0.0935642	0.842376	-0.530706
		outer loop
			vertex	2.73139	41.0926	-28.3539
			vertex	2.88305	43.3741	-24.7058
			vertex	6.35247	40.6904	-28.3539
		endloop
	endfacet
	facet normal	0.0187563	0.847349	-0.530706
		outer loop
			vertex	2.88305	43.3741	-24.7058
			vertex	2.73139	41.0926	-28.3539
			vertex	-0.961643	43.4592	-24.7058
		endloop
	endfacet
	facet normal	0.0187495	0.847346	-0.530711
		outer loop
			vertex	-0.911059	41.1732	-28.3539
			vertex	-0.961643	43.4592	-24.7058
			vertex	2.73139	41.0926	-28.3539
		endloop
	endfacet
	facet normal	-0.0562231	0.845686	-0.530710
		outer loop
			vertex	-0.961643	43.4592	-24.7058
			vertex	-0.911059	41.1732	-28.3539
			vertex	-4.79881	43.2041	-24.7058
		endloop
	endfacet
	facet normal	-0.0562265	0.845684	-0.530713
		outer loop
			vertex	-4.54638	40.9315	-28.3539
			vertex	-4.79881	43.2041	-24.7058
			vertex	-0.911059	41.1732	-28.3539
		endloop
	endfacet
	facet normal	-0.130737	0.837408	-0.530713
		outer loop
			vertex	-4.79881	43.2041	-24.7058
			vertex	-4.54638	40.9315	-28.3539
			vertex	-8.59841	42.6109	-24.7058
		endloop
	endfacet
	facet normal	-0.130738	0.837407	-0.530714
		outer loop
			vertex	-8.14612	40.3695	-28.3539
			vertex	-8.59841	42.6109	-24.7058
			vertex	-4.54638	40.9315	-28.3539
		endloop
	endfacet
	facet normal	-0.204218	0.822580	-0.530714
		outer loop
			vertex	-8.59841	42.6109	-24.7058
			vertex	-8.14612	40.3695	-28.3539
			vertex	-12.3307	41.6843	-24.7058
		endloop
	endfacet
	facet normal	-0.204225	0.822574	-0.530720
		outer loop
			vertex	-11.6821	39.4916	-28.3539
			vertex	-12.3307	41.6843	-24.7058
			vertex	-8.14612	40.3695	-28.3539
		endloop
	endfacet
	facet normal	-0.276131	0.801304	-0.530720
		outer loop
			vertex	-12.3307	41.6843	-24.7058
			vertex	-11.6821	39.4916	-28.3539
			vertex	-15.9665	40.4314	-24.7058
		endloop
	endfacet
	facet normal	-0.276128	0.801307	-0.530717
		outer loop
			vertex	-15.1267	38.3046	-28.3539
			vertex	-15.9665	40.4314	-24.7058
			vertex	-11.6821	39.4916	-28.3539
		endloop
	endfacet
	facet normal	-0.345878	0.773763	-0.530716
		outer loop
			vertex	-15.9665	40.4314	-24.7058
			vertex	-15.1267	38.3046	-28.3539
			vertex	-19.4774	38.8620	-24.7058
		endloop
	endfacet
	facet normal	-0.345879	0.773761	-0.530718
		outer loop
			vertex	-18.4528	36.8178	-28.3539
			vertex	-19.4774	38.8620	-24.7058
			vertex	-15.1267	38.3046	-28.3539
		endloop
	endfacet
	facet normal	-0.412906	0.740167	-0.530718
		outer loop
			vertex	-19.4774	38.8620	-24.7058
			vertex	-18.4528	36.8178	-28.3539
			vertex	-22.8358	36.9885	-24.7058
		endloop
	endfacet
	facet normal	-0.412895	0.740182	-0.530706
		outer loop
			vertex	-21.6346	35.0429	-28.3539
			vertex	-22.8358	36.9885	-24.7058
			vertex	-18.4528	36.8178	-28.3539
		endloop
	endfacet
	facet normal	-0.476695	0.700794	-0.530707
		outer loop
			vertex	-22.8358	36.9885	-24.7058
			vertex	-21.6346	35.0429	-28.3539
			vertex	-26.0155	34.8256	-24.7058
		endloop
	endfacet
	facet normal	-0.476706	0.700776	-0.530721
		outer loop
			vertex	-24.6470	32.9937	-28.3539
			vertex	-26.0155	34.8256	-24.7058
			vertex	-21.6346	35.0429	-28.3539
		endloop
	endfacet
	facet normal	-0.536779	0.655899	-0.530721
		outer loop
			vertex	-26.0155	34.8256	-24.7058
			vertex	-24.6470	32.9937	-28.3539
			vertex	-28.9916	32.3900	-24.7058
		endloop
	endfacet
	facet normal	-0.536768	0.655921	-0.530705
		outer loop
			vertex	-27.4666	30.6863	-28.3539
			vertex	-28.9916	32.3900	-24.7058
			vertex	-24.6470	32.9937	-28.3539
		endloop
	endfacet
	facet normal	-0.592642	0.605910	-0.530706
		outer loop
			vertex	-28.9916	32.3900	-24.7058
			vertex	-27.4666	30.6863	-28.3539
			vertex	-31.7408	29.7010	-24.7058
		endloop
	endfacet
	facet normal	-0.592651	0.605888	-0.530722
		outer loop
			vertex	-30.0711	28.1387	-28.3539
			vertex	-31.7408	29.7010	-24.7058
			vertex	-27.4666	30.6863	-28.3539
		endloop
	endfacet
	facet normal	-0.643879	0.551138	-0.530722
		outer loop
			vertex	-31.7408	29.7010	-24.7058
			vertex	-30.0711	28.1387	-28.3539
			vertex	-34.2415	26.7795	-24.7058
		endloop
	endfacet
	facet normal	-0.643871	0.551168	-0.530701
		outer loop
			vertex	-32.4404	25.3709	-28.3539
			vertex	-34.2415	26.7795	-24.7058
			vertex	-30.0711	28.1387	-28.3539
		endloop
	endfacet
	facet normal	-0.690065	0.492103	-0.530702
		outer loop
			vertex	-34.2415	26.7795	-24.7058
			vertex	-32.4404	25.3709	-28.3539
			vertex	-36.4743	23.6485	-24.7058
		endloop
	endfacet
	facet normal	-0.690070	0.492079	-0.530719
		outer loop
			vertex	-34.5557	22.4045	-28.3539
			vertex	-36.4743	23.6485	-24.7058
			vertex	-32.4404	25.3709	-28.3539
		endloop
	endfacet
	facet normal	-0.730859	0.429166	-0.530717
		outer loop
			vertex	-36.4743	23.6485	-24.7058
			vertex	-34.5557	22.4045	-28.3539
			vertex	-38.4216	20.3323	-24.7058
		endloop
	endfacet
	facet normal	-0.730858	0.429182	-0.530707
		outer loop
			vertex	-36.4006	19.2628	-28.3539
			vertex	-38.4216	20.3323	-24.7058
			vertex	-34.5557	22.4045	-28.3539
		endloop
	endfacet
	facet normal	-0.765921	0.362926	-0.530707
		outer loop
			vertex	-38.4216	20.3323	-24.7058
			vertex	-36.4006	19.2628	-28.3539
			vertex	-40.0683	16.8571	-24.7058
		endloop
	endfacet
	facet normal	-0.765921	0.362896	-0.530727
		outer loop
			vertex	-37.9606	15.9703	-28.3539
			vertex	-40.0683	16.8571	-24.7058
			vertex	-36.4006	19.2628	-28.3539
		endloop
	endfacet
	facet normal	-0.794998	0.293783	-0.530726
		outer loop
			vertex	-40.0683	16.8571	-24.7058
			vertex	-37.9606	15.9703	-28.3539
			vertex	-41.4013	13.2499	-24.7058
		endloop
	endfacet
	facet normal	-0.794998	0.293792	-0.530720
		outer loop
			vertex	-39.2235	12.5529	-28.3539
			vertex	-41.4013	13.2499	-24.7058
			vertex	-37.9606	15.9703	-28.3539
		endloop
	endfacet
	facet normal	-0.817855	0.222373	-0.530720
		outer loop
			vertex	-41.4013	13.2499	-24.7058
			vertex	-39.2235	12.5529	-28.3539
			vertex	-42.4103	9.53895	-24.7058
		endloop
	endfacet
	facet normal	-0.817854	0.222370	-0.530722
		outer loop
			vertex	-40.1794	9.03719	-28.3539
			vertex	-42.4103	9.53895	-24.7058
			vertex	-39.2235	12.5529	-28.3539
		endloop
	endfacet
	facet normal	-0.834305	0.149227	-0.530722
		outer loop
			vertex	-42.4103	9.53895	-24.7058
			vertex	-40.1794	9.03719	-28.3539
			vertex	-43.0874	5.75340	-24.7058
		endloop
	endfacet
	facet normal	-0.834306	0.149230	-0.530720
		outer loop
			vertex	-40.8209	5.45076	-28.3539
			vertex	-43.0874	5.75340	-24.7058
			vertex	-40.1794	9.03719	-28.3539
		endloop
	endfacet
	facet normal	-0.844230	0.0749116	-0.530720
		outer loop
			vertex	-43.0874	5.75340	-24.7058
			vertex	-40.8209	5.45076	-28.3539
			vertex	-43.4273	1.92282	-24.7058
		endloop
	endfacet
	facet normal	-0.844228	0.0749065	-0.530724
		outer loop
			vertex	-41.1429	1.82167	-28.3539
			vertex	-43.4273	1.92282	-24.7058
			vertex	-40.8209	5.45076	-28.3539
		endloop
	endfacet
	facet normal	-0.847545	0.000000	-0.530724
		outer loop
			vertex	-43.4273	1.92282	-24.7058
			vertex	-41.1429	1.82167	-28.3539
			vertex	-43.4273	-1.92282	-24.7058
		endloop
	endfacet
	facet normal	-0.847545	0.000000	-0.530724
		outer loop
			vertex	-41.1429	-1.82167	-28.3539
			vertex	-43.4273	-1.92282	-24.7058
			vertex	-41.1429	1.82167	-28.3539
		endloop
	endfacet
	facet normal	-0.844228	-0.0749114	-0.530724
		outer loop
			vertex	-43.4273	-1.92282	-24.7058
			vertex	-41.1429	-1.82167	-28.3539
			vertex	-43.0874	-5.75340	-24.7058
		endloop
	endfacet
	facet normal	-0.844231	-0.0749067	-0.530720
		outer loop
			vertex	-40.8209	-5.45076	-28.3539
			vertex	-43.0874	-5.75340	-24.7058
			vertex	-41.1429	-1.82167	-28.3539
		endloop
	endfacet
	facet normal	-0.834307	-0.149228	-0.530720
		outer loop
			vertex	-43.0874	-5.75340	-24.7058
			vertex	-40.8209	-5.45076	-28.3539
			vertex	-42.4103	-9.53895	-24.7058
		endloop
	endfacet
	facet normal	-0.834305	-0.149230	-0.530722
		outer loop
			vertex	-40.1794	-9.03719	-28.3539
			vertex	-42.4103	-9.53895	-24.7058
			vertex	-40.8209	-5.45076	-28.3539
		endloop
	endfacet
	facet normal	-0.817854	-0.222373	-0.530722
		outer loop
			vertex	-42.4103	-9.53895	-24.7058
			vertex	-40.1794	-9.03719	-28.3539
			vertex	-41.4013	-13.2499	-24.7058
		endloop
	endfacet
	facet normal	-0.817856	-0.222370	-0.530720
		outer loop
			vertex	-39.2235	-12.5529	-28.3539
			vertex	-41.4013	-13.2499	-24.7058
			vertex	-40.1794	-9.03719	-28.3539
		endloop
	endfacet
	facet normal	-0.795001	-0.293784	-0.530721
		outer loop
			vertex	-41.4013	-13.2499	-24.7058
			vertex	-39.2235	-12.5529	-28.3539
			vertex	-40.0683	-16.8571	-24.7058
		endloop
	endfacet
	facet normal	-0.794995	-0.293790	-0.530726
		outer loop
			vertex	-37.9606	-15.9703	-28.3539
			vertex	-40.0683	-16.8571	-24.7058
			vertex	-39.2235	-12.5529	-28.3539
		endloop
	endfacet
	facet normal	-0.765910	-0.362921	-0.530727
		outer loop
			vertex	-40.0683	-16.8571	-24.7058
			vertex	-37.9606	-15.9703	-28.3539
			vertex	-38.4216	-20.3323	-24.7058
		endloop
	endfacet
	facet normal	-0.765933	-0.362902	-0.530707
		outer loop
			vertex	-36.4006	-19.2628	-28.3539
			vertex	-38.4216	-20.3323	-24.7058
			vertex	-37.9606	-15.9703	-28.3539
		endloop
	endfacet
	facet normal	-0.730865	-0.429170	-0.530707
		outer loop
			vertex	-38.4216	-20.3323	-24.7058
			vertex	-36.4006	-19.2628	-28.3539
			vertex	-36.4743	-23.6485	-24.7058
		endloop
	endfacet
	facet normal	-0.730852	-0.429179	-0.530718
		outer loop
			vertex	-34.5557	-22.4045	-28.3539
			vertex	-36.4743	-23.6485	-24.7058
			vertex	-36.4006	-19.2628	-28.3539
		endloop
	endfacet
	facet normal	-0.690057	-0.492098	-0.530718
		outer loop
			vertex	-36.4743	-23.6485	-24.7058
			vertex	-34.5557	-22.4045	-28.3539
			vertex	-34.2415	-26.7795	-24.7058
		endloop
	endfacet
	facet normal	-0.690078	-0.492085	-0.530701
		outer loop
			vertex	-32.4404	-25.3709	-28.3539
			vertex	-34.2415	-26.7795	-24.7058
			vertex	-34.5557	-22.4045	-28.3539
		endloop
	endfacet
	facet normal	-0.643889	-0.551147	-0.530702
		outer loop
			vertex	-34.2415	-26.7795	-24.7058
			vertex	-32.4404	-25.3709	-28.3539
			vertex	-31.7408	-29.7010	-24.7058
		endloop
	endfacet
	facet normal	-0.643861	-0.551160	-0.530723
		outer loop
			vertex	-30.0711	-28.1387	-28.3539
			vertex	-31.7408	-29.7010	-24.7058
			vertex	-32.4404	-25.3709	-28.3539
		endloop
	endfacet
	facet normal	-0.592635	-0.605903	-0.530721
		outer loop
			vertex	-31.7408	-29.7010	-24.7058
			vertex	-30.0711	-28.1387	-28.3539
			vertex	-28.9916	-32.3900	-24.7058
		endloop
	endfacet
	facet normal	-0.592658	-0.605895	-0.530706
		outer loop
			vertex	-27.4666	-30.6863	-28.3539
			vertex	-28.9916	-32.3900	-24.7058
			vertex	-30.0711	-28.1387	-28.3539
		endloop
	endfacet
	facet normal	-0.536785	-0.655907	-0.530705
		outer loop
			vertex	-28.9916	-32.3900	-24.7058
			vertex	-27.4666	-30.6863	-28.3539
			vertex	-26.0155	-34.8256	-24.7058
		endloop
	endfacet
	facet normal	-0.536762	-0.655913	-0.530722
		outer loop
			vertex	-24.6470	-32.9937	-28.3539
			vertex	-26.0155	-34.8256	-24.7058
			vertex	-27.4666	-30.6863	-28.3539
		endloop
	endfacet
	facet normal	-0.476690	-0.700787	-0.530721
		outer loop
			vertex	-26.0155	-34.8256	-24.7058
			vertex	-24.6470	-32.9937	-28.3539
			vertex	-22.8358	-36.9885	-24.7058
		endloop
	endfacet
	facet normal	-0.476711	-0.700783	-0.530706
		outer loop
			vertex	-21.6346	-35.0429	-28.3539
			vertex	-22.8358	-36.9885	-24.7058
			vertex	-24.6470	-32.9937	-28.3539
		endloop
	endfacet
	facet normal	-0.412910	-0.740173	-0.530706
		outer loop
			vertex	-22.8358	-36.9885	-24.7058
			vertex	-21.6346	-35.0429	-28.3539
			vertex	-19.4774	-38.8620	-24.7058
		endloop
	endfacet
	facet normal	-0.412891	-0.740175	-0.530718
		outer loop
			vertex	-18.4528	-36.8178	-28.3539
			vertex	-19.4774	-38.8620	-24.7058
			vertex	-21.6346	-35.0429	-28.3539
		endloop
	endfacet
	facet normal	-0.345877	-0.773762	-0.530718
		outer loop
			vertex	-19.4774	-38.8620	-24.7058
			vertex	-18.4528	-36.8178	-28.3539
			vertex	-15.9665	-40.4314	-24.7058
		endloop
	endfacet
	facet normal	-0.345880	-0.773762	-0.530716
		outer loop
			vertex	-15.1267	-38.3046	-28.3539
			vertex	-15.9665	-40.4314	-24.7058
			vertex	-18.4528	-36.8178	-28.3539
		endloop
	endfacet
	facet normal	-0.276131	-0.801306	-0.530717
		outer loop
			vertex	-15.9665	-40.4314	-24.7058
			vertex	-15.1267	-38.3046	-28.3539
			vertex	-12.3307	-41.6843	-24.7058
		endloop
	endfacet
	facet normal	-0.276128	-0.801305	-0.530720
		outer loop
			vertex	-11.6821	-39.4916	-28.3539
			vertex	-12.3307	-41.6843	-24.7058
			vertex	-15.1267	-38.3046	-28.3539
		endloop
	endfacet
	facet normal	-0.204217	-0.822576	-0.530720
		outer loop
			vertex	-12.3307	-41.6843	-24.7058
			vertex	-11.6821	-39.4916	-28.3539
			vertex	-8.59841	-42.6109	-24.7058
		endloop
	endfacet
	facet normal	-0.204226	-0.822578	-0.530714
		outer loop
			vertex	-8.14612	-40.3695	-28.3539
			vertex	-8.59841	-42.6109	-24.7058
			vertex	-11.6821	-39.4916	-28.3539
		endloop
	endfacet
	facet normal	-0.130737	-0.837407	-0.530714
		outer loop
			vertex	-8.59841	-42.6109	-24.7058
			vertex	-8.14612	-40.3695	-28.3539
			vertex	-4.79881	-43.2041	-24.7058
		endloop
	endfacet
	facet normal	-0.130738	-0.837408	-0.530713
		outer loop
			vertex	-4.54638	-40.9315	-28.3539
			vertex	-4.79881	-43.2041	-24.7058
			vertex	-8.14612	-40.3695	-28.3539
		endloop
	endfacet
	facet normal	-0.0562230	-0.845685	-0.530713
		outer loop
			vertex	-4.79881	-43.2041	-24.7058
			vertex	-4.54638	-40.9315	-28.3539
			vertex	-0.961643	-43.4592	-24.7058
		endloop
	endfacet
	facet normal	-0.0562266	-0.845686	-0.530710
		outer loop
			vertex	-0.911059	-41.1732	-28.3539
			vertex	-0.961643	-43.4592	-24.7058
			vertex	-4.54638	-40.9315	-28.3539
		endloop
	endfacet
	facet normal	0.0187562	-0.847346	-0.530711
		outer loop
			vertex	-0.961643	-43.4592	-24.7058
			vertex	-0.911059	-41.1732	-28.3539
			vertex	2.88305	-43.3741	-24.7058
		endloop
	endfacet
	facet normal	0.0187496	-0.847349	-0.530706
		outer loop
			vertex	2.73139	-41.0926	-28.3539
			vertex	2.88305	-43.3741	-24.7058
			vertex	-0.911059	-41.1732	-28.3539
		endloop
	endfacet
	facet normal	0.0935572	-0.842377	-0.530706
		outer loop
			vertex	2.88305	-43.3741	-24.7058
			vertex	2.73139	-41.0926	-28.3539
			vertex	6.70517	-42.9496	-24.7058
		endloop
	endfacet
	facet normal	0.0935638	-0.842373	-0.530711
		outer loop
			vertex	6.35247	-40.6904	-28.3539
			vertex	6.70517	-42.9496	-24.7058
			vertex	2.73139	-41.0926	-28.3539
		endloop
	endfacet
	facet normal	0.167654	-0.830806	-0.530711
		outer loop
			vertex	6.70517	-42.9496	-24.7058
			vertex	6.35247	-40.6904	-28.3539
			vertex	10.4748	-42.1889	-24.7058
		endloop
	endfacet
	facet normal	0.167656	-0.830804	-0.530713
		outer loop
			vertex	9.92383	-39.9697	-28.3539
			vertex	10.4748	-42.1889	-24.7058
			vertex	6.35247	-40.6904	-28.3539
		endloop
	endfacet
	facet normal	0.240425	-0.812737	-0.530712
		outer loop
			vertex	10.4748	-42.1889	-24.7058
			vertex	9.92383	-39.9697	-28.3539
			vertex	14.1625	-41.0980	-24.7058
		endloop
	endfacet
	facet normal	0.240425	-0.812737	-0.530712
		outer loop
			vertex	13.4175	-38.9362	-28.3539
			vertex	14.1625	-41.0980	-24.7058
			vertex	9.92383	-39.9697	-28.3539
		endloop
	endfacet
	facet normal	0.311308	-0.788309	-0.530712
		outer loop
			vertex	14.1625	-41.0980	-24.7058
			vertex	13.4175	-38.9362	-28.3539
			vertex	17.7393	-39.6855	-24.7058
		endloop
	endfacet
	facet normal	0.311305	-0.788313	-0.530709
		outer loop
			vertex	16.8062	-37.5980	-28.3539
			vertex	17.7393	-39.6855	-24.7058
			vertex	13.4175	-38.9362	-28.3539
		endloop
	endfacet
	facet normal	0.379760	-0.757713	-0.530709
		outer loop
			vertex	17.7393	-39.6855	-24.7058
			vertex	16.8062	-37.5980	-28.3539
			vertex	21.1773	-37.9624	-24.7058
		endloop
	endfacet
	facet normal	0.379748	-0.757728	-0.530697
		outer loop
			vertex	20.0634	-35.9656	-28.3539
			vertex	21.1773	-37.9624	-24.7058
			vertex	16.8062	-37.5980	-28.3539
		endloop
	endfacet
	facet normal	0.445240	-0.721195	-0.530697
		outer loop
			vertex	21.1773	-37.9624	-24.7058
			vertex	20.0634	-35.9656	-28.3539
			vertex	24.4496	-35.9422	-24.7058
		endloop
	endfacet
	facet normal	0.445253	-0.721175	-0.530713
		outer loop
			vertex	23.1635	-34.0516	-28.3539
			vertex	24.4496	-35.9422	-24.7058
			vertex	20.0634	-35.9656	-28.3539
		endloop
	endfacet
	facet normal	0.507236	-0.679011	-0.530713
		outer loop
			vertex	24.4496	-35.9422	-24.7058
			vertex	23.1635	-34.0516	-28.3539
			vertex	27.5305	-33.6407	-24.7058
		endloop
	endfacet
	facet normal	0.507235	-0.679012	-0.530712
		outer loop
			vertex	26.0823	-31.8712	-28.3539
			vertex	27.5305	-33.6407	-24.7058
			vertex	23.1635	-34.0516	-28.3539
		endloop
	endfacet
	facet normal	0.565268	-0.631519	-0.530713
		outer loop
			vertex	27.5305	-33.6407	-24.7058
			vertex	26.0823	-31.8712	-28.3539
			vertex	30.3959	-31.0759	-24.7058
		endloop
	endfacet
	facet normal	0.565267	-0.631520	-0.530712
		outer loop
			vertex	28.7970	-29.4413	-28.3539
			vertex	30.3959	-31.0759	-24.7058
			vertex	26.0823	-31.8712	-28.3539
		endloop
	endfacet
	facet normal	0.618859	-0.579101	-0.530712
		outer loop
			vertex	30.3959	-31.0759	-24.7058
			vertex	28.7970	-29.4413	-28.3539
			vertex	33.0235	-28.2679	-24.7058
		endloop
	endfacet
	facet normal	0.618859	-0.579103	-0.530711
		outer loop
			vertex	31.2864	-26.7810	-28.3539
			vertex	33.0235	-28.2679	-24.7058
			vertex	28.7970	-29.4413	-28.3539
		endloop
	endfacet
	facet normal	0.667621	-0.522138	-0.530712
		outer loop
			vertex	33.0235	-28.2679	-24.7058
			vertex	31.2864	-26.7810	-28.3539
			vertex	35.3926	-25.2387	-24.7058
		endloop
	endfacet
	facet normal	0.667621	-0.522135	-0.530714
		outer loop
			vertex	33.5309	-23.9111	-28.3539
			vertex	35.3926	-25.2387	-24.7058
			vertex	31.2864	-26.7810	-28.3539
		endloop
	endfacet
	facet normal	0.711159	-0.461081	-0.530713
		outer loop
			vertex	35.3926	-25.2387	-24.7058
			vertex	33.5309	-23.9111	-28.3539
			vertex	37.4847	-22.0119	-24.7058
		endloop
	endfacet
	facet normal	0.711160	-0.461079	-0.530715
		outer loop
			vertex	35.5129	-20.8541	-28.3539
			vertex	37.4847	-22.0119	-24.7058
			vertex	33.5309	-23.9111	-28.3539
		endloop
	endfacet
	facet normal	0.749124	-0.396426	-0.530716
		outer loop
			vertex	37.4847	-22.0119	-24.7058
			vertex	35.5129	-20.8541	-28.3539
			vertex	39.2834	-18.6129	-24.7058
		endloop
	endfacet
	facet normal	0.749125	-0.396417	-0.530721
		outer loop
			vertex	37.2170	-17.6338	-28.3539
			vertex	39.2834	-18.6129	-24.7058
			vertex	35.5129	-20.8541	-28.3539
		endloop
	endfacet
	facet normal	0.781224	-0.328671	-0.530721
		outer loop
			vertex	39.2834	-18.6129	-24.7058
			vertex	37.2170	-17.6338	-28.3539
			vertex	40.7747	-15.0682	-24.7058
		endloop
	endfacet
	facet normal	0.781224	-0.328686	-0.530711
		outer loop
			vertex	38.6299	-14.2756	-28.3539
			vertex	40.7747	-15.0682	-24.7058
			vertex	37.2170	-17.6338	-28.3539
		endloop
	endfacet
	facet normal	0.807219	-0.258347	-0.530712
		outer loop
			vertex	40.7747	-15.0682	-24.7058
			vertex	38.6299	-14.2756	-28.3539
			vertex	41.9469	-11.4056	-24.7058
		endloop
	endfacet
	facet normal	0.807217	-0.258333	-0.530721
		outer loop
			vertex	39.7404	-10.8056	-28.3539
			vertex	41.9469	-11.4056	-24.7058
			vertex	38.6299	-14.2756	-28.3539
		endloop
	endfacet
	facet normal	0.826894	-0.185966	-0.530720
		outer loop
			vertex	41.9469	-11.4056	-24.7058
			vertex	39.7404	-10.8056	-28.3539
			vertex	42.7907	-7.65367	-24.7058
		endloop
	endfacet
	facet normal	0.826899	-0.185990	-0.530704
		outer loop
			vertex	40.5399	-7.25107	-28.3539
			vertex	42.7907	-7.65367	-24.7058
			vertex	39.7404	-10.8056	-28.3539
		endloop
	endfacet
	facet normal	0.840101	-0.112181	-0.530704
		outer loop
			vertex	42.7907	-7.65367	-24.7058
			vertex	40.5399	-7.25107	-28.3539
			vertex	43.2997	-3.84187	-24.7058
		endloop
	endfacet
	facet normal	0.840098	-0.112174	-0.530709
		outer loop
			vertex	41.0221	-3.63978	-28.3539
			vertex	43.2997	-3.84187	-24.7058
			vertex	40.5399	-7.25107	-28.3539
		endloop
	endfacet
	facet normal	0.846725	-0.0374887	-0.530709
		outer loop
			vertex	43.2997	-3.84187	-24.7058
			vertex	41.0221	-3.63978	-28.3539
			vertex	43.4698	0.000000	-24.7058
		endloop
	endfacet
	facet normal	0.846720	-0.0374770	-0.530717
		outer loop
			vertex	41.1832	0.000000	-28.3539
			vertex	43.4698	0.000000	-24.7058
			vertex	41.0221	-3.63978	-28.3539
		endloop
	endfacet
	facet normal	0.846720	0.0374885	-0.530717
		outer loop
			vertex	43.4698	0.000000	-24.7058
			vertex	41.1832	0.000000	-28.3539
			vertex	43.2997	3.84187	-24.7058
		endloop
	endfacet
	facet normal	0.846726	0.0374772	-0.530708
		outer loop
			vertex	41.0221	3.63978	-28.3539
			vertex	43.2997	3.84187	-24.7058
			vertex	41.1832	0.000000	-28.3539
		endloop
	endfacet
	facet normal	0.791739	0.105717	-0.601643
		outer loop
			vertex	41.0221	3.63978	-28.3539
			vertex	38.4403	3.41070	-31.7917
			vertex	40.5399	7.25107	-28.3539
		endloop
	endfacet
	facet normal	0.791731	0.105728	-0.601650
		outer loop
			vertex	37.9884	6.79471	-31.7917
			vertex	40.5399	7.25107	-28.3539
			vertex	38.4403	3.41070	-31.7917
		endloop
	endfacet
	facet normal	0.779291	0.175281	-0.601650
		outer loop
			vertex	40.5399	7.25107	-28.3539
			vertex	37.9884	6.79471	-31.7917
			vertex	39.7404	10.8056	-28.3539
		endloop
	endfacet
	facet normal	0.779287	0.175286	-0.601653
		outer loop
			vertex	37.2392	10.1255	-31.7917
			vertex	39.7404	10.8056	-28.3539
			vertex	37.9884	6.79471	-31.7917
		endloop
	endfacet
	facet normal	0.760749	0.243462	-0.601654
		outer loop
			vertex	39.7404	10.8056	-28.3539
			vertex	37.2392	10.1255	-31.7917
			vertex	38.6299	14.2756	-28.3539
		endloop
	endfacet
	facet normal	0.760750	0.243461	-0.601652
		outer loop
			vertex	36.1986	13.3771	-31.7917
			vertex	38.6299	14.2756	-28.3539
			vertex	37.2392	10.1255	-31.7917
		endloop
	endfacet
	facet normal	0.736248	0.309763	-0.601652
		outer loop
			vertex	38.6299	14.2756	-28.3539
			vertex	36.1986	13.3771	-31.7917
			vertex	37.2170	17.6338	-28.3539
		endloop
	endfacet
	facet normal	0.736266	0.309747	-0.601638
		outer loop
			vertex	34.8747	16.5240	-31.7917
			vertex	37.2170	17.6338	-28.3539
			vertex	36.1986	13.3771	-31.7917
		endloop
	endfacet
	facet normal	0.706011	0.373603	-0.601639
		outer loop
			vertex	37.2170	17.6338	-28.3539
			vertex	34.8747	16.5240	-31.7917
			vertex	35.5129	20.8541	-28.3539
		endloop
	endfacet
	facet normal	0.705999	0.373612	-0.601647
		outer loop
			vertex	33.2778	19.5416	-31.7917
			vertex	35.5129	20.8541	-28.3539
			vertex	34.8747	16.5240	-31.7917
		endloop
	endfacet
	facet normal	0.670222	0.434537	-0.601647
		outer loop
			vertex	35.5129	20.8541	-28.3539
			vertex	33.2778	19.5416	-31.7917
			vertex	33.5309	23.9111	-28.3539
		endloop
	endfacet
	facet normal	0.670214	0.434542	-0.601653
		outer loop
			vertex	31.4205	22.4062	-31.7917
			vertex	33.5309	23.9111	-28.3539
			vertex	33.2778	19.5416	-31.7917
		endloop
	endfacet
	facet normal	0.629187	0.492076	-0.601652
		outer loop
			vertex	33.5309	23.9111	-28.3539
			vertex	31.4205	22.4062	-31.7917
			vertex	31.2864	26.7810	-28.3539
		endloop
	endfacet
	facet normal	0.629197	0.492071	-0.601645
		outer loop
			vertex	29.3173	25.0955	-31.7917
			vertex	31.2864	26.7810	-28.3539
			vertex	31.4205	22.4062	-31.7917
		endloop
	endfacet
	facet normal	0.583234	0.545767	-0.601645
		outer loop
			vertex	31.2864	26.7810	-28.3539
			vertex	29.3173	25.0955	-31.7917
			vertex	28.7970	29.4413	-28.3539
		endloop
	endfacet
	facet normal	0.583227	0.545769	-0.601649
		outer loop
			vertex	26.9846	27.5883	-31.7917
			vertex	28.7970	29.4413	-28.3539
			vertex	29.3173	25.0955	-31.7917
		endloop
	endfacet
	facet normal	0.532726	0.595165	-0.601650
		outer loop
			vertex	28.7970	29.4413	-28.3539
			vertex	26.9846	27.5883	-31.7917
			vertex	26.0823	31.8712	-28.3539
		endloop
	endfacet
	facet normal	0.532739	0.595161	-0.601642
		outer loop
			vertex	24.4408	29.8653	-31.7917
			vertex	26.0823	31.8712	-28.3539
			vertex	26.9846	27.5883	-31.7917
		endloop
	endfacet
	facet normal	0.478038	0.639926	-0.601643
		outer loop
			vertex	26.0823	31.8712	-28.3539
			vertex	24.4408	29.8653	-31.7917
			vertex	23.1635	34.0516	-28.3539
		endloop
	endfacet
	facet normal	0.478028	0.639928	-0.601649
		outer loop
			vertex	21.7056	31.9085	-31.7917
			vertex	23.1635	34.0516	-28.3539
			vertex	24.4408	29.8653	-31.7917
		endloop
	endfacet
	facet normal	0.419621	0.679660	-0.601648
		outer loop
			vertex	23.1635	34.0516	-28.3539
			vertex	21.7056	31.9085	-31.7917
			vertex	20.0634	35.9656	-28.3539
		endloop
	endfacet
	facet normal	0.419612	0.679661	-0.601654
		outer loop
			vertex	18.8006	33.7020	-31.7917
			vertex	20.0634	35.9656	-28.3539
			vertex	21.7056	31.9085	-31.7917
		endloop
	endfacet
	facet normal	0.357882	0.714097	-0.601653
		outer loop
			vertex	20.0634	35.9656	-28.3539
			vertex	18.8006	33.7020	-31.7917
			vertex	16.8062	37.5980	-28.3539
		endloop
	endfacet
	facet normal	0.357902	0.714097	-0.601641
		outer loop
			vertex	15.7485	35.2317	-31.7917
			vertex	16.8062	37.5980	-28.3539
			vertex	18.8006	33.7020	-31.7917
		endloop
	endfacet
	facet normal	0.293386	0.742935	-0.601641
		outer loop
			vertex	16.8062	37.5980	-28.3539
			vertex	15.7485	35.2317	-31.7917
			vertex	13.4175	38.9362	-28.3539
		endloop
	endfacet
	facet normal	0.293393	0.742936	-0.601636
		outer loop
			vertex	12.5731	36.4857	-31.7917
			vertex	13.4175	38.9362	-28.3539
			vertex	15.7485	35.2317	-31.7917
		endloop
	endfacet
	facet normal	0.226587	0.765958	-0.601637
		outer loop
			vertex	13.4175	38.9362	-28.3539
			vertex	12.5731	36.4857	-31.7917
			vertex	9.92383	39.9697	-28.3539
		endloop
	endfacet
	facet normal	0.226568	0.765955	-0.601648
		outer loop
			vertex	9.29925	37.4541	-31.7917
			vertex	9.92383	39.9697	-28.3539
			vertex	12.5731	36.4857	-31.7917
		endloop
	endfacet
	facet normal	0.158005	0.782978	-0.601648
		outer loop
			vertex	9.92383	39.9697	-28.3539
			vertex	9.29925	37.4541	-31.7917
			vertex	6.35247	40.6904	-28.3539
		endloop
	endfacet
	facet normal	0.157995	0.782975	-0.601654
		outer loop
			vertex	5.95266	38.1294	-31.7917
			vertex	6.35247	40.6904	-28.3539
			vertex	9.29925	37.4541	-31.7917
		endloop
	endfacet
	facet normal	0.0881771	0.793875	-0.601654
		outer loop
			vertex	6.35247	40.6904	-28.3539
			vertex	5.95266	38.1294	-31.7917
			vertex	2.73139	41.0926	-28.3539
		endloop
	endfacet
	facet normal	0.0881803	0.793876	-0.601652
		outer loop
			vertex	2.55949	38.5063	-31.7917
			vertex	2.73139	41.0926	-28.3539
			vertex	5.95266	38.1294	-31.7917
		endloop
	endfacet
	facet normal	0.0176701	0.798563	-0.601652
		outer loop
			vertex	2.73139	41.0926	-28.3539
			vertex	2.55949	38.5063	-31.7917
			vertex	-0.911059	41.1732	-28.3539
		endloop
	endfacet
	facet normal	0.0176643	0.798560	-0.601656
		outer loop
			vertex	-0.853720	38.5818	-31.7917
			vertex	-0.911059	41.1732	-28.3539
			vertex	2.55949	38.5063	-31.7917
		endloop
	endfacet
	facet normal	-0.0529893	0.796996	-0.601656
		outer loop
			vertex	-0.911059	41.1732	-28.3539
			vertex	-0.853720	38.5818	-31.7917
			vertex	-4.54638	40.9315	-28.3539
		endloop
	endfacet
	facet normal	-0.0529699	0.797007	-0.601643
		outer loop
			vertex	-4.26025	38.3554	-31.7917
			vertex	-4.54638	40.9315	-28.3539
			vertex	-0.853720	38.5818	-31.7917
		endloop
	endfacet
	facet normal	-0.123213	0.789205	-0.601643
		outer loop
			vertex	-4.54638	40.9315	-28.3539
			vertex	-4.26025	38.3554	-31.7917
			vertex	-8.14612	40.3695	-28.3539
		endloop
	endfacet
	facet normal	-0.123207	0.789210	-0.601638
		outer loop
			vertex	-7.63343	37.8288	-31.7917
			vertex	-8.14612	40.3695	-28.3539
			vertex	-4.26025	38.3554	-31.7917
		endloop
	endfacet
	facet normal	-0.192471	0.775233	-0.601638
		outer loop
			vertex	-8.14612	40.3695	-28.3539
			vertex	-7.63343	37.8288	-31.7917
			vertex	-11.6821	39.4916	-28.3539
		endloop
	endfacet
	facet normal	-0.192480	0.775226	-0.601645
		outer loop
			vertex	-10.9469	37.0061	-31.7917
			vertex	-11.6821	39.4916	-28.3539
			vertex	-7.63343	37.8288	-31.7917
		endloop
	endfacet
	facet normal	-0.260234	0.755183	-0.601644
		outer loop
			vertex	-11.6821	39.4916	-28.3539
			vertex	-10.9469	37.0061	-31.7917
			vertex	-15.1267	38.3046	-28.3539
		endloop
	endfacet
	facet normal	-0.260242	0.755176	-0.601651
		outer loop
			vertex	-14.1746	35.8938	-31.7917
			vertex	-15.1267	38.3046	-28.3539
			vertex	-10.9469	37.0061	-31.7917
		endloop
	endfacet
	facet normal	-0.325968	0.729219	-0.601651
		outer loop
			vertex	-15.1267	38.3046	-28.3539
			vertex	-14.1746	35.8938	-31.7917
			vertex	-18.4528	36.8178	-28.3539
		endloop
	endfacet
	facet normal	-0.325955	0.729235	-0.601639
		outer loop
			vertex	-17.2915	34.5006	-31.7917
			vertex	-18.4528	36.8178	-28.3539
			vertex	-14.1746	35.8938	-31.7917
		endloop
	endfacet
	facet normal	-0.389128	0.697575	-0.601639
		outer loop
			vertex	-18.4528	36.8178	-28.3539
			vertex	-17.2915	34.5006	-31.7917
			vertex	-21.6346	35.0429	-28.3539
		endloop
	endfacet
	facet normal	-0.389132	0.697569	-0.601643
		outer loop
			vertex	-20.2730	32.8374	-31.7917
			vertex	-21.6346	35.0429	-28.3539
			vertex	-17.2915	34.5006	-31.7917
		endloop
	endfacet
	facet normal	-0.449269	0.660442	-0.601643
		outer loop
			vertex	-21.6346	35.0429	-28.3539
			vertex	-20.2730	32.8374	-31.7917
			vertex	-24.6470	32.9937	-28.3539
		endloop
	endfacet
	facet normal	-0.449266	0.660446	-0.601640
		outer loop
			vertex	-23.0958	30.9172	-31.7917
			vertex	-24.6470	32.9937	-28.3539
			vertex	-20.2730	32.8374	-31.7917
		endloop
	endfacet
	facet normal	-0.505869	0.618163	-0.601640
		outer loop
			vertex	-24.6470	32.9937	-28.3539
			vertex	-23.0958	30.9172	-31.7917
			vertex	-27.4666	30.6863	-28.3539
		endloop
	endfacet
	facet normal	-0.505874	0.618153	-0.601647
		outer loop
			vertex	-25.7379	28.7550	-31.7917
			vertex	-27.4666	30.6863	-28.3539
			vertex	-23.0958	30.9172	-31.7917
		endloop
	endfacet
	facet normal	-0.558538	0.571013	-0.601647
		outer loop
			vertex	-27.4666	30.6863	-28.3539
			vertex	-25.7379	28.7550	-31.7917
			vertex	-30.0711	28.1387	-28.3539
		endloop
	endfacet
	facet normal	-0.558540	0.571010	-0.601649
		outer loop
			vertex	-28.1785	26.3677	-31.7917
			vertex	-30.0711	28.1387	-28.3539
			vertex	-25.7379	28.7550	-31.7917
		endloop
	endfacet
	facet normal	-0.606800	0.519435	-0.601649
		outer loop
			vertex	-30.0711	28.1387	-28.3539
			vertex	-28.1785	26.3677	-31.7917
			vertex	-32.4404	25.3709	-28.3539
		endloop
	endfacet
	facet normal	-0.606799	0.519438	-0.601647
		outer loop
			vertex	-30.3987	23.7741	-31.7917
			vertex	-32.4404	25.3709	-28.3539
			vertex	-28.1785	26.3677	-31.7917
		endloop
	endfacet
	facet normal	-0.650349	0.463754	-0.601646
		outer loop
			vertex	-32.4404	25.3709	-28.3539
			vertex	-30.3987	23.7741	-31.7917
			vertex	-34.5557	22.4045	-28.3539
		endloop
	endfacet
	facet normal	-0.650348	0.463762	-0.601642
		outer loop
			vertex	-32.3809	20.9944	-31.7917
			vertex	-34.5557	22.4045	-28.3539
			vertex	-30.3987	23.7741	-31.7917
		endloop
	endfacet
	facet normal	-0.688786	0.404476	-0.601641
		outer loop
			vertex	-34.5557	22.4045	-28.3539
			vertex	-32.3809	20.9944	-31.7917
			vertex	-36.4006	19.2628	-28.3539
		endloop
	endfacet
	facet normal	-0.688787	0.404466	-0.601648
		outer loop
			vertex	-34.1096	18.0505	-31.7917
			vertex	-36.4006	19.2628	-28.3539
			vertex	-32.3809	20.9944	-31.7917
		endloop
	endfacet
	facet normal	-0.721837	0.342009	-0.601648
		outer loop
			vertex	-36.4006	19.2628	-28.3539
			vertex	-34.1096	18.0505	-31.7917
			vertex	-37.9606	15.9703	-28.3539
		endloop
	endfacet
	facet normal	-0.721838	0.342026	-0.601638
		outer loop
			vertex	-35.5715	14.9652	-31.7917
			vertex	-37.9606	15.9703	-28.3539
			vertex	-34.1096	18.0505	-31.7917
		endloop
	endfacet
	facet normal	-0.749244	0.276883	-0.601639
		outer loop
			vertex	-37.9606	15.9703	-28.3539
			vertex	-35.5715	14.9652	-31.7917
			vertex	-39.2235	12.5529	-28.3539
		endloop
	endfacet
	facet normal	-0.749243	0.276871	-0.601646
		outer loop
			vertex	-36.7549	11.7628	-31.7917
			vertex	-39.2235	12.5529	-28.3539
			vertex	-35.5715	14.9652	-31.7917
		endloop
	endfacet
	facet normal	-0.770781	0.209571	-0.601644
		outer loop
			vertex	-39.2235	12.5529	-28.3539
			vertex	-36.7549	11.7628	-31.7917
			vertex	-40.1794	9.03719	-28.3539
		endloop
	endfacet
	facet normal	-0.770785	0.209590	-0.601633
		outer loop
			vertex	-37.6507	8.46841	-31.7917
			vertex	-40.1794	9.03719	-28.3539
			vertex	-36.7549	11.7628	-31.7917
		endloop
	endfacet
	facet normal	-0.786293	0.140642	-0.601633
		outer loop
			vertex	-40.1794	9.03719	-28.3539
			vertex	-37.6507	8.46841	-31.7917
			vertex	-40.8209	5.45076	-28.3539
		endloop
	endfacet
	facet normal	-0.786292	0.140637	-0.601637
		outer loop
			vertex	-38.2518	5.10771	-31.7917
			vertex	-40.8209	5.45076	-28.3539
			vertex	-37.6507	8.46841	-31.7917
		endloop
	endfacet
	facet normal	-0.795644	0.0705958	-0.601636
		outer loop
			vertex	-40.8209	5.45076	-28.3539
			vertex	-38.2518	5.10771	-31.7917
			vertex	-41.1429	1.82167	-28.3539
		endloop
	endfacet
	facet normal	-0.795641	0.0705872	-0.601642
		outer loop
			vertex	-38.5535	1.70702	-31.7917
			vertex	-41.1429	1.82167	-28.3539
			vertex	-38.2518	5.10771	-31.7917
		endloop
	endfacet
	facet normal	-0.798766	0.000000	-0.601642
		outer loop
			vertex	-41.1429	1.82167	-28.3539
			vertex	-38.5535	1.70702	-31.7917
			vertex	-41.1429	-1.82167	-28.3539
		endloop
	endfacet
	facet normal	-0.798766	0.000000	-0.601642
		outer loop
			vertex	-38.5535	-1.70702	-31.7917
			vertex	-41.1429	-1.82167	-28.3539
			vertex	-38.5535	1.70702	-31.7917
		endloop
	endfacet
	facet normal	-0.795640	-0.0705954	-0.601642
		outer loop
			vertex	-41.1429	-1.82167	-28.3539
			vertex	-38.5535	-1.70702	-31.7917
			vertex	-40.8209	-5.45076	-28.3539
		endloop
	endfacet
	facet normal	-0.795645	-0.0705876	-0.601636
		outer loop
			vertex	-38.2518	-5.10771	-31.7917
			vertex	-40.8209	-5.45076	-28.3539
			vertex	-38.5535	-1.70702	-31.7917
		endloop
	endfacet
	facet normal	-0.786291	-0.140642	-0.601636
		outer loop
			vertex	-40.8209	-5.45076	-28.3539
			vertex	-38.2518	-5.10771	-31.7917
			vertex	-40.1794	-9.03719	-28.3539
		endloop
	endfacet
	facet normal	-0.786294	-0.140637	-0.601633
		outer loop
			vertex	-37.6507	-8.46841	-31.7917
			vertex	-40.1794	-9.03719	-28.3539
			vertex	-38.2518	-5.10771	-31.7917
		endloop
	endfacet
	facet normal	-0.770789	-0.209573	-0.601634
		outer loop
			vertex	-40.1794	-9.03719	-28.3539
			vertex	-37.6507	-8.46841	-31.7917
			vertex	-39.2235	-12.5529	-28.3539
		endloop
	endfacet
	facet normal	-0.770777	-0.209588	-0.601645
		outer loop
			vertex	-36.7549	-11.7628	-31.7917
			vertex	-39.2235	-12.5529	-28.3539
			vertex	-37.6507	-8.46841	-31.7917
		endloop
	endfacet
	facet normal	-0.749239	-0.276881	-0.601645
		outer loop
			vertex	-39.2235	-12.5529	-28.3539
			vertex	-36.7549	-11.7628	-31.7917
			vertex	-37.9606	-15.9703	-28.3539
		endloop
	endfacet
	facet normal	-0.749248	-0.276873	-0.601638
		outer loop
			vertex	-35.5715	-14.9652	-31.7917
			vertex	-37.9606	-15.9703	-28.3539
			vertex	-36.7549	-11.7628	-31.7917
		endloop
	endfacet
	facet normal	-0.721844	-0.342012	-0.601639
		outer loop
			vertex	-37.9606	-15.9703	-28.3539
			vertex	-35.5715	-14.9652	-31.7917
			vertex	-36.4006	-19.2628	-28.3539
		endloop
	endfacet
	facet normal	-0.721830	-0.342023	-0.601649
		outer loop
			vertex	-34.1096	-18.0505	-31.7917
			vertex	-36.4006	-19.2628	-28.3539
			vertex	-35.5715	-14.9652	-31.7917
		endloop
	endfacet
	facet normal	-0.688782	-0.404474	-0.601648
		outer loop
			vertex	-36.4006	-19.2628	-28.3539
			vertex	-34.1096	-18.0505	-31.7917
			vertex	-34.5557	-22.4045	-28.3539
		endloop
	endfacet
	facet normal	-0.688791	-0.404468	-0.601641
		outer loop
			vertex	-32.3809	-20.9944	-31.7917
			vertex	-34.5557	-22.4045	-28.3539
			vertex	-34.1096	-18.0505	-31.7917
		endloop
	endfacet
	facet normal	-0.650351	-0.463756	-0.601642
		outer loop
			vertex	-34.5557	-22.4045	-28.3539
			vertex	-32.3809	-20.9944	-31.7917
			vertex	-32.4404	-25.3709	-28.3539
		endloop
	endfacet
	facet normal	-0.650345	-0.463760	-0.601646
		outer loop
			vertex	-30.3987	-23.7741	-31.7917
			vertex	-32.4404	-25.3709	-28.3539
			vertex	-32.3809	-20.9944	-31.7917
		endloop
	endfacet
	facet normal	-0.606801	-0.519436	-0.601647
		outer loop
			vertex	-32.4404	-25.3709	-28.3539
			vertex	-30.3987	-23.7741	-31.7917
			vertex	-30.0711	-28.1387	-28.3539
		endloop
	endfacet
	facet normal	-0.606798	-0.519437	-0.601649
		outer loop
			vertex	-28.1785	-26.3677	-31.7917
			vertex	-30.0711	-28.1387	-28.3539
			vertex	-30.3987	-23.7741	-31.7917
		endloop
	endfacet
	facet normal	-0.558537	-0.571012	-0.601649
		outer loop
			vertex	-30.0711	-28.1387	-28.3539
			vertex	-28.1785	-26.3677	-31.7917
			vertex	-27.4666	-30.6863	-28.3539
		endloop
	endfacet
	facet normal	-0.558541	-0.571011	-0.601647
		outer loop
			vertex	-25.7379	-28.7550	-31.7917
			vertex	-27.4666	-30.6863	-28.3539
			vertex	-28.1785	-26.3677	-31.7917
		endloop
	endfacet
	facet normal	-0.505867	-0.618159	-0.601646
		outer loop
			vertex	-27.4666	-30.6863	-28.3539
			vertex	-25.7379	-28.7550	-31.7917
			vertex	-24.6470	-32.9937	-28.3539
		endloop
	endfacet
	facet normal	-0.505877	-0.618157	-0.601640
		outer loop
			vertex	-23.0958	-30.9172	-31.7917
			vertex	-24.6470	-32.9937	-28.3539
			vertex	-25.7379	-28.7550	-31.7917
		endloop
	endfacet
	facet normal	-0.449270	-0.660444	-0.601640
		outer loop
			vertex	-24.6470	-32.9937	-28.3539
			vertex	-23.0958	-30.9172	-31.7917
			vertex	-21.6346	-35.0429	-28.3539
		endloop
	endfacet
	facet normal	-0.449265	-0.660444	-0.601643
		outer loop
			vertex	-20.2730	-32.8374	-31.7917
			vertex	-21.6346	-35.0429	-28.3539
			vertex	-23.0958	-30.9172	-31.7917
		endloop
	endfacet
	facet normal	-0.389126	-0.697572	-0.601643
		outer loop
			vertex	-21.6346	-35.0429	-28.3539
			vertex	-20.2730	-32.8374	-31.7917
			vertex	-18.4528	-36.8178	-28.3539
		endloop
	endfacet
	facet normal	-0.389133	-0.697572	-0.601639
		outer loop
			vertex	-17.2915	-34.5006	-31.7917
			vertex	-18.4528	-36.8178	-28.3539
			vertex	-20.2730	-32.8374	-31.7917
		endloop
	endfacet
	facet normal	-0.325972	-0.729227	-0.601640
		outer loop
			vertex	-18.4528	-36.8178	-28.3539
			vertex	-17.2915	-34.5006	-31.7917
			vertex	-15.1267	-38.3046	-28.3539
		endloop
	endfacet
	facet normal	-0.325952	-0.729226	-0.601652
		outer loop
			vertex	-14.1746	-35.8938	-31.7917
			vertex	-15.1267	-38.3046	-28.3539
			vertex	-17.2915	-34.5006	-31.7917
		endloop
	endfacet
	facet normal	-0.260233	-0.755179	-0.601650
		outer loop
			vertex	-15.1267	-38.3046	-28.3539
			vertex	-14.1746	-35.8938	-31.7917
			vertex	-11.6821	-39.4916	-28.3539
		endloop
	endfacet
	facet normal	-0.260243	-0.755181	-0.601644
		outer loop
			vertex	-10.9469	-37.0061	-31.7917
			vertex	-11.6821	-39.4916	-28.3539
			vertex	-14.1746	-35.8938	-31.7917
		endloop
	endfacet
	facet normal	-0.192470	-0.775228	-0.601645
		outer loop
			vertex	-11.6821	-39.4916	-28.3539
			vertex	-10.9469	-37.0061	-31.7917
			vertex	-8.14612	-40.3695	-28.3539
		endloop
	endfacet
	facet normal	-0.192481	-0.775231	-0.601638
		outer loop
			vertex	-7.63343	-37.8288	-31.7917
			vertex	-8.14612	-40.3695	-28.3539
			vertex	-10.9469	-37.0061	-31.7917
		endloop
	endfacet
	facet normal	-0.123213	-0.789209	-0.601638
		outer loop
			vertex	-8.14612	-40.3695	-28.3539
			vertex	-7.63343	-37.8288	-31.7917
			vertex	-4.54638	-40.9315	-28.3539
		endloop
	endfacet
	facet normal	-0.123206	-0.789206	-0.601643
		outer loop
			vertex	-4.26025	-38.3554	-31.7917
			vertex	-4.54638	-40.9315	-28.3539
			vertex	-7.63343	-37.8288	-31.7917
		endloop
	endfacet
	facet normal	-0.0529900	-0.797006	-0.601643
		outer loop
			vertex	-4.54638	-40.9315	-28.3539
			vertex	-4.26025	-38.3554	-31.7917
			vertex	-0.911059	-41.1732	-28.3539
		endloop
	endfacet
	facet normal	-0.0529692	-0.796997	-0.601656
		outer loop
			vertex	-0.853720	-38.5818	-31.7917
			vertex	-0.911059	-41.1732	-28.3539
			vertex	-4.26025	-38.3554	-31.7917
		endloop
	endfacet
	facet normal	0.0176700	-0.798560	-0.601656
		outer loop
			vertex	-0.911059	-41.1732	-28.3539
			vertex	-0.853720	-38.5818	-31.7917
			vertex	2.73139	-41.0926	-28.3539
		endloop
	endfacet
	facet normal	0.0176643	-0.798563	-0.601652
		outer loop
			vertex	2.55949	-38.5063	-31.7917
			vertex	2.73139	-41.0926	-28.3539
			vertex	-0.853720	-38.5818	-31.7917
		endloop
	endfacet
	facet normal	0.0881773	-0.793876	-0.601652
		outer loop
			vertex	2.73139	-41.0926	-28.3539
			vertex	2.55949	-38.5063	-31.7917
			vertex	6.35247	-40.6904	-28.3539
		endloop
	endfacet
	facet normal	0.0881801	-0.793874	-0.601654
		outer loop
			vertex	5.95266	-38.1294	-31.7917
			vertex	6.35247	-40.6904	-28.3539
			vertex	2.55949	-38.5063	-31.7917
		endloop
	endfacet
	facet normal	0.158004	-0.782973	-0.601654
		outer loop
			vertex	6.35247	-40.6904	-28.3539
			vertex	5.95266	-38.1294	-31.7917
			vertex	9.92383	-39.9697	-28.3539
		endloop
	endfacet
	facet normal	0.157996	-0.782980	-0.601648
		outer loop
			vertex	9.29925	-37.4541	-31.7917
			vertex	9.92383	-39.9697	-28.3539
			vertex	5.95266	-38.1294	-31.7917
		endloop
	endfacet
	facet normal	0.226584	-0.765950	-0.601648
		outer loop
			vertex	9.92383	-39.9697	-28.3539
			vertex	9.29925	-37.4541	-31.7917
			vertex	13.4175	-38.9362	-28.3539
		endloop
	endfacet
	facet normal	0.226571	-0.765963	-0.601637
		outer loop
			vertex	12.5731	-36.4857	-31.7917
			vertex	13.4175	-38.9362	-28.3539
			vertex	9.29925	-37.4541	-31.7917
		endloop
	endfacet
	facet normal	0.293387	-0.742939	-0.601636
		outer loop
			vertex	13.4175	-38.9362	-28.3539
			vertex	12.5731	-36.4857	-31.7917
			vertex	16.8062	-37.5980	-28.3539
		endloop
	endfacet
	facet normal	0.293392	-0.742933	-0.601641
		outer loop
			vertex	15.7485	-35.2317	-31.7917
			vertex	16.8062	-37.5980	-28.3539
			vertex	12.5731	-36.4857	-31.7917
		endloop
	endfacet
	facet normal	0.357886	-0.714105	-0.601641
		outer loop
			vertex	16.8062	-37.5980	-28.3539
			vertex	15.7485	-35.2317	-31.7917
			vertex	20.0634	-35.9656	-28.3539
		endloop
	endfacet
	facet normal	0.357898	-0.714089	-0.601653
		outer loop
			vertex	18.8006	-33.7020	-31.7917
			vertex	20.0634	-35.9656	-28.3539
			vertex	15.7485	-35.2317	-31.7917
		endloop
	endfacet
	facet normal	0.419619	-0.679656	-0.601653
		outer loop
			vertex	20.0634	-35.9656	-28.3539
			vertex	18.8006	-33.7020	-31.7917
			vertex	23.1635	-34.0516	-28.3539
		endloop
	endfacet
	facet normal	0.419614	-0.679664	-0.601648
		outer loop
			vertex	21.7056	-31.9085	-31.7917
			vertex	23.1635	-34.0516	-28.3539
			vertex	18.8006	-33.7020	-31.7917
		endloop
	endfacet
	facet normal	0.478035	-0.639923	-0.601649
		outer loop
			vertex	23.1635	-34.0516	-28.3539
			vertex	21.7056	-31.9085	-31.7917
			vertex	26.0823	-31.8712	-28.3539
		endloop
	endfacet
	facet normal	0.478031	-0.639932	-0.601643
		outer loop
			vertex	24.4408	-29.8653	-31.7917
			vertex	26.0823	-31.8712	-28.3539
			vertex	21.7056	-31.9085	-31.7917
		endloop
	endfacet
	facet normal	0.532730	-0.595169	-0.601642
		outer loop
			vertex	26.0823	-31.8712	-28.3539
			vertex	24.4408	-29.8653	-31.7917
			vertex	28.7970	-29.4413	-28.3539
		endloop
	endfacet
	facet normal	0.532735	-0.595156	-0.601650
		outer loop
			vertex	26.9846	-27.5883	-31.7917
			vertex	28.7970	-29.4413	-28.3539
			vertex	24.4408	-29.8653	-31.7917
		endloop
	endfacet
	facet normal	0.583232	-0.545765	-0.601649
		outer loop
			vertex	28.7970	-29.4413	-28.3539
			vertex	26.9846	-27.5883	-31.7917
			vertex	31.2864	-26.7810	-28.3539
		endloop
	endfacet
	facet normal	0.583229	-0.545772	-0.601645
		outer loop
			vertex	29.3173	-25.0955	-31.7917
			vertex	31.2864	-26.7810	-28.3539
			vertex	26.9846	-27.5883	-31.7917
		endloop
	endfacet
	facet normal	0.629190	-0.492079	-0.601646
		outer loop
			vertex	31.2864	-26.7810	-28.3539
			vertex	29.3173	-25.0955	-31.7917
			vertex	33.5309	-23.9111	-28.3539
		endloop
	endfacet
	facet normal	0.629193	-0.492068	-0.601653
		outer loop
			vertex	31.4205	-22.4062	-31.7917
			vertex	33.5309	-23.9111	-28.3539
			vertex	29.3173	-25.0955	-31.7917
		endloop
	endfacet
	facet normal	0.670219	-0.434535	-0.601653
		outer loop
			vertex	33.5309	-23.9111	-28.3539
			vertex	31.4205	-22.4062	-31.7917
			vertex	35.5129	-20.8541	-28.3539
		endloop
	endfacet
	facet normal	0.670218	-0.434545	-0.601647
		outer loop
			vertex	33.2778	-19.5416	-31.7917
			vertex	35.5129	-20.8541	-28.3539
			vertex	31.4205	-22.4062	-31.7917
		endloop
	endfacet
	facet normal	0.706006	-0.373600	-0.601647
		outer loop
			vertex	35.5129	-20.8541	-28.3539
			vertex	33.2778	-19.5416	-31.7917
			vertex	37.2170	-17.6338	-28.3539
		endloop
	endfacet
	facet normal	0.706005	-0.373615	-0.601638
		outer loop
			vertex	34.8747	-16.5240	-31.7917
			vertex	37.2170	-17.6338	-28.3539
			vertex	33.2778	-19.5416	-31.7917
		endloop
	endfacet
	facet normal	0.736258	-0.309767	-0.601639
		outer loop
			vertex	37.2170	-17.6338	-28.3539
			vertex	34.8747	-16.5240	-31.7917
			vertex	38.6299	-14.2756	-28.3539
		endloop
	endfacet
	facet normal	0.736256	-0.309743	-0.601653
		outer loop
			vertex	36.1986	-13.3771	-31.7917
			vertex	38.6299	-14.2756	-28.3539
			vertex	34.8747	-16.5240	-31.7917
		endloop
	endfacet
	facet normal	0.760750	-0.243462	-0.601652
		outer loop
			vertex	38.6299	-14.2756	-28.3539
			vertex	36.1986	-13.3771	-31.7917
			vertex	39.7404	-10.8056	-28.3539
		endloop
	endfacet
	facet normal	0.760750	-0.243461	-0.601654
		outer loop
			vertex	37.2392	-10.1255	-31.7917
			vertex	39.7404	-10.8056	-28.3539
			vertex	36.1986	-13.3771	-31.7917
		endloop
	endfacet
	facet normal	0.779288	-0.175281	-0.601653
		outer loop
			vertex	39.7404	-10.8056	-28.3539
			vertex	37.2392	-10.1255	-31.7917
			vertex	40.5399	-7.25107	-28.3539
		endloop
	endfacet
	facet normal	0.779290	-0.175287	-0.601650
		outer loop
			vertex	37.9884	-6.79471	-31.7917
			vertex	40.5399	-7.25107	-28.3539
			vertex	37.2392	-10.1255	-31.7917
		endloop
	endfacet
	facet normal	0.791733	-0.105716	-0.601650
		outer loop
			vertex	40.5399	-7.25107	-28.3539
			vertex	37.9884	-6.79471	-31.7917
			vertex	41.0221	-3.63978	-28.3539
		endloop
	endfacet
	facet normal	0.791737	-0.105728	-0.601642
		outer loop
			vertex	38.4403	-3.41070	-31.7917
			vertex	41.0221	-3.63978	-28.3539
			vertex	37.9884	-6.79471	-31.7917
		endloop
	endfacet
	facet normal	0.797984	-0.0353199	-0.601642
		outer loop
			vertex	41.0221	-3.63978	-28.3539
			vertex	38.4403	-3.41070	-31.7917
			vertex	41.1832	0.000000	-28.3539
		endloop
	endfacet
	facet normal	0.797988	-0.0353287	-0.601637
		outer loop
			vertex	38.5913	0.000000	-31.7917
			vertex	41.1832	0.000000	-28.3539
			vertex	38.4403	-3.41070	-31.7917
		endloop
	endfacet
	facet normal	0.797989	0.0353200	-0.601637
		outer loop
			vertex	41.1832	0.000000	-28.3539
			vertex	38.5913	0.000000	-31.7917
			vertex	41.0221	3.63978	-28.3539
		endloop
	endfacet
	facet normal	0.797984	0.0353285	-0.601642
		outer loop
			vertex	38.4403	3.41070	-31.7917
			vertex	41.0221	3.63978	-28.3539
			vertex	38.5913	0.000000	-31.7917
		endloop
	endfacet
	facet normal	0.737503	0.0984859	-0.668124
		outer loop
			vertex	38.4403	3.41070	-31.7917
			vertex	35.5734	3.15633	-34.9938
			vertex	37.9884	6.79471	-31.7917
		endloop
	endfacet
	facet normal	0.737518	0.0984644	-0.668111
		outer loop
			vertex	35.1553	6.28797	-34.9938
			vertex	37.9884	6.79471	-31.7917
			vertex	35.5734	3.15633	-34.9938
		endloop
	endfacet
	facet normal	0.725924	0.163283	-0.668111
		outer loop
			vertex	37.9884	6.79471	-31.7917
			vertex	35.1553	6.28797	-34.9938
			vertex	37.2392	10.1255	-31.7917
		endloop
	endfacet
	facet normal	0.725930	0.163277	-0.668107
		outer loop
			vertex	34.4620	9.37039	-34.9938
			vertex	37.2392	10.1255	-31.7917
			vertex	35.1553	6.28797	-34.9938
		endloop
	endfacet
	facet normal	0.708660	0.226791	-0.668107
		outer loop
			vertex	37.2392	10.1255	-31.7917
			vertex	34.4620	9.37039	-34.9938
			vertex	36.1986	13.3771	-31.7917
		endloop
	endfacet
	facet normal	0.708660	0.226791	-0.668107
		outer loop
			vertex	33.4990	12.3795	-34.9938
			vertex	36.1986	13.3771	-31.7917
			vertex	34.4620	9.37039	-34.9938
		endloop
	endfacet
	facet normal	0.685844	0.288534	-0.668107
		outer loop
			vertex	36.1986	13.3771	-31.7917
			vertex	33.4990	12.3795	-34.9938
			vertex	34.8747	16.5240	-31.7917
		endloop
	endfacet
	facet normal	0.685836	0.288540	-0.668112
		outer loop
			vertex	32.2738	15.2917	-34.9938
			vertex	34.8747	16.5240	-31.7917
			vertex	33.4990	12.3795	-34.9938
		endloop
	endfacet
	facet normal	0.657651	0.348026	-0.668111
		outer loop
			vertex	34.8747	16.5240	-31.7917
			vertex	32.2738	15.2917	-34.9938
			vertex	33.2778	19.5416	-31.7917
		endloop
	endfacet
	facet normal	0.657647	0.348029	-0.668114
		outer loop
			vertex	30.7960	18.0842	-34.9938
			vertex	33.2778	19.5416	-31.7917
			vertex	32.2738	15.2917	-34.9938
		endloop
	endfacet
	facet normal	0.624318	0.404785	-0.668114
		outer loop
			vertex	33.2778	19.5416	-31.7917
			vertex	30.7960	18.0842	-34.9938
			vertex	31.4205	22.4062	-31.7917
		endloop
	endfacet
	facet normal	0.624320	0.404784	-0.668113
		outer loop
			vertex	29.0772	20.7352	-34.9938
			vertex	31.4205	22.4062	-31.7917
			vertex	30.7960	18.0842	-34.9938
		endloop
	endfacet
	facet normal	0.586107	0.458372	-0.668113
		outer loop
			vertex	31.4205	22.4062	-31.7917
			vertex	29.0772	20.7352	-34.9938
			vertex	29.3173	25.0955	-31.7917
		endloop
	endfacet
	facet normal	0.586091	0.458379	-0.668121
		outer loop
			vertex	27.1308	23.2239	-34.9938
			vertex	29.3173	25.0955	-31.7917
			vertex	29.0772	20.7352	-34.9938
		endloop
	endfacet
	facet normal	0.543282	0.508390	-0.668120
		outer loop
			vertex	29.3173	25.0955	-31.7917
			vertex	27.1308	23.2239	-34.9938
			vertex	26.9846	27.5883	-31.7917
		endloop
	endfacet
	facet normal	0.543289	0.508387	-0.668116
		outer loop
			vertex	24.9721	25.5308	-34.9938
			vertex	26.9846	27.5883	-31.7917
			vertex	27.1308	23.2239	-34.9938
		endloop
	endfacet
	facet normal	0.496250	0.554397	-0.668116
		outer loop
			vertex	26.9846	27.5883	-31.7917
			vertex	24.9721	25.5308	-34.9938
			vertex	24.4408	29.8653	-31.7917
		endloop
	endfacet
	facet normal	0.496251	0.554397	-0.668116
		outer loop
			vertex	22.6180	27.6380	-34.9938
			vertex	24.4408	29.8653	-31.7917
			vertex	24.9721	25.5308	-34.9938
		endloop
	endfacet
	facet normal	0.445290	0.596103	-0.668116
		outer loop
			vertex	24.4408	29.8653	-31.7917
			vertex	22.6180	27.6380	-34.9938
			vertex	21.7056	31.9085	-31.7917
		endloop
	endfacet
	facet normal	0.445303	0.596100	-0.668109
		outer loop
			vertex	20.0869	29.5288	-34.9938
			vertex	21.7056	31.9085	-31.7917
			vertex	22.6180	27.6380	-34.9938
		endloop
	endfacet
	facet normal	0.390879	0.633121	-0.668110
		outer loop
			vertex	21.7056	31.9085	-31.7917
			vertex	20.0869	29.5288	-34.9938
			vertex	18.8006	33.7020	-31.7917
		endloop
	endfacet
	facet normal	0.390862	0.633123	-0.668118
		outer loop
			vertex	17.3985	31.1885	-34.9938
			vertex	18.8006	33.7020	-31.7917
			vertex	20.0869	29.5288	-34.9938
		endloop
	endfacet
	facet normal	0.333387	0.665184	-0.668119
		outer loop
			vertex	18.8006	33.7020	-31.7917
			vertex	17.3985	31.1885	-34.9938
			vertex	15.7485	35.2317	-31.7917
		endloop
	endfacet
	facet normal	0.333405	0.665184	-0.668110
		outer loop
			vertex	14.5740	32.6042	-34.9938
			vertex	15.7485	35.2317	-31.7917
			vertex	17.3985	31.1885	-34.9938
		endloop
	endfacet
	facet normal	0.273299	0.692052	-0.668110
		outer loop
			vertex	15.7485	35.2317	-31.7917
			vertex	14.5740	32.6042	-34.9938
			vertex	12.5731	36.4857	-31.7917
		endloop
	endfacet
	facet normal	0.273278	0.692050	-0.668121
		outer loop
			vertex	11.6354	33.7646	-34.9938
			vertex	12.5731	36.4857	-31.7917
			vertex	14.5740	32.6042	-34.9938
		endloop
	endfacet
	facet normal	0.211050	0.713493	-0.668120
		outer loop
			vertex	12.5731	36.4857	-31.7917
			vertex	11.6354	33.7646	-34.9938
			vertex	9.29925	37.4541	-31.7917
		endloop
	endfacet
	facet normal	0.211057	0.713495	-0.668117
		outer loop
			vertex	8.60572	34.6608	-34.9938
			vertex	9.29925	37.4541	-31.7917
			vertex	11.6354	33.7646	-34.9938
		endloop
	endfacet
	facet normal	0.147175	0.729355	-0.668117
		outer loop
			vertex	9.29925	37.4541	-31.7917
			vertex	8.60572	34.6608	-34.9938
			vertex	5.95266	38.1294	-31.7917
		endloop
	endfacet
	facet normal	0.147191	0.729360	-0.668109
		outer loop
			vertex	5.50872	35.2858	-34.9938
			vertex	5.95266	38.1294	-31.7917
			vertex	8.60572	34.6608	-34.9938
		endloop
	endfacet
	facet normal	0.0821421	0.739515	-0.668109
		outer loop
			vertex	5.95266	38.1294	-31.7917
			vertex	5.50872	35.2858	-34.9938
			vertex	2.55949	38.5063	-31.7917
		endloop
	endfacet
	facet normal	0.0821201	0.739507	-0.668121
		outer loop
			vertex	2.36860	35.6345	-34.9938
			vertex	2.55949	38.5063	-31.7917
			vertex	5.50872	35.2858	-34.9938
		endloop
	endfacet
	facet normal	0.0164546	0.743871	-0.668121
		outer loop
			vertex	2.55949	38.5063	-31.7917
			vertex	2.36860	35.6345	-34.9938
			vertex	-0.853720	38.5818	-31.7917
		endloop
	endfacet
	facet normal	0.0164616	0.743874	-0.668117
		outer loop
			vertex	-0.790050	35.7044	-34.9938
			vertex	-0.853720	38.5818	-31.7917
			vertex	2.36860	35.6345	-34.9938
		endloop
	endfacet
	facet normal	-0.0493419	0.742419	-0.668117
		outer loop
			vertex	-0.853720	38.5818	-31.7917
			vertex	-0.790050	35.7044	-34.9938
			vertex	-4.26025	38.3554	-31.7917
		endloop
	endfacet
	facet normal	-0.0493384	0.742421	-0.668115
		outer loop
			vertex	-3.94252	35.4949	-34.9938
			vertex	-4.26025	38.3554	-31.7917
			vertex	-0.790050	35.7044	-34.9938
		endloop
	endfacet
	facet normal	-0.114768	0.735153	-0.668115
		outer loop
			vertex	-4.26025	38.3554	-31.7917
			vertex	-3.94252	35.4949	-34.9938
			vertex	-7.63343	37.8288	-31.7917
		endloop
	endfacet
	facet normal	-0.114762	0.735158	-0.668111
		outer loop
			vertex	-7.06413	35.0076	-34.9938
			vertex	-7.63343	37.8288	-31.7917
			vertex	-3.94252	35.4949	-34.9938
		endloop
	endfacet
	facet normal	-0.179298	0.722135	-0.668112
		outer loop
			vertex	-7.63343	37.8288	-31.7917
			vertex	-7.06413	35.0076	-34.9938
			vertex	-10.9469	37.0061	-31.7917
		endloop
	endfacet
	facet normal	-0.179309	0.722126	-0.668119
		outer loop
			vertex	-10.1305	34.2462	-34.9938
			vertex	-10.9469	37.0061	-31.7917
			vertex	-7.06413	35.0076	-34.9938
		endloop
	endfacet
	facet normal	-0.242419	0.703457	-0.668118
		outer loop
			vertex	-10.9469	37.0061	-31.7917
			vertex	-10.1305	34.2462	-34.9938
			vertex	-14.1746	35.8938	-31.7917
		endloop
	endfacet
	facet normal	-0.242410	0.703466	-0.668112
		outer loop
			vertex	-13.1175	33.2169	-34.9938
			vertex	-14.1746	35.8938	-31.7917
			vertex	-10.1305	34.2462	-34.9938
		endloop
	endfacet
	facet normal	-0.303631	0.679290	-0.668112
		outer loop
			vertex	-14.1746	35.8938	-31.7917
			vertex	-13.1175	33.2169	-34.9938
			vertex	-17.2915	34.5006	-31.7917
		endloop
	endfacet
	facet normal	-0.303634	0.679286	-0.668114
		outer loop
			vertex	-16.0019	31.9276	-34.9938
			vertex	-17.2915	34.5006	-31.7917
			vertex	-13.1175	33.2169	-34.9938
		endloop
	endfacet
	facet normal	-0.362480	0.649793	-0.668115
		outer loop
			vertex	-17.2915	34.5006	-31.7917
			vertex	-16.0019	31.9276	-34.9938
			vertex	-20.2730	32.8374	-31.7917
		endloop
	endfacet
	facet normal	-0.362489	0.649780	-0.668122
		outer loop
			vertex	-18.7610	30.3884	-34.9938
			vertex	-20.2730	32.8374	-31.7917
			vertex	-16.0019	31.9276	-34.9938
		endloop
	endfacet
	facet normal	-0.418491	0.615205	-0.668123
		outer loop
			vertex	-20.2730	32.8374	-31.7917
			vertex	-18.7610	30.3884	-34.9938
			vertex	-23.0958	30.9172	-31.7917
		endloop
	endfacet
	facet normal	-0.418490	0.615207	-0.668122
		outer loop
			vertex	-21.3733	28.6114	-34.9938
			vertex	-23.0958	30.9172	-31.7917
			vertex	-18.7610	30.3884	-34.9938
		endloop
	endfacet
	facet normal	-0.471224	0.575813	-0.668122
		outer loop
			vertex	-23.0958	30.9172	-31.7917
			vertex	-21.3733	28.6114	-34.9938
			vertex	-25.7379	28.7550	-31.7917
		endloop
	endfacet
	facet normal	-0.471226	0.575809	-0.668124
		outer loop
			vertex	-23.8184	26.6104	-34.9938
			vertex	-25.7379	28.7550	-31.7917
			vertex	-21.3733	28.6114	-34.9938
		endloop
	endfacet
	facet normal	-0.520284	0.531899	-0.668123
		outer loop
			vertex	-25.7379	28.7550	-31.7917
			vertex	-23.8184	26.6104	-34.9938
			vertex	-28.1785	26.3677	-31.7917
		endloop
	endfacet
	facet normal	-0.520279	0.531913	-0.668116
		outer loop
			vertex	-26.0770	24.4012	-34.9938
			vertex	-28.1785	26.3677	-31.7917
			vertex	-23.8184	26.6104	-34.9938
		endloop
	endfacet
	facet normal	-0.565241	0.483864	-0.668115
		outer loop
			vertex	-28.1785	26.3677	-31.7917
			vertex	-26.0770	24.4012	-34.9938
			vertex	-30.3987	23.7741	-31.7917
		endloop
	endfacet
	facet normal	-0.565239	0.483872	-0.668111
		outer loop
			vertex	-28.1316	22.0011	-34.9938
			vertex	-30.3987	23.7741	-31.7917
			vertex	-26.0770	24.4012	-34.9938
		endloop
	endfacet
	facet normal	-0.605807	0.432000	-0.668112
		outer loop
			vertex	-30.3987	23.7741	-31.7917
			vertex	-28.1316	22.0011	-34.9938
			vertex	-32.3809	20.9944	-31.7917
		endloop
	endfacet
	facet normal	-0.605809	0.431984	-0.668120
		outer loop
			vertex	-29.9659	19.4287	-34.9938
			vertex	-32.3809	20.9944	-31.7917
			vertex	-28.1316	22.0011	-34.9938
		endloop
	endfacet
	facet normal	-0.641611	0.376763	-0.668120
		outer loop
			vertex	-32.3809	20.9944	-31.7917
			vertex	-29.9659	19.4287	-34.9938
			vertex	-34.1096	18.0505	-31.7917
		endloop
	endfacet
	facet normal	-0.641610	0.376785	-0.668110
		outer loop
			vertex	-31.5658	16.7043	-34.9938
			vertex	-34.1096	18.0505	-31.7917
			vertex	-29.9659	19.4287	-34.9938
		endloop
	endfacet
	facet normal	-0.672400	0.318602	-0.668110
		outer loop
			vertex	-34.1096	18.0505	-31.7917
			vertex	-31.5658	16.7043	-34.9938
			vertex	-35.5715	14.9652	-31.7917
		endloop
	endfacet
	facet normal	-0.672400	0.318585	-0.668118
		outer loop
			vertex	-32.9186	13.8491	-34.9938
			vertex	-35.5715	14.9652	-31.7917
			vertex	-31.5658	16.7043	-34.9938
		endloop
	endfacet
	facet normal	-0.697927	0.257908	-0.668118
		outer loop
			vertex	-35.5715	14.9652	-31.7917
			vertex	-32.9186	13.8491	-34.9938
			vertex	-36.7549	11.7628	-31.7917
		endloop
	endfacet
	facet normal	-0.697926	0.257904	-0.668120
		outer loop
			vertex	-34.0137	10.8856	-34.9938
			vertex	-36.7549	11.7628	-31.7917
			vertex	-32.9186	13.8491	-34.9938
		endloop
	endfacet
	facet normal	-0.717983	0.195232	-0.668121
		outer loop
			vertex	-36.7549	11.7628	-31.7917
			vertex	-34.0137	10.8856	-34.9938
			vertex	-37.6507	8.46841	-31.7917
		endloop
	endfacet
	facet normal	-0.717982	0.195230	-0.668122
		outer loop
			vertex	-34.8427	7.83685	-34.9938
			vertex	-37.6507	8.46841	-31.7917
			vertex	-34.0137	10.8856	-34.9938
		endloop
	endfacet
	facet normal	-0.732428	0.131003	-0.668122
		outer loop
			vertex	-37.6507	8.46841	-31.7917
			vertex	-34.8427	7.83685	-34.9938
			vertex	-38.2518	5.10771	-31.7917
		endloop
	endfacet
	facet normal	-0.732430	0.131010	-0.668119
		outer loop
			vertex	-35.3990	4.72678	-34.9938
			vertex	-38.2518	5.10771	-31.7917
			vertex	-34.8427	7.83685	-34.9938
		endloop
	endfacet
	facet normal	-0.741144	0.0657524	-0.668119
		outer loop
			vertex	-38.2518	5.10771	-31.7917
			vertex	-35.3990	4.72678	-34.9938
			vertex	-38.5535	1.70702	-31.7917
		endloop
	endfacet
	facet normal	-0.741144	0.0657526	-0.668118
		outer loop
			vertex	-35.6782	1.57971	-34.9938
			vertex	-38.5535	1.70702	-31.7917
			vertex	-35.3990	4.72678	-34.9938
		endloop
	endfacet
	facet normal	-0.744055	0.000000	-0.668118
		outer loop
			vertex	-38.5535	1.70702	-31.7917
			vertex	-35.6782	1.57971	-34.9938
			vertex	-38.5535	-1.70702	-31.7917
		endloop
	endfacet
	facet normal	-0.744055	0.000000	-0.668118
		outer loop
			vertex	-35.6782	-1.57971	-34.9938
			vertex	-38.5535	-1.70702	-31.7917
			vertex	-35.6782	1.57971	-34.9938
		endloop
	endfacet
	facet normal	-0.741144	-0.0657524	-0.668118
		outer loop
			vertex	-38.5535	-1.70702	-31.7917
			vertex	-35.6782	-1.57971	-34.9938
			vertex	-38.2518	-5.10771	-31.7917
		endloop
	endfacet
	facet normal	-0.741144	-0.0657526	-0.668119
		outer loop
			vertex	-35.3990	-4.72678	-34.9938
			vertex	-38.2518	-5.10771	-31.7917
			vertex	-35.6782	-1.57971	-34.9938
		endloop
	endfacet
	facet normal	-0.732431	-0.131003	-0.668119
		outer loop
			vertex	-38.2518	-5.10771	-31.7917
			vertex	-35.3990	-4.72678	-34.9938
			vertex	-37.6507	-8.46841	-31.7917
		endloop
	endfacet
	facet normal	-0.732427	-0.131009	-0.668122
		outer loop
			vertex	-34.8427	-7.83685	-34.9938
			vertex	-37.6507	-8.46841	-31.7917
			vertex	-35.3990	-4.72678	-34.9938
		endloop
	endfacet
	facet normal	-0.717982	-0.195232	-0.668122
		outer loop
			vertex	-37.6507	-8.46841	-31.7917
			vertex	-34.8427	-7.83685	-34.9938
			vertex	-36.7549	-11.7628	-31.7917
		endloop
	endfacet
	facet normal	-0.717983	-0.195230	-0.668121
		outer loop
			vertex	-34.0137	-10.8856	-34.9938
			vertex	-36.7549	-11.7628	-31.7917
			vertex	-34.8427	-7.83685	-34.9938
		endloop
	endfacet
	facet normal	-0.697925	-0.257908	-0.668120
		outer loop
			vertex	-36.7549	-11.7628	-31.7917
			vertex	-34.0137	-10.8856	-34.9938
			vertex	-35.5715	-14.9652	-31.7917
		endloop
	endfacet
	facet normal	-0.697928	-0.257905	-0.668118
		outer loop
			vertex	-32.9186	-13.8491	-34.9938
			vertex	-35.5715	-14.9652	-31.7917
			vertex	-34.0137	-10.8856	-34.9938
		endloop
	endfacet
	facet normal	-0.672394	-0.318599	-0.668118
		outer loop
			vertex	-35.5715	-14.9652	-31.7917
			vertex	-32.9186	-13.8491	-34.9938
			vertex	-34.1096	-18.0505	-31.7917
		endloop
	endfacet
	facet normal	-0.672407	-0.318588	-0.668109
		outer loop
			vertex	-31.5658	-16.7043	-34.9938
			vertex	-34.1096	-18.0505	-31.7917
			vertex	-32.9186	-13.8491	-34.9938
		endloop
	endfacet
	facet normal	-0.641619	-0.376768	-0.668110
		outer loop
			vertex	-34.1096	-18.0505	-31.7917
			vertex	-31.5658	-16.7043	-34.9938
			vertex	-32.3809	-20.9944	-31.7917
		endloop
	endfacet
	facet normal	-0.641601	-0.376780	-0.668121
		outer loop
			vertex	-29.9659	-19.4287	-34.9938
			vertex	-32.3809	-20.9944	-31.7917
			vertex	-31.5658	-16.7043	-34.9938
		endloop
	endfacet
	facet normal	-0.605801	-0.431996	-0.668120
		outer loop
			vertex	-32.3809	-20.9944	-31.7917
			vertex	-29.9659	-19.4287	-34.9938
			vertex	-30.3987	-23.7741	-31.7917
		endloop
	endfacet
	facet normal	-0.605816	-0.431989	-0.668112
		outer loop
			vertex	-28.1316	-22.0011	-34.9938
			vertex	-30.3987	-23.7741	-31.7917
			vertex	-29.9659	-19.4287	-34.9938
		endloop
	endfacet
	facet normal	-0.565244	-0.483866	-0.668111
		outer loop
			vertex	-30.3987	-23.7741	-31.7917
			vertex	-28.1316	-22.0011	-34.9938
			vertex	-28.1785	-26.3677	-31.7917
		endloop
	endfacet
	facet normal	-0.565236	-0.483869	-0.668116
		outer loop
			vertex	-26.0770	-24.4012	-34.9938
			vertex	-28.1785	-26.3677	-31.7917
			vertex	-28.1316	-22.0011	-34.9938
		endloop
	endfacet
	facet normal	-0.520288	-0.531904	-0.668116
		outer loop
			vertex	-28.1785	-26.3677	-31.7917
			vertex	-26.0770	-24.4012	-34.9938
			vertex	-25.7379	-28.7550	-31.7917
		endloop
	endfacet
	facet normal	-0.520274	-0.531908	-0.668123
		outer loop
			vertex	-23.8184	-26.6104	-34.9938
			vertex	-25.7379	-28.7550	-31.7917
			vertex	-26.0770	-24.4012	-34.9938
		endloop
	endfacet
	facet normal	-0.471223	-0.575812	-0.668124
		outer loop
			vertex	-25.7379	-28.7550	-31.7917
			vertex	-23.8184	-26.6104	-34.9938
			vertex	-23.0958	-30.9172	-31.7917
		endloop
	endfacet
	facet normal	-0.471227	-0.575811	-0.668122
		outer loop
			vertex	-21.3733	-28.6114	-34.9938
			vertex	-23.0958	-30.9172	-31.7917
			vertex	-23.8184	-26.6104	-34.9938
		endloop
	endfacet
	facet normal	-0.418492	-0.615206	-0.668122
		outer loop
			vertex	-23.0958	-30.9172	-31.7917
			vertex	-21.3733	-28.6114	-34.9938
			vertex	-20.2730	-32.8374	-31.7917
		endloop
	endfacet
	facet normal	-0.418490	-0.615206	-0.668123
		outer loop
			vertex	-18.7610	-30.3884	-34.9938
			vertex	-20.2730	-32.8374	-31.7917
			vertex	-21.3733	-28.6114	-34.9938
		endloop
	endfacet
	facet normal	-0.362477	-0.649787	-0.668122
		outer loop
			vertex	-20.2730	-32.8374	-31.7917
			vertex	-18.7610	-30.3884	-34.9938
			vertex	-17.2915	-34.5006	-31.7917
		endloop
	endfacet
	facet normal	-0.362492	-0.649786	-0.668114
		outer loop
			vertex	-16.0019	-31.9276	-34.9938
			vertex	-17.2915	-34.5006	-31.7917
			vertex	-18.7610	-30.3884	-34.9938
		endloop
	endfacet
	facet normal	-0.303630	-0.679288	-0.668114
		outer loop
			vertex	-17.2915	-34.5006	-31.7917
			vertex	-16.0019	-31.9276	-34.9938
			vertex	-14.1746	-35.8938	-31.7917
		endloop
	endfacet
	facet normal	-0.303635	-0.679288	-0.668112
		outer loop
			vertex	-13.1175	-33.2169	-34.9938
			vertex	-14.1746	-35.8938	-31.7917
			vertex	-16.0019	-31.9276	-34.9938
		endloop
	endfacet
	facet normal	-0.242421	-0.703462	-0.668112
		outer loop
			vertex	-14.1746	-35.8938	-31.7917
			vertex	-13.1175	-33.2169	-34.9938
			vertex	-10.9469	-37.0061	-31.7917
		endloop
	endfacet
	facet normal	-0.242408	-0.703460	-0.668118
		outer loop
			vertex	-10.1305	-34.2462	-34.9938
			vertex	-10.9469	-37.0061	-31.7917
			vertex	-13.1175	-33.2169	-34.9938
		endloop
	endfacet
	facet normal	-0.179297	-0.722129	-0.668118
		outer loop
			vertex	-10.9469	-37.0061	-31.7917
			vertex	-10.1305	-34.2462	-34.9938
			vertex	-7.63343	-37.8288	-31.7917
		endloop
	endfacet
	facet normal	-0.179310	-0.722132	-0.668111
		outer loop
			vertex	-7.06413	-35.0076	-34.9938
			vertex	-7.63343	-37.8288	-31.7917
			vertex	-10.1305	-34.2462	-34.9938
		endloop
	endfacet
	facet normal	-0.114768	-0.735157	-0.668112
		outer loop
			vertex	-7.63343	-37.8288	-31.7917
			vertex	-7.06413	-35.0076	-34.9938
			vertex	-4.26025	-38.3554	-31.7917
		endloop
	endfacet
	facet normal	-0.114761	-0.735154	-0.668115
		outer loop
			vertex	-3.94252	-35.4949	-34.9938
			vertex	-4.26025	-38.3554	-31.7917
			vertex	-7.06413	-35.0076	-34.9938
		endloop
	endfacet
	facet normal	-0.0493420	-0.742420	-0.668115
		outer loop
			vertex	-4.26025	-38.3554	-31.7917
			vertex	-3.94252	-35.4949	-34.9938
			vertex	-0.853720	-38.5818	-31.7917
		endloop
	endfacet
	facet normal	-0.0493383	-0.742419	-0.668117
		outer loop
			vertex	-0.790050	-35.7044	-34.9938
			vertex	-0.853720	-38.5818	-31.7917
			vertex	-3.94252	-35.4949	-34.9938
		endloop
	endfacet
	facet normal	0.0164546	-0.743874	-0.668117
		outer loop
			vertex	-0.853720	-38.5818	-31.7917
			vertex	-0.790050	-35.7044	-34.9938
			vertex	2.55949	-38.5063	-31.7917
		endloop
	endfacet
	facet normal	0.0164615	-0.743871	-0.668121
		outer loop
			vertex	2.36860	-35.6345	-34.9938
			vertex	2.55949	-38.5063	-31.7917
			vertex	-0.790050	-35.7044	-34.9938
		endloop
	endfacet
	facet normal	0.0821410	-0.739505	-0.668121
		outer loop
			vertex	2.55949	-38.5063	-31.7917
			vertex	2.36860	-35.6345	-34.9938
			vertex	5.95266	-38.1294	-31.7917
		endloop
	endfacet
	facet normal	0.0821213	-0.739518	-0.668109
		outer loop
			vertex	5.50872	-35.2858	-34.9938
			vertex	5.95266	-38.1294	-31.7917
			vertex	2.36860	-35.6345	-34.9938
		endloop
	endfacet
	facet normal	0.147177	-0.729362	-0.668109
		outer loop
			vertex	5.95266	-38.1294	-31.7917
			vertex	5.50872	-35.2858	-34.9938
			vertex	9.29925	-37.4541	-31.7917
		endloop
	endfacet
	facet normal	0.147189	-0.729352	-0.668117
		outer loop
			vertex	8.60572	-34.6608	-34.9938
			vertex	9.29925	-37.4541	-31.7917
			vertex	5.50872	-35.2858	-34.9938
		endloop
	endfacet
	facet normal	0.211051	-0.713496	-0.668117
		outer loop
			vertex	9.29925	-37.4541	-31.7917
			vertex	8.60572	-34.6608	-34.9938
			vertex	12.5731	-36.4857	-31.7917
		endloop
	endfacet
	facet normal	0.211056	-0.713492	-0.668121
		outer loop
			vertex	11.6354	-33.7646	-34.9938
			vertex	12.5731	-36.4857	-31.7917
			vertex	8.60572	-34.6608	-34.9938
		endloop
	endfacet
	facet normal	0.273295	-0.692044	-0.668121
		outer loop
			vertex	12.5731	-36.4857	-31.7917
			vertex	11.6354	-33.7646	-34.9938
			vertex	15.7485	-35.2317	-31.7917
		endloop
	endfacet
	facet normal	0.273282	-0.692059	-0.668110
		outer loop
			vertex	14.5740	-32.6042	-34.9938
			vertex	15.7485	-35.2317	-31.7917
			vertex	11.6354	-33.7646	-34.9938
		endloop
	endfacet
	facet normal	0.333391	-0.665191	-0.668110
		outer loop
			vertex	15.7485	-35.2317	-31.7917
			vertex	14.5740	-32.6042	-34.9938
			vertex	18.8006	-33.7020	-31.7917
		endloop
	endfacet
	facet normal	0.333401	-0.665177	-0.668119
		outer loop
			vertex	17.3985	-31.1885	-34.9938
			vertex	18.8006	-33.7020	-31.7917
			vertex	14.5740	-32.6042	-34.9938
		endloop
	endfacet
	facet normal	0.390875	-0.633115	-0.668118
		outer loop
			vertex	18.8006	-33.7020	-31.7917
			vertex	17.3985	-31.1885	-34.9938
			vertex	21.7056	-31.9085	-31.7917
		endloop
	endfacet
	facet normal	0.390867	-0.633130	-0.668110
		outer loop
			vertex	20.0869	-29.5288	-34.9938
			vertex	21.7056	-31.9085	-31.7917
			vertex	17.3985	-31.1885	-34.9938
		endloop
	endfacet
	facet normal	0.445293	-0.596107	-0.668109
		outer loop
			vertex	21.7056	-31.9085	-31.7917
			vertex	20.0869	-29.5288	-34.9938
			vertex	24.4408	-29.8653	-31.7917
		endloop
	endfacet
	facet normal	0.445299	-0.596096	-0.668116
		outer loop
			vertex	22.6180	-27.6380	-34.9938
			vertex	24.4408	-29.8653	-31.7917
			vertex	20.0869	-29.5288	-34.9938
		endloop
	endfacet
	facet normal	0.496251	-0.554397	-0.668116
		outer loop
			vertex	24.4408	-29.8653	-31.7917
			vertex	22.6180	-27.6380	-34.9938
			vertex	26.9846	-27.5883	-31.7917
		endloop
	endfacet
	facet normal	0.496251	-0.554396	-0.668116
		outer loop
			vertex	24.9721	-25.5308	-34.9938
			vertex	26.9846	-27.5883	-31.7917
			vertex	22.6180	-27.6380	-34.9938
		endloop
	endfacet
	facet normal	0.543284	-0.508392	-0.668117
		outer loop
			vertex	26.9846	-27.5883	-31.7917
			vertex	24.9721	-25.5308	-34.9938
			vertex	29.3173	-25.0955	-31.7917
		endloop
	endfacet
	facet normal	0.543286	-0.508385	-0.668120
		outer loop
			vertex	27.1308	-23.2239	-34.9938
			vertex	29.3173	-25.0955	-31.7917
			vertex	24.9721	-25.5308	-34.9938
		endloop
	endfacet
	facet normal	0.586101	-0.458367	-0.668121
		outer loop
			vertex	29.3173	-25.0955	-31.7917
			vertex	27.1308	-23.2239	-34.9938
			vertex	31.4205	-22.4062	-31.7917
		endloop
	endfacet
	facet normal	0.586098	-0.458384	-0.668112
		outer loop
			vertex	29.0772	-20.7352	-34.9938
			vertex	31.4205	-22.4062	-31.7917
			vertex	27.1308	-23.2239	-34.9938
		endloop
	endfacet
	facet normal	0.624319	-0.404786	-0.668113
		outer loop
			vertex	31.4205	-22.4062	-31.7917
			vertex	29.0772	-20.7352	-34.9938
			vertex	33.2778	-19.5416	-31.7917
		endloop
	endfacet
	facet normal	0.624319	-0.404783	-0.668114
		outer loop
			vertex	30.7960	-18.0842	-34.9938
			vertex	33.2778	-19.5416	-31.7917
			vertex	29.0772	-20.7352	-34.9938
		endloop
	endfacet
	facet normal	0.657649	-0.348025	-0.668114
		outer loop
			vertex	33.2778	-19.5416	-31.7917
			vertex	30.7960	-18.0842	-34.9938
			vertex	34.8747	-16.5240	-31.7917
		endloop
	endfacet
	facet normal	0.657649	-0.348030	-0.668111
		outer loop
			vertex	32.2738	-15.2917	-34.9938
			vertex	34.8747	-16.5240	-31.7917
			vertex	30.7960	-18.0842	-34.9938
		endloop
	endfacet
	facet normal	0.685840	-0.288532	-0.668111
		outer loop
			vertex	34.8747	-16.5240	-31.7917
			vertex	32.2738	-15.2917	-34.9938
			vertex	36.1986	-13.3771	-31.7917
		endloop
	endfacet
	facet normal	0.685840	-0.288542	-0.668107
		outer loop
			vertex	33.4990	-12.3795	-34.9938
			vertex	36.1986	-13.3771	-31.7917
			vertex	32.2738	-15.2917	-34.9938
		endloop
	endfacet
	facet normal	0.708660	-0.226791	-0.668107
		outer loop
			vertex	36.1986	-13.3771	-31.7917
			vertex	33.4990	-12.3795	-34.9938
			vertex	37.2392	-10.1255	-31.7917
		endloop
	endfacet
	facet normal	0.708660	-0.226791	-0.668107
		outer loop
			vertex	34.4620	-9.37039	-34.9938
			vertex	37.2392	-10.1255	-31.7917
			vertex	33.4990	-12.3795	-34.9938
		endloop
	endfacet
	facet normal	0.725928	-0.163284	-0.668107
		outer loop
			vertex	37.2392	-10.1255	-31.7917
			vertex	34.4620	-9.37039	-34.9938
			vertex	37.9884	-6.79471	-31.7917
		endloop
	endfacet
	facet normal	0.725926	-0.163276	-0.668111
		outer loop
			vertex	35.1553	-6.28797	-34.9938
			vertex	37.9884	-6.79471	-31.7917
			vertex	34.4620	-9.37039	-34.9938
		endloop
	endfacet
	facet normal	0.737514	-0.0984874	-0.668111
		outer loop
			vertex	37.9884	-6.79471	-31.7917
			vertex	35.1553	-6.28797	-34.9938
			vertex	38.4403	-3.41070	-31.7917
		endloop
	endfacet
	facet normal	0.737506	-0.0984628	-0.668125
		outer loop
			vertex	35.5734	-3.15633	-34.9938
			vertex	38.4403	-3.41070	-31.7917
			vertex	35.1553	-6.28797	-34.9938
		endloop
	endfacet
	facet normal	0.743322	-0.0329085	-0.668124
		outer loop
			vertex	38.4403	-3.41070	-31.7917
			vertex	35.5734	-3.15633	-34.9938
			vertex	38.5913	0.000000	-31.7917
		endloop
	endfacet
	facet normal	0.743329	-0.0329237	-0.668116
		outer loop
			vertex	35.7132	0.000000	-34.9938
			vertex	38.5913	0.000000	-31.7917
			vertex	35.5734	-3.15633	-34.9938
		endloop
	endfacet
	facet normal	0.743329	0.0329088	-0.668116
		outer loop
			vertex	38.5913	0.000000	-31.7917
			vertex	35.7132	0.000000	-34.9938
			vertex	38.4403	3.41070	-31.7917
		endloop
	endfacet
	facet normal	0.743321	0.0329234	-0.668125
		outer loop
			vertex	35.5734	3.15633	-34.9938
			vertex	38.4403	3.41070	-31.7917
			vertex	35.7132	0.000000	-34.9938
		endloop
	endfacet
	facet normal	0.677818	0.0904940	-0.729640
		outer loop
			vertex	35.5734	3.15633	-34.9938
			vertex	32.4428	2.87856	-37.9365
			vertex	35.1553	6.28797	-34.9938
		endloop
	endfacet
	facet normal	0.677818	0.0904933	-0.729639
		outer loop
			vertex	32.0615	5.73460	-37.9365
			vertex	35.1553	6.28797	-34.9938
			vertex	32.4428	2.87856	-37.9365
		endloop
	endfacet
	facet normal	0.667164	0.150059	-0.729640
		outer loop
			vertex	35.1553	6.28797	-34.9938
			vertex	32.0615	5.73460	-37.9365
			vertex	34.4620	9.37039	-34.9938
		endloop
	endfacet
	facet normal	0.667162	0.150062	-0.729641
		outer loop
			vertex	31.4292	8.54575	-37.9365
			vertex	34.4620	9.37039	-34.9938
			vertex	32.0615	5.73460	-37.9365
		endloop
	endfacet
	facet normal	0.651291	0.208431	-0.729641
		outer loop
			vertex	34.4620	9.37039	-34.9938
			vertex	31.4292	8.54575	-37.9365
			vertex	33.4990	12.3795	-34.9938
		endloop
	endfacet
	facet normal	0.651280	0.208443	-0.729648
		outer loop
			vertex	30.5509	11.2900	-37.9365
			vertex	33.4990	12.3795	-34.9938
			vertex	31.4292	8.54575	-37.9365
		endloop
	endfacet
	facet normal	0.630312	0.265180	-0.729648
		outer loop
			vertex	33.4990	12.3795	-34.9938
			vertex	30.5509	11.2900	-37.9365
			vertex	32.2738	15.2917	-34.9938
		endloop
	endfacet
	facet normal	0.630306	0.265185	-0.729651
		outer loop
			vertex	29.4335	13.9459	-37.9365
			vertex	32.2738	15.2917	-34.9938
			vertex	30.5509	11.2900	-37.9365
		endloop
	endfacet
	facet normal	0.604404	0.319852	-0.729651
		outer loop
			vertex	32.2738	15.2917	-34.9938
			vertex	29.4335	13.9459	-37.9365
			vertex	30.7960	18.0842	-34.9938
		endloop
	endfacet
	facet normal	0.604418	0.319842	-0.729644
		outer loop
			vertex	28.0858	16.4927	-37.9365
			vertex	30.7960	18.0842	-34.9938
			vertex	29.4335	13.9459	-37.9365
		endloop
	endfacet
	facet normal	0.573780	0.372016	-0.729644
		outer loop
			vertex	30.7960	18.0842	-34.9938
			vertex	28.0858	16.4927	-37.9365
			vertex	29.0772	20.7352	-34.9938
		endloop
	endfacet
	facet normal	0.573788	0.372012	-0.729640
		outer loop
			vertex	26.5183	18.9104	-37.9365
			vertex	29.0772	20.7352	-34.9938
			vertex	28.0858	16.4927	-37.9365
		endloop
	endfacet
	facet normal	0.538655	0.421279	-0.729641
		outer loop
			vertex	29.0772	20.7352	-34.9938
			vertex	26.5183	18.9104	-37.9365
			vertex	27.1308	23.2239	-34.9938
		endloop
	endfacet
	facet normal	0.538659	0.421277	-0.729639
		outer loop
			vertex	24.7432	21.1801	-37.9365
			vertex	27.1308	23.2239	-34.9938
			vertex	26.5183	18.9104	-37.9365
		endloop
	endfacet
	facet normal	0.499315	0.467238	-0.729639
		outer loop
			vertex	27.1308	23.2239	-34.9938
			vertex	24.7432	21.1801	-37.9365
			vertex	24.9721	25.5308	-34.9938
		endloop
	endfacet
	facet normal	0.499323	0.467236	-0.729635
		outer loop
			vertex	22.7745	23.2840	-37.9365
			vertex	24.9721	25.5308	-34.9938
			vertex	24.7432	21.1801	-37.9365
		endloop
	endfacet
	facet normal	0.456087	0.509526	-0.729636
		outer loop
			vertex	24.9721	25.5308	-34.9938
			vertex	22.7745	23.2840	-37.9365
			vertex	22.6180	27.6380	-34.9938
		endloop
	endfacet
	facet normal	0.456063	0.509532	-0.729646
		outer loop
			vertex	20.6275	25.2057	-37.9365
			vertex	22.6180	27.6380	-34.9938
			vertex	22.7745	23.2840	-37.9365
		endloop
	endfacet
	facet normal	0.409252	0.547841	-0.729646
		outer loop
			vertex	22.6180	27.6380	-34.9938
			vertex	20.6275	25.2057	-37.9365
			vertex	20.0869	29.5288	-34.9938
		endloop
	endfacet
	facet normal	0.409244	0.547842	-0.729649
		outer loop
			vertex	18.3191	26.9301	-37.9365
			vertex	20.0869	29.5288	-34.9938
			vertex	20.6275	25.2057	-37.9365
		endloop
	endfacet
	facet normal	0.359221	0.581870	-0.729649
		outer loop
			vertex	20.0869	29.5288	-34.9938
			vertex	18.3191	26.9301	-37.9365
			vertex	17.3985	31.1885	-34.9938
		endloop
	endfacet
	facet normal	0.359236	0.581869	-0.729642
		outer loop
			vertex	15.8673	28.4438	-37.9365
			vertex	17.3985	31.1885	-34.9938
			vertex	18.3191	26.9301	-37.9365
		endloop
	endfacet
	facet normal	0.306415	0.611337	-0.729642
		outer loop
			vertex	17.3985	31.1885	-34.9938
			vertex	15.8673	28.4438	-37.9365
			vertex	14.5740	32.6042	-34.9938
		endloop
	endfacet
	facet normal	0.306392	0.611336	-0.729652
		outer loop
			vertex	13.2914	29.7348	-37.9365
			vertex	14.5740	32.6042	-34.9938
			vertex	15.8673	28.4438	-37.9365
		endloop
	endfacet
	facet normal	0.251155	0.636026	-0.729652
		outer loop
			vertex	14.5740	32.6042	-34.9938
			vertex	13.2914	29.7348	-37.9365
			vertex	11.6354	33.7646	-34.9938
		endloop
	endfacet
	facet normal	0.251184	0.636029	-0.729639
		outer loop
			vertex	10.6114	30.7932	-37.9365
			vertex	11.6354	33.7646	-34.9938
			vertex	13.2914	29.7348	-37.9365
		endloop
	endfacet
	facet normal	0.193974	0.655745	-0.729639
		outer loop
			vertex	11.6354	33.7646	-34.9938
			vertex	10.6114	30.7932	-37.9365
			vertex	8.60572	34.6608	-34.9938
		endloop
	endfacet
	facet normal	0.193969	0.655744	-0.729641
		outer loop
			vertex	7.84838	31.6105	-37.9365
			vertex	8.60572	34.6608	-34.9938
			vertex	10.6114	30.7932	-37.9365
		endloop
	endfacet
	facet normal	0.135275	0.670316	-0.729641
		outer loop
			vertex	8.60572	34.6608	-34.9938
			vertex	7.84838	31.6105	-37.9365
			vertex	5.50872	35.2858	-34.9938
		endloop
	endfacet
	facet normal	0.135276	0.670317	-0.729641
		outer loop
			vertex	5.02393	32.1805	-37.9365
			vertex	5.50872	35.2858	-34.9938
			vertex	7.84838	31.6105	-37.9365
		endloop
	endfacet
	facet normal	0.0754735	0.679653	-0.729641
		outer loop
			vertex	5.50872	35.2858	-34.9938
			vertex	5.02393	32.1805	-37.9365
			vertex	2.36860	35.6345	-34.9938
		endloop
	endfacet
	facet normal	0.0754946	0.679661	-0.729631
		outer loop
			vertex	2.16016	32.4986	-37.9365
			vertex	2.36860	35.6345	-34.9938
			vertex	5.02393	32.1805	-37.9365
		endloop
	endfacet
	facet normal	0.0151294	0.683673	-0.729631
		outer loop
			vertex	2.36860	35.6345	-34.9938
			vertex	2.16016	32.4986	-37.9365
			vertex	-0.790050	35.7044	-34.9938
		endloop
	endfacet
	facet normal	0.0151177	0.683668	-0.729637
		outer loop
			vertex	-0.720522	32.5623	-37.9365
			vertex	-0.790050	35.7044	-34.9938
			vertex	2.16016	32.4986	-37.9365
		endloop
	endfacet
	facet normal	-0.0453450	0.682330	-0.729637
		outer loop
			vertex	-0.790050	35.7044	-34.9938
			vertex	-0.720522	32.5623	-37.9365
			vertex	-3.94252	35.4949	-34.9938
		endloop
	endfacet
	facet normal	-0.0453529	0.682325	-0.729641
		outer loop
			vertex	-3.59556	32.3712	-37.9365
			vertex	-3.94252	35.4949	-34.9938
			vertex	-0.720522	32.5623	-37.9365
		endloop
	endfacet
	facet normal	-0.105472	0.675648	-0.729641
		outer loop
			vertex	-3.94252	35.4949	-34.9938
			vertex	-3.59556	32.3712	-37.9365
			vertex	-7.06413	35.0076	-34.9938
		endloop
	endfacet
	facet normal	-0.105490	0.675634	-0.729651
		outer loop
			vertex	-6.44246	31.9267	-37.9365
			vertex	-7.06413	35.0076	-34.9938
			vertex	-3.59556	32.3712	-37.9365
		endloop
	endfacet
	facet normal	-0.164793	0.663667	-0.729650
		outer loop
			vertex	-7.06413	35.0076	-34.9938
			vertex	-6.44246	31.9267	-37.9365
			vertex	-10.1305	34.2462	-34.9938
		endloop
	endfacet
	facet normal	-0.164777	0.663682	-0.729640
		outer loop
			vertex	-9.23894	31.2324	-37.9365
			vertex	-10.1305	34.2462	-34.9938
			vertex	-6.44246	31.9267	-37.9365
		endloop
	endfacet
	facet normal	-0.222787	0.646521	-0.729641
		outer loop
			vertex	-10.1305	34.2462	-34.9938
			vertex	-9.23894	31.2324	-37.9365
			vertex	-13.1175	33.2169	-34.9938
		endloop
	endfacet
	facet normal	-0.222782	0.646526	-0.729638
		outer loop
			vertex	-11.9631	30.2937	-37.9365
			vertex	-13.1175	33.2169	-34.9938
			vertex	-9.23894	31.2324	-37.9365
		endloop
	endfacet
	facet normal	-0.279057	0.624303	-0.729638
		outer loop
			vertex	-13.1175	33.2169	-34.9938
			vertex	-11.9631	30.2937	-37.9365
			vertex	-16.0019	31.9276	-34.9938
		endloop
	endfacet
	facet normal	-0.279065	0.624294	-0.729643
		outer loop
			vertex	-14.5937	29.1178	-37.9365
			vertex	-16.0019	31.9276	-34.9938
			vertex	-11.9631	30.2937	-37.9365
		endloop
	endfacet
	facet normal	-0.333149	0.597188	-0.729643
		outer loop
			vertex	-16.0019	31.9276	-34.9938
			vertex	-14.5937	29.1178	-37.9365
			vertex	-18.7610	30.3884	-34.9938
		endloop
	endfacet
	facet normal	-0.333143	0.597198	-0.729638
		outer loop
			vertex	-17.1100	27.7141	-37.9365
			vertex	-18.7610	30.3884	-34.9938
			vertex	-14.5937	29.1178	-37.9365
		endloop
	endfacet
	facet normal	-0.384621	0.565417	-0.729637
		outer loop
			vertex	-18.7610	30.3884	-34.9938
			vertex	-17.1100	27.7141	-37.9365
			vertex	-21.3733	28.6114	-34.9938
		endloop
	endfacet
	facet normal	-0.384620	0.565419	-0.729636
		outer loop
			vertex	-19.4924	26.0935	-37.9365
			vertex	-21.3733	28.6114	-34.9938
			vertex	-17.1100	27.7141	-37.9365
		endloop
	endfacet
	facet normal	-0.433091	0.529210	-0.729636
		outer loop
			vertex	-21.3733	28.6114	-34.9938
			vertex	-19.4924	26.0935	-37.9365
			vertex	-23.8184	26.6104	-34.9938
		endloop
	endfacet
	facet normal	-0.433092	0.529208	-0.729637
		outer loop
			vertex	-21.7223	24.2686	-37.9365
			vertex	-23.8184	26.6104	-34.9938
			vertex	-19.4924	26.0935	-37.9365
		endloop
	endfacet
	facet normal	-0.478168	0.488861	-0.729637
		outer loop
			vertex	-23.8184	26.6104	-34.9938
			vertex	-21.7223	24.2686	-37.9365
			vertex	-26.0770	24.4012	-34.9938
		endloop
	endfacet
	facet normal	-0.478171	0.488852	-0.729641
		outer loop
			vertex	-23.7821	22.2538	-37.9365
			vertex	-26.0770	24.4012	-34.9938
			vertex	-21.7223	24.2686	-37.9365
		endloop
	endfacet
	facet normal	-0.519483	0.444702	-0.729641
		outer loop
			vertex	-26.0770	24.4012	-34.9938
			vertex	-23.7821	22.2538	-37.9365
			vertex	-28.1316	22.0011	-34.9938
		endloop
	endfacet
	facet normal	-0.519484	0.444702	-0.729642
		outer loop
			vertex	-25.6559	20.0649	-37.9365
			vertex	-28.1316	22.0011	-34.9938
			vertex	-23.7821	22.2538	-37.9365
		endloop
	endfacet
	facet normal	-0.556775	0.397019	-0.729642
		outer loop
			vertex	-28.1316	22.0011	-34.9938
			vertex	-25.6559	20.0649	-37.9365
			vertex	-29.9659	19.4287	-34.9938
		endloop
	endfacet
	facet normal	-0.556774	0.397028	-0.729638
		outer loop
			vertex	-27.3288	17.7189	-37.9365
			vertex	-29.9659	19.4287	-34.9938
			vertex	-25.6559	20.0649	-37.9365
		endloop
	endfacet
	facet normal	-0.589673	0.346285	-0.729638
		outer loop
			vertex	-29.9659	19.4287	-34.9938
			vertex	-27.3288	17.7189	-37.9365
			vertex	-31.5658	16.7043	-34.9938
		endloop
	endfacet
	facet normal	-0.589674	0.346277	-0.729642
		outer loop
			vertex	-28.7879	15.2342	-37.9365
			vertex	-31.5658	16.7043	-34.9938
			vertex	-27.3288	17.7189	-37.9365
		endloop
	endfacet
	facet normal	-0.617975	0.292798	-0.729641
		outer loop
			vertex	-31.5658	16.7043	-34.9938
			vertex	-28.7879	15.2342	-37.9365
			vertex	-32.9186	13.8491	-34.9938
		endloop
	endfacet
	facet normal	-0.617975	0.292790	-0.729645
		outer loop
			vertex	-30.0216	12.6303	-37.9365
			vertex	-32.9186	13.8491	-34.9938
			vertex	-28.7879	15.2342	-37.9365
		endloop
	endfacet
	facet normal	-0.641434	0.237028	-0.729644
		outer loop
			vertex	-32.9186	13.8491	-34.9938
			vertex	-30.0216	12.6303	-37.9365
			vertex	-34.0137	10.8856	-34.9938
		endloop
	endfacet
	facet normal	-0.641436	0.237048	-0.729636
		outer loop
			vertex	-31.0204	9.92761	-37.9365
			vertex	-34.0137	10.8856	-34.9938
			vertex	-30.0216	12.6303	-37.9365
		endloop
	endfacet
	facet normal	-0.659876	0.179430	-0.729636
		outer loop
			vertex	-34.0137	10.8856	-34.9938
			vertex	-31.0204	9.92761	-37.9365
			vertex	-34.8427	7.83685	-34.9938
		endloop
	endfacet
	facet normal	-0.659874	0.179419	-0.729640
		outer loop
			vertex	-31.7764	7.14717	-37.9365
			vertex	-34.8427	7.83685	-34.9938
			vertex	-31.0204	9.92761	-37.9365
		endloop
	endfacet
	facet normal	-0.673147	0.120406	-0.729640
		outer loop
			vertex	-34.8427	7.83685	-34.9938
			vertex	-31.7764	7.14717	-37.9365
			vertex	-35.3990	4.72678	-34.9938
		endloop
	endfacet
	facet normal	-0.673144	0.120395	-0.729645
		outer loop
			vertex	-32.2837	4.31080	-37.9365
			vertex	-35.3990	4.72678	-34.9938
			vertex	-31.7764	7.14717	-37.9365
		endloop
	endfacet
	facet normal	-0.681151	0.0604301	-0.729645
		outer loop
			vertex	-35.3990	4.72678	-34.9938
			vertex	-32.2837	4.31080	-37.9365
			vertex	-35.6782	1.57971	-34.9938
		endloop
	endfacet
	facet normal	-0.681158	0.0604479	-0.729637
		outer loop
			vertex	-32.5384	1.44069	-37.9365
			vertex	-35.6782	1.57971	-34.9938
			vertex	-32.2837	4.31080	-37.9365
		endloop
	endfacet
	facet normal	-0.683835	0.000000	-0.729637
		outer loop
			vertex	-35.6782	1.57971	-34.9938
			vertex	-32.5384	1.44069	-37.9365
			vertex	-35.6782	-1.57971	-34.9938
		endloop
	endfacet
	facet normal	-0.683835	0.000000	-0.729637
		outer loop
			vertex	-32.5384	-1.44069	-37.9365
			vertex	-35.6782	-1.57971	-34.9938
			vertex	-32.5384	1.44069	-37.9365
		endloop
	endfacet
	facet normal	-0.681159	-0.0604309	-0.729637
		outer loop
			vertex	-35.6782	-1.57971	-34.9938
			vertex	-32.5384	-1.44069	-37.9365
			vertex	-35.3990	-4.72678	-34.9938
		endloop
	endfacet
	facet normal	-0.681149	-0.0604471	-0.729645
		outer loop
			vertex	-32.2837	-4.31080	-37.9365
			vertex	-35.3990	-4.72678	-34.9938
			vertex	-32.5384	-1.44069	-37.9365
		endloop
	endfacet
	facet normal	-0.673142	-0.120405	-0.729645
		outer loop
			vertex	-35.3990	-4.72678	-34.9938
			vertex	-32.2837	-4.31080	-37.9365
			vertex	-34.8427	-7.83685	-34.9938
		endloop
	endfacet
	facet normal	-0.673149	-0.120396	-0.729640
		outer loop
			vertex	-31.7764	-7.14717	-37.9365
			vertex	-34.8427	-7.83685	-34.9938
			vertex	-32.2837	-4.31080	-37.9365
		endloop
	endfacet
	facet normal	-0.659872	-0.179429	-0.729640
		outer loop
			vertex	-34.8427	-7.83685	-34.9938
			vertex	-31.7764	-7.14717	-37.9365
			vertex	-34.0137	-10.8856	-34.9938
		endloop
	endfacet
	facet normal	-0.659879	-0.179421	-0.729636
		outer loop
			vertex	-31.0204	-9.92761	-37.9365
			vertex	-34.0137	-10.8856	-34.9938
			vertex	-31.7764	-7.14717	-37.9365
		endloop
	endfacet
	facet normal	-0.641441	-0.237031	-0.729636
		outer loop
			vertex	-34.0137	-10.8856	-34.9938
			vertex	-31.0204	-9.92761	-37.9365
			vertex	-32.9186	-13.8491	-34.9938
		endloop
	endfacet
	facet normal	-0.641427	-0.237044	-0.729645
		outer loop
			vertex	-30.0216	-12.6303	-37.9365
			vertex	-32.9186	-13.8491	-34.9938
			vertex	-31.0204	-9.92761	-37.9365
		endloop
	endfacet
	facet normal	-0.617972	-0.292796	-0.729645
		outer loop
			vertex	-32.9186	-13.8491	-34.9938
			vertex	-30.0216	-12.6303	-37.9365
			vertex	-31.5658	-16.7043	-34.9938
		endloop
	endfacet
	facet normal	-0.617978	-0.292791	-0.729641
		outer loop
			vertex	-28.7879	-15.2342	-37.9365
			vertex	-31.5658	-16.7043	-34.9938
			vertex	-30.0216	-12.6303	-37.9365
		endloop
	endfacet
	facet normal	-0.589670	-0.346283	-0.729642
		outer loop
			vertex	-31.5658	-16.7043	-34.9938
			vertex	-28.7879	-15.2342	-37.9365
			vertex	-29.9659	-19.4287	-34.9938
		endloop
	endfacet
	facet normal	-0.589678	-0.346279	-0.729638
		outer loop
			vertex	-27.3288	-17.7189	-37.9365
			vertex	-29.9659	-19.4287	-34.9938
			vertex	-28.7879	-15.2342	-37.9365
		endloop
	endfacet
	facet normal	-0.556778	-0.397022	-0.729638
		outer loop
			vertex	-29.9659	-19.4287	-34.9938
			vertex	-27.3288	-17.7189	-37.9365
			vertex	-28.1316	-22.0011	-34.9938
		endloop
	endfacet
	facet normal	-0.556770	-0.397026	-0.729642
		outer loop
			vertex	-25.6559	-20.0649	-37.9365
			vertex	-28.1316	-22.0011	-34.9938
			vertex	-27.3288	-17.7189	-37.9365
		endloop
	endfacet
	facet normal	-0.519483	-0.444702	-0.729642
		outer loop
			vertex	-28.1316	-22.0011	-34.9938
			vertex	-25.6559	-20.0649	-37.9365
			vertex	-26.0770	-24.4012	-34.9938
		endloop
	endfacet
	facet normal	-0.519484	-0.444702	-0.729641
		outer loop
			vertex	-23.7821	-22.2538	-37.9365
			vertex	-26.0770	-24.4012	-34.9938
			vertex	-25.6559	-20.0649	-37.9365
		endloop
	endfacet
	facet normal	-0.478166	-0.488858	-0.729641
		outer loop
			vertex	-26.0770	-24.4012	-34.9938
			vertex	-23.7821	-22.2538	-37.9365
			vertex	-23.8184	-26.6104	-34.9938
		endloop
	endfacet
	facet normal	-0.478175	-0.488855	-0.729637
		outer loop
			vertex	-21.7223	-24.2686	-37.9365
			vertex	-23.8184	-26.6104	-34.9938
			vertex	-23.7821	-22.2538	-37.9365
		endloop
	endfacet
	facet normal	-0.433090	-0.529209	-0.729637
		outer loop
			vertex	-23.8184	-26.6104	-34.9938
			vertex	-21.7223	-24.2686	-37.9365
			vertex	-21.3733	-28.6114	-34.9938
		endloop
	endfacet
	facet normal	-0.433093	-0.529209	-0.729636
		outer loop
			vertex	-19.4924	-26.0935	-37.9365
			vertex	-21.3733	-28.6114	-34.9938
			vertex	-21.7223	-24.2686	-37.9365
		endloop
	endfacet
	facet normal	-0.384622	-0.565418	-0.729636
		outer loop
			vertex	-21.3733	-28.6114	-34.9938
			vertex	-19.4924	-26.0935	-37.9365
			vertex	-18.7610	-30.3884	-34.9938
		endloop
	endfacet
	facet normal	-0.384619	-0.565418	-0.729637
		outer loop
			vertex	-17.1100	-27.7141	-37.9365
			vertex	-18.7610	-30.3884	-34.9938
			vertex	-19.4924	-26.0935	-37.9365
		endloop
	endfacet
	facet normal	-0.333152	-0.597192	-0.729638
		outer loop
			vertex	-18.7610	-30.3884	-34.9938
			vertex	-17.1100	-27.7141	-37.9365
			vertex	-16.0019	-31.9276	-34.9938
		endloop
	endfacet
	facet normal	-0.333140	-0.597193	-0.729643
		outer loop
			vertex	-14.5937	-29.1178	-37.9365
			vertex	-16.0019	-31.9276	-34.9938
			vertex	-17.1100	-27.7141	-37.9365
		endloop
	endfacet
	facet normal	-0.279055	-0.624299	-0.729643
		outer loop
			vertex	-16.0019	-31.9276	-34.9938
			vertex	-14.5937	-29.1178	-37.9365
			vertex	-13.1175	-33.2169	-34.9938
		endloop
	endfacet
	facet normal	-0.279067	-0.624299	-0.729638
		outer loop
			vertex	-11.9631	-30.2937	-37.9365
			vertex	-13.1175	-33.2169	-34.9938
			vertex	-14.5937	-29.1178	-37.9365
		endloop
	endfacet
	facet normal	-0.222788	-0.646524	-0.729638
		outer loop
			vertex	-13.1175	-33.2169	-34.9938
			vertex	-11.9631	-30.2937	-37.9365
			vertex	-10.1305	-34.2462	-34.9938
		endloop
	endfacet
	facet normal	-0.222781	-0.646523	-0.729641
		outer loop
			vertex	-9.23894	-31.2324	-37.9365
			vertex	-10.1305	-34.2462	-34.9938
			vertex	-11.9631	-30.2937	-37.9365
		endloop
	endfacet
	facet normal	-0.164795	-0.663677	-0.729641
		outer loop
			vertex	-10.1305	-34.2462	-34.9938
			vertex	-9.23894	-31.2324	-37.9365
			vertex	-7.06413	-35.0076	-34.9938
		endloop
	endfacet
	facet normal	-0.164774	-0.663672	-0.729650
		outer loop
			vertex	-6.44246	-31.9267	-37.9365
			vertex	-7.06413	-35.0076	-34.9938
			vertex	-9.23894	-31.2324	-37.9365
		endloop
	endfacet
	facet normal	-0.105470	-0.675638	-0.729650
		outer loop
			vertex	-7.06413	-35.0076	-34.9938
			vertex	-6.44246	-31.9267	-37.9365
			vertex	-3.94252	-35.4949	-34.9938
		endloop
	endfacet
	facet normal	-0.105492	-0.675645	-0.729640
		outer loop
			vertex	-3.59556	-32.3712	-37.9365
			vertex	-3.94252	-35.4949	-34.9938
			vertex	-6.44246	-31.9267	-37.9365
		endloop
	endfacet
	facet normal	-0.0453447	-0.682326	-0.729641
		outer loop
			vertex	-3.94252	-35.4949	-34.9938
			vertex	-3.59556	-32.3712	-37.9365
			vertex	-0.790050	-35.7044	-34.9938
		endloop
	endfacet
	facet normal	-0.0453532	-0.682330	-0.729637
		outer loop
			vertex	-0.720522	-32.5623	-37.9365
			vertex	-0.790050	-35.7044	-34.9938
			vertex	-3.59556	-32.3712	-37.9365
		endloop
	endfacet
	facet normal	0.0151292	-0.683668	-0.729637
		outer loop
			vertex	-0.790050	-35.7044	-34.9938
			vertex	-0.720522	-32.5623	-37.9365
			vertex	2.36860	-35.6345	-34.9938
		endloop
	endfacet
	facet normal	0.0151178	-0.683674	-0.729631
		outer loop
			vertex	2.16016	-32.4986	-37.9365
			vertex	2.36860	-35.6345	-34.9938
			vertex	-0.720522	-32.5623	-37.9365
		endloop
	endfacet
	facet normal	0.0754746	-0.679663	-0.729632
		outer loop
			vertex	2.36860	-35.6345	-34.9938
			vertex	2.16016	-32.4986	-37.9365
			vertex	5.50872	-35.2858	-34.9938
		endloop
	endfacet
	facet normal	0.0754934	-0.679650	-0.729641
		outer loop
			vertex	5.02393	-32.1805	-37.9365
			vertex	5.50872	-35.2858	-34.9938
			vertex	2.16016	-32.4986	-37.9365
		endloop
	endfacet
	facet normal	0.135275	-0.670317	-0.729641
		outer loop
			vertex	5.50872	-35.2858	-34.9938
			vertex	5.02393	-32.1805	-37.9365
			vertex	8.60572	-34.6608	-34.9938
		endloop
	endfacet
	facet normal	0.135276	-0.670316	-0.729641
		outer loop
			vertex	7.84838	-31.6105	-37.9365
			vertex	8.60572	-34.6608	-34.9938
			vertex	5.02393	-32.1805	-37.9365
		endloop
	endfacet
	facet normal	0.193973	-0.655742	-0.729641
		outer loop
			vertex	8.60572	-34.6608	-34.9938
			vertex	7.84838	-31.6105	-37.9365
			vertex	11.6354	-33.7646	-34.9938
		endloop
	endfacet
	facet normal	0.193969	-0.655746	-0.729639
		outer loop
			vertex	10.6114	-30.7932	-37.9365
			vertex	11.6354	-33.7646	-34.9938
			vertex	7.84838	-31.6105	-37.9365
		endloop
	endfacet
	facet normal	0.251160	-0.636038	-0.729640
		outer loop
			vertex	11.6354	-33.7646	-34.9938
			vertex	10.6114	-30.7932	-37.9365
			vertex	14.5740	-32.6042	-34.9938
		endloop
	endfacet
	facet normal	0.251179	-0.636016	-0.729652
		outer loop
			vertex	13.2914	-29.7348	-37.9365
			vertex	14.5740	-32.6042	-34.9938
			vertex	10.6114	-30.7932	-37.9365
		endloop
	endfacet
	facet normal	0.306410	-0.611328	-0.729651
		outer loop
			vertex	14.5740	-32.6042	-34.9938
			vertex	13.2914	-29.7348	-37.9365
			vertex	17.3985	-31.1885	-34.9938
		endloop
	endfacet
	facet normal	0.306397	-0.611346	-0.729642
		outer loop
			vertex	15.8673	-28.4438	-37.9365
			vertex	17.3985	-31.1885	-34.9938
			vertex	13.2914	-29.7348	-37.9365
		endloop
	endfacet
	facet normal	0.359225	-0.581876	-0.729643
		outer loop
			vertex	17.3985	-31.1885	-34.9938
			vertex	15.8673	-28.4438	-37.9365
			vertex	20.0869	-29.5288	-34.9938
		endloop
	endfacet
	facet normal	0.359233	-0.581863	-0.729649
		outer loop
			vertex	18.3191	-26.9301	-37.9365
			vertex	20.0869	-29.5288	-34.9938
			vertex	15.8673	-28.4438	-37.9365
		endloop
	endfacet
	facet normal	0.409250	-0.547838	-0.729649
		outer loop
			vertex	20.0869	-29.5288	-34.9938
			vertex	18.3191	-26.9301	-37.9365
			vertex	22.6180	-27.6380	-34.9938
		endloop
	endfacet
	facet normal	0.409246	-0.547845	-0.729646
		outer loop
			vertex	20.6275	-25.2057	-37.9365
			vertex	22.6180	-27.6380	-34.9938
			vertex	18.3191	-26.9301	-37.9365
		endloop
	endfacet
	facet normal	0.456079	-0.509518	-0.729646
		outer loop
			vertex	22.6180	-27.6380	-34.9938
			vertex	20.6275	-25.2057	-37.9365
			vertex	24.9721	-25.5308	-34.9938
		endloop
	endfacet
	facet normal	0.456071	-0.509541	-0.729635
		outer loop
			vertex	22.7745	-23.2840	-37.9365
			vertex	24.9721	-25.5308	-34.9938
			vertex	20.6275	-25.2057	-37.9365
		endloop
	endfacet
	facet normal	0.499318	-0.467241	-0.729635
		outer loop
			vertex	24.9721	-25.5308	-34.9938
			vertex	22.7745	-23.2840	-37.9365
			vertex	27.1308	-23.2239	-34.9938
		endloop
	endfacet
	facet normal	0.499320	-0.467233	-0.729639
		outer loop
			vertex	24.7432	-21.1801	-37.9365
			vertex	27.1308	-23.2239	-34.9938
			vertex	22.7745	-23.2840	-37.9365
		endloop
	endfacet
	facet normal	0.538656	-0.421280	-0.729639
		outer loop
			vertex	27.1308	-23.2239	-34.9938
			vertex	24.7432	-21.1801	-37.9365
			vertex	29.0772	-20.7352	-34.9938
		endloop
	endfacet
	facet normal	0.538657	-0.421276	-0.729641
		outer loop
			vertex	26.5183	-18.9104	-37.9365
			vertex	29.0772	-20.7352	-34.9938
			vertex	24.7432	-21.1801	-37.9365
		endloop
	endfacet
	facet normal	0.573783	-0.372018	-0.729640
		outer loop
			vertex	29.0772	-20.7352	-34.9938
			vertex	26.5183	-18.9104	-37.9365
			vertex	30.7960	-18.0842	-34.9938
		endloop
	endfacet
	facet normal	0.573784	-0.372010	-0.729644
		outer loop
			vertex	28.0858	-16.4927	-37.9365
			vertex	30.7960	-18.0842	-34.9938
			vertex	26.5183	-18.9104	-37.9365
		endloop
	endfacet
	facet normal	0.604410	-0.319856	-0.729644
		outer loop
			vertex	30.7960	-18.0842	-34.9938
			vertex	28.0858	-16.4927	-37.9365
			vertex	32.2738	-15.2917	-34.9938
		endloop
	endfacet
	facet normal	0.604411	-0.319839	-0.729651
		outer loop
			vertex	29.4335	-13.9459	-37.9365
			vertex	32.2738	-15.2917	-34.9938
			vertex	28.0858	-16.4927	-37.9365
		endloop
	endfacet
	facet normal	0.630309	-0.265179	-0.729651
		outer loop
			vertex	32.2738	-15.2917	-34.9938
			vertex	29.4335	-13.9459	-37.9365
			vertex	33.4990	-12.3795	-34.9938
		endloop
	endfacet
	facet normal	0.630310	-0.265186	-0.729648
		outer loop
			vertex	30.5509	-11.2900	-37.9365
			vertex	33.4990	-12.3795	-34.9938
			vertex	29.4335	-13.9459	-37.9365
		endloop
	endfacet
	facet normal	0.651284	-0.208429	-0.729648
		outer loop
			vertex	33.4990	-12.3795	-34.9938
			vertex	30.5509	-11.2900	-37.9365
			vertex	34.4620	-9.37039	-34.9938
		endloop
	endfacet
	facet normal	0.651287	-0.208445	-0.729641
		outer loop
			vertex	31.4292	-8.54575	-37.9365
			vertex	34.4620	-9.37039	-34.9938
			vertex	30.5509	-11.2900	-37.9365
		endloop
	endfacet
	facet normal	0.667163	-0.150059	-0.729641
		outer loop
			vertex	34.4620	-9.37039	-34.9938
			vertex	31.4292	-8.54575	-37.9365
			vertex	35.1553	-6.28797	-34.9938
		endloop
	endfacet
	facet normal	0.667164	-0.150062	-0.729640
		outer loop
			vertex	32.0615	-5.73460	-37.9365
			vertex	35.1553	-6.28797	-34.9938
			vertex	31.4292	-8.54575	-37.9365
		endloop
	endfacet
	facet normal	0.677818	-0.0904940	-0.729639
		outer loop
			vertex	35.1553	-6.28797	-34.9938
			vertex	32.0615	-5.73460	-37.9365
			vertex	35.5734	-3.15633	-34.9938
		endloop
	endfacet
	facet normal	0.677818	-0.0904933	-0.729640
		outer loop
			vertex	32.4428	-2.87856	-37.9365
			vertex	35.5734	-3.15633	-34.9938
			vertex	32.0615	-5.73460	-37.9365
		endloop
	endfacet
	facet normal	0.683162	-0.0302588	-0.729640
		outer loop
			vertex	35.5734	-3.15633	-34.9938
			vertex	32.4428	-2.87856	-37.9365
			vertex	35.7132	0.000000	-34.9938
		endloop
	endfacet
	facet normal	0.683162	-0.0302593	-0.729639
		outer loop
			vertex	32.5703	0.000000	-37.9365
			vertex	35.7132	0.000000	-34.9938
			vertex	32.4428	-2.87856	-37.9365
		endloop
	endfacet
	facet normal	0.683162	0.0302588	-0.729639
		outer loop
			vertex	35.7132	0.000000	-34.9938
			vertex	32.5703	0.000000	-37.9365
			vertex	35.5734	3.15633	-34.9938
		endloop
	endfacet
	facet normal	0.683162	0.0302593	-0.729640
		outer loop
			vertex	32.4428	2.87856	-37.9365
			vertex	35.5734	3.15633	-34.9938
			vertex	32.5703	0.000000	-37.9365
		endloop
	endfacet
	facet normal	0.613071	0.0818491	-0.785777
		outer loop
			vertex	32.4428	2.87856	-37.9365
			vertex	29.0716	2.57945	-40.5979
			vertex	32.0615	5.73460	-37.9365
		endloop
	endfacet
	facet normal	0.613068	0.0818536	-0.785779
		outer loop
			vertex	28.7299	5.13871	-40.5979
			vertex	32.0615	5.73460	-37.9365
			vertex	29.0716	2.57945	-40.5979
		endloop
	endfacet
	facet normal	0.603432	0.135727	-0.785779
		outer loop
			vertex	32.0615	5.73460	-37.9365
			vertex	28.7299	5.13871	-40.5979
			vertex	31.4292	8.54575	-37.9365
		endloop
	endfacet
	facet normal	0.603431	0.135728	-0.785779
		outer loop
			vertex	28.1633	7.65775	-40.5979
			vertex	31.4292	8.54575	-37.9365
			vertex	28.7299	5.13871	-40.5979
		endloop
	endfacet
	facet normal	0.589073	0.188534	-0.785779
		outer loop
			vertex	31.4292	8.54575	-37.9365
			vertex	28.1633	7.65775	-40.5979
			vertex	30.5509	11.2900	-37.9365
		endloop
	endfacet
	facet normal	0.589083	0.188524	-0.785774
		outer loop
			vertex	27.3763	10.1169	-40.5979
			vertex	30.5509	11.2900	-37.9365
			vertex	28.1633	7.65775	-40.5979
		endloop
	endfacet
	facet normal	0.570112	0.239860	-0.785773
		outer loop
			vertex	30.5509	11.2900	-37.9365
			vertex	27.3763	10.1169	-40.5979
			vertex	29.4335	13.9459	-37.9365
		endloop
	endfacet
	facet normal	0.570127	0.239847	-0.785766
		outer loop
			vertex	26.3751	12.4968	-40.5979
			vertex	29.4335	13.9459	-37.9365
			vertex	27.3763	10.1169	-40.5979
		endloop
	endfacet
	facet normal	0.546697	0.289298	-0.785767
		outer loop
			vertex	29.4335	13.9459	-37.9365
			vertex	26.3751	12.4968	-40.5979
			vertex	28.0858	16.4927	-37.9365
		endloop
	endfacet
	facet normal	0.546683	0.289308	-0.785773
		outer loop
			vertex	25.1674	14.7789	-40.5979
			vertex	28.0858	16.4927	-37.9365
			vertex	26.3751	12.4968	-40.5979
		endloop
	endfacet
	facet normal	0.518982	0.336479	-0.785773
		outer loop
			vertex	28.0858	16.4927	-37.9365
			vertex	25.1674	14.7789	-40.5979
			vertex	26.5183	18.9104	-37.9365
		endloop
	endfacet
	facet normal	0.518971	0.336486	-0.785778
		outer loop
			vertex	23.7627	16.9454	-40.5979
			vertex	26.5183	18.9104	-37.9365
			vertex	25.1674	14.7789	-40.5979
		endloop
	endfacet
	facet normal	0.487203	0.381034	-0.785777
		outer loop
			vertex	26.5183	18.9104	-37.9365
			vertex	23.7627	16.9454	-40.5979
			vertex	24.7432	21.1801	-37.9365
		endloop
	endfacet
	facet normal	0.487204	0.381034	-0.785777
		outer loop
			vertex	22.1721	18.9792	-40.5979
			vertex	24.7432	21.1801	-37.9365
			vertex	23.7627	16.9454	-40.5979
		endloop
	endfacet
	facet normal	0.451623	0.422600	-0.785777
		outer loop
			vertex	24.7432	21.1801	-37.9365
			vertex	22.1721	18.9792	-40.5979
			vertex	22.7745	23.2840	-37.9365
		endloop
	endfacet
	facet normal	0.451631	0.422597	-0.785774
		outer loop
			vertex	20.4080	20.8645	-40.5979
			vertex	22.7745	23.2840	-37.9365
			vertex	22.1721	18.9792	-40.5979
		endloop
	endfacet
	facet normal	0.412505	0.460867	-0.785774
		outer loop
			vertex	22.7745	23.2840	-37.9365
			vertex	20.4080	20.8645	-40.5979
			vertex	20.6275	25.2057	-37.9365
		endloop
	endfacet
	facet normal	0.412503	0.460868	-0.785775
		outer loop
			vertex	18.4841	22.5865	-40.5979
			vertex	20.6275	25.2057	-37.9365
			vertex	20.4080	20.8645	-40.5979
		endloop
	endfacet
	facet normal	0.370159	0.495520	-0.785775
		outer loop
			vertex	20.6275	25.2057	-37.9365
			vertex	18.4841	22.5865	-40.5979
			vertex	18.3191	26.9301	-37.9365
		endloop
	endfacet
	facet normal	0.370181	0.495516	-0.785767
		outer loop
			vertex	16.4156	24.1318	-40.5979
			vertex	18.3191	26.9301	-37.9365
			vertex	18.4841	22.5865	-40.5979
		endloop
	endfacet
	facet normal	0.324928	0.526299	-0.785768
		outer loop
			vertex	18.3191	26.9301	-37.9365
			vertex	16.4156	24.1318	-40.5979
			vertex	15.8673	28.4438	-37.9365
		endloop
	endfacet
	facet normal	0.324930	0.526299	-0.785767
		outer loop
			vertex	14.2186	25.4882	-40.5979
			vertex	15.8673	28.4438	-37.9365
			vertex	16.4156	24.1318	-40.5979
		endloop
	endfacet
	facet normal	0.277135	0.552961	-0.785768
		outer loop
			vertex	15.8673	28.4438	-37.9365
			vertex	14.2186	25.4882	-40.5979
			vertex	13.2914	29.7348	-37.9365
		endloop
	endfacet
	facet normal	0.277139	0.552961	-0.785766
		outer loop
			vertex	11.9103	26.6451	-40.5979
			vertex	13.2914	29.7348	-37.9365
			vertex	14.2186	25.4882	-40.5979
		endloop
	endfacet
	facet normal	0.227195	0.575286	-0.785766
		outer loop
			vertex	13.2914	29.7348	-37.9365
			vertex	11.9103	26.6451	-40.5979
			vertex	10.6114	30.7932	-37.9365
		endloop
	endfacet
	facet normal	0.227164	0.575283	-0.785777
		outer loop
			vertex	9.50877	27.5934	-40.5979
			vertex	10.6114	30.7932	-37.9365
			vertex	11.9103	26.6451	-40.5979
		endloop
	endfacet
	facet normal	0.175440	0.593106	-0.785777
		outer loop
			vertex	10.6114	30.7932	-37.9365
			vertex	9.50877	27.5934	-40.5979
			vertex	7.84838	31.6105	-37.9365
		endloop
	endfacet
	facet normal	0.175447	0.593108	-0.785775
		outer loop
			vertex	7.03285	28.3258	-40.5979
			vertex	7.84838	31.6105	-37.9365
			vertex	9.50877	27.5934	-40.5979
		endloop
	endfacet
	facet normal	0.122355	0.606289	-0.785775
		outer loop
			vertex	7.84838	31.6105	-37.9365
			vertex	7.03285	28.3258	-40.5979
			vertex	5.02393	32.1805	-37.9365
		endloop
	endfacet
	facet normal	0.122362	0.606291	-0.785772
		outer loop
			vertex	4.50189	28.8366	-40.5979
			vertex	5.02393	32.1805	-37.9365
			vertex	7.03285	28.3258	-40.5979
		endloop
	endfacet
	facet normal	0.0682828	0.614734	-0.785773
		outer loop
			vertex	5.02393	32.1805	-37.9365
			vertex	4.50189	28.8366	-40.5979
			vertex	2.16016	32.4986	-37.9365
		endloop
	endfacet
	facet normal	0.0682713	0.614730	-0.785777
		outer loop
			vertex	1.93569	29.1216	-40.5979
			vertex	2.16016	32.4986	-37.9365
			vertex	4.50189	28.8366	-40.5979
		endloop
	endfacet
	facet normal	0.0136736	0.618359	-0.785777
		outer loop
			vertex	2.16016	32.4986	-37.9365
			vertex	1.93569	29.1216	-40.5979
			vertex	-0.720522	32.5623	-37.9365
		endloop
	endfacet
	facet normal	0.0136785	0.618361	-0.785775
		outer loop
			vertex	-0.645652	29.1787	-40.5979
			vertex	-0.720522	32.5623	-37.9365
			vertex	1.93569	29.1216	-40.5979
		endloop
	endfacet
	facet normal	-0.0410209	0.617151	-0.785775
		outer loop
			vertex	-0.720522	32.5623	-37.9365
			vertex	-0.645652	29.1787	-40.5979
			vertex	-3.59556	32.3712	-37.9365
		endloop
	endfacet
	facet normal	-0.0410117	0.617156	-0.785771
		outer loop
			vertex	-3.22194	29.0075	-40.5979
			vertex	-3.59556	32.3712	-37.9365
			vertex	-0.645652	29.1787	-40.5979
		endloop
	endfacet
	facet normal	-0.0954161	0.611113	-0.785771
		outer loop
			vertex	-3.59556	32.3712	-37.9365
			vertex	-3.22194	29.0075	-40.5979
			vertex	-6.44246	31.9267	-37.9365
		endloop
	endfacet
	facet normal	-0.0954134	0.611115	-0.785770
		outer loop
			vertex	-5.77302	28.6092	-40.5979
			vertex	-6.44246	31.9267	-37.9365
			vertex	-3.22194	29.0075	-40.5979
		endloop
	endfacet
	facet normal	-0.149039	0.600294	-0.785770
		outer loop
			vertex	-6.44246	31.9267	-37.9365
			vertex	-5.77302	28.6092	-40.5979
			vertex	-9.23894	31.2324	-37.9365
		endloop
	endfacet
	facet normal	-0.149048	0.600286	-0.785774
		outer loop
			vertex	-8.27891	27.9870	-40.5979
			vertex	-9.23894	31.2324	-37.9365
			vertex	-5.77302	28.6092	-40.5979
		endloop
	endfacet
	facet normal	-0.201502	0.584770	-0.785774
		outer loop
			vertex	-9.23894	31.2324	-37.9365
			vertex	-8.27891	27.9870	-40.5979
			vertex	-11.9631	30.2937	-37.9365
		endloop
	endfacet
	facet normal	-0.201509	0.584763	-0.785778
		outer loop
			vertex	-10.7200	27.1458	-40.5979
			vertex	-11.9631	30.2937	-37.9365
			vertex	-8.27891	27.9870	-40.5979
		endloop
	endfacet
	facet normal	-0.252409	0.564662	-0.785778
		outer loop
			vertex	-11.9631	30.2937	-37.9365
			vertex	-10.7200	27.1458	-40.5979
			vertex	-14.5937	29.1178	-37.9365
		endloop
	endfacet
	facet normal	-0.252395	0.564679	-0.785770
		outer loop
			vertex	-13.0772	26.0922	-40.5979
			vertex	-14.5937	29.1178	-37.9365
			vertex	-10.7200	27.1458	-40.5979
		endloop
	endfacet
	facet normal	-0.301322	0.540156	-0.785771
		outer loop
			vertex	-14.5937	29.1178	-37.9365
			vertex	-13.0772	26.0922	-40.5979
			vertex	-17.1100	27.7141	-37.9365
		endloop
	endfacet
	facet normal	-0.301325	0.540153	-0.785773
		outer loop
			vertex	-15.3321	24.8343	-40.5979
			vertex	-17.1100	27.7141	-37.9365
			vertex	-13.0772	26.0922	-40.5979
		endloop
	endfacet
	facet normal	-0.347881	0.511410	-0.785772
		outer loop
			vertex	-17.1100	27.7141	-37.9365
			vertex	-15.3321	24.8343	-40.5979
			vertex	-19.4924	26.0935	-37.9365
		endloop
	endfacet
	facet normal	-0.347884	0.511405	-0.785775
		outer loop
			vertex	-17.4669	23.3821	-40.5979
			vertex	-19.4924	26.0935	-37.9365
			vertex	-15.3321	24.8343	-40.5979
		endloop
	endfacet
	facet normal	-0.391722	0.478656	-0.785775
		outer loop
			vertex	-19.4924	26.0935	-37.9365
			vertex	-17.4669	23.3821	-40.5979
			vertex	-21.7223	24.2686	-37.9365
		endloop
	endfacet
	facet normal	-0.391723	0.478653	-0.785776
		outer loop
			vertex	-19.4651	21.7468	-40.5979
			vertex	-21.7223	24.2686	-37.9365
			vertex	-17.4669	23.3821	-40.5979
		endloop
	endfacet
	facet normal	-0.432497	0.442157	-0.785776
		outer loop
			vertex	-21.7223	24.2686	-37.9365
			vertex	-19.4651	21.7468	-40.5979
			vertex	-23.7821	22.2538	-37.9365
		endloop
	endfacet
	facet normal	-0.432493	0.442170	-0.785771
		outer loop
			vertex	-21.3109	19.9414	-40.5979
			vertex	-23.7821	22.2538	-37.9365
			vertex	-19.4651	21.7468	-40.5979
		endloop
	endfacet
	facet normal	-0.469868	0.402229	-0.785771
		outer loop
			vertex	-23.7821	22.2538	-37.9365
			vertex	-21.3109	19.9414	-40.5979
			vertex	-25.6559	20.0649	-37.9365
		endloop
	endfacet
	facet normal	-0.469875	0.402202	-0.785780
		outer loop
			vertex	-22.9899	17.9799	-40.5979
			vertex	-25.6559	20.0649	-37.9365
			vertex	-21.3109	19.9414	-40.5979
		endloop
	endfacet
	facet normal	-0.503584	0.359099	-0.785780
		outer loop
			vertex	-25.6559	20.0649	-37.9365
			vertex	-22.9899	17.9799	-40.5979
			vertex	-27.3288	17.7189	-37.9365
		endloop
	endfacet
	facet normal	-0.503583	0.359110	-0.785777
		outer loop
			vertex	-24.4890	15.8777	-40.5979
			vertex	-27.3288	17.7189	-37.9365
			vertex	-22.9899	17.9799	-40.5979
		endloop
	endfacet
	facet normal	-0.533348	0.313200	-0.785777
		outer loop
			vertex	-27.3288	17.7189	-37.9365
			vertex	-24.4890	15.8777	-40.5979
			vertex	-28.7879	15.2342	-37.9365
		endloop
	endfacet
	facet normal	-0.533348	0.313206	-0.785775
		outer loop
			vertex	-25.7965	13.6512	-40.5979
			vertex	-28.7879	15.2342	-37.9365
			vertex	-24.4890	15.8777	-40.5979
		endloop
	endfacet
	facet normal	-0.558951	0.264825	-0.785775
		outer loop
			vertex	-28.7879	15.2342	-37.9365
			vertex	-25.7965	13.6512	-40.5979
			vertex	-30.0216	12.6303	-37.9365
		endloop
	endfacet
	facet normal	-0.558951	0.264827	-0.785774
		outer loop
			vertex	-26.9020	11.3179	-40.5979
			vertex	-30.0216	12.6303	-37.9365
			vertex	-25.7965	13.6512	-40.5979
		endloop
	endfacet
	facet normal	-0.580163	0.214404	-0.785774
		outer loop
			vertex	-30.0216	12.6303	-37.9365
			vertex	-26.9020	11.3179	-40.5979
			vertex	-31.0204	9.92761	-37.9365
		endloop
	endfacet
	facet normal	-0.580163	0.214398	-0.785777
		outer loop
			vertex	-27.7970	8.89602	-40.5979
			vertex	-31.0204	9.92761	-37.9365
			vertex	-26.9020	11.3179	-40.5979
		endloop
	endfacet
	facet normal	-0.596842	0.162281	-0.785777
		outer loop
			vertex	-31.0204	9.92761	-37.9365
			vertex	-27.7970	8.89602	-40.5979
			vertex	-31.7764	7.14717	-37.9365
		endloop
	endfacet
	facet normal	-0.596845	0.162296	-0.785771
		outer loop
			vertex	-28.4745	6.40450	-40.5979
			vertex	-31.7764	7.14717	-37.9365
			vertex	-27.7970	8.89602	-40.5979
		endloop
	endfacet
	facet normal	-0.608855	0.108897	-0.785772
		outer loop
			vertex	-31.7764	7.14717	-37.9365
			vertex	-28.4745	6.40450	-40.5979
			vertex	-32.2837	4.31080	-37.9365
		endloop
	endfacet
	facet normal	-0.608856	0.108901	-0.785770
		outer loop
			vertex	-28.9291	3.86286	-40.5979
			vertex	-32.2837	4.31080	-37.9365
			vertex	-28.4745	6.40450	-40.5979
		endloop
	endfacet
	facet normal	-0.616097	0.0546743	-0.785770
		outer loop
			vertex	-32.2837	4.31080	-37.9365
			vertex	-28.9291	3.86286	-40.5979
			vertex	-32.5384	1.44069	-37.9365
		endloop
	endfacet
	facet normal	-0.616094	0.0546653	-0.785774
		outer loop
			vertex	-29.1573	1.29099	-40.5979
			vertex	-32.5384	1.44069	-37.9365
			vertex	-28.9291	3.86286	-40.5979
		endloop
	endfacet
	facet normal	-0.618514	0.000000	-0.785774
		outer loop
			vertex	-32.5384	1.44069	-37.9365
			vertex	-29.1573	1.29099	-40.5979
			vertex	-32.5384	-1.44069	-37.9365
		endloop
	endfacet
	facet normal	-0.618514	0.000000	-0.785774
		outer loop
			vertex	-29.1573	-1.29099	-40.5979
			vertex	-32.5384	-1.44069	-37.9365
			vertex	-29.1573	1.29099	-40.5979
		endloop
	endfacet
	facet normal	-0.616093	-0.0546739	-0.785773
		outer loop
			vertex	-32.5384	-1.44069	-37.9365
			vertex	-29.1573	-1.29099	-40.5979
			vertex	-32.2837	-4.31080	-37.9365
		endloop
	endfacet
	facet normal	-0.616098	-0.0546657	-0.785770
		outer loop
			vertex	-28.9291	-3.86286	-40.5979
			vertex	-32.2837	-4.31080	-37.9365
			vertex	-29.1573	-1.29099	-40.5979
		endloop
	endfacet
	facet normal	-0.608857	-0.108897	-0.785770
		outer loop
			vertex	-32.2837	-4.31080	-37.9365
			vertex	-28.9291	-3.86286	-40.5979
			vertex	-31.7764	-7.14717	-37.9365
		endloop
	endfacet
	facet normal	-0.608854	-0.108900	-0.785772
		outer loop
			vertex	-28.4745	-6.40450	-40.5979
			vertex	-31.7764	-7.14717	-37.9365
			vertex	-28.9291	-3.86286	-40.5979
		endloop
	endfacet
	facet normal	-0.596848	-0.162283	-0.785772
		outer loop
			vertex	-31.7764	-7.14717	-37.9365
			vertex	-28.4745	-6.40450	-40.5979
			vertex	-31.0204	-9.92761	-37.9365
		endloop
	endfacet
	facet normal	-0.596838	-0.162294	-0.785777
		outer loop
			vertex	-27.7970	-8.89602	-40.5979
			vertex	-31.0204	-9.92761	-37.9365
			vertex	-28.4745	-6.40450	-40.5979
		endloop
	endfacet
	facet normal	-0.580161	-0.214403	-0.785777
		outer loop
			vertex	-31.0204	-9.92761	-37.9365
			vertex	-27.7970	-8.89602	-40.5979
			vertex	-30.0216	-12.6303	-37.9365
		endloop
	endfacet
	facet normal	-0.580166	-0.214399	-0.785774
		outer loop
			vertex	-26.9020	-11.3179	-40.5979
			vertex	-30.0216	-12.6303	-37.9365
			vertex	-27.7970	-8.89602	-40.5979
		endloop
	endfacet
	facet normal	-0.558951	-0.264825	-0.785774
		outer loop
			vertex	-30.0216	-12.6303	-37.9365
			vertex	-26.9020	-11.3179	-40.5979
			vertex	-28.7879	-15.2342	-37.9365
		endloop
	endfacet
	facet normal	-0.558950	-0.264826	-0.785775
		outer loop
			vertex	-25.7965	-13.6512	-40.5979
			vertex	-28.7879	-15.2342	-37.9365
			vertex	-26.9020	-11.3179	-40.5979
		endloop
	endfacet
	facet normal	-0.533350	-0.313201	-0.785775
		outer loop
			vertex	-28.7879	-15.2342	-37.9365
			vertex	-25.7965	-13.6512	-40.5979
			vertex	-27.3288	-17.7189	-37.9365
		endloop
	endfacet
	facet normal	-0.533346	-0.313205	-0.785777
		outer loop
			vertex	-24.4890	-15.8777	-40.5979
			vertex	-27.3288	-17.7189	-37.9365
			vertex	-25.7965	-13.6512	-40.5979
		endloop
	endfacet
	facet normal	-0.503588	-0.359102	-0.785777
		outer loop
			vertex	-27.3288	-17.7189	-37.9365
			vertex	-24.4890	-15.8777	-40.5979
			vertex	-25.6559	-20.0649	-37.9365
		endloop
	endfacet
	facet normal	-0.503579	-0.359107	-0.785780
		outer loop
			vertex	-22.9899	-17.9799	-40.5979
			vertex	-25.6559	-20.0649	-37.9365
			vertex	-24.4890	-15.8777	-40.5979
		endloop
	endfacet
	facet normal	-0.469860	-0.402221	-0.785780
		outer loop
			vertex	-25.6559	-20.0649	-37.9365
			vertex	-22.9899	-17.9799	-40.5979
			vertex	-23.7821	-22.2538	-37.9365
		endloop
	endfacet
	facet normal	-0.469884	-0.402211	-0.785771
		outer loop
			vertex	-21.3109	-19.9414	-40.5979
			vertex	-23.7821	-22.2538	-37.9365
			vertex	-22.9899	-17.9799	-40.5979
		endloop
	endfacet
	facet normal	-0.432501	-0.442161	-0.785771
		outer loop
			vertex	-23.7821	-22.2538	-37.9365
			vertex	-21.3109	-19.9414	-40.5979
			vertex	-21.7223	-24.2686	-37.9365
		endloop
	endfacet
	facet normal	-0.432488	-0.442166	-0.785776
		outer loop
			vertex	-19.4651	-21.7468	-40.5979
			vertex	-21.7223	-24.2686	-37.9365
			vertex	-21.3109	-19.9414	-40.5979
		endloop
	endfacet
	facet normal	-0.391721	-0.478655	-0.785776
		outer loop
			vertex	-21.7223	-24.2686	-37.9365
			vertex	-19.4651	-21.7468	-40.5979
			vertex	-19.4924	-26.0935	-37.9365
		endloop
	endfacet
	facet normal	-0.391724	-0.478654	-0.785775
		outer loop
			vertex	-17.4669	-23.3821	-40.5979
			vertex	-19.4924	-26.0935	-37.9365
			vertex	-19.4651	-21.7468	-40.5979
		endloop
	endfacet
	facet normal	-0.347879	-0.511408	-0.785775
		outer loop
			vertex	-19.4924	-26.0935	-37.9365
			vertex	-17.4669	-23.3821	-40.5979
			vertex	-17.1100	-27.7141	-37.9365
		endloop
	endfacet
	facet normal	-0.347886	-0.511407	-0.785772
		outer loop
			vertex	-15.3321	-24.8343	-40.5979
			vertex	-17.1100	-27.7141	-37.9365
			vertex	-17.4669	-23.3821	-40.5979
		endloop
	endfacet
	facet normal	-0.301322	-0.540155	-0.785772
		outer loop
			vertex	-17.1100	-27.7141	-37.9365
			vertex	-15.3321	-24.8343	-40.5979
			vertex	-14.5937	-29.1178	-37.9365
		endloop
	endfacet
	facet normal	-0.301326	-0.540154	-0.785771
		outer loop
			vertex	-13.0772	-26.0922	-40.5979
			vertex	-14.5937	-29.1178	-37.9365
			vertex	-15.3321	-24.8343	-40.5979
		endloop
	endfacet
	facet normal	-0.252412	-0.564671	-0.785770
		outer loop
			vertex	-14.5937	-29.1178	-37.9365
			vertex	-13.0772	-26.0922	-40.5979
			vertex	-11.9631	-30.2937	-37.9365
		endloop
	endfacet
	facet normal	-0.252391	-0.564670	-0.785778
		outer loop
			vertex	-10.7200	-27.1458	-40.5979
			vertex	-11.9631	-30.2937	-37.9365
			vertex	-13.0772	-26.0922	-40.5979
		endloop
	endfacet
	facet normal	-0.201501	-0.584766	-0.785778
		outer loop
			vertex	-11.9631	-30.2937	-37.9365
			vertex	-10.7200	-27.1458	-40.5979
			vertex	-9.23894	-31.2324	-37.9365
		endloop
	endfacet
	facet normal	-0.201511	-0.584767	-0.785774
		outer loop
			vertex	-8.27891	-27.9870	-40.5979
			vertex	-9.23894	-31.2324	-37.9365
			vertex	-10.7200	-27.1458	-40.5979
		endloop
	endfacet
	facet normal	-0.149038	-0.600289	-0.785774
		outer loop
			vertex	-9.23894	-31.2324	-37.9365
			vertex	-8.27891	-27.9870	-40.5979
			vertex	-6.44246	-31.9267	-37.9365
		endloop
	endfacet
	facet normal	-0.149049	-0.600292	-0.785770
		outer loop
			vertex	-5.77302	-28.6092	-40.5979
			vertex	-6.44246	-31.9267	-37.9365
			vertex	-8.27891	-27.9870	-40.5979
		endloop
	endfacet
	facet normal	-0.0954164	-0.611115	-0.785770
		outer loop
			vertex	-6.44246	-31.9267	-37.9365
			vertex	-5.77302	-28.6092	-40.5979
			vertex	-3.59556	-32.3712	-37.9365
		endloop
	endfacet
	facet normal	-0.0954131	-0.611114	-0.785771
		outer loop
			vertex	-3.22194	-29.0075	-40.5979
			vertex	-3.59556	-32.3712	-37.9365
			vertex	-5.77302	-28.6092	-40.5979
		endloop
	endfacet
	facet normal	-0.0410212	-0.617155	-0.785771
		outer loop
			vertex	-3.59556	-32.3712	-37.9365
			vertex	-3.22194	-29.0075	-40.5979
			vertex	-0.720522	-32.5623	-37.9365
		endloop
	endfacet
	facet normal	-0.0410114	-0.617151	-0.785775
		outer loop
			vertex	-0.645652	-29.1787	-40.5979
			vertex	-0.720522	-32.5623	-37.9365
			vertex	-3.22194	-29.0075	-40.5979
		endloop
	endfacet
	facet normal	0.0136736	-0.618361	-0.785775
		outer loop
			vertex	-0.720522	-32.5623	-37.9365
			vertex	-0.645652	-29.1787	-40.5979
			vertex	2.16016	-32.4986	-37.9365
		endloop
	endfacet
	facet normal	0.0136785	-0.618359	-0.785777
		outer loop
			vertex	1.93569	-29.1216	-40.5979
			vertex	2.16016	-32.4986	-37.9365
			vertex	-0.645652	-29.1787	-40.5979
		endloop
	endfacet
	facet normal	0.0682822	-0.614729	-0.785777
		outer loop
			vertex	2.16016	-32.4986	-37.9365
			vertex	1.93569	-29.1216	-40.5979
			vertex	5.02393	-32.1805	-37.9365
		endloop
	endfacet
	facet normal	0.0682719	-0.614736	-0.785773
		outer loop
			vertex	4.50189	-28.8366	-40.5979
			vertex	5.02393	-32.1805	-37.9365
			vertex	1.93569	-29.1216	-40.5979
		endloop
	endfacet
	facet normal	0.122356	-0.606292	-0.785773
		outer loop
			vertex	5.02393	-32.1805	-37.9365
			vertex	4.50189	-28.8366	-40.5979
			vertex	7.84838	-31.6105	-37.9365
		endloop
	endfacet
	facet normal	0.122361	-0.606288	-0.785775
		outer loop
			vertex	7.03285	-28.3258	-40.5979
			vertex	7.84838	-31.6105	-37.9365
			vertex	4.50189	-28.8366	-40.5979
		endloop
	endfacet
	facet normal	0.175441	-0.593109	-0.785775
		outer loop
			vertex	7.84838	-31.6105	-37.9365
			vertex	7.03285	-28.3258	-40.5979
			vertex	10.6114	-30.7932	-37.9365
		endloop
	endfacet
	facet normal	0.175446	-0.593105	-0.785777
		outer loop
			vertex	9.50877	-27.5934	-40.5979
			vertex	10.6114	-30.7932	-37.9365
			vertex	7.03285	-28.3258	-40.5979
		endloop
	endfacet
	facet normal	0.227190	-0.575274	-0.785777
		outer loop
			vertex	10.6114	-30.7932	-37.9365
			vertex	9.50877	-27.5934	-40.5979
			vertex	13.2914	-29.7348	-37.9365
		endloop
	endfacet
	facet normal	0.227169	-0.575297	-0.785766
		outer loop
			vertex	11.9103	-26.6451	-40.5979
			vertex	13.2914	-29.7348	-37.9365
			vertex	9.50877	-27.5934	-40.5979
		endloop
	endfacet
	facet normal	0.277136	-0.552962	-0.785766
		outer loop
			vertex	13.2914	-29.7348	-37.9365
			vertex	11.9103	-26.6451	-40.5979
			vertex	15.8673	-28.4438	-37.9365
		endloop
	endfacet
	facet normal	0.277138	-0.552959	-0.785768
		outer loop
			vertex	14.2186	-25.4882	-40.5979
			vertex	15.8673	-28.4438	-37.9365
			vertex	11.9103	-26.6451	-40.5979
		endloop
	endfacet
	facet normal	0.324929	-0.526300	-0.785767
		outer loop
			vertex	15.8673	-28.4438	-37.9365
			vertex	14.2186	-25.4882	-40.5979
			vertex	18.3191	-26.9301	-37.9365
		endloop
	endfacet
	facet normal	0.324930	-0.526298	-0.785768
		outer loop
			vertex	16.4156	-24.1318	-40.5979
			vertex	18.3191	-26.9301	-37.9365
			vertex	14.2186	-25.4882	-40.5979
		endloop
	endfacet
	facet normal	0.370165	-0.495527	-0.785768
		outer loop
			vertex	18.3191	-26.9301	-37.9365
			vertex	16.4156	-24.1318	-40.5979
			vertex	20.6275	-25.2057	-37.9365
		endloop
	endfacet
	facet normal	0.370175	-0.495507	-0.785776
		outer loop
			vertex	18.4841	-22.5865	-40.5979
			vertex	20.6275	-25.2057	-37.9365
			vertex	16.4156	-24.1318	-40.5979
		endloop
	endfacet
	facet normal	0.412504	-0.460867	-0.785775
		outer loop
			vertex	20.6275	-25.2057	-37.9365
			vertex	18.4841	-22.5865	-40.5979
			vertex	22.7745	-23.2840	-37.9365
		endloop
	endfacet
	facet normal	0.412503	-0.460868	-0.785774
		outer loop
			vertex	20.4080	-20.8645	-40.5979
			vertex	22.7745	-23.2840	-37.9365
			vertex	18.4841	-22.5865	-40.5979
		endloop
	endfacet
	facet normal	0.451626	-0.422603	-0.785774
		outer loop
			vertex	22.7745	-23.2840	-37.9365
			vertex	20.4080	-20.8645	-40.5979
			vertex	24.7432	-21.1801	-37.9365
		endloop
	endfacet
	facet normal	0.451628	-0.422594	-0.785777
		outer loop
			vertex	22.1721	-18.9792	-40.5979
			vertex	24.7432	-21.1801	-37.9365
			vertex	20.4080	-20.8645	-40.5979
		endloop
	endfacet
	facet normal	0.487203	-0.381035	-0.785777
		outer loop
			vertex	24.7432	-21.1801	-37.9365
			vertex	22.1721	-18.9792	-40.5979
			vertex	26.5183	-18.9104	-37.9365
		endloop
	endfacet
	facet normal	0.487204	-0.381034	-0.785777
		outer loop
			vertex	23.7627	-16.9454	-40.5979
			vertex	26.5183	-18.9104	-37.9365
			vertex	22.1721	-18.9792	-40.5979
		endloop
	endfacet
	facet normal	0.518978	-0.336476	-0.785777
		outer loop
			vertex	26.5183	-18.9104	-37.9365
			vertex	23.7627	-16.9454	-40.5979
			vertex	28.0858	-16.4927	-37.9365
		endloop
	endfacet
	facet normal	0.518976	-0.336490	-0.785773
		outer loop
			vertex	25.1674	-14.7789	-40.5979
			vertex	28.0858	-16.4927	-37.9365
			vertex	23.7627	-16.9454	-40.5979
		endloop
	endfacet
	facet normal	0.546691	-0.289295	-0.785772
		outer loop
			vertex	28.0858	-16.4927	-37.9365
			vertex	25.1674	-14.7789	-40.5979
			vertex	29.4335	-13.9459	-37.9365
		endloop
	endfacet
	facet normal	0.546690	-0.289312	-0.785766
		outer loop
			vertex	26.3751	-12.4968	-40.5979
			vertex	29.4335	-13.9459	-37.9365
			vertex	25.1674	-14.7789	-40.5979
		endloop
	endfacet
	facet normal	0.570120	-0.239863	-0.785767
		outer loop
			vertex	29.4335	-13.9459	-37.9365
			vertex	26.3751	-12.4968	-40.5979
			vertex	30.5509	-11.2900	-37.9365
		endloop
	endfacet
	facet normal	0.570119	-0.239843	-0.785773
		outer loop
			vertex	27.3763	-10.1169	-40.5979
			vertex	30.5509	-11.2900	-37.9365
			vertex	26.3751	-12.4968	-40.5979
		endloop
	endfacet
	facet normal	0.589079	-0.188535	-0.785774
		outer loop
			vertex	30.5509	-11.2900	-37.9365
			vertex	27.3763	-10.1169	-40.5979
			vertex	31.4292	-8.54575	-37.9365
		endloop
	endfacet
	facet normal	0.589077	-0.188522	-0.785779
		outer loop
			vertex	28.1633	-7.65775	-40.5979
			vertex	31.4292	-8.54575	-37.9365
			vertex	27.3763	-10.1169	-40.5979
		endloop
	endfacet
	facet normal	0.603432	-0.135727	-0.785779
		outer loop
			vertex	31.4292	-8.54575	-37.9365
			vertex	28.1633	-7.65775	-40.5979
			vertex	32.0615	-5.73460	-37.9365
		endloop
	endfacet
	facet normal	0.603432	-0.135728	-0.785779
		outer loop
			vertex	28.7299	-5.13871	-40.5979
			vertex	32.0615	-5.73460	-37.9365
			vertex	28.1633	-7.65775	-40.5979
		endloop
	endfacet
	facet normal	0.613069	-0.0818488	-0.785778
		outer loop
			vertex	32.0615	-5.73460	-37.9365
			vertex	28.7299	-5.13871	-40.5979
			vertex	32.4428	-2.87856	-37.9365
		endloop
	endfacet
	facet normal	0.613070	-0.0818539	-0.785777
		outer loop
			vertex	29.0716	-2.57945	-40.5979
			vertex	32.4428	-2.87856	-37.9365
			vertex	28.7299	-5.13871	-40.5979
		endloop
	endfacet
	facet normal	0.617905	-0.0273688	-0.785777
		outer loop
			vertex	32.4428	-2.87856	-37.9365
			vertex	29.0716	-2.57945	-40.5979
			vertex	32.5703	0.000000	-37.9365
		endloop
	endfacet
	facet normal	0.617910	-0.0273807	-0.785772
		outer loop
			vertex	29.1859	0.000000	-40.5979
			vertex	32.5703	0.000000	-37.9365
			vertex	29.0716	-2.57945	-40.5979
		endloop
	endfacet
	facet normal	0.617910	0.0273691	-0.785772
		outer loop
			vertex	32.5703	0.000000	-37.9365
			vertex	29.1859	0.000000	-40.5979
			vertex	32.4428	2.87856	-37.9365
		endloop
	endfacet
	facet normal	0.617904	0.0273804	-0.785777
		outer loop
			vertex	29.0716	2.57945	-40.5979
			vertex	32.4428	2.87856	-37.9365
			vertex	29.1859	0.000000	-40.5979
		endloop
	endfacet
	facet normal	0.543765	0.0726006	-0.836092
		outer loop
			vertex	29.0716	2.57945	-40.5979
			vertex	25.4849	2.26121	-42.9582
			vertex	28.7299	5.13871	-40.5979
		endloop
	endfacet
	facet normal	0.543756	0.0726136	-0.836096
		outer loop
			vertex	25.1853	4.50472	-42.9582
			vertex	28.7299	5.13871	-40.5979
			vertex	25.4849	2.26121	-42.9582
		endloop
	endfacet
	facet normal	0.535212	0.120384	-0.836096
		outer loop
			vertex	28.7299	5.13871	-40.5979
			vertex	25.1853	4.50472	-42.9582
			vertex	28.1633	7.65775	-40.5979
		endloop
	endfacet
	facet normal	0.535227	0.120364	-0.836089
		outer loop
			vertex	24.6887	6.71297	-42.9582
			vertex	28.1633	7.65775	-40.5979
			vertex	25.1853	4.50472	-42.9582
		endloop
	endfacet
	facet normal	0.522489	0.167212	-0.836089
		outer loop
			vertex	28.1633	7.65775	-40.5979
			vertex	24.6887	6.71297	-42.9582
			vertex	27.3763	10.1169	-40.5979
		endloop
	endfacet
	facet normal	0.522471	0.167231	-0.836097
		outer loop
			vertex	23.9987	8.86869	-42.9582
			vertex	27.3763	10.1169	-40.5979
			vertex	24.6887	6.71297	-42.9582
		endloop
	endfacet
	facet normal	0.505658	0.212725	-0.836097
		outer loop
			vertex	27.3763	10.1169	-40.5979
			vertex	23.9987	8.86869	-42.9582
			vertex	26.3751	12.4968	-40.5979
		endloop
	endfacet
	facet normal	0.505656	0.212727	-0.836097
		outer loop
			vertex	23.1210	10.9550	-42.9582
			vertex	26.3751	12.4968	-40.5979
			vertex	23.9987	8.86869	-42.9582
		endloop
	endfacet
	facet normal	0.484871	0.256596	-0.836097
		outer loop
			vertex	26.3751	12.4968	-40.5979
			vertex	23.1210	10.9550	-42.9582
			vertex	25.1674	14.7789	-40.5979
		endloop
	endfacet
	facet normal	0.484876	0.256592	-0.836095
		outer loop
			vertex	22.0623	12.9556	-42.9582
			vertex	25.1674	14.7789	-40.5979
			vertex	23.1210	10.9550	-42.9582
		endloop
	endfacet
	facet normal	0.460300	0.298446	-0.836095
		outer loop
			vertex	25.1674	14.7789	-40.5979
			vertex	22.0623	12.9556	-42.9582
			vertex	23.7627	16.9454	-40.5979
		endloop
	endfacet
	facet normal	0.460304	0.298443	-0.836093
		outer loop
			vertex	20.8310	14.8547	-42.9582
			vertex	23.7627	16.9454	-40.5979
			vertex	22.0623	12.9556	-42.9582
		endloop
	endfacet
	facet normal	0.432125	0.337958	-0.836094
		outer loop
			vertex	23.7627	16.9454	-40.5979
			vertex	20.8310	14.8547	-42.9582
			vertex	22.1721	18.9792	-40.5979
		endloop
	endfacet
	facet normal	0.432135	0.337953	-0.836090
		outer loop
			vertex	19.4366	16.6377	-42.9582
			vertex	22.1721	18.9792	-40.5979
			vertex	20.8310	14.8547	-42.9582
		endloop
	endfacet
	facet normal	0.400575	0.374823	-0.836090
		outer loop
			vertex	22.1721	18.9792	-40.5979
			vertex	19.4366	16.6377	-42.9582
			vertex	20.4080	20.8645	-40.5979
		endloop
	endfacet
	facet normal	0.400566	0.374827	-0.836093
		outer loop
			vertex	17.8901	18.2904	-42.9582
			vertex	20.4080	20.8645	-40.5979
			vertex	19.4366	16.6377	-42.9582
		endloop
	endfacet
	facet normal	0.365869	0.408766	-0.836092
		outer loop
			vertex	20.4080	20.8645	-40.5979
			vertex	17.8901	18.2904	-42.9582
			vertex	18.4841	22.5865	-40.5979
		endloop
	endfacet
	facet normal	0.365867	0.408767	-0.836093
		outer loop
			vertex	16.2036	19.7999	-42.9582
			vertex	18.4841	22.5865	-40.5979
			vertex	17.8901	18.2904	-42.9582
		endloop
	endfacet
	facet normal	0.328326	0.439489	-0.836093
		outer loop
			vertex	18.4841	22.5865	-40.5979
			vertex	16.2036	19.7999	-42.9582
			vertex	16.4156	24.1318	-40.5979
		endloop
	endfacet
	facet normal	0.328316	0.439491	-0.836096
		outer loop
			vertex	14.3903	21.1545	-42.9582
			vertex	16.4156	24.1318	-40.5979
			vertex	16.2036	19.7999	-42.9582
		endloop
	endfacet
	facet normal	0.288189	0.466788	-0.836096
		outer loop
			vertex	16.4156	24.1318	-40.5979
			vertex	14.3903	21.1545	-42.9582
			vertex	14.2186	25.4882	-40.5979
		endloop
	endfacet
	facet normal	0.288169	0.466790	-0.836102
		outer loop
			vertex	12.4643	22.3435	-42.9582
			vertex	14.2186	25.4882	-40.5979
			vertex	14.3903	21.1545	-42.9582
		endloop
	endfacet
	facet normal	0.245798	0.490427	-0.836101
		outer loop
			vertex	14.2186	25.4882	-40.5979
			vertex	12.4643	22.3435	-42.9582
			vertex	11.9103	26.6451	-40.5979
		endloop
	endfacet
	facet normal	0.245807	0.490426	-0.836099
		outer loop
			vertex	10.4408	23.3577	-42.9582
			vertex	11.9103	26.6451	-40.5979
			vertex	12.4643	22.3435	-42.9582
		endloop
	endfacet
	facet normal	0.201480	0.510240	-0.836098
		outer loop
			vertex	11.9103	26.6451	-40.5979
			vertex	10.4408	23.3577	-42.9582
			vertex	9.50877	27.5934	-40.5979
		endloop
	endfacet
	facet normal	0.201510	0.510242	-0.836090
		outer loop
			vertex	8.33562	24.1891	-42.9582
			vertex	9.50877	27.5934	-40.5979
			vertex	10.4408	23.3577	-42.9582
		endloop
	endfacet
	facet normal	0.155613	0.526059	-0.836090
		outer loop
			vertex	9.50877	27.5934	-40.5979
			vertex	8.33562	24.1891	-42.9582
			vertex	7.03285	28.3258	-40.5979
		endloop
	endfacet
	facet normal	0.155603	0.526058	-0.836093
		outer loop
			vertex	6.16517	24.8311	-42.9582
			vertex	7.03285	28.3258	-40.5979
			vertex	8.33562	24.1891	-42.9582
		endloop
	endfacet
	facet normal	0.108528	0.537746	-0.836093
		outer loop
			vertex	7.03285	28.3258	-40.5979
			vertex	6.16517	24.8311	-42.9582
			vertex	4.50189	28.8366	-40.5979
		endloop
	endfacet
	facet normal	0.108507	0.537740	-0.836099
		outer loop
			vertex	3.94646	25.2788	-42.9582
			vertex	4.50189	28.8366	-40.5979
			vertex	6.16517	24.8311	-42.9582
		endloop
	endfacet
	facet normal	0.0605523	0.545227	-0.836099
		outer loop
			vertex	4.50189	28.8366	-40.5979
			vertex	3.94646	25.2788	-42.9582
			vertex	1.93569	29.1216	-40.5979
		endloop
	endfacet
	facet normal	0.0605683	0.545232	-0.836094
		outer loop
			vertex	1.69687	25.5287	-42.9582
			vertex	1.93569	29.1216	-40.5979
			vertex	3.94646	25.2788	-42.9582
		endloop
	endfacet
	facet normal	0.0121321	0.548452	-0.836094
		outer loop
			vertex	1.93569	29.1216	-40.5979
			vertex	1.69687	25.5287	-42.9582
			vertex	-0.645652	29.1787	-40.5979
		endloop
	endfacet
	facet normal	0.0121431	0.548457	-0.836091
		outer loop
			vertex	-0.565994	25.5788	-42.9582
			vertex	-0.645652	29.1787	-40.5979
			vertex	1.69687	25.5287	-42.9582
		endloop
	endfacet
	facet normal	-0.0363751	0.547383	-0.836091
		outer loop
			vertex	-0.645652	29.1787	-40.5979
			vertex	-0.565994	25.5788	-42.9582
			vertex	-3.22194	29.0075	-40.5979
		endloop
	endfacet
	facet normal	-0.0364037	0.547368	-0.836100
		outer loop
			vertex	-2.82443	25.4286	-42.9582
			vertex	-3.22194	29.0075	-40.5979
			vertex	-0.565994	25.5788	-42.9582
		endloop
	endfacet
	facet normal	-0.0846242	0.542011	-0.836100
		outer loop
			vertex	-3.22194	29.0075	-40.5979
			vertex	-2.82443	25.4286	-42.9582
			vertex	-5.77302	28.6092	-40.5979
		endloop
	endfacet
	facet normal	-0.0846112	0.542020	-0.836095
		outer loop
			vertex	-5.06077	25.0795	-42.9582
			vertex	-5.77302	28.6092	-40.5979
			vertex	-2.82443	25.4286	-42.9582
		endloop
	endfacet
	facet normal	-0.132197	0.532418	-0.836095
		outer loop
			vertex	-5.77302	28.6092	-40.5979
			vertex	-5.06077	25.0795	-42.9582
			vertex	-8.27891	27.9870	-40.5979
		endloop
	endfacet
	facet normal	-0.132190	0.532424	-0.836093
		outer loop
			vertex	-7.25749	24.5341	-42.9582
			vertex	-8.27891	27.9870	-40.5979
			vertex	-5.06077	25.0795	-42.9582
		endloop
	endfacet
	facet normal	-0.178729	0.518657	-0.836093
		outer loop
			vertex	-8.27891	27.9870	-40.5979
			vertex	-7.25749	24.5341	-42.9582
			vertex	-10.7200	27.1458	-40.5979
		endloop
	endfacet
	facet normal	-0.178726	0.518660	-0.836091
		outer loop
			vertex	-9.39742	23.7967	-42.9582
			vertex	-10.7200	27.1458	-40.5979
			vertex	-7.25749	24.5341	-42.9582
		endloop
	endfacet
	facet normal	-0.223859	0.500837	-0.836092
		outer loop
			vertex	-10.7200	27.1458	-40.5979
			vertex	-9.39742	23.7967	-42.9582
			vertex	-13.0772	26.0922	-40.5979
		endloop
	endfacet
	facet normal	-0.223873	0.500821	-0.836098
		outer loop
			vertex	-11.4638	22.8730	-42.9582
			vertex	-13.0772	26.0922	-40.5979
			vertex	-9.39742	23.7967	-42.9582
		endloop
	endfacet
	facet normal	-0.267255	0.479078	-0.836097
		outer loop
			vertex	-13.0772	26.0922	-40.5979
			vertex	-11.4638	22.8730	-42.9582
			vertex	-15.3321	24.8343	-40.5979
		endloop
	endfacet
	facet normal	-0.267254	0.479079	-0.836097
		outer loop
			vertex	-13.4405	21.7703	-42.9582
			vertex	-15.3321	24.8343	-40.5979
			vertex	-11.4638	22.8730	-42.9582
		endloop
	endfacet
	facet normal	-0.308551	0.453584	-0.836097
		outer loop
			vertex	-15.3321	24.8343	-40.5979
			vertex	-13.4405	21.7703	-42.9582
			vertex	-17.4669	23.3821	-40.5979
		endloop
	endfacet
	facet normal	-0.308549	0.453588	-0.836095
		outer loop
			vertex	-15.3119	20.4973	-42.9582
			vertex	-17.4669	23.3821	-40.5979
			vertex	-13.4405	21.7703	-42.9582
		endloop
	endfacet
	facet normal	-0.347436	0.424538	-0.836095
		outer loop
			vertex	-17.4669	23.3821	-40.5979
			vertex	-15.3119	20.4973	-42.9582
			vertex	-19.4651	21.7468	-40.5979
		endloop
	endfacet
	facet normal	-0.347430	0.424551	-0.836091
		outer loop
			vertex	-17.0636	19.0638	-42.9582
			vertex	-19.4651	21.7468	-40.5979
			vertex	-15.3119	20.4973	-42.9582
		endloop
	endfacet
	facet normal	-0.383596	0.392180	-0.836091
		outer loop
			vertex	-19.4651	21.7468	-40.5979
			vertex	-17.0636	19.0638	-42.9582
			vertex	-21.3109	19.9414	-40.5979
		endloop
	endfacet
	facet normal	-0.383597	0.392177	-0.836092
		outer loop
			vertex	-18.6817	17.4811	-42.9582
			vertex	-21.3109	19.9414	-40.5979
			vertex	-17.0636	19.0638	-42.9582
		endloop
	endfacet
	facet normal	-0.416760	0.356737	-0.836092
		outer loop
			vertex	-21.3109	19.9414	-40.5979
			vertex	-18.6817	17.4811	-42.9582
			vertex	-22.9899	17.9799	-40.5979
		endloop
	endfacet
	facet normal	-0.416763	0.356726	-0.836095
		outer loop
			vertex	-20.1535	15.7616	-42.9582
			vertex	-22.9899	17.9799	-40.5979
			vertex	-18.6817	17.4811	-42.9582
		endloop
	endfacet
	facet normal	-0.446650	0.318511	-0.836095
		outer loop
			vertex	-22.9899	17.9799	-40.5979
			vertex	-20.1535	15.7616	-42.9582
			vertex	-24.4890	15.8777	-40.5979
		endloop
	endfacet
	facet normal	-0.446647	0.318528	-0.836090
		outer loop
			vertex	-21.4677	13.9188	-42.9582
			vertex	-24.4890	15.8777	-40.5979
			vertex	-20.1535	15.7616	-42.9582
		endloop
	endfacet
	facet normal	-0.473055	0.277799	-0.836090
		outer loop
			vertex	-24.4890	15.8777	-40.5979
			vertex	-21.4677	13.9188	-42.9582
			vertex	-25.7965	13.6512	-40.5979
		endloop
	endfacet
	facet normal	-0.473057	0.277780	-0.836096
		outer loop
			vertex	-22.6138	11.9670	-42.9582
			vertex	-25.7965	13.6512	-40.5979
			vertex	-21.4677	13.9188	-42.9582
		endloop
	endfacet
	facet normal	-0.495755	0.234885	-0.836096
		outer loop
			vertex	-25.7965	13.6512	-40.5979
			vertex	-22.6138	11.9670	-42.9582
			vertex	-26.9020	11.3179	-40.5979
		endloop
	endfacet
	facet normal	-0.495755	0.234905	-0.836090
		outer loop
			vertex	-23.5830	9.92155	-42.9582
			vertex	-26.9020	11.3179	-40.5979
			vertex	-22.6138	11.9670	-42.9582
		endloop
	endfacet
	facet normal	-0.514579	0.190161	-0.836090
		outer loop
			vertex	-26.9020	11.3179	-40.5979
			vertex	-23.5830	9.92155	-42.9582
			vertex	-27.7970	8.89602	-40.5979
		endloop
	endfacet
	facet normal	-0.514580	0.190166	-0.836089
		outer loop
			vertex	-24.3676	7.79846	-42.9582
			vertex	-27.7970	8.89602	-40.5979
			vertex	-23.5830	9.92155	-42.9582
		endloop
	endfacet
	facet normal	-0.529371	0.143948	-0.836089
		outer loop
			vertex	-27.7970	8.89602	-40.5979
			vertex	-24.3676	7.79846	-42.9582
			vertex	-28.4745	6.40450	-40.5979
		endloop
	endfacet
	facet normal	-0.529367	0.143920	-0.836097
		outer loop
			vertex	-24.9614	5.61434	-42.9582
			vertex	-28.4745	6.40450	-40.5979
			vertex	-24.3676	7.79846	-42.9582
		endloop
	endfacet
	facet normal	-0.540012	0.0965872	-0.836097
		outer loop
			vertex	-28.4745	6.40450	-40.5979
			vertex	-24.9614	5.61434	-42.9582
			vertex	-28.9291	3.86286	-40.5979
		endloop
	endfacet
	facet normal	-0.540011	0.0965836	-0.836098
		outer loop
			vertex	-25.3599	3.38628	-42.9582
			vertex	-28.9291	3.86286	-40.5979
			vertex	-24.9614	5.61434	-42.9582
		endloop
	endfacet
	facet normal	-0.546434	0.0484844	-0.836098
		outer loop
			vertex	-28.9291	3.86286	-40.5979
			vertex	-25.3599	3.38628	-42.9582
			vertex	-29.1573	1.29099	-40.5979
		endloop
	endfacet
	facet normal	-0.546439	0.0484982	-0.836094
		outer loop
			vertex	-25.5600	1.13171	-42.9582
			vertex	-29.1573	1.29099	-40.5979
			vertex	-25.3599	3.38628	-42.9582
		endloop
	endfacet
	facet normal	-0.548586	0.000000	-0.836094
		outer loop
			vertex	-29.1573	1.29099	-40.5979
			vertex	-25.5600	1.13171	-42.9582
			vertex	-29.1573	-1.29099	-40.5979
		endloop
	endfacet
	facet normal	-0.548586	0.000000	-0.836094
		outer loop
			vertex	-25.5600	-1.13171	-42.9582
			vertex	-29.1573	-1.29099	-40.5979
			vertex	-25.5600	1.13171	-42.9582
		endloop
	endfacet
	facet normal	-0.546440	-0.0484849	-0.836094
		outer loop
			vertex	-29.1573	-1.29099	-40.5979
			vertex	-25.5600	-1.13171	-42.9582
			vertex	-28.9291	-3.86286	-40.5979
		endloop
	endfacet
	facet normal	-0.546432	-0.0484976	-0.836098
		outer loop
			vertex	-25.3599	-3.38628	-42.9582
			vertex	-28.9291	-3.86286	-40.5979
			vertex	-25.5600	-1.13171	-42.9582
		endloop
	endfacet
	facet normal	-0.540011	-0.0965869	-0.836098
		outer loop
			vertex	-28.9291	-3.86286	-40.5979
			vertex	-25.3599	-3.38628	-42.9582
			vertex	-28.4745	-6.40450	-40.5979
		endloop
	endfacet
	facet normal	-0.540013	-0.0965839	-0.836097
		outer loop
			vertex	-24.9614	-5.61434	-42.9582
			vertex	-28.4745	-6.40450	-40.5979
			vertex	-25.3599	-3.38628	-42.9582
		endloop
	endfacet
	facet normal	-0.529360	-0.143945	-0.836096
		outer loop
			vertex	-28.4745	-6.40450	-40.5979
			vertex	-24.9614	-5.61434	-42.9582
			vertex	-27.7970	-8.89602	-40.5979
		endloop
	endfacet
	facet normal	-0.529379	-0.143923	-0.836088
		outer loop
			vertex	-24.3676	-7.79846	-42.9582
			vertex	-27.7970	-8.89602	-40.5979
			vertex	-24.9614	-5.61434	-42.9582
		endloop
	endfacet
	facet normal	-0.514581	-0.190162	-0.836089
		outer loop
			vertex	-27.7970	-8.89602	-40.5979
			vertex	-24.3676	-7.79846	-42.9582
			vertex	-26.9020	-11.3179	-40.5979
		endloop
	endfacet
	facet normal	-0.514578	-0.190165	-0.836090
		outer loop
			vertex	-23.5830	-9.92155	-42.9582
			vertex	-26.9020	-11.3179	-40.5979
			vertex	-24.3676	-7.79846	-42.9582
		endloop
	endfacet
	facet normal	-0.495762	-0.234888	-0.836090
		outer loop
			vertex	-26.9020	-11.3179	-40.5979
			vertex	-23.5830	-9.92155	-42.9582
			vertex	-25.7965	-13.6512	-40.5979
		endloop
	endfacet
	facet normal	-0.495747	-0.234901	-0.836096
		outer loop
			vertex	-22.6138	-11.9670	-42.9582
			vertex	-25.7965	-13.6512	-40.5979
			vertex	-23.5830	-9.92155	-42.9582
		endloop
	endfacet
	facet normal	-0.473048	-0.277795	-0.836095
		outer loop
			vertex	-25.7965	-13.6512	-40.5979
			vertex	-22.6138	-11.9670	-42.9582
			vertex	-24.4890	-15.8777	-40.5979
		endloop
	endfacet
	facet normal	-0.473064	-0.277784	-0.836090
		outer loop
			vertex	-21.4677	-13.9188	-42.9582
			vertex	-24.4890	-15.8777	-40.5979
			vertex	-22.6138	-11.9670	-42.9582
		endloop
	endfacet
	facet normal	-0.446656	-0.318515	-0.836090
		outer loop
			vertex	-24.4890	-15.8777	-40.5979
			vertex	-21.4677	-13.9188	-42.9582
			vertex	-22.9899	-17.9799	-40.5979
		endloop
	endfacet
	facet normal	-0.446641	-0.318524	-0.836095
		outer loop
			vertex	-20.1535	-15.7616	-42.9582
			vertex	-22.9899	-17.9799	-40.5979
			vertex	-21.4677	-13.9188	-42.9582
		endloop
	endfacet
	facet normal	-0.416756	-0.356734	-0.836095
		outer loop
			vertex	-22.9899	-17.9799	-40.5979
			vertex	-20.1535	-15.7616	-42.9582
			vertex	-21.3109	-19.9414	-40.5979
		endloop
	endfacet
	facet normal	-0.416767	-0.356730	-0.836092
		outer loop
			vertex	-18.6817	-17.4811	-42.9582
			vertex	-21.3109	-19.9414	-40.5979
			vertex	-20.1535	-15.7616	-42.9582
		endloop
	endfacet
	facet normal	-0.383595	-0.392179	-0.836092
		outer loop
			vertex	-21.3109	-19.9414	-40.5979
			vertex	-18.6817	-17.4811	-42.9582
			vertex	-19.4651	-21.7468	-40.5979
		endloop
	endfacet
	facet normal	-0.383598	-0.392178	-0.836091
		outer loop
			vertex	-17.0636	-19.0638	-42.9582
			vertex	-19.4651	-21.7468	-40.5979
			vertex	-18.6817	-17.4811	-42.9582
		endloop
	endfacet
	facet normal	-0.347440	-0.424543	-0.836092
		outer loop
			vertex	-19.4651	-21.7468	-40.5979
			vertex	-17.0636	-19.0638	-42.9582
			vertex	-17.4669	-23.3821	-40.5979
		endloop
	endfacet
	facet normal	-0.347426	-0.424546	-0.836095
		outer loop
			vertex	-15.3119	-20.4973	-42.9582
			vertex	-17.4669	-23.3821	-40.5979
			vertex	-17.0636	-19.0638	-42.9582
		endloop
	endfacet
	facet normal	-0.308553	-0.453586	-0.836095
		outer loop
			vertex	-17.4669	-23.3821	-40.5979
			vertex	-15.3119	-20.4973	-42.9582
			vertex	-15.3321	-24.8343	-40.5979
		endloop
	endfacet
	facet normal	-0.308547	-0.453586	-0.836097
		outer loop
			vertex	-13.4405	-21.7703	-42.9582
			vertex	-15.3321	-24.8343	-40.5979
			vertex	-15.3119	-20.4973	-42.9582
		endloop
	endfacet
	facet normal	-0.267255	-0.479079	-0.836097
		outer loop
			vertex	-15.3321	-24.8343	-40.5979
			vertex	-13.4405	-21.7703	-42.9582
			vertex	-13.0772	-26.0922	-40.5979
		endloop
	endfacet
	facet normal	-0.267254	-0.479079	-0.836097
		outer loop
			vertex	-11.4638	-22.8730	-42.9582
			vertex	-13.0772	-26.0922	-40.5979
			vertex	-13.4405	-21.7703	-42.9582
		endloop
	endfacet
	facet normal	-0.223856	-0.500829	-0.836097
		outer loop
			vertex	-13.0772	-26.0922	-40.5979
			vertex	-11.4638	-22.8730	-42.9582
			vertex	-10.7200	-27.1458	-40.5979
		endloop
	endfacet
	facet normal	-0.223877	-0.500830	-0.836091
		outer loop
			vertex	-9.39742	-23.7967	-42.9582
			vertex	-10.7200	-27.1458	-40.5979
			vertex	-11.4638	-22.8730	-42.9582
		endloop
	endfacet
	facet normal	-0.178730	-0.518659	-0.836091
		outer loop
			vertex	-10.7200	-27.1458	-40.5979
			vertex	-9.39742	-23.7967	-42.9582
			vertex	-8.27891	-27.9870	-40.5979
		endloop
	endfacet
	facet normal	-0.178725	-0.518658	-0.836093
		outer loop
			vertex	-7.25749	-24.5341	-42.9582
			vertex	-8.27891	-27.9870	-40.5979
			vertex	-9.39742	-23.7967	-42.9582
		endloop
	endfacet
	facet normal	-0.132198	-0.532422	-0.836093
		outer loop
			vertex	-8.27891	-27.9870	-40.5979
			vertex	-7.25749	-24.5341	-42.9582
			vertex	-5.77302	-28.6092	-40.5979
		endloop
	endfacet
	facet normal	-0.132189	-0.532420	-0.836095
		outer loop
			vertex	-5.06077	-25.0795	-42.9582
			vertex	-5.77302	-28.6092	-40.5979
			vertex	-7.25749	-24.5341	-42.9582
		endloop
	endfacet
	facet normal	-0.0846251	-0.542018	-0.836095
		outer loop
			vertex	-5.77302	-28.6092	-40.5979
			vertex	-5.06077	-25.0795	-42.9582
			vertex	-3.22194	-29.0075	-40.5979
		endloop
	endfacet
	facet normal	-0.0846101	-0.542013	-0.836100
		outer loop
			vertex	-2.82443	-25.4286	-42.9582
			vertex	-3.22194	-29.0075	-40.5979
			vertex	-5.06077	-25.0795	-42.9582
		endloop
	endfacet
	facet normal	-0.0363743	-0.547370	-0.836100
		outer loop
			vertex	-3.22194	-29.0075	-40.5979
			vertex	-2.82443	-25.4286	-42.9582
			vertex	-0.645652	-29.1787	-40.5979
		endloop
	endfacet
	facet normal	-0.0364047	-0.547382	-0.836090
		outer loop
			vertex	-0.565994	-25.5788	-42.9582
			vertex	-0.645652	-29.1787	-40.5979
			vertex	-2.82443	-25.4286	-42.9582
		endloop
	endfacet
	facet normal	0.0121322	-0.548457	-0.836091
		outer loop
			vertex	-0.645652	-29.1787	-40.5979
			vertex	-0.565994	-25.5788	-42.9582
			vertex	1.93569	-29.1216	-40.5979
		endloop
	endfacet
	facet normal	0.0121429	-0.548451	-0.836094
		outer loop
			vertex	1.69687	-25.5287	-42.9582
			vertex	1.93569	-29.1216	-40.5979
			vertex	-0.565994	-25.5788	-42.9582
		endloop
	endfacet
	facet normal	0.0605530	-0.545234	-0.836094
		outer loop
			vertex	1.93569	-29.1216	-40.5979
			vertex	1.69687	-25.5287	-42.9582
			vertex	4.50189	-28.8366	-40.5979
		endloop
	endfacet
	facet normal	0.0605675	-0.545225	-0.836099
		outer loop
			vertex	3.94646	-25.2788	-42.9582
			vertex	4.50189	-28.8366	-40.5979
			vertex	1.69687	-25.5287	-42.9582
		endloop
	endfacet
	facet normal	0.108526	-0.537737	-0.836099
		outer loop
			vertex	4.50189	-28.8366	-40.5979
			vertex	3.94646	-25.2788	-42.9582
			vertex	7.03285	-28.3258	-40.5979
		endloop
	endfacet
	facet normal	0.108509	-0.537750	-0.836092
		outer loop
			vertex	6.16517	-24.8311	-42.9582
			vertex	7.03285	-28.3258	-40.5979
			vertex	3.94646	-25.2788	-42.9582
		endloop
	endfacet
	facet normal	0.155612	-0.526055	-0.836093
		outer loop
			vertex	7.03285	-28.3258	-40.5979
			vertex	6.16517	-24.8311	-42.9582
			vertex	9.50877	-27.5934	-40.5979
		endloop
	endfacet
	facet normal	0.155605	-0.526062	-0.836090
		outer loop
			vertex	8.33562	-24.1891	-42.9582
			vertex	9.50877	-27.5934	-40.5979
			vertex	6.16517	-24.8311	-42.9582
		endloop
	endfacet
	facet normal	0.201485	-0.510252	-0.836090
		outer loop
			vertex	9.50877	-27.5934	-40.5979
			vertex	8.33562	-24.1891	-42.9582
			vertex	11.9103	-26.6451	-40.5979
		endloop
	endfacet
	facet normal	0.201505	-0.510230	-0.836099
		outer loop
			vertex	10.4408	-23.3577	-42.9582
			vertex	11.9103	-26.6451	-40.5979
			vertex	8.33562	-24.1891	-42.9582
		endloop
	endfacet
	facet normal	0.245799	-0.490430	-0.836099
		outer loop
			vertex	11.9103	-26.6451	-40.5979
			vertex	10.4408	-23.3577	-42.9582
			vertex	14.2186	-25.4882	-40.5979
		endloop
	endfacet
	facet normal	0.245805	-0.490423	-0.836101
		outer loop
			vertex	12.4643	-22.3435	-42.9582
			vertex	14.2186	-25.4882	-40.5979
			vertex	10.4408	-23.3577	-42.9582
		endloop
	endfacet
	facet normal	0.288185	-0.466781	-0.836101
		outer loop
			vertex	14.2186	-25.4882	-40.5979
			vertex	12.4643	-22.3435	-42.9582
			vertex	16.4156	-24.1318	-40.5979
		endloop
	endfacet
	facet normal	0.288174	-0.466798	-0.836096
		outer loop
			vertex	14.3903	-21.1545	-42.9582
			vertex	16.4156	-24.1318	-40.5979
			vertex	12.4643	-22.3435	-42.9582
		endloop
	endfacet
	facet normal	0.328324	-0.439486	-0.836096
		outer loop
			vertex	16.4156	-24.1318	-40.5979
			vertex	14.3903	-21.1545	-42.9582
			vertex	18.4841	-22.5865	-40.5979
		endloop
	endfacet
	facet normal	0.328319	-0.439495	-0.836093
		outer loop
			vertex	16.2036	-19.7999	-42.9582
			vertex	18.4841	-22.5865	-40.5979
			vertex	14.3903	-21.1545	-42.9582
		endloop
	endfacet
	facet normal	0.365868	-0.408765	-0.836093
		outer loop
			vertex	18.4841	-22.5865	-40.5979
			vertex	16.2036	-19.7999	-42.9582
			vertex	20.4080	-20.8645	-40.5979
		endloop
	endfacet
	facet normal	0.365867	-0.408768	-0.836092
		outer loop
			vertex	17.8901	-18.2904	-42.9582
			vertex	20.4080	-20.8645	-40.5979
			vertex	16.2036	-19.7999	-42.9582
		endloop
	endfacet
	facet normal	0.400572	-0.374821	-0.836093
		outer loop
			vertex	20.4080	-20.8645	-40.5979
			vertex	17.8901	-18.2904	-42.9582
			vertex	22.1721	-18.9792	-40.5979
		endloop
	endfacet
	facet normal	0.400570	-0.374830	-0.836090
		outer loop
			vertex	19.4366	-16.6377	-42.9582
			vertex	22.1721	-18.9792	-40.5979
			vertex	17.8901	-18.2904	-42.9582
		endloop
	endfacet
	facet normal	0.432129	-0.337961	-0.836091
		outer loop
			vertex	22.1721	-18.9792	-40.5979
			vertex	19.4366	-16.6377	-42.9582
			vertex	23.7627	-16.9454	-40.5979
		endloop
	endfacet
	facet normal	0.432131	-0.337949	-0.836094
		outer loop
			vertex	20.8310	-14.8547	-42.9582
			vertex	23.7627	-16.9454	-40.5979
			vertex	19.4366	-16.6377	-42.9582
		endloop
	endfacet
	facet normal	0.460301	-0.298447	-0.836093
		outer loop
			vertex	23.7627	-16.9454	-40.5979
			vertex	20.8310	-14.8547	-42.9582
			vertex	25.1674	-14.7789	-40.5979
		endloop
	endfacet
	facet normal	0.460302	-0.298441	-0.836095
		outer loop
			vertex	22.0623	-12.9556	-42.9582
			vertex	25.1674	-14.7789	-40.5979
			vertex	20.8310	-14.8547	-42.9582
		endloop
	endfacet
	facet normal	0.484873	-0.256598	-0.836096
		outer loop
			vertex	25.1674	-14.7789	-40.5979
			vertex	22.0623	-12.9556	-42.9582
			vertex	26.3751	-12.4968	-40.5979
		endloop
	endfacet
	facet normal	0.484873	-0.256591	-0.836097
		outer loop
			vertex	23.1210	-10.9550	-42.9582
			vertex	26.3751	-12.4968	-40.5979
			vertex	22.0623	-12.9556	-42.9582
		endloop
	endfacet
	facet normal	0.505657	-0.212725	-0.836097
		outer loop
			vertex	26.3751	-12.4968	-40.5979
			vertex	23.1210	-10.9550	-42.9582
			vertex	27.3763	-10.1169	-40.5979
		endloop
	endfacet
	facet normal	0.505657	-0.212727	-0.836097
		outer loop
			vertex	23.9987	-8.86869	-42.9582
			vertex	27.3763	-10.1169	-40.5979
			vertex	23.1210	-10.9550	-42.9582
		endloop
	endfacet
	facet normal	0.522479	-0.167208	-0.836096
		outer loop
			vertex	27.3763	-10.1169	-40.5979
			vertex	23.9987	-8.86869	-42.9582
			vertex	28.1633	-7.65775	-40.5979
		endloop
	endfacet
	facet normal	0.522482	-0.167235	-0.836089
		outer loop
			vertex	24.6887	-6.71297	-42.9582
			vertex	28.1633	-7.65775	-40.5979
			vertex	23.9987	-8.86869	-42.9582
		endloop
	endfacet
	facet normal	0.535221	-0.120386	-0.836089
		outer loop
			vertex	28.1633	-7.65775	-40.5979
			vertex	24.6887	-6.71297	-42.9582
			vertex	28.7299	-5.13871	-40.5979
		endloop
	endfacet
	facet normal	0.535216	-0.120362	-0.836096
		outer loop
			vertex	25.1853	-4.50472	-42.9582
			vertex	28.7299	-5.13871	-40.5979
			vertex	24.6887	-6.71297	-42.9582
		endloop
	endfacet
	facet normal	0.543758	-0.0725997	-0.836096
		outer loop
			vertex	28.7299	-5.13871	-40.5979
			vertex	25.1853	-4.50472	-42.9582
			vertex	29.0716	-2.57945	-40.5979
		endloop
	endfacet
	facet normal	0.543763	-0.0726146	-0.836091
		outer loop
			vertex	25.4849	-2.26121	-42.9582
			vertex	29.0716	-2.57945	-40.5979
			vertex	25.1853	-4.50472	-42.9582
		endloop
	endfacet
	facet normal	0.548052	-0.0242852	-0.836092
		outer loop
			vertex	29.0716	-2.57945	-40.5979
			vertex	25.4849	-2.26121	-42.9582
			vertex	29.1859	0.000000	-40.5979
		endloop
	endfacet
	facet normal	0.548042	-0.0242610	-0.836099
		outer loop
			vertex	25.5850	0.000000	-42.9582
			vertex	29.1859	0.000000	-40.5979
			vertex	25.4849	-2.26121	-42.9582
		endloop
	endfacet
	facet normal	0.548041	0.0242847	-0.836099
		outer loop
			vertex	29.1859	0.000000	-40.5979
			vertex	25.5850	0.000000	-42.9582
			vertex	29.0716	2.57945	-40.5979
		endloop
	endfacet
	facet normal	0.548053	0.0242616	-0.836091
		outer loop
			vertex	25.4849	2.26121	-42.9582
			vertex	29.0716	2.57945	-40.5979
			vertex	25.5850	0.000000	-42.9582
		endloop
	endfacet
	facet normal	0.470418	0.0628200	-0.880205
		outer loop
			vertex	25.4849	2.26121	-42.9582
			vertex	21.7092	1.92620	-45.0000
			vertex	25.1853	4.50472	-42.9582
		endloop
	endfacet
	facet normal	0.470420	0.0628170	-0.880204
		outer loop
			vertex	21.4540	3.83732	-45.0000
			vertex	25.1853	4.50472	-42.9582
			vertex	21.7092	1.92620	-45.0000
		endloop
	endfacet
	facet normal	0.463031	0.104128	-0.880204
		outer loop
			vertex	25.1853	4.50472	-42.9582
			vertex	21.4540	3.83732	-45.0000
			vertex	24.6887	6.71297	-42.9582
		endloop
	endfacet
	facet normal	0.463020	0.104143	-0.880208
		outer loop
			vertex	21.0309	5.71842	-45.0000
			vertex	24.6887	6.71297	-42.9582
			vertex	21.4540	3.83732	-45.0000
		endloop
	endfacet
	facet normal	0.451999	0.144675	-0.880208
		outer loop
			vertex	24.6887	6.71297	-42.9582
			vertex	21.0309	5.71842	-45.0000
			vertex	23.9987	8.86869	-42.9582
		endloop
	endfacet
	facet normal	0.452011	0.144662	-0.880204
		outer loop
			vertex	20.4432	7.55475	-45.0000
			vertex	23.9987	8.86869	-42.9582
			vertex	21.0309	5.71842	-45.0000
		endloop
	endfacet
	facet normal	0.437460	0.184037	-0.880204
		outer loop
			vertex	23.9987	8.86869	-42.9582
			vertex	20.4432	7.55475	-45.0000
			vertex	23.1210	10.9550	-42.9582
		endloop
	endfacet
	facet normal	0.437454	0.184043	-0.880206
		outer loop
			vertex	19.6955	9.33197	-45.0000
			vertex	23.1210	10.9550	-42.9582
			vertex	20.4432	7.55475	-45.0000
		endloop
	endfacet
	facet normal	0.419477	0.221984	-0.880206
		outer loop
			vertex	23.1210	10.9550	-42.9582
			vertex	19.6955	9.33197	-45.0000
			vertex	22.0623	12.9556	-42.9582
		endloop
	endfacet
	facet normal	0.419479	0.221982	-0.880205
		outer loop
			vertex	18.7937	11.0361	-45.0000
			vertex	22.0623	12.9556	-42.9582
			vertex	19.6955	9.33197	-45.0000
		endloop
	endfacet
	facet normal	0.398217	0.258188	-0.880206
		outer loop
			vertex	22.0623	12.9556	-42.9582
			vertex	18.7937	11.0361	-45.0000
			vertex	20.8310	14.8547	-42.9582
		endloop
	endfacet
	facet normal	0.398220	0.258186	-0.880205
		outer loop
			vertex	17.7448	12.6539	-45.0000
			vertex	20.8310	14.8547	-42.9582
			vertex	18.7937	11.0361	-45.0000
		endloop
	endfacet
	facet normal	0.373846	0.292367	-0.880205
		outer loop
			vertex	20.8310	14.8547	-42.9582
			vertex	17.7448	12.6539	-45.0000
			vertex	19.4366	16.6377	-42.9582
		endloop
	endfacet
	facet normal	0.373842	0.292369	-0.880206
		outer loop
			vertex	16.5570	14.1727	-45.0000
			vertex	19.4366	16.6377	-42.9582
			vertex	17.7448	12.6539	-45.0000
		endloop
	endfacet
	facet normal	0.346536	0.324268	-0.880206
		outer loop
			vertex	19.4366	16.6377	-42.9582
			vertex	16.5570	14.1727	-45.0000
			vertex	17.8901	18.2904	-42.9582
		endloop
	endfacet
	facet normal	0.346541	0.324266	-0.880205
		outer loop
			vertex	15.2396	15.5806	-45.0000
			vertex	17.8901	18.2904	-42.9582
			vertex	16.5570	14.1727	-45.0000
		endloop
	endfacet
	facet normal	0.316518	0.353632	-0.880205
		outer loop
			vertex	17.8901	18.2904	-42.9582
			vertex	15.2396	15.5806	-45.0000
			vertex	16.2036	19.7999	-42.9582
		endloop
	endfacet
	facet normal	0.316532	0.353628	-0.880202
		outer loop
			vertex	13.8030	16.8665	-45.0000
			vertex	16.2036	19.7999	-42.9582
			vertex	15.2396	15.5806	-45.0000
		endloop
	endfacet
	facet normal	0.284038	0.380220	-0.880202
		outer loop
			vertex	16.2036	19.7999	-42.9582
			vertex	13.8030	16.8665	-45.0000
			vertex	14.3903	21.1545	-42.9582
		endloop
	endfacet
	facet normal	0.284028	0.380222	-0.880204
		outer loop
			vertex	12.2583	18.0204	-45.0000
			vertex	14.3903	21.1545	-42.9582
			vertex	13.8030	16.8665	-45.0000
		endloop
	endfacet
	facet normal	0.249308	0.403841	-0.880204
		outer loop
			vertex	14.3903	21.1545	-42.9582
			vertex	12.2583	18.0204	-45.0000
			vertex	12.4643	22.3435	-42.9582
		endloop
	endfacet
	facet normal	0.249328	0.403838	-0.880199
		outer loop
			vertex	10.6177	19.0333	-45.0000
			vertex	12.4643	22.3435	-42.9582
			vertex	12.2583	18.0204	-45.0000
		endloop
	endfacet
	facet normal	0.212660	0.424293	-0.880199
		outer loop
			vertex	12.4643	22.3435	-42.9582
			vertex	10.6177	19.0333	-45.0000
			vertex	10.4408	23.3577	-42.9582
		endloop
	endfacet
	facet normal	0.212649	0.424294	-0.880202
		outer loop
			vertex	8.89398	19.8972	-45.0000
			vertex	10.4408	23.3577	-42.9582
			vertex	10.6177	19.0333	-45.0000
		endloop
	endfacet
	facet normal	0.174331	0.441422	-0.880202
		outer loop
			vertex	10.4408	23.3577	-42.9582
			vertex	8.89398	19.8972	-45.0000
			vertex	8.33562	24.1891	-42.9582
		endloop
	endfacet
	facet normal	0.174322	0.441421	-0.880204
		outer loop
			vertex	7.10066	20.6054	-45.0000
			vertex	8.33562	24.1891	-42.9582
			vertex	8.89398	19.8972	-45.0000
		endloop
	endfacet
	facet normal	0.134616	0.455104	-0.880204
		outer loop
			vertex	8.33562	24.1891	-42.9582
			vertex	7.10066	20.6054	-45.0000
			vertex	6.16517	24.8311	-42.9582
		endloop
	endfacet
	facet normal	0.134619	0.455105	-0.880203
		outer loop
			vertex	5.25177	21.1523	-45.0000
			vertex	6.16517	24.8311	-42.9582
			vertex	7.10066	20.6054	-45.0000
		endloop
	endfacet
	facet normal	0.0938739	0.465221	-0.880203
		outer loop
			vertex	6.16517	24.8311	-42.9582
			vertex	5.25177	21.1523	-45.0000
			vertex	3.94646	25.2788	-42.9582
		endloop
	endfacet
	facet normal	0.0938824	0.465223	-0.880201
		outer loop
			vertex	3.36178	21.5337	-45.0000
			vertex	3.94646	25.2788	-42.9582
			vertex	5.25177	21.1523	-45.0000
		endloop
	endfacet
	facet normal	0.0523997	0.471699	-0.880201
		outer loop
			vertex	3.94646	25.2788	-42.9582
			vertex	3.36178	21.5337	-45.0000
			vertex	1.69687	25.5287	-42.9582
		endloop
	endfacet
	facet normal	0.0523797	0.471693	-0.880206
		outer loop
			vertex	1.44548	21.7465	-45.0000
			vertex	1.69687	25.5287	-42.9582
			vertex	3.36178	21.5337	-45.0000
		endloop
	endfacet
	facet normal	0.0105051	0.474476	-0.880206
		outer loop
			vertex	1.69687	25.5287	-42.9582
			vertex	1.44548	21.7465	-45.0000
			vertex	-0.565994	25.5788	-42.9582
		endloop
	endfacet
	facet normal	0.0105109	0.474479	-0.880204
		outer loop
			vertex	-0.482140	21.7892	-45.0000
			vertex	-0.565994	25.5788	-42.9582
			vertex	1.44548	21.7465	-45.0000
		endloop
	endfacet
	facet normal	-0.0314942	0.473549	-0.880204
		outer loop
			vertex	-0.565994	25.5788	-42.9582
			vertex	-0.482140	21.7892	-45.0000
			vertex	-2.82443	25.4286	-42.9582
		endloop
	endfacet
	facet normal	-0.0314830	0.473555	-0.880202
		outer loop
			vertex	-2.40598	21.6613	-45.0000
			vertex	-2.82443	25.4286	-42.9582
			vertex	-0.482140	21.7892	-45.0000
		endloop
	endfacet
	facet normal	-0.0732002	0.468921	-0.880202
		outer loop
			vertex	-2.82443	25.4286	-42.9582
			vertex	-2.40598	21.6613	-45.0000
			vertex	-5.06077	25.0795	-42.9582
		endloop
	endfacet
	facet normal	-0.0732048	0.468918	-0.880203
		outer loop
			vertex	-4.31099	21.3639	-45.0000
			vertex	-5.06077	25.0795	-42.9582
			vertex	-2.40598	21.6613	-45.0000
		endloop
	endfacet
	facet normal	-0.114361	0.460613	-0.880203
		outer loop
			vertex	-5.06077	25.0795	-42.9582
			vertex	-4.31099	21.3639	-45.0000
			vertex	-7.25749	24.5341	-42.9582
		endloop
	endfacet
	facet normal	-0.114361	0.460613	-0.880203
		outer loop
			vertex	-6.18227	20.8993	-45.0000
			vertex	-7.25749	24.5341	-42.9582
			vertex	-4.31099	21.3639	-45.0000
		endloop
	endfacet
	facet normal	-0.154619	0.448704	-0.880203
		outer loop
			vertex	-7.25749	24.5341	-42.9582
			vertex	-6.18227	20.8993	-45.0000
			vertex	-9.39742	23.7967	-42.9582
		endloop
	endfacet
	facet normal	-0.154629	0.448695	-0.880206
		outer loop
			vertex	-8.00515	20.2711	-45.0000
			vertex	-9.39742	23.7967	-42.9582
			vertex	-6.18227	20.8993	-45.0000
		endloop
	endfacet
	facet normal	-0.193679	0.433274	-0.880205
		outer loop
			vertex	-9.39742	23.7967	-42.9582
			vertex	-8.00515	20.2711	-45.0000
			vertex	-11.4638	22.8730	-42.9582
		endloop
	endfacet
	facet normal	-0.193671	0.433283	-0.880203
		outer loop
			vertex	-9.76539	19.4843	-45.0000
			vertex	-11.4638	22.8730	-42.9582
			vertex	-8.00515	20.2711	-45.0000
		endloop
	endfacet
	facet normal	-0.231211	0.414468	-0.880203
		outer loop
			vertex	-11.4638	22.8730	-42.9582
			vertex	-9.76539	19.4843	-45.0000
			vertex	-13.4405	21.7703	-42.9582
		endloop
	endfacet
	facet normal	-0.231209	0.414471	-0.880203
		outer loop
			vertex	-11.4492	18.5450	-45.0000
			vertex	-13.4405	21.7703	-42.9582
			vertex	-9.76539	19.4843	-45.0000
		endloop
	endfacet
	facet normal	-0.266935	0.392414	-0.880203
		outer loop
			vertex	-13.4405	21.7703	-42.9582
			vertex	-11.4492	18.5450	-45.0000
			vertex	-15.3119	20.4973	-42.9582
		endloop
	endfacet
	facet normal	-0.266943	0.392402	-0.880206
		outer loop
			vertex	-13.0434	17.4605	-45.0000
			vertex	-15.3119	20.4973	-42.9582
			vertex	-11.4492	18.5450	-45.0000
		endloop
	endfacet
	facet normal	-0.300567	0.367285	-0.880206
		outer loop
			vertex	-15.3119	20.4973	-42.9582
			vertex	-13.0434	17.4605	-45.0000
			vertex	-17.0636	19.0638	-42.9582
		endloop
	endfacet
	facet normal	-0.300571	0.367277	-0.880207
		outer loop
			vertex	-14.5355	16.2394	-45.0000
			vertex	-17.0636	19.0638	-42.9582
			vertex	-13.0434	17.4605	-45.0000
		endloop
	endfacet
	facet normal	-0.331853	0.339276	-0.880208
		outer loop
			vertex	-17.0636	19.0638	-42.9582
			vertex	-14.5355	16.2394	-45.0000
			vertex	-18.6817	17.4811	-42.9582
		endloop
	endfacet
	facet normal	-0.331850	0.339284	-0.880206
		outer loop
			vertex	-15.9139	14.8912	-45.0000
			vertex	-18.6817	17.4811	-42.9582
			vertex	-14.5355	16.2394	-45.0000
		endloop
	endfacet
	facet normal	-0.360551	0.308612	-0.880206
		outer loop
			vertex	-18.6817	17.4811	-42.9582
			vertex	-15.9139	14.8912	-45.0000
			vertex	-20.1535	15.7616	-42.9582
		endloop
	endfacet
	facet normal	-0.360545	0.308631	-0.880202
		outer loop
			vertex	-17.1677	13.4265	-45.0000
			vertex	-20.1535	15.7616	-42.9582
			vertex	-15.9139	14.8912	-45.0000
		endloop
	endfacet
	facet normal	-0.386404	0.275566	-0.880202
		outer loop
			vertex	-20.1535	15.7616	-42.9582
			vertex	-17.1677	13.4265	-45.0000
			vertex	-21.4677	13.9188	-42.9582
		endloop
	endfacet
	facet normal	-0.386412	0.275527	-0.880210
		outer loop
			vertex	-18.2871	11.8566	-45.0000
			vertex	-21.4677	13.9188	-42.9582
			vertex	-17.1677	13.4265	-45.0000
		endloop
	endfacet
	facet normal	-0.409246	0.240310	-0.880210
		outer loop
			vertex	-21.4677	13.9188	-42.9582
			vertex	-18.2871	11.8566	-45.0000
			vertex	-22.6138	11.9670	-42.9582
		endloop
	endfacet
	facet normal	-0.409242	0.240337	-0.880204
		outer loop
			vertex	-19.2635	10.1940	-45.0000
			vertex	-22.6138	11.9670	-42.9582
			vertex	-18.2871	11.8566	-45.0000
		endloop
	endfacet
	facet normal	-0.428885	0.203219	-0.880204
		outer loop
			vertex	-22.6138	11.9670	-42.9582
			vertex	-19.2635	10.1940	-45.0000
			vertex	-23.5830	9.92155	-42.9582
		endloop
	endfacet
	facet normal	-0.428886	0.203197	-0.880209
		outer loop
			vertex	-20.0890	8.45163	-45.0000
			vertex	-23.5830	9.92155	-42.9582
			vertex	-19.2635	10.1940	-45.0000
		endloop
	endfacet
	facet normal	-0.445161	0.164512	-0.880209
		outer loop
			vertex	-23.5830	9.92155	-42.9582
			vertex	-20.0890	8.45163	-45.0000
			vertex	-24.3676	7.79846	-42.9582
		endloop
	endfacet
	facet normal	-0.445162	0.164523	-0.880206
		outer loop
			vertex	-20.7574	6.64309	-45.0000
			vertex	-24.3676	7.79846	-42.9582
			vertex	-20.0890	8.45163	-45.0000
		endloop
	endfacet
	facet normal	-0.457967	0.124508	-0.880206
		outer loop
			vertex	-24.3676	7.79846	-42.9582
			vertex	-20.7574	6.64309	-45.0000
			vertex	-24.9614	5.61434	-42.9582
		endloop
	endfacet
	facet normal	-0.457970	0.124527	-0.880203
		outer loop
			vertex	-21.2633	4.78255	-45.0000
			vertex	-24.9614	5.61434	-42.9582
			vertex	-20.7574	6.64309	-45.0000
		endloop
	endfacet
	facet normal	-0.467185	0.0835583	-0.880202
		outer loop
			vertex	-24.9614	5.61434	-42.9582
			vertex	-21.2633	4.78255	-45.0000
			vertex	-25.3599	3.38628	-42.9582
		endloop
	endfacet
	facet normal	-0.467187	0.0835687	-0.880200
		outer loop
			vertex	-21.6028	2.88459	-45.0000
			vertex	-25.3599	3.38628	-42.9582
			vertex	-21.2633	4.78255	-45.0000
		endloop
	endfacet
	facet normal	-0.472744	0.0419575	-0.880200
		outer loop
			vertex	-25.3599	3.38628	-42.9582
			vertex	-21.6028	2.88459	-45.0000
			vertex	-25.5600	1.13171	-42.9582
		endloop
	endfacet
	facet normal	-0.472739	0.0419434	-0.880204
		outer loop
			vertex	-21.7732	0.964043	-45.0000
			vertex	-25.5600	1.13171	-42.9582
			vertex	-21.6028	2.88459	-45.0000
		endloop
	endfacet
	facet normal	-0.474596	0.000000	-0.880204
		outer loop
			vertex	-25.5600	1.13171	-42.9582
			vertex	-21.7732	0.964043	-45.0000
			vertex	-25.5600	-1.13171	-42.9582
		endloop
	endfacet
	facet normal	-0.474596	0.000000	-0.880204
		outer loop
			vertex	-21.7732	-0.964043	-45.0000
			vertex	-25.5600	-1.13171	-42.9582
			vertex	-21.7732	0.964043	-45.0000
		endloop
	endfacet
	facet normal	-0.472738	-0.0419570	-0.880203
		outer loop
			vertex	-25.5600	-1.13171	-42.9582
			vertex	-21.7732	-0.964043	-45.0000
			vertex	-25.3599	-3.38628	-42.9582
		endloop
	endfacet
	facet normal	-0.472745	-0.0419439	-0.880200
		outer loop
			vertex	-21.6028	-2.88459	-45.0000
			vertex	-25.3599	-3.38628	-42.9582
			vertex	-21.7732	-0.964043	-45.0000
		endloop
	endfacet
	facet normal	-0.467189	-0.0835590	-0.880200
		outer loop
			vertex	-25.3599	-3.38628	-42.9582
			vertex	-21.6028	-2.88459	-45.0000
			vertex	-24.9614	-5.61434	-42.9582
		endloop
	endfacet
	facet normal	-0.467183	-0.0835679	-0.880203
		outer loop
			vertex	-21.2633	-4.78255	-45.0000
			vertex	-24.9614	-5.61434	-42.9582
			vertex	-21.6028	-2.88459	-45.0000
		endloop
	endfacet
	facet normal	-0.457974	-0.124510	-0.880203
		outer loop
			vertex	-24.9614	-5.61434	-42.9582
			vertex	-21.2633	-4.78255	-45.0000
			vertex	-24.3676	-7.79846	-42.9582
		endloop
	endfacet
	facet normal	-0.457962	-0.124525	-0.880207
		outer loop
			vertex	-20.7574	-6.64309	-45.0000
			vertex	-24.3676	-7.79846	-42.9582
			vertex	-21.2633	-4.78255	-45.0000
		endloop
	endfacet
	facet normal	-0.445165	-0.164513	-0.880207
		outer loop
			vertex	-24.3676	-7.79846	-42.9582
			vertex	-20.7574	-6.64309	-45.0000
			vertex	-23.5830	-9.92155	-42.9582
		endloop
	endfacet
	facet normal	-0.445157	-0.164521	-0.880209
		outer loop
			vertex	-20.0890	-8.45163	-45.0000
			vertex	-23.5830	-9.92155	-42.9582
			vertex	-20.7574	-6.64309	-45.0000
		endloop
	endfacet
	facet normal	-0.428878	-0.203216	-0.880208
		outer loop
			vertex	-23.5830	-9.92155	-42.9582
			vertex	-20.0890	-8.45163	-45.0000
			vertex	-22.6138	-11.9670	-42.9582
		endloop
	endfacet
	facet normal	-0.428894	-0.203201	-0.880204
		outer loop
			vertex	-19.2635	-10.1940	-45.0000
			vertex	-22.6138	-11.9670	-42.9582
			vertex	-20.0890	-8.45163	-45.0000
		endloop
	endfacet
	facet normal	-0.409254	-0.240315	-0.880204
		outer loop
			vertex	-22.6138	-11.9670	-42.9582
			vertex	-19.2635	-10.1940	-45.0000
			vertex	-21.4677	-13.9188	-42.9582
		endloop
	endfacet
	facet normal	-0.409232	-0.240331	-0.880210
		outer loop
			vertex	-18.2871	-11.8566	-45.0000
			vertex	-21.4677	-13.9188	-42.9582
			vertex	-19.2635	-10.1940	-45.0000
		endloop
	endfacet
	facet normal	-0.386392	-0.275557	-0.880210
		outer loop
			vertex	-21.4677	-13.9188	-42.9582
			vertex	-18.2871	-11.8566	-45.0000
			vertex	-20.1535	-15.7616	-42.9582
		endloop
	endfacet
	facet normal	-0.386426	-0.275537	-0.880201
		outer loop
			vertex	-17.1677	-13.4265	-45.0000
			vertex	-20.1535	-15.7616	-42.9582
			vertex	-18.2871	-11.8566	-45.0000
		endloop
	endfacet
	facet normal	-0.360556	-0.308616	-0.880202
		outer loop
			vertex	-20.1535	-15.7616	-42.9582
			vertex	-17.1677	-13.4265	-45.0000
			vertex	-18.6817	-17.4811	-42.9582
		endloop
	endfacet
	facet normal	-0.360538	-0.308625	-0.880206
		outer loop
			vertex	-15.9139	-14.8912	-45.0000
			vertex	-18.6817	-17.4811	-42.9582
			vertex	-17.1677	-13.4265	-45.0000
		endloop
	endfacet
	facet normal	-0.331856	-0.339278	-0.880206
		outer loop
			vertex	-18.6817	-17.4811	-42.9582
			vertex	-15.9139	-14.8912	-45.0000
			vertex	-17.0636	-19.0638	-42.9582
		endloop
	endfacet
	facet normal	-0.331848	-0.339281	-0.880208
		outer loop
			vertex	-14.5355	-16.2394	-45.0000
			vertex	-17.0636	-19.0638	-42.9582
			vertex	-15.9139	-14.8912	-45.0000
		endloop
	endfacet
	facet normal	-0.300565	-0.367282	-0.880207
		outer loop
			vertex	-17.0636	-19.0638	-42.9582
			vertex	-14.5355	-16.2394	-45.0000
			vertex	-15.3119	-20.4973	-42.9582
		endloop
	endfacet
	facet normal	-0.300573	-0.367280	-0.880205
		outer loop
			vertex	-13.0434	-17.4605	-45.0000
			vertex	-15.3119	-20.4973	-42.9582
			vertex	-14.5355	-16.2394	-45.0000
		endloop
	endfacet
	facet normal	-0.266932	-0.392409	-0.880206
		outer loop
			vertex	-15.3119	-20.4973	-42.9582
			vertex	-13.0434	-17.4605	-45.0000
			vertex	-13.4405	-21.7703	-42.9582
		endloop
	endfacet
	facet normal	-0.266946	-0.392407	-0.880203
		outer loop
			vertex	-11.4492	-18.5450	-45.0000
			vertex	-13.4405	-21.7703	-42.9582
			vertex	-13.0434	-17.4605	-45.0000
		endloop
	endfacet
	facet normal	-0.231211	-0.414469	-0.880203
		outer loop
			vertex	-13.4405	-21.7703	-42.9582
			vertex	-11.4492	-18.5450	-45.0000
			vertex	-11.4638	-22.8730	-42.9582
		endloop
	endfacet
	facet normal	-0.231208	-0.414470	-0.880203
		outer loop
			vertex	-9.76539	-19.4843	-45.0000
			vertex	-11.4638	-22.8730	-42.9582
			vertex	-11.4492	-18.5450	-45.0000
		endloop
	endfacet
	facet normal	-0.193681	-0.433278	-0.880203
		outer loop
			vertex	-11.4638	-22.8730	-42.9582
			vertex	-9.76539	-19.4843	-45.0000
			vertex	-9.39742	-23.7967	-42.9582
		endloop
	endfacet
	facet normal	-0.193669	-0.433278	-0.880206
		outer loop
			vertex	-8.00515	-20.2711	-45.0000
			vertex	-9.39742	-23.7967	-42.9582
			vertex	-9.76539	-19.4843	-45.0000
		endloop
	endfacet
	facet normal	-0.154618	-0.448700	-0.880206
		outer loop
			vertex	-9.39742	-23.7967	-42.9582
			vertex	-8.00515	-20.2711	-45.0000
			vertex	-7.25749	-24.5341	-42.9582
		endloop
	endfacet
	facet normal	-0.154631	-0.448701	-0.880203
		outer loop
			vertex	-6.18227	-20.8993	-45.0000
			vertex	-7.25749	-24.5341	-42.9582
			vertex	-8.00515	-20.2711	-45.0000
		endloop
	endfacet
	facet normal	-0.114361	-0.460613	-0.880203
		outer loop
			vertex	-7.25749	-24.5341	-42.9582
			vertex	-6.18227	-20.8993	-45.0000
			vertex	-5.06077	-25.0795	-42.9582
		endloop
	endfacet
	facet normal	-0.114361	-0.460613	-0.880203
		outer loop
			vertex	-4.31099	-21.3639	-45.0000
			vertex	-5.06077	-25.0795	-42.9582
			vertex	-6.18227	-20.8993	-45.0000
		endloop
	endfacet
	facet normal	-0.0731999	-0.468919	-0.880203
		outer loop
			vertex	-5.06077	-25.0795	-42.9582
			vertex	-4.31099	-21.3639	-45.0000
			vertex	-2.82443	-25.4286	-42.9582
		endloop
	endfacet
	facet normal	-0.0732051	-0.468920	-0.880201
		outer loop
			vertex	-2.40598	-21.6613	-45.0000
			vertex	-2.82443	-25.4286	-42.9582
			vertex	-4.31099	-21.3639	-45.0000
		endloop
	endfacet
	facet normal	-0.0314945	-0.473554	-0.880202
		outer loop
			vertex	-2.82443	-25.4286	-42.9582
			vertex	-2.40598	-21.6613	-45.0000
			vertex	-0.565994	-25.5788	-42.9582
		endloop
	endfacet
	facet normal	-0.0314826	-0.473549	-0.880204
		outer loop
			vertex	-0.482140	-21.7892	-45.0000
			vertex	-0.565994	-25.5788	-42.9582
			vertex	-2.40598	-21.6613	-45.0000
		endloop
	endfacet
	facet normal	0.0105052	-0.474479	-0.880204
		outer loop
			vertex	-0.565994	-25.5788	-42.9582
			vertex	-0.482140	-21.7892	-45.0000
			vertex	1.69687	-25.5287	-42.9582
		endloop
	endfacet
	facet normal	0.0105109	-0.474476	-0.880206
		outer loop
			vertex	1.44548	-21.7465	-45.0000
			vertex	1.69687	-25.5287	-42.9582
			vertex	-0.482140	-21.7892	-45.0000
		endloop
	endfacet
	facet normal	0.0523989	-0.471692	-0.880205
		outer loop
			vertex	1.69687	-25.5287	-42.9582
			vertex	1.44548	-21.7465	-45.0000
			vertex	3.94646	-25.2788	-42.9582
		endloop
	endfacet
	facet normal	0.0523807	-0.471702	-0.880201
		outer loop
			vertex	3.36178	-21.5337	-45.0000
			vertex	3.94646	-25.2788	-42.9582
			vertex	1.44548	-21.7465	-45.0000
		endloop
	endfacet
	facet normal	0.0938745	-0.465224	-0.880201
		outer loop
			vertex	3.94646	-25.2788	-42.9582
			vertex	3.36178	-21.5337	-45.0000
			vertex	6.16517	-24.8311	-42.9582
		endloop
	endfacet
	facet normal	0.0938816	-0.465219	-0.880203
		outer loop
			vertex	5.25177	-21.1523	-45.0000
			vertex	6.16517	-24.8311	-42.9582
			vertex	3.36178	-21.5337	-45.0000
		endloop
	endfacet
	facet normal	0.134616	-0.455105	-0.880203
		outer loop
			vertex	6.16517	-24.8311	-42.9582
			vertex	5.25177	-21.1523	-45.0000
			vertex	8.33562	-24.1891	-42.9582
		endloop
	endfacet
	facet normal	0.134619	-0.455103	-0.880204
		outer loop
			vertex	7.10066	-20.6054	-45.0000
			vertex	8.33562	-24.1891	-42.9582
			vertex	5.25177	-21.1523	-45.0000
		endloop
	endfacet
	facet normal	0.174330	-0.441419	-0.880204
		outer loop
			vertex	8.33562	-24.1891	-42.9582
			vertex	7.10066	-20.6054	-45.0000
			vertex	10.4408	-23.3577	-42.9582
		endloop
	endfacet
	facet normal	0.174324	-0.441425	-0.880202
		outer loop
			vertex	8.89398	-19.8972	-45.0000
			vertex	10.4408	-23.3577	-42.9582
			vertex	7.10066	-20.6054	-45.0000
		endloop
	endfacet
	facet normal	0.212658	-0.424289	-0.880202
		outer loop
			vertex	10.4408	-23.3577	-42.9582
			vertex	8.89398	-19.8972	-45.0000
			vertex	12.4643	-22.3435	-42.9582
		endloop
	endfacet
	facet normal	0.212651	-0.424298	-0.880199
		outer loop
			vertex	10.6177	-19.0333	-45.0000
			vertex	12.4643	-22.3435	-42.9582
			vertex	8.89398	-19.8972	-45.0000
		endloop
	endfacet
	facet normal	0.249312	-0.403847	-0.880200
		outer loop
			vertex	12.4643	-22.3435	-42.9582
			vertex	10.6177	-19.0333	-45.0000
			vertex	14.3903	-21.1545	-42.9582
		endloop
	endfacet
	facet normal	0.249323	-0.403830	-0.880204
		outer loop
			vertex	12.2583	-18.0204	-45.0000
			vertex	14.3903	-21.1545	-42.9582
			vertex	10.6177	-19.0333	-45.0000
		endloop
	endfacet
	facet normal	0.284036	-0.380217	-0.880204
		outer loop
			vertex	14.3903	-21.1545	-42.9582
			vertex	12.2583	-18.0204	-45.0000
			vertex	16.2036	-19.7999	-42.9582
		endloop
	endfacet
	facet normal	0.284031	-0.380225	-0.880202
		outer loop
			vertex	13.8030	-16.8665	-45.0000
			vertex	16.2036	-19.7999	-42.9582
			vertex	12.2583	-18.0204	-45.0000
		endloop
	endfacet
	facet normal	0.316522	-0.353636	-0.880202
		outer loop
			vertex	16.2036	-19.7999	-42.9582
			vertex	13.8030	-16.8665	-45.0000
			vertex	17.8901	-18.2904	-42.9582
		endloop
	endfacet
	facet normal	0.316528	-0.353623	-0.880205
		outer loop
			vertex	15.2396	-15.5806	-45.0000
			vertex	17.8901	-18.2904	-42.9582
			vertex	13.8030	-16.8665	-45.0000
		endloop
	endfacet
	facet normal	0.346538	-0.324270	-0.880205
		outer loop
			vertex	17.8901	-18.2904	-42.9582
			vertex	15.2396	-15.5806	-45.0000
			vertex	19.4366	-16.6377	-42.9582
		endloop
	endfacet
	facet normal	0.346540	-0.324264	-0.880206
		outer loop
			vertex	16.5570	-14.1727	-45.0000
			vertex	19.4366	-16.6377	-42.9582
			vertex	15.2396	-15.5806	-45.0000
		endloop
	endfacet
	facet normal	0.373845	-0.292366	-0.880206
		outer loop
			vertex	19.4366	-16.6377	-42.9582
			vertex	16.5570	-14.1727	-45.0000
			vertex	20.8310	-14.8547	-42.9582
		endloop
	endfacet
	facet normal	0.373844	-0.292370	-0.880205
		outer loop
			vertex	17.7448	-12.6539	-45.0000
			vertex	20.8310	-14.8547	-42.9582
			vertex	16.5570	-14.1727	-45.0000
		endloop
	endfacet
	facet normal	0.398218	-0.258189	-0.880205
		outer loop
			vertex	20.8310	-14.8547	-42.9582
			vertex	17.7448	-12.6539	-45.0000
			vertex	22.0623	-12.9556	-42.9582
		endloop
	endfacet
	facet normal	0.398219	-0.258185	-0.880206
		outer loop
			vertex	18.7937	-11.0361	-45.0000
			vertex	22.0623	-12.9556	-42.9582
			vertex	17.7448	-12.6539	-45.0000
		endloop
	endfacet
	facet normal	0.419478	-0.221984	-0.880205
		outer loop
			vertex	22.0623	-12.9556	-42.9582
			vertex	18.7937	-11.0361	-45.0000
			vertex	23.1210	-10.9550	-42.9582
		endloop
	endfacet
	facet normal	0.419478	-0.221982	-0.880206
		outer loop
			vertex	19.6955	-9.33197	-45.0000
			vertex	23.1210	-10.9550	-42.9582
			vertex	18.7937	-11.0361	-45.0000
		endloop
	endfacet
	facet normal	0.437457	-0.184036	-0.880206
		outer loop
			vertex	23.1210	-10.9550	-42.9582
			vertex	19.6955	-9.33197	-45.0000
			vertex	23.9987	-8.86869	-42.9582
		endloop
	endfacet
	facet normal	0.437457	-0.184044	-0.880204
		outer loop
			vertex	20.4432	-7.55475	-45.0000
			vertex	23.9987	-8.86869	-42.9582
			vertex	19.6955	-9.33197	-45.0000
		endloop
	endfacet
	facet normal	0.452006	-0.144677	-0.880204
		outer loop
			vertex	23.9987	-8.86869	-42.9582
			vertex	20.4432	-7.55475	-45.0000
			vertex	24.6887	-6.71297	-42.9582
		endloop
	endfacet
	facet normal	0.452004	-0.144659	-0.880208
		outer loop
			vertex	21.0309	-5.71842	-45.0000
			vertex	24.6887	-6.71297	-42.9582
			vertex	20.4432	-7.55475	-45.0000
		endloop
	endfacet
	facet normal	0.463025	-0.104127	-0.880208
		outer loop
			vertex	24.6887	-6.71297	-42.9582
			vertex	21.0309	-5.71842	-45.0000
			vertex	25.1853	-4.50472	-42.9582
		endloop
	endfacet
	facet normal	0.463028	-0.104145	-0.880204
		outer loop
			vertex	21.4540	-3.83732	-45.0000
			vertex	25.1853	-4.50472	-42.9582
			vertex	21.0309	-5.71842	-45.0000
		endloop
	endfacet
	facet normal	0.470419	-0.0628202	-0.880204
		outer loop
			vertex	25.1853	-4.50472	-42.9582
			vertex	21.4540	-3.83732	-45.0000
			vertex	25.4849	-2.26121	-42.9582
		endloop
	endfacet
	facet normal	0.470418	-0.0628168	-0.880205
		outer loop
			vertex	21.7092	-1.92620	-45.0000
			vertex	25.4849	-2.26121	-42.9582
			vertex	21.4540	-3.83732	-45.0000
		endloop
	endfacet
	facet normal	0.474130	-0.0209891	-0.880205
		outer loop
			vertex	25.4849	-2.26121	-42.9582
			vertex	21.7092	-1.92620	-45.0000
			vertex	25.5850	0.000000	-42.9582
		endloop
	endfacet
	facet normal	0.474133	-0.0209966	-0.880203
		outer loop
			vertex	21.7945	0.000000	-45.0000
			vertex	25.5850	0.000000	-42.9582
			vertex	21.7092	-1.92620	-45.0000
		endloop
	endfacet
	facet normal	0.474133	0.0209892	-0.880203
		outer loop
			vertex	25.5850	0.000000	-42.9582
			vertex	21.7945	0.000000	-45.0000
			vertex	25.4849	2.26121	-42.9582
		endloop
	endfacet
	facet normal	0.474129	0.0209965	-0.880205
		outer loop
			vertex	21.7092	1.92620	-45.0000
			vertex	25.4849	2.26121	-42.9582
			vertex	21.7945	0.000000	-45.0000
		endloop
	endfacet
	facet normal	1.00000	0.000000	0.000000
		outer loop
			vertex	45.0000	17.5808	-12.7736
			vertex	45.0000	19.3717	-9.98682
			vertex	45.0000	19.9405	-8.56604
		endloop
	endfacet
	facet normal	1.00000	0.000000	0.000000
		outer loop
			vertex	45.0000	21.3228	4.00703
			vertex	45.0000	21.2667	4.29819
			vertex	45.0000	-21.3222	4.39163
		endloop
	endfacet
	facet normal	1.00000	0.000000	0.000000
		outer loop
			vertex	45.0000	-21.3222	4.39163
			vertex	45.0000	17.5808	12.7736
			vertex	45.0000	17.1316	13.4725
		endloop
	endfacet
	facet normal	1.00000	0.000000	0.000000
		outer loop
			vertex	45.0000	-21.3489	4.30069
			vertex	45.0000	-21.4006	4.12464
			vertex	45.0000	-21.7945	0.000000
		endloop
	endfacet
	facet normal	1.00000	0.000000	0.000000
		outer loop
			vertex	45.0000	-21.3489	4.30069
			vertex	45.0000	-21.7945	0.000000
			vertex	45.0000	-21.3222	4.39163
		endloop
	endfacet
	facet normal	1.00000	0.000000	0.000000
		outer loop
			vertex	45.0000	-13.6433	-16.8857
			vertex	45.0000	-12.6420	-17.7533
			vertex	45.0000	-12.2404	-17.9852
		endloop
	endfacet
	facet normal	1.00000	0.000000	0.000000
		outer loop
			vertex	45.0000	-21.3222	-4.39163
			vertex	45.0000	16.6364	-13.9918
			vertex	45.0000	17.1316	-13.4725
		endloop
	endfacet
	facet normal	1.00000	0.000000	0.000000
		outer loop
			vertex	45.0000	21.3228	-4.00703
			vertex	45.0000	-21.3222	4.39163
			vertex	45.0000	21.2667	-4.29819
		endloop
	endfacet
	facet normal	1.00000	0.000000	0.000000
		outer loop
			vertex	45.0000	19.9405	-8.56604
			vertex	45.0000	21.2667	-4.29819
			vertex	45.0000	-21.3222	4.39163
		endloop
	endfacet
	facet normal	1.00000	0.000000	0.000000
		outer loop
			vertex	45.0000	21.2667	-4.29819
			vertex	45.0000	19.9405	-8.56604
			vertex	45.0000	20.9117	-6.14022
		endloop
	endfacet
	facet normal	1.00000	0.000000	0.000000
		outer loop
			vertex	45.0000	19.3717	9.98682
			vertex	45.0000	17.5808	12.7736
			vertex	45.0000	19.9405	8.56604
		endloop
	endfacet
	facet normal	1.00000	0.000000	0.000000
		outer loop
			vertex	45.0000	-21.3222	4.39163
			vertex	45.0000	19.9405	8.56604
			vertex	45.0000	17.5808	12.7736
		endloop
	endfacet
	facet normal	1.00000	0.000000	0.000000
		outer loop
			vertex	45.0000	19.9405	8.56604
			vertex	45.0000	-21.3222	4.39163
			vertex	45.0000	20.9117	6.14022
		endloop
	endfacet
	facet normal	1.00000	0.000000	0.000000
		outer loop
			vertex	45.0000	21.2667	4.29819
			vertex	45.0000	20.9117	6.14022
			vertex	45.0000	-21.3222	4.39163
		endloop
	endfacet
	facet normal	1.00000	0.000000	0.000000
		outer loop
			vertex	45.0000	17.1316	13.4725
			vertex	45.0000	16.6364	13.9918
			vertex	45.0000	-21.3222	4.39163
		endloop
	endfacet
	facet normal	1.00000	0.000000	0.000000
		outer loop
			vertex	45.0000	14.2724	16.4712
			vertex	45.0000	-21.3222	4.39163
			vertex	45.0000	16.6364	13.9918
		endloop
	endfacet
	facet normal	1.00000	0.000000	0.000000
		outer loop
			vertex	45.0000	-21.3222	4.39163
			vertex	45.0000	14.2724	16.4712
			vertex	45.0000	13.6884	16.8870
		endloop
	endfacet
	facet normal	1.00000	0.000000	0.000000
		outer loop
			vertex	45.0000	-3.99612	-21.3444
			vertex	45.0000	-1.03702	-21.7698
			vertex	45.0000	6.16153e-007	-21.7204
		endloop
	endfacet
	facet normal	1.00000	0.000000	0.000000
		outer loop
			vertex	45.0000	17.1316	-13.4725
			vertex	45.0000	17.5808	-12.7736
			vertex	45.0000	-21.3222	-4.39163
		endloop
	endfacet
	facet normal	1.00000	0.000000	0.000000
		outer loop
			vertex	45.0000	19.9405	-8.56604
			vertex	45.0000	-21.3222	-4.39163
			vertex	45.0000	17.5808	-12.7736
		endloop
	endfacet
	facet normal	1.00000	0.000000	0.000000
		outer loop
			vertex	45.0000	-21.3222	-4.39163
			vertex	45.0000	19.9405	-8.56604
			vertex	45.0000	-21.3489	-4.30069
		endloop
	endfacet
	facet normal	1.00000	0.000000	0.000000
		outer loop
			vertex	45.0000	-21.3222	4.39163
			vertex	45.0000	-21.3489	-4.30069
			vertex	45.0000	19.9405	-8.56604
		endloop
	endfacet
	facet normal	1.00000	0.000000	0.000000
		outer loop
			vertex	45.0000	-21.3489	-4.30069
			vertex	45.0000	-21.3222	4.39163
			vertex	45.0000	-21.4006	-4.12464
		endloop
	endfacet
	facet normal	1.00000	0.000000	0.000000
		outer loop
			vertex	45.0000	-21.7945	0.000000
			vertex	45.0000	-21.4006	-4.12464
			vertex	45.0000	-21.3222	4.39163
		endloop
	endfacet
	facet normal	1.00000	0.000000	0.000000
		outer loop
			vertex	45.0000	21.6958	2.07170
			vertex	45.0000	21.3228	4.00703
			vertex	45.0000	21.6958	1.63911e-015
		endloop
	endfacet
	facet normal	1.00000	0.000000	0.000000
		outer loop
			vertex	45.0000	-21.3222	4.39163
			vertex	45.0000	21.6958	1.63911e-015
			vertex	45.0000	21.3228	4.00703
		endloop
	endfacet
	facet normal	1.00000	0.000000	0.000000
		outer loop
			vertex	45.0000	21.6958	1.63911e-015
			vertex	45.0000	-21.3222	4.39163
			vertex	45.0000	21.6958	-2.07170
		endloop
	endfacet
	facet normal	1.00000	0.000000	0.000000
		outer loop
			vertex	45.0000	21.3228	-4.00703
			vertex	45.0000	21.6958	-2.07170
			vertex	45.0000	-21.3222	4.39163
		endloop
	endfacet
	facet normal	1.00000	0.000000	0.000000
		outer loop
			vertex	45.0000	-21.3222	4.39163
			vertex	45.0000	6.16154e-007	21.7204
			vertex	45.0000	-1.03702	21.7698
		endloop
	endfacet
	facet normal	1.00000	0.000000	0.000000
		outer loop
			vertex	45.0000	-21.3222	-4.39163
			vertex	45.0000	-20.2333	-8.10020
			vertex	45.0000	-19.9919	-8.56845
		endloop
	endfacet
	facet normal	1.00000	0.000000	0.000000
		outer loop
			vertex	45.0000	-19.9919	-8.56845
			vertex	45.0000	-18.3347	-11.7830
			vertex	45.0000	-21.3222	-4.39163
		endloop
	endfacet
	facet normal	1.00000	0.000000	0.000000
		outer loop
			vertex	45.0000	-17.5564	-12.7727
			vertex	45.0000	-21.3222	-4.39163
			vertex	45.0000	-18.3347	-11.7830
		endloop
	endfacet
	facet normal	1.00000	0.000000	0.000000
		outer loop
			vertex	45.0000	-21.3222	-4.39163
			vertex	45.0000	-17.5564	-12.7727
			vertex	45.0000	16.6364	-13.9918
		endloop
	endfacet
	facet normal	1.00000	0.000000	0.000000
		outer loop
			vertex	45.0000	-16.6384	-13.9400
			vertex	45.0000	16.6364	-13.9918
			vertex	45.0000	-17.5564	-12.7727
		endloop
	endfacet
	facet normal	1.00000	0.000000	0.000000
		outer loop
			vertex	45.0000	16.6364	-13.9918
			vertex	45.0000	-16.6384	-13.9400
			vertex	45.0000	-15.7734	-15.0399
		endloop
	endfacet
	facet normal	1.00000	0.000000	0.000000
		outer loop
			vertex	45.0000	8.05492	-20.1726
			vertex	45.0000	10.8972	-18.8746
			vertex	45.0000	12.2463	-17.9139
		endloop
	endfacet
	facet normal	1.00000	0.000000	0.000000
		outer loop
			vertex	45.0000	-9.05376	-19.8250
			vertex	45.0000	-8.05517	-20.1706
			vertex	45.0000	-12.2404	-17.9852
		endloop
	endfacet
	facet normal	1.00000	0.000000	0.000000
		outer loop
			vertex	45.0000	16.6364	-13.9918
			vertex	45.0000	-12.2404	-17.9852
			vertex	45.0000	-8.05517	-20.1706
		endloop
	endfacet
	facet normal	1.00000	0.000000	0.000000
		outer loop
			vertex	45.0000	-12.2404	-17.9852
			vertex	45.0000	16.6364	-13.9918
			vertex	45.0000	-13.6433	-16.8857
		endloop
	endfacet
	facet normal	1.00000	0.000000	0.000000
		outer loop
			vertex	45.0000	-15.7734	-15.0399
			vertex	45.0000	-13.6433	-16.8857
			vertex	45.0000	16.6364	-13.9918
		endloop
	endfacet
	facet normal	1.00000	0.000000	0.000000
		outer loop
			vertex	45.0000	6.16153e-007	-21.7204
			vertex	45.0000	12.2463	-17.9139
			vertex	45.0000	13.6884	-16.8870
		endloop
	endfacet
	facet normal	1.00000	0.000000	0.000000
		outer loop
			vertex	45.0000	-1.03702	21.7698
			vertex	45.0000	-3.99612	21.3444
			vertex	45.0000	-21.3222	4.39163
		endloop
	endfacet
	facet normal	1.00000	0.000000	0.000000
		outer loop
			vertex	45.0000	-19.9919	8.56845
			vertex	45.0000	-21.3222	4.39163
			vertex	45.0000	-3.99612	21.3444
		endloop
	endfacet
	facet normal	1.00000	0.000000	0.000000
		outer loop
			vertex	45.0000	-21.3222	4.39163
			vertex	45.0000	-19.9919	8.56845
			vertex	45.0000	-20.2333	8.10020
		endloop
	endfacet
	facet normal	1.00000	0.000000	0.000000
		outer loop
			vertex	45.0000	-8.05517	-20.1706
			vertex	45.0000	-6.02177	-20.8744
			vertex	45.0000	16.6364	-13.9918
		endloop
	endfacet
	facet normal	1.00000	0.000000	0.000000
		outer loop
			vertex	45.0000	-5.13825	-21.1801
			vertex	45.0000	16.6364	-13.9918
			vertex	45.0000	-6.02177	-20.8744
		endloop
	endfacet
	facet normal	1.00000	0.000000	0.000000
		outer loop
			vertex	45.0000	16.6364	-13.9918
			vertex	45.0000	-5.13825	-21.1801
			vertex	45.0000	-3.99612	-21.3444
		endloop
	endfacet
	facet normal	1.00000	0.000000	0.000000
		outer loop
			vertex	45.0000	-3.99612	-21.3444
			vertex	45.0000	6.16153e-007	-21.7204
			vertex	45.0000	16.6364	-13.9918
		endloop
	endfacet
	facet normal	1.00000	0.000000	0.000000
		outer loop
			vertex	45.0000	13.6884	-16.8870
			vertex	45.0000	16.6364	-13.9918
			vertex	45.0000	6.16153e-007	-21.7204
		endloop
	endfacet
	facet normal	1.00000	0.000000	0.000000
		outer loop
			vertex	45.0000	16.6364	-13.9918
			vertex	45.0000	13.6884	-16.8870
			vertex	45.0000	14.2724	-16.4712
		endloop
	endfacet
	facet normal	1.00000	0.000000	0.000000
		outer loop
			vertex	45.0000	13.6884	16.8870
			vertex	45.0000	12.2463	17.9139
			vertex	45.0000	-21.3222	4.39163
		endloop
	endfacet
	facet normal	1.00000	0.000000	0.000000
		outer loop
			vertex	45.0000	10.8972	18.8746
			vertex	45.0000	-21.3222	4.39163
			vertex	45.0000	12.2463	17.9139
		endloop
	endfacet
	facet normal	1.00000	0.000000	0.000000
		outer loop
			vertex	45.0000	-21.3222	4.39163
			vertex	45.0000	10.8972	18.8746
			vertex	45.0000	8.05492	20.1726
		endloop
	endfacet
	facet normal	1.00000	0.000000	0.000000
		outer loop
			vertex	45.0000	3.10168	21.5727
			vertex	45.0000	6.16154e-007	21.7204
			vertex	45.0000	3.99565	21.3558
		endloop
	endfacet
	facet normal	1.00000	0.000000	0.000000
		outer loop
			vertex	45.0000	-21.3222	4.39163
			vertex	45.0000	3.99565	21.3558
			vertex	45.0000	6.16154e-007	21.7204
		endloop
	endfacet
	facet normal	1.00000	0.000000	0.000000
		outer loop
			vertex	45.0000	3.99565	21.3558
			vertex	45.0000	-21.3222	4.39163
			vertex	45.0000	5.98019	20.8743
		endloop
	endfacet
	facet normal	1.00000	0.000000	0.000000
		outer loop
			vertex	45.0000	8.05492	20.1726
			vertex	45.0000	5.98019	20.8743
			vertex	45.0000	-21.3222	4.39163
		endloop
	endfacet
	facet normal	1.00000	0.000000	0.000000
		outer loop
			vertex	45.0000	5.98019	20.8743
			vertex	45.0000	8.05492	20.1726
			vertex	45.0000	7.12828	20.5958
		endloop
	endfacet
	facet normal	1.00000	0.000000	0.000000
		outer loop
			vertex	45.0000	-3.99612	21.3444
			vertex	45.0000	-5.13825	21.1801
			vertex	45.0000	-19.9919	8.56845
		endloop
	endfacet
	facet normal	1.00000	0.000000	0.000000
		outer loop
			vertex	45.0000	-6.02177	20.8744
			vertex	45.0000	-19.9919	8.56845
			vertex	45.0000	-5.13825	21.1801
		endloop
	endfacet
	facet normal	1.00000	0.000000	0.000000
		outer loop
			vertex	45.0000	-19.9919	8.56845
			vertex	45.0000	-6.02177	20.8744
			vertex	45.0000	-8.05517	20.1706
		endloop
	endfacet
	facet normal	1.00000	0.000000	0.000000
		outer loop
			vertex	45.0000	7.12828	-20.5958
			vertex	45.0000	8.05492	-20.1726
			vertex	45.0000	5.98019	-20.8743
		endloop
	endfacet
	facet normal	1.00000	0.000000	0.000000
		outer loop
			vertex	45.0000	12.2463	-17.9139
			vertex	45.0000	5.98019	-20.8743
			vertex	45.0000	8.05492	-20.1726
		endloop
	endfacet
	facet normal	1.00000	0.000000	0.000000
		outer loop
			vertex	45.0000	5.98019	-20.8743
			vertex	45.0000	12.2463	-17.9139
			vertex	45.0000	3.99565	-21.3558
		endloop
	endfacet
	facet normal	1.00000	0.000000	0.000000
		outer loop
			vertex	45.0000	6.16153e-007	-21.7204
			vertex	45.0000	3.99565	-21.3558
			vertex	45.0000	12.2463	-17.9139
		endloop
	endfacet
	facet normal	1.00000	0.000000	0.000000
		outer loop
			vertex	45.0000	3.99565	-21.3558
			vertex	45.0000	6.16153e-007	-21.7204
			vertex	45.0000	3.10168	-21.5727
		endloop
	endfacet
	facet normal	1.00000	0.000000	0.000000
		outer loop
			vertex	45.0000	-12.6420	17.7533
			vertex	45.0000	-13.6433	16.8857
			vertex	45.0000	-12.2404	17.9852
		endloop
	endfacet
	facet normal	1.00000	0.000000	0.000000
		outer loop
			vertex	45.0000	-8.05517	20.1706
			vertex	45.0000	-12.2404	17.9852
			vertex	45.0000	-13.6433	16.8857
		endloop
	endfacet
	facet normal	1.00000	0.000000	0.000000
		outer loop
			vertex	45.0000	-12.2404	17.9852
			vertex	45.0000	-8.05517	20.1706
			vertex	45.0000	-9.05376	19.8250
		endloop
	endfacet
	facet normal	1.00000	0.000000	0.000000
		outer loop
			vertex	45.0000	-18.3347	11.7830
			vertex	45.0000	-19.9919	8.56845
			vertex	45.0000	-17.5564	12.7727
		endloop
	endfacet
	facet normal	1.00000	0.000000	0.000000
		outer loop
			vertex	45.0000	-8.05517	20.1706
			vertex	45.0000	-17.5564	12.7727
			vertex	45.0000	-19.9919	8.56845
		endloop
	endfacet
	facet normal	1.00000	0.000000	0.000000
		outer loop
			vertex	45.0000	-17.5564	12.7727
			vertex	45.0000	-8.05517	20.1706
			vertex	45.0000	-16.6384	13.9400
		endloop
	endfacet
	facet normal	1.00000	0.000000	0.000000
		outer loop
			vertex	45.0000	-13.6433	16.8857
			vertex	45.0000	-16.6384	13.9400
			vertex	45.0000	-8.05517	20.1706
		endloop
	endfacet
	facet normal	1.00000	0.000000	0.000000
		outer loop
			vertex	45.0000	-16.6384	13.9400
			vertex	45.0000	-13.6433	16.8857
			vertex	45.0000	-15.7734	15.0399
		endloop
	endfacet
endsolid FBImport1
