solid Sphere1^Extrude4
	facet normal	0.000000	0.000000	1.00000
		outer loop
			vertex	1.44548	21.7465	45.0000
			vertex	-0.482140	21.7892	45.0000
			vertex	-2.40598	21.6613	45.0000
		endloop
	endfacet
	facet normal	0.000000	0.000000	1.00000
		outer loop
			vertex	1.44548	21.7465	45.0000
			vertex	-2.40598	21.6613	45.0000
			vertex	3.36178	21.5337	45.0000
		endloop
	endfacet
	facet normal	0.000000	0.000000	1.00000
		outer loop
			vertex	-4.31099	21.3639	45.0000
			vertex	3.36178	21.5337	45.0000
			vertex	-2.40598	21.6613	45.0000
		endloop
	endfacet
	facet normal	0.000000	0.000000	1.00000
		outer loop
			vertex	3.36178	21.5337	45.0000
			vertex	-4.31099	21.3639	45.0000
			vertex	5.25177	21.1523	45.0000
		endloop
	endfacet
	facet normal	0.000000	0.000000	1.00000
		outer loop
			vertex	-6.18227	20.8993	45.0000
			vertex	5.25177	21.1523	45.0000
			vertex	-4.31099	21.3639	45.0000
		endloop
	endfacet
	facet normal	0.000000	0.000000	1.00000
		outer loop
			vertex	5.25177	21.1523	45.0000
			vertex	-6.18227	20.8993	45.0000
			vertex	7.10066	20.6054	45.0000
		endloop
	endfacet
	facet normal	0.000000	0.000000	1.00000
		outer loop
			vertex	-8.00515	20.2711	45.0000
			vertex	7.10066	20.6054	45.0000
			vertex	-6.18227	20.8993	45.0000
		endloop
	endfacet
	facet normal	0.000000	0.000000	1.00000
		outer loop
			vertex	7.10066	20.6054	45.0000
			vertex	-8.00515	20.2711	45.0000
			vertex	8.89398	19.8972	45.0000
		endloop
	endfacet
	facet normal	0.000000	0.000000	1.00000
		outer loop
			vertex	-9.76539	19.4843	45.0000
			vertex	8.89398	19.8972	45.0000
			vertex	-8.00515	20.2711	45.0000
		endloop
	endfacet
	facet normal	0.000000	0.000000	1.00000
		outer loop
			vertex	8.89398	19.8972	45.0000
			vertex	-9.76539	19.4843	45.0000
			vertex	10.6177	19.0333	45.0000
		endloop
	endfacet
	facet normal	0.000000	0.000000	1.00000
		outer loop
			vertex	-11.4492	18.5450	45.0000
			vertex	10.6177	19.0333	45.0000
			vertex	-9.76539	19.4843	45.0000
		endloop
	endfacet
	facet normal	0.000000	0.000000	1.00000
		outer loop
			vertex	10.6177	19.0333	45.0000
			vertex	-11.4492	18.5450	45.0000
			vertex	12.2583	18.0204	45.0000
		endloop
	endfacet
	facet normal	0.000000	0.000000	1.00000
		outer loop
			vertex	-13.0434	17.4605	45.0000
			vertex	12.2583	18.0204	45.0000
			vertex	-11.4492	18.5450	45.0000
		endloop
	endfacet
	facet normal	0.000000	0.000000	1.00000
		outer loop
			vertex	12.2583	18.0204	45.0000
			vertex	-13.0434	17.4605	45.0000
			vertex	13.8030	16.8665	45.0000
		endloop
	endfacet
	facet normal	0.000000	0.000000	1.00000
		outer loop
			vertex	-14.5355	16.2394	45.0000
			vertex	13.8030	16.8665	45.0000
			vertex	-13.0434	17.4605	45.0000
		endloop
	endfacet
	facet normal	0.000000	0.000000	1.00000
		outer loop
			vertex	13.8030	16.8665	45.0000
			vertex	-14.5355	16.2394	45.0000
			vertex	15.2396	15.5806	45.0000
		endloop
	endfacet
	facet normal	0.000000	0.000000	1.00000
		outer loop
			vertex	-15.9139	14.8912	45.0000
			vertex	15.2396	15.5806	45.0000
			vertex	-14.5355	16.2394	45.0000
		endloop
	endfacet
	facet normal	0.000000	0.000000	1.00000
		outer loop
			vertex	15.2396	15.5806	45.0000
			vertex	-15.9139	14.8912	45.0000
			vertex	16.5570	14.1727	45.0000
		endloop
	endfacet
	facet normal	0.000000	0.000000	1.00000
		outer loop
			vertex	-17.1677	13.4265	45.0000
			vertex	16.5570	14.1727	45.0000
			vertex	-15.9139	14.8912	45.0000
		endloop
	endfacet
	facet normal	0.000000	0.000000	1.00000
		outer loop
			vertex	16.5570	14.1727	45.0000
			vertex	-17.1677	13.4265	45.0000
			vertex	17.7448	12.6539	45.0000
		endloop
	endfacet
	facet normal	0.000000	0.000000	1.00000
		outer loop
			vertex	-18.2871	11.8566	45.0000
			vertex	17.7448	12.6539	45.0000
			vertex	-17.1677	13.4265	45.0000
		endloop
	endfacet
	facet normal	0.000000	0.000000	1.00000
		outer loop
			vertex	17.7448	12.6539	45.0000
			vertex	-18.2871	11.8566	45.0000
			vertex	18.7937	11.0361	45.0000
		endloop
	endfacet
	facet normal	0.000000	0.000000	1.00000
		outer loop
			vertex	-19.2635	10.1940	45.0000
			vertex	18.7937	11.0361	45.0000
			vertex	-18.2871	11.8566	45.0000
		endloop
	endfacet
	facet normal	0.000000	0.000000	1.00000
		outer loop
			vertex	18.7937	11.0361	45.0000
			vertex	-19.2635	10.1940	45.0000
			vertex	19.6955	9.33197	45.0000
		endloop
	endfacet
	facet normal	0.000000	0.000000	1.00000
		outer loop
			vertex	-20.0890	8.45163	45.0000
			vertex	19.6955	9.33197	45.0000
			vertex	-19.2635	10.1940	45.0000
		endloop
	endfacet
	facet normal	0.000000	0.000000	1.00000
		outer loop
			vertex	19.6955	9.33197	45.0000
			vertex	-20.0890	8.45163	45.0000
			vertex	20.4432	7.55475	45.0000
		endloop
	endfacet
	facet normal	0.000000	0.000000	1.00000
		outer loop
			vertex	-20.7574	6.64309	45.0000
			vertex	20.4432	7.55475	45.0000
			vertex	-20.0890	8.45163	45.0000
		endloop
	endfacet
	facet normal	0.000000	0.000000	1.00000
		outer loop
			vertex	20.4432	7.55475	45.0000
			vertex	-20.7574	6.64309	45.0000
			vertex	21.0309	5.71842	45.0000
		endloop
	endfacet
	facet normal	0.000000	0.000000	1.00000
		outer loop
			vertex	-21.2633	4.78255	45.0000
			vertex	21.0309	5.71842	45.0000
			vertex	-20.7574	6.64309	45.0000
		endloop
	endfacet
	facet normal	0.000000	0.000000	1.00000
		outer loop
			vertex	21.0309	5.71842	45.0000
			vertex	-21.2633	4.78255	45.0000
			vertex	21.4540	3.83732	45.0000
		endloop
	endfacet
	facet normal	0.000000	0.000000	1.00000
		outer loop
			vertex	-21.6028	2.88459	45.0000
			vertex	21.4540	3.83732	45.0000
			vertex	-21.2633	4.78255	45.0000
		endloop
	endfacet
	facet normal	0.000000	0.000000	1.00000
		outer loop
			vertex	21.4540	3.83732	45.0000
			vertex	-21.6028	2.88459	45.0000
			vertex	21.7092	1.92620	45.0000
		endloop
	endfacet
	facet normal	0.000000	0.000000	1.00000
		outer loop
			vertex	-21.7732	0.964043	45.0000
			vertex	21.7092	1.92620	45.0000
			vertex	-21.6028	2.88459	45.0000
		endloop
	endfacet
	facet normal	0.000000	0.000000	1.00000
		outer loop
			vertex	21.7092	1.92620	45.0000
			vertex	-21.7732	0.964043	45.0000
			vertex	21.7945	-8.74191e-015	45.0000
		endloop
	endfacet
	facet normal	0.000000	0.000000	1.00000
		outer loop
			vertex	-21.7945	8.74191e-015	45.0000
			vertex	21.7945	-8.74191e-015	45.0000
			vertex	-21.7732	0.964043	45.0000
		endloop
	endfacet
	facet normal	0.000000	0.000000	1.00000
		outer loop
			vertex	21.7945	-8.74191e-015	45.0000
			vertex	-21.7945	8.74191e-015	45.0000
			vertex	-21.7732	-0.964043	45.0000
		endloop
	endfacet
	facet normal	0.000000	0.000000	1.00000
		outer loop
			vertex	21.7092	-1.92620	45.0000
			vertex	21.7945	-8.74191e-015	45.0000
			vertex	21.4540	-3.83732	45.0000
		endloop
	endfacet
	facet normal	0.000000	0.000000	1.00000
		outer loop
			vertex	-21.7732	-0.964043	45.0000
			vertex	21.4540	-3.83732	45.0000
			vertex	21.7945	-8.74191e-015	45.0000
		endloop
	endfacet
	facet normal	0.000000	0.000000	1.00000
		outer loop
			vertex	21.4540	-3.83732	45.0000
			vertex	-21.7732	-0.964043	45.0000
			vertex	21.0309	-5.71842	45.0000
		endloop
	endfacet
	facet normal	0.000000	0.000000	1.00000
		outer loop
			vertex	20.4432	-7.55475	45.0000
			vertex	21.0309	-5.71842	45.0000
			vertex	-21.7732	-0.964043	45.0000
		endloop
	endfacet
	facet normal	0.000000	0.000000	1.00000
		outer loop
			vertex	-19.2635	-10.1940	45.0000
			vertex	-18.2871	-11.8566	45.0000
			vertex	-17.1677	-13.4265	45.0000
		endloop
	endfacet
	facet normal	0.000000	0.000000	1.00000
		outer loop
			vertex	-0.482140	-21.7892	45.0000
			vertex	1.44548	-21.7465	45.0000
			vertex	-11.4492	-18.5450	45.0000
		endloop
	endfacet
	facet normal	0.000000	0.000000	1.00000
		outer loop
			vertex	3.36178	-21.5337	45.0000
			vertex	-11.4492	-18.5450	45.0000
			vertex	1.44548	-21.7465	45.0000
		endloop
	endfacet
	facet normal	0.000000	0.000000	1.00000
		outer loop
			vertex	-21.7732	-0.964043	45.0000
			vertex	13.8030	-16.8665	45.0000
			vertex	15.2396	-15.5806	45.0000
		endloop
	endfacet
	facet normal	0.000000	0.000000	1.00000
		outer loop
			vertex	-13.0434	-17.4605	45.0000
			vertex	-11.4492	-18.5450	45.0000
			vertex	-14.5355	-16.2394	45.0000
		endloop
	endfacet
	facet normal	0.000000	0.000000	1.00000
		outer loop
			vertex	10.6177	-19.0333	45.0000
			vertex	-14.5355	-16.2394	45.0000
			vertex	-11.4492	-18.5450	45.0000
		endloop
	endfacet
	facet normal	0.000000	0.000000	1.00000
		outer loop
			vertex	-14.5355	-16.2394	45.0000
			vertex	10.6177	-19.0333	45.0000
			vertex	-15.9139	-14.8912	45.0000
		endloop
	endfacet
	facet normal	0.000000	0.000000	1.00000
		outer loop
			vertex	-17.1677	-13.4265	45.0000
			vertex	-15.9139	-14.8912	45.0000
			vertex	10.6177	-19.0333	45.0000
		endloop
	endfacet
	facet normal	0.000000	0.000000	1.00000
		outer loop
			vertex	-2.40598	-21.6613	45.0000
			vertex	-0.482140	-21.7892	45.0000
			vertex	-4.31099	-21.3639	45.0000
		endloop
	endfacet
	facet normal	0.000000	0.000000	1.00000
		outer loop
			vertex	-11.4492	-18.5450	45.0000
			vertex	-4.31099	-21.3639	45.0000
			vertex	-0.482140	-21.7892	45.0000
		endloop
	endfacet
	facet normal	0.000000	0.000000	1.00000
		outer loop
			vertex	-4.31099	-21.3639	45.0000
			vertex	-11.4492	-18.5450	45.0000
			vertex	-6.18227	-20.8993	45.0000
		endloop
	endfacet
	facet normal	0.000000	0.000000	1.00000
		outer loop
			vertex	-9.76539	-19.4843	45.0000
			vertex	-6.18227	-20.8993	45.0000
			vertex	-11.4492	-18.5450	45.0000
		endloop
	endfacet
	facet normal	0.000000	0.000000	1.00000
		outer loop
			vertex	-6.18227	-20.8993	45.0000
			vertex	-9.76539	-19.4843	45.0000
			vertex	-8.00515	-20.2711	45.0000
		endloop
	endfacet
	facet normal	0.000000	0.000000	1.00000
		outer loop
			vertex	19.6955	-9.33197	45.0000
			vertex	20.4432	-7.55475	45.0000
			vertex	18.7937	-11.0361	45.0000
		endloop
	endfacet
	facet normal	0.000000	0.000000	1.00000
		outer loop
			vertex	-21.7732	-0.964043	45.0000
			vertex	18.7937	-11.0361	45.0000
			vertex	20.4432	-7.55475	45.0000
		endloop
	endfacet
	facet normal	0.000000	0.000000	1.00000
		outer loop
			vertex	18.7937	-11.0361	45.0000
			vertex	-21.7732	-0.964043	45.0000
			vertex	17.7448	-12.6539	45.0000
		endloop
	endfacet
	facet normal	0.000000	0.000000	1.00000
		outer loop
			vertex	15.2396	-15.5806	45.0000
			vertex	17.7448	-12.6539	45.0000
			vertex	-21.7732	-0.964043	45.0000
		endloop
	endfacet
	facet normal	0.000000	0.000000	1.00000
		outer loop
			vertex	17.7448	-12.6539	45.0000
			vertex	15.2396	-15.5806	45.0000
			vertex	16.5570	-14.1727	45.0000
		endloop
	endfacet
	facet normal	0.000000	0.000000	1.00000
		outer loop
			vertex	-17.1677	-13.4265	45.0000
			vertex	10.6177	-19.0333	45.0000
			vertex	-19.2635	-10.1940	45.0000
		endloop
	endfacet
	facet normal	0.000000	0.000000	1.00000
		outer loop
			vertex	-20.7574	-6.64309	45.0000
			vertex	-19.2635	-10.1940	45.0000
			vertex	10.6177	-19.0333	45.0000
		endloop
	endfacet
	facet normal	0.000000	0.000000	1.00000
		outer loop
			vertex	-19.2635	-10.1940	45.0000
			vertex	-20.7574	-6.64309	45.0000
			vertex	-20.0890	-8.45163	45.0000
		endloop
	endfacet
	facet normal	0.000000	0.000000	1.00000
		outer loop
			vertex	8.89398	-19.8972	45.0000
			vertex	10.6177	-19.0333	45.0000
			vertex	7.10066	-20.6054	45.0000
		endloop
	endfacet
	facet normal	0.000000	0.000000	1.00000
		outer loop
			vertex	-11.4492	-18.5450	45.0000
			vertex	7.10066	-20.6054	45.0000
			vertex	10.6177	-19.0333	45.0000
		endloop
	endfacet
	facet normal	0.000000	0.000000	1.00000
		outer loop
			vertex	7.10066	-20.6054	45.0000
			vertex	-11.4492	-18.5450	45.0000
			vertex	5.25177	-21.1523	45.0000
		endloop
	endfacet
	facet normal	0.000000	0.000000	1.00000
		outer loop
			vertex	3.36178	-21.5337	45.0000
			vertex	5.25177	-21.1523	45.0000
			vertex	-11.4492	-18.5450	45.0000
		endloop
	endfacet
	facet normal	0.000000	0.000000	1.00000
		outer loop
			vertex	-21.2633	-4.78255	45.0000
			vertex	-20.7574	-6.64309	45.0000
			vertex	-21.6028	-2.88459	45.0000
		endloop
	endfacet
	facet normal	0.000000	0.000000	1.00000
		outer loop
			vertex	10.6177	-19.0333	45.0000
			vertex	-21.6028	-2.88459	45.0000
			vertex	-20.7574	-6.64309	45.0000
		endloop
	endfacet
	facet normal	0.000000	0.000000	1.00000
		outer loop
			vertex	-21.6028	-2.88459	45.0000
			vertex	10.6177	-19.0333	45.0000
			vertex	-21.7732	-0.964043	45.0000
		endloop
	endfacet
	facet normal	0.000000	0.000000	1.00000
		outer loop
			vertex	12.2583	-18.0204	45.0000
			vertex	-21.7732	-0.964043	45.0000
			vertex	10.6177	-19.0333	45.0000
		endloop
	endfacet
	facet normal	0.000000	0.000000	1.00000
		outer loop
			vertex	-21.7732	-0.964043	45.0000
			vertex	12.2583	-18.0204	45.0000
			vertex	13.8030	-16.8665	45.0000
		endloop
	endfacet
	facet normal	0.000000	0.000000	-1.00000
		outer loop
			vertex	-4.31099	-21.3639	-45.0000
			vertex	-6.18227	-20.8993	-45.0000
			vertex	8.89398	19.8972	-45.0000
		endloop
	endfacet
	facet normal	0.000000	0.000000	-1.00000
		outer loop
			vertex	8.89398	19.8972	-45.0000
			vertex	-6.18227	-20.8993	-45.0000
			vertex	7.10066	20.6054	-45.0000
		endloop
	endfacet
	facet normal	0.000000	0.000000	-1.00000
		outer loop
			vertex	7.10066	20.6054	-45.0000
			vertex	-6.18227	-20.8993	-45.0000
			vertex	5.25177	21.1523	-45.0000
		endloop
	endfacet
	facet normal	0.000000	0.000000	-1.00000
		outer loop
			vertex	1.44548	21.7465	-45.0000
			vertex	5.25177	21.1523	-45.0000
			vertex	-6.18227	-20.8993	-45.0000
		endloop
	endfacet
	facet normal	0.000000	0.000000	-1.00000
		outer loop
			vertex	5.25177	21.1523	-45.0000
			vertex	1.44548	21.7465	-45.0000
			vertex	3.36178	21.5337	-45.0000
		endloop
	endfacet
	facet normal	0.000000	0.000000	-1.00000
		outer loop
			vertex	-4.31099	-21.3639	-45.0000
			vertex	1.44548	-21.7465	-45.0000
			vertex	-2.40598	-21.6613	-45.0000
		endloop
	endfacet
	facet normal	0.000000	0.000000	-1.00000
		outer loop
			vertex	-0.482140	-21.7892	-45.0000
			vertex	-2.40598	-21.6613	-45.0000
			vertex	1.44548	-21.7465	-45.0000
		endloop
	endfacet
	facet normal	0.000000	0.000000	-1.00000
		outer loop
			vertex	-20.0890	-8.45163	-45.0000
			vertex	-21.7732	0.964043	-45.0000
			vertex	-19.2635	-10.1940	-45.0000
		endloop
	endfacet
	facet normal	0.000000	0.000000	-1.00000
		outer loop
			vertex	-17.1677	-13.4265	-45.0000
			vertex	-19.2635	-10.1940	-45.0000
			vertex	-21.7732	0.964043	-45.0000
		endloop
	endfacet
	facet normal	0.000000	0.000000	-1.00000
		outer loop
			vertex	-19.2635	-10.1940	-45.0000
			vertex	-17.1677	-13.4265	-45.0000
			vertex	-18.2871	-11.8566	-45.0000
		endloop
	endfacet
	facet normal	0.000000	0.000000	-1.00000
		outer loop
			vertex	-11.4492	18.5450	-45.0000
			vertex	-9.76539	19.4843	-45.0000
			vertex	-6.18227	-20.8993	-45.0000
		endloop
	endfacet
	facet normal	0.000000	0.000000	-1.00000
		outer loop
			vertex	-8.00515	20.2711	-45.0000
			vertex	-6.18227	-20.8993	-45.0000
			vertex	-9.76539	19.4843	-45.0000
		endloop
	endfacet
	facet normal	0.000000	0.000000	-1.00000
		outer loop
			vertex	-0.482140	21.7892	-45.0000
			vertex	1.44548	21.7465	-45.0000
			vertex	-2.40598	21.6613	-45.0000
		endloop
	endfacet
	facet normal	0.000000	0.000000	-1.00000
		outer loop
			vertex	-6.18227	-20.8993	-45.0000
			vertex	-2.40598	21.6613	-45.0000
			vertex	1.44548	21.7465	-45.0000
		endloop
	endfacet
	facet normal	0.000000	0.000000	-1.00000
		outer loop
			vertex	-2.40598	21.6613	-45.0000
			vertex	-6.18227	-20.8993	-45.0000
			vertex	-4.31099	21.3639	-45.0000
		endloop
	endfacet
	facet normal	0.000000	0.000000	-1.00000
		outer loop
			vertex	-8.00515	20.2711	-45.0000
			vertex	-4.31099	21.3639	-45.0000
			vertex	-6.18227	-20.8993	-45.0000
		endloop
	endfacet
	facet normal	0.000000	0.000000	-1.00000
		outer loop
			vertex	-4.31099	21.3639	-45.0000
			vertex	-8.00515	20.2711	-45.0000
			vertex	-6.18227	20.8993	-45.0000
		endloop
	endfacet
	facet normal	0.000000	0.000000	-1.00000
		outer loop
			vertex	-4.31099	-21.3639	-45.0000
			vertex	8.89398	19.8972	-45.0000
			vertex	1.44548	-21.7465	-45.0000
		endloop
	endfacet
	facet normal	0.000000	0.000000	-1.00000
		outer loop
			vertex	5.25177	-21.1523	-45.0000
			vertex	1.44548	-21.7465	-45.0000
			vertex	8.89398	19.8972	-45.0000
		endloop
	endfacet
	facet normal	0.000000	0.000000	-1.00000
		outer loop
			vertex	1.44548	-21.7465	-45.0000
			vertex	5.25177	-21.1523	-45.0000
			vertex	3.36178	-21.5337	-45.0000
		endloop
	endfacet
	facet normal	0.000000	0.000000	-1.00000
		outer loop
			vertex	-15.9139	-14.8912	-45.0000
			vertex	-17.1677	-13.4265	-45.0000
			vertex	-14.5355	-16.2394	-45.0000
		endloop
	endfacet
	facet normal	0.000000	0.000000	-1.00000
		outer loop
			vertex	-21.7732	0.964043	-45.0000
			vertex	-14.5355	-16.2394	-45.0000
			vertex	-17.1677	-13.4265	-45.0000
		endloop
	endfacet
	facet normal	0.000000	0.000000	-1.00000
		outer loop
			vertex	-14.5355	-16.2394	-45.0000
			vertex	-21.7732	0.964043	-45.0000
			vertex	-13.0434	-17.4605	-45.0000
		endloop
	endfacet
	facet normal	0.000000	0.000000	-1.00000
		outer loop
			vertex	-11.4492	-18.5450	-45.0000
			vertex	-13.0434	-17.4605	-45.0000
			vertex	-21.7732	0.964043	-45.0000
		endloop
	endfacet
	facet normal	0.000000	0.000000	-1.00000
		outer loop
			vertex	-21.6028	-2.88459	-45.0000
			vertex	-21.7732	-0.964043	-45.0000
			vertex	-21.2633	-4.78255	-45.0000
		endloop
	endfacet
	facet normal	0.000000	0.000000	-1.00000
		outer loop
			vertex	-21.7732	0.964043	-45.0000
			vertex	-21.2633	-4.78255	-45.0000
			vertex	-21.7732	-0.964043	-45.0000
		endloop
	endfacet
	facet normal	0.000000	0.000000	-1.00000
		outer loop
			vertex	-21.2633	-4.78255	-45.0000
			vertex	-21.7732	0.964043	-45.0000
			vertex	-20.7574	-6.64309	-45.0000
		endloop
	endfacet
	facet normal	0.000000	0.000000	-1.00000
		outer loop
			vertex	-20.0890	-8.45163	-45.0000
			vertex	-20.7574	-6.64309	-45.0000
			vertex	-21.7732	0.964043	-45.0000
		endloop
	endfacet
	facet normal	0.000000	0.000000	-1.00000
		outer loop
			vertex	-9.76539	-19.4843	-45.0000
			vertex	-11.4492	-18.5450	-45.0000
			vertex	-8.00515	-20.2711	-45.0000
		endloop
	endfacet
	facet normal	0.000000	0.000000	-1.00000
		outer loop
			vertex	-21.7732	0.964043	-45.0000
			vertex	-8.00515	-20.2711	-45.0000
			vertex	-11.4492	-18.5450	-45.0000
		endloop
	endfacet
	facet normal	0.000000	0.000000	-1.00000
		outer loop
			vertex	-8.00515	-20.2711	-45.0000
			vertex	-21.7732	0.964043	-45.0000
			vertex	-6.18227	-20.8993	-45.0000
		endloop
	endfacet
	facet normal	0.000000	0.000000	-1.00000
		outer loop
			vertex	-21.6028	2.88459	-45.0000
			vertex	-6.18227	-20.8993	-45.0000
			vertex	-21.7732	0.964043	-45.0000
		endloop
	endfacet
	facet normal	0.000000	0.000000	-1.00000
		outer loop
			vertex	-6.18227	-20.8993	-45.0000
			vertex	-21.6028	2.88459	-45.0000
			vertex	-21.2633	4.78255	-45.0000
		endloop
	endfacet
	facet normal	0.000000	0.000000	-1.00000
		outer loop
			vertex	-18.2871	11.8566	-45.0000
			vertex	-17.1677	13.4265	-45.0000
			vertex	-19.2635	10.1940	-45.0000
		endloop
	endfacet
	facet normal	0.000000	0.000000	-1.00000
		outer loop
			vertex	-6.18227	-20.8993	-45.0000
			vertex	-19.2635	10.1940	-45.0000
			vertex	-17.1677	13.4265	-45.0000
		endloop
	endfacet
	facet normal	0.000000	0.000000	-1.00000
		outer loop
			vertex	-19.2635	10.1940	-45.0000
			vertex	-6.18227	-20.8993	-45.0000
			vertex	-20.0890	8.45163	-45.0000
		endloop
	endfacet
	facet normal	0.000000	0.000000	-1.00000
		outer loop
			vertex	-21.2633	4.78255	-45.0000
			vertex	-20.0890	8.45163	-45.0000
			vertex	-6.18227	-20.8993	-45.0000
		endloop
	endfacet
	facet normal	0.000000	0.000000	-1.00000
		outer loop
			vertex	-20.0890	8.45163	-45.0000
			vertex	-21.2633	4.78255	-45.0000
			vertex	-20.7574	6.64309	-45.0000
		endloop
	endfacet
	facet normal	0.000000	0.000000	-1.00000
		outer loop
			vertex	-13.0434	17.4605	-45.0000
			vertex	-11.4492	18.5450	-45.0000
			vertex	-14.5355	16.2394	-45.0000
		endloop
	endfacet
	facet normal	0.000000	0.000000	-1.00000
		outer loop
			vertex	-6.18227	-20.8993	-45.0000
			vertex	-14.5355	16.2394	-45.0000
			vertex	-11.4492	18.5450	-45.0000
		endloop
	endfacet
	facet normal	0.000000	0.000000	-1.00000
		outer loop
			vertex	-14.5355	16.2394	-45.0000
			vertex	-6.18227	-20.8993	-45.0000
			vertex	-15.9139	14.8912	-45.0000
		endloop
	endfacet
	facet normal	0.000000	0.000000	-1.00000
		outer loop
			vertex	-17.1677	13.4265	-45.0000
			vertex	-15.9139	14.8912	-45.0000
			vertex	-6.18227	-20.8993	-45.0000
		endloop
	endfacet
	facet normal	0.000000	0.000000	-1.00000
		outer loop
			vertex	7.10066	-20.6054	-45.0000
			vertex	5.25177	-21.1523	-45.0000
			vertex	8.89398	-19.8972	-45.0000
		endloop
	endfacet
	facet normal	0.000000	0.000000	-1.00000
		outer loop
			vertex	8.89398	19.8972	-45.0000
			vertex	8.89398	-19.8972	-45.0000
			vertex	5.25177	-21.1523	-45.0000
		endloop
	endfacet
	facet normal	0.000000	0.000000	-1.00000
		outer loop
			vertex	8.89398	-19.8972	-45.0000
			vertex	8.89398	19.8972	-45.0000
			vertex	10.6177	-19.0333	-45.0000
		endloop
	endfacet
	facet normal	0.000000	0.000000	-1.00000
		outer loop
			vertex	10.6177	19.0333	-45.0000
			vertex	10.6177	-19.0333	-45.0000
			vertex	8.89398	19.8972	-45.0000
		endloop
	endfacet
	facet normal	0.000000	0.000000	-1.00000
		outer loop
			vertex	10.6177	-19.0333	-45.0000
			vertex	10.6177	19.0333	-45.0000
			vertex	12.2583	18.0204	-45.0000
		endloop
	endfacet
	facet normal	0.000000	0.000000	-1.00000
		outer loop
			vertex	18.7937	11.0361	-45.0000
			vertex	19.6955	9.33197	-45.0000
			vertex	17.7448	12.6539	-45.0000
		endloop
	endfacet
	facet normal	0.000000	0.000000	-1.00000
		outer loop
			vertex	10.6177	-19.0333	-45.0000
			vertex	17.7448	12.6539	-45.0000
			vertex	19.6955	9.33197	-45.0000
		endloop
	endfacet
	facet normal	0.000000	0.000000	-1.00000
		outer loop
			vertex	19.6955	9.33197	-45.0000
			vertex	20.4432	7.55475	-45.0000
			vertex	10.6177	-19.0333	-45.0000
		endloop
	endfacet
	facet normal	0.000000	0.000000	-1.00000
		outer loop
			vertex	21.0309	5.71842	-45.0000
			vertex	10.6177	-19.0333	-45.0000
			vertex	20.4432	7.55475	-45.0000
		endloop
	endfacet
	facet normal	0.000000	0.000000	-1.00000
		outer loop
			vertex	10.6177	-19.0333	-45.0000
			vertex	21.0309	5.71842	-45.0000
			vertex	21.4540	3.83732	-45.0000
		endloop
	endfacet
	facet normal	0.000000	0.000000	-1.00000
		outer loop
			vertex	16.5570	14.1727	-45.0000
			vertex	17.7448	12.6539	-45.0000
			vertex	15.2396	15.5806	-45.0000
		endloop
	endfacet
	facet normal	0.000000	0.000000	-1.00000
		outer loop
			vertex	10.6177	-19.0333	-45.0000
			vertex	15.2396	15.5806	-45.0000
			vertex	17.7448	12.6539	-45.0000
		endloop
	endfacet
	facet normal	0.000000	0.000000	-1.00000
		outer loop
			vertex	15.2396	15.5806	-45.0000
			vertex	10.6177	-19.0333	-45.0000
			vertex	13.8030	16.8665	-45.0000
		endloop
	endfacet
	facet normal	0.000000	0.000000	-1.00000
		outer loop
			vertex	12.2583	18.0204	-45.0000
			vertex	13.8030	16.8665	-45.0000
			vertex	10.6177	-19.0333	-45.0000
		endloop
	endfacet
	facet normal	0.000000	0.000000	-1.00000
		outer loop
			vertex	12.2583	-18.0204	-45.0000
			vertex	10.6177	-19.0333	-45.0000
			vertex	13.8030	-16.8665	-45.0000
		endloop
	endfacet
	facet normal	0.000000	0.000000	-1.00000
		outer loop
			vertex	21.4540	-3.83732	-45.0000
			vertex	13.8030	-16.8665	-45.0000
			vertex	10.6177	-19.0333	-45.0000
		endloop
	endfacet
	facet normal	0.000000	0.000000	-1.00000
		outer loop
			vertex	13.8030	-16.8665	-45.0000
			vertex	21.4540	-3.83732	-45.0000
			vertex	15.2396	-15.5806	-45.0000
		endloop
	endfacet
	facet normal	0.000000	0.000000	-1.00000
		outer loop
			vertex	17.7448	-12.6539	-45.0000
			vertex	15.2396	-15.5806	-45.0000
			vertex	21.4540	-3.83732	-45.0000
		endloop
	endfacet
	facet normal	0.000000	0.000000	-1.00000
		outer loop
			vertex	15.2396	-15.5806	-45.0000
			vertex	17.7448	-12.6539	-45.0000
			vertex	16.5570	-14.1727	-45.0000
		endloop
	endfacet
	facet normal	0.000000	0.000000	-1.00000
		outer loop
			vertex	21.7092	-1.92620	-45.0000
			vertex	21.4540	-3.83732	-45.0000
			vertex	21.7945	0.000000	-45.0000
		endloop
	endfacet
	facet normal	0.000000	0.000000	-1.00000
		outer loop
			vertex	10.6177	-19.0333	-45.0000
			vertex	21.7945	0.000000	-45.0000
			vertex	21.4540	-3.83732	-45.0000
		endloop
	endfacet
	facet normal	0.000000	0.000000	-1.00000
		outer loop
			vertex	21.7945	0.000000	-45.0000
			vertex	10.6177	-19.0333	-45.0000
			vertex	21.7092	1.92620	-45.0000
		endloop
	endfacet
	facet normal	0.000000	0.000000	-1.00000
		outer loop
			vertex	21.4540	3.83732	-45.0000
			vertex	21.7092	1.92620	-45.0000
			vertex	10.6177	-19.0333	-45.0000
		endloop
	endfacet
	facet normal	0.000000	0.000000	-1.00000
		outer loop
			vertex	19.6955	-9.33197	-45.0000
			vertex	18.7937	-11.0361	-45.0000
			vertex	20.4432	-7.55475	-45.0000
		endloop
	endfacet
	facet normal	0.000000	0.000000	-1.00000
		outer loop
			vertex	17.7448	-12.6539	-45.0000
			vertex	20.4432	-7.55475	-45.0000
			vertex	18.7937	-11.0361	-45.0000
		endloop
	endfacet
	facet normal	0.000000	0.000000	-1.00000
		outer loop
			vertex	20.4432	-7.55475	-45.0000
			vertex	17.7448	-12.6539	-45.0000
			vertex	21.0309	-5.71842	-45.0000
		endloop
	endfacet
	facet normal	0.000000	0.000000	-1.00000
		outer loop
			vertex	21.4540	-3.83732	-45.0000
			vertex	21.0309	-5.71842	-45.0000
			vertex	17.7448	-12.6539	-45.0000
		endloop
	endfacet
	facet normal	0.000000	-1.00000	0.000000
		outer loop
			vertex	21.2667	-45.0000	-4.29819
			vertex	21.6958	-45.0000	-2.07170
			vertex	21.6958	-45.0000	2.18548e-015
		endloop
	endfacet
	facet normal	0.000000	-1.00000	0.000000
		outer loop
			vertex	-21.3489	-45.0000	4.30069
			vertex	7.02601	-45.0000	-20.6206
			vertex	7.12828	-45.0000	-20.5958
		endloop
	endfacet
	facet normal	0.000000	-1.00000	0.000000
		outer loop
			vertex	17.1316	-45.0000	-13.4725
			vertex	17.5808	-45.0000	-12.7736
			vertex	15.5179	-45.0000	-15.1649
		endloop
	endfacet
	facet normal	0.000000	-1.00000	0.000000
		outer loop
			vertex	-21.3489	-45.0000	4.30069
			vertex	15.5179	-45.0000	-15.1649
			vertex	17.5808	-45.0000	-12.7736
		endloop
	endfacet
	facet normal	0.000000	-1.00000	0.000000
		outer loop
			vertex	-20.2333	-45.0000	8.10020
			vertex	-21.3489	-45.0000	4.30069
			vertex	-19.9919	-45.0000	8.56845
		endloop
	endfacet
	facet normal	0.000000	-1.00000	0.000000
		outer loop
			vertex	17.5808	-45.0000	-12.7736
			vertex	-19.9919	-45.0000	8.56845
			vertex	-21.3489	-45.0000	4.30069
		endloop
	endfacet
	facet normal	0.000000	-1.00000	0.000000
		outer loop
			vertex	-19.9919	-45.0000	8.56845
			vertex	17.5808	-45.0000	-12.7736
			vertex	-18.3347	-45.0000	11.7830
		endloop
	endfacet
	facet normal	0.000000	-1.00000	0.000000
		outer loop
			vertex	19.3717	-45.0000	-9.98682
			vertex	-18.3347	-45.0000	11.7830
			vertex	17.5808	-45.0000	-12.7736
		endloop
	endfacet
	facet normal	0.000000	-1.00000	0.000000
		outer loop
			vertex	21.2667	-45.0000	-4.29819
			vertex	21.6958	-45.0000	2.18548e-015
			vertex	-18.3347	-45.0000	11.7830
		endloop
	endfacet
	facet normal	0.000000	-1.00000	0.000000
		outer loop
			vertex	21.6958	-45.0000	2.07170
			vertex	-18.3347	-45.0000	11.7830
			vertex	21.6958	-45.0000	2.18548e-015
		endloop
	endfacet
	facet normal	0.000000	-1.00000	0.000000
		outer loop
			vertex	-18.3347	-45.0000	11.7830
			vertex	21.6958	-45.0000	2.07170
			vertex	21.2667	-45.0000	4.29819
		endloop
	endfacet
	facet normal	0.000000	-1.00000	0.000000
		outer loop
			vertex	19.9405	-45.0000	8.56604
			vertex	19.3717	-45.0000	9.98682
			vertex	-4.99897	-45.0000	21.2002
		endloop
	endfacet
	facet normal	0.000000	-1.00000	0.000000
		outer loop
			vertex	17.5808	-45.0000	12.7736
			vertex	-4.99897	-45.0000	21.2002
			vertex	19.3717	-45.0000	9.98682
		endloop
	endfacet
	facet normal	0.000000	-1.00000	0.000000
		outer loop
			vertex	7.02601	-45.0000	-20.6206
			vertex	-13.6433	-45.0000	-16.8857
			vertex	5.98019	-45.0000	-20.8743
		endloop
	endfacet
	facet normal	0.000000	-1.00000	0.000000
		outer loop
			vertex	-13.3189	-45.0000	-17.1668
			vertex	5.98019	-45.0000	-20.8743
			vertex	-13.6433	-45.0000	-16.8857
		endloop
	endfacet
	facet normal	0.000000	-1.00000	0.000000
		outer loop
			vertex	5.98019	-45.0000	-20.8743
			vertex	-13.3189	-45.0000	-17.1668
			vertex	3.10168	-45.0000	-21.5727
		endloop
	endfacet
	facet normal	0.000000	-1.00000	0.000000
		outer loop
			vertex	-12.6420	-45.0000	-17.7533
			vertex	3.10168	-45.0000	-21.5727
			vertex	-13.3189	-45.0000	-17.1668
		endloop
	endfacet
	facet normal	0.000000	-1.00000	0.000000
		outer loop
			vertex	3.10168	-45.0000	-21.5727
			vertex	-12.6420	-45.0000	-17.7533
			vertex	2.99145	-45.0000	-21.5779
		endloop
	endfacet
	facet normal	0.000000	-1.00000	0.000000
		outer loop
			vertex	-9.08076	-45.0000	-19.8094
			vertex	2.99145	-45.0000	-21.5779
			vertex	-12.6420	-45.0000	-17.7533
		endloop
	endfacet
	facet normal	0.000000	-1.00000	0.000000
		outer loop
			vertex	2.99145	-45.0000	-21.5779
			vertex	-9.08076	-45.0000	-19.8094
			vertex	-1.03702	-45.0000	-21.7698
		endloop
	endfacet
	facet normal	0.000000	-1.00000	0.000000
		outer loop
			vertex	-6.02177	-45.0000	-20.8744
			vertex	-5.13825	-45.0000	-21.1801
			vertex	-4.99897	-45.0000	-21.2002
		endloop
	endfacet
	facet normal	0.000000	-1.00000	0.000000
		outer loop
			vertex	14.2724	-45.0000	-16.4712
			vertex	15.5179	-45.0000	-15.1649
			vertex	13.6884	-45.0000	-16.8870
		endloop
	endfacet
	facet normal	0.000000	-1.00000	0.000000
		outer loop
			vertex	-21.3489	-45.0000	4.30069
			vertex	13.6884	-45.0000	-16.8870
			vertex	15.5179	-45.0000	-15.1649
		endloop
	endfacet
	facet normal	0.000000	-1.00000	0.000000
		outer loop
			vertex	13.6884	-45.0000	-16.8870
			vertex	-21.3489	-45.0000	4.30069
			vertex	11.1758	-45.0000	-18.6762
		endloop
	endfacet
	facet normal	0.000000	-1.00000	0.000000
		outer loop
			vertex	7.12828	-45.0000	-20.5958
			vertex	11.1758	-45.0000	-18.6762
			vertex	-21.3489	-45.0000	4.30069
		endloop
	endfacet
	facet normal	0.000000	-1.00000	0.000000
		outer loop
			vertex	11.1758	-45.0000	-18.6762
			vertex	7.12828	-45.0000	-20.5958
			vertex	10.8972	-45.0000	-18.8746
		endloop
	endfacet
	facet normal	0.000000	-1.00000	0.000000
		outer loop
			vertex	-4.99897	-45.0000	21.2002
			vertex	-5.13825	-45.0000	21.1801
			vertex	19.9405	-45.0000	8.56604
		endloop
	endfacet
	facet normal	0.000000	-1.00000	0.000000
		outer loop
			vertex	-6.02177	-45.0000	20.8744
			vertex	19.9405	-45.0000	8.56604
			vertex	-5.13825	-45.0000	21.1801
		endloop
	endfacet
	facet normal	0.000000	-1.00000	0.000000
		outer loop
			vertex	19.9405	-45.0000	8.56604
			vertex	-6.02177	-45.0000	20.8744
			vertex	-13.3189	-45.0000	17.1668
		endloop
	endfacet
	facet normal	0.000000	-1.00000	0.000000
		outer loop
			vertex	-9.05376	-45.0000	19.8250
			vertex	-9.08076	-45.0000	19.8094
			vertex	-6.02177	-45.0000	20.8744
		endloop
	endfacet
	facet normal	0.000000	-1.00000	0.000000
		outer loop
			vertex	-12.6420	-45.0000	17.7533
			vertex	-6.02177	-45.0000	20.8744
			vertex	-9.08076	-45.0000	19.8094
		endloop
	endfacet
	facet normal	0.000000	-1.00000	0.000000
		outer loop
			vertex	-6.02177	-45.0000	20.8744
			vertex	-12.6420	-45.0000	17.7533
			vertex	-13.3189	-45.0000	17.1668
		endloop
	endfacet
	facet normal	0.000000	-1.00000	0.000000
		outer loop
			vertex	-1.03702	-45.0000	-21.7698
			vertex	-9.08076	-45.0000	-19.8094
			vertex	-4.99897	-45.0000	-21.2002
		endloop
	endfacet
	facet normal	0.000000	-1.00000	0.000000
		outer loop
			vertex	-9.05376	-45.0000	-19.8250
			vertex	-4.99897	-45.0000	-21.2002
			vertex	-9.08076	-45.0000	-19.8094
		endloop
	endfacet
	facet normal	0.000000	-1.00000	0.000000
		outer loop
			vertex	-4.99897	-45.0000	-21.2002
			vertex	-9.05376	-45.0000	-19.8250
			vertex	-6.02177	-45.0000	-20.8744
		endloop
	endfacet
	facet normal	0.000000	-1.00000	0.000000
		outer loop
			vertex	20.9117	-45.0000	-6.14022
			vertex	21.2667	-45.0000	-4.29819
			vertex	20.1195	-45.0000	-8.11898
		endloop
	endfacet
	facet normal	0.000000	-1.00000	0.000000
		outer loop
			vertex	-18.3347	-45.0000	11.7830
			vertex	20.1195	-45.0000	-8.11898
			vertex	21.2667	-45.0000	-4.29819
		endloop
	endfacet
	facet normal	0.000000	-1.00000	0.000000
		outer loop
			vertex	20.1195	-45.0000	-8.11898
			vertex	-18.3347	-45.0000	11.7830
			vertex	19.9405	-45.0000	-8.56604
		endloop
	endfacet
	facet normal	0.000000	-1.00000	0.000000
		outer loop
			vertex	19.3717	-45.0000	-9.98682
			vertex	19.9405	-45.0000	-8.56604
			vertex	-18.3347	-45.0000	11.7830
		endloop
	endfacet
	facet normal	0.000000	-1.00000	0.000000
		outer loop
			vertex	14.2724	-45.0000	16.4712
			vertex	13.6884	-45.0000	16.8870
			vertex	15.5179	-45.0000	15.1649
		endloop
	endfacet
	facet normal	0.000000	-1.00000	0.000000
		outer loop
			vertex	-4.99897	-45.0000	21.2002
			vertex	15.5179	-45.0000	15.1649
			vertex	13.6884	-45.0000	16.8870
		endloop
	endfacet
	facet normal	0.000000	-1.00000	0.000000
		outer loop
			vertex	15.5179	-45.0000	15.1649
			vertex	-4.99897	-45.0000	21.2002
			vertex	17.1316	-45.0000	13.4725
		endloop
	endfacet
	facet normal	0.000000	-1.00000	0.000000
		outer loop
			vertex	17.5808	-45.0000	12.7736
			vertex	17.1316	-45.0000	13.4725
			vertex	-4.99897	-45.0000	21.2002
		endloop
	endfacet
	facet normal	0.000000	-1.00000	0.000000
		outer loop
			vertex	5.98019	-45.0000	20.8743
			vertex	13.6884	-45.0000	16.8870
			vertex	11.1758	-45.0000	18.6762
		endloop
	endfacet
	facet normal	0.000000	-1.00000	0.000000
		outer loop
			vertex	-13.3189	-45.0000	17.1668
			vertex	-13.6433	-45.0000	16.8857
			vertex	19.9405	-45.0000	8.56604
		endloop
	endfacet
	facet normal	0.000000	-1.00000	0.000000
		outer loop
			vertex	-15.7734	-45.0000	15.0399
			vertex	19.9405	-45.0000	8.56604
			vertex	-13.6433	-45.0000	16.8857
		endloop
	endfacet
	facet normal	0.000000	-1.00000	0.000000
		outer loop
			vertex	19.9405	-45.0000	8.56604
			vertex	-15.7734	-45.0000	15.0399
			vertex	-17.5564	-45.0000	12.7727
		endloop
	endfacet
	facet normal	0.000000	-1.00000	0.000000
		outer loop
			vertex	-17.5564	-45.0000	12.7727
			vertex	-17.7779	-45.0000	12.4911
			vertex	19.9405	-45.0000	8.56604
		endloop
	endfacet
	facet normal	0.000000	-1.00000	0.000000
		outer loop
			vertex	-18.3347	-45.0000	11.7830
			vertex	19.9405	-45.0000	8.56604
			vertex	-17.7779	-45.0000	12.4911
		endloop
	endfacet
	facet normal	0.000000	-1.00000	0.000000
		outer loop
			vertex	19.9405	-45.0000	8.56604
			vertex	-18.3347	-45.0000	11.7830
			vertex	20.1195	-45.0000	8.11898
		endloop
	endfacet
	facet normal	0.000000	-1.00000	0.000000
		outer loop
			vertex	21.2667	-45.0000	4.29819
			vertex	20.1195	-45.0000	8.11898
			vertex	-18.3347	-45.0000	11.7830
		endloop
	endfacet
	facet normal	0.000000	-1.00000	0.000000
		outer loop
			vertex	20.1195	-45.0000	8.11898
			vertex	21.2667	-45.0000	4.29819
			vertex	20.9117	-45.0000	6.14022
		endloop
	endfacet
	facet normal	0.000000	-1.00000	0.000000
		outer loop
			vertex	-15.7734	-45.0000	-15.0399
			vertex	-13.6433	-45.0000	-16.8857
			vertex	-17.5564	-45.0000	-12.7727
		endloop
	endfacet
	facet normal	0.000000	-1.00000	0.000000
		outer loop
			vertex	7.02601	-45.0000	-20.6206
			vertex	-17.5564	-45.0000	-12.7727
			vertex	-13.6433	-45.0000	-16.8857
		endloop
	endfacet
	facet normal	0.000000	-1.00000	0.000000
		outer loop
			vertex	-17.5564	-45.0000	-12.7727
			vertex	7.02601	-45.0000	-20.6206
			vertex	-17.7779	-45.0000	-12.4911
		endloop
	endfacet
	facet normal	0.000000	-1.00000	0.000000
		outer loop
			vertex	-19.9919	-45.0000	-8.56845
			vertex	-17.7779	-45.0000	-12.4911
			vertex	7.02601	-45.0000	-20.6206
		endloop
	endfacet
	facet normal	0.000000	-1.00000	0.000000
		outer loop
			vertex	-17.7779	-45.0000	-12.4911
			vertex	-19.9919	-45.0000	-8.56845
			vertex	-18.3347	-45.0000	-11.7830
		endloop
	endfacet
	facet normal	0.000000	-1.00000	0.000000
		outer loop
			vertex	5.98019	-45.0000	20.8743
			vertex	11.1758	-45.0000	18.6762
			vertex	7.02601	-45.0000	20.6206
		endloop
	endfacet
	facet normal	0.000000	-1.00000	0.000000
		outer loop
			vertex	10.8972	-45.0000	18.8746
			vertex	7.02601	-45.0000	20.6206
			vertex	11.1758	-45.0000	18.6762
		endloop
	endfacet
	facet normal	0.000000	-1.00000	0.000000
		outer loop
			vertex	7.02601	-45.0000	20.6206
			vertex	10.8972	-45.0000	18.8746
			vertex	7.12828	-45.0000	20.5958
		endloop
	endfacet
	facet normal	0.000000	-1.00000	0.000000
		outer loop
			vertex	-1.03702	-45.0000	21.7698
			vertex	-4.99897	-45.0000	21.2002
			vertex	2.99145	-45.0000	21.5779
		endloop
	endfacet
	facet normal	0.000000	-1.00000	0.000000
		outer loop
			vertex	13.6884	-45.0000	16.8870
			vertex	2.99145	-45.0000	21.5779
			vertex	-4.99897	-45.0000	21.2002
		endloop
	endfacet
	facet normal	0.000000	-1.00000	0.000000
		outer loop
			vertex	2.99145	-45.0000	21.5779
			vertex	13.6884	-45.0000	16.8870
			vertex	3.10168	-45.0000	21.5727
		endloop
	endfacet
	facet normal	0.000000	-1.00000	0.000000
		outer loop
			vertex	5.98019	-45.0000	20.8743
			vertex	3.10168	-45.0000	21.5727
			vertex	13.6884	-45.0000	16.8870
		endloop
	endfacet
	facet normal	0.000000	-1.00000	0.000000
		outer loop
			vertex	-20.2333	-45.0000	-8.10020
			vertex	-19.9919	-45.0000	-8.56845
			vertex	-21.3489	-45.0000	-4.30069
		endloop
	endfacet
	facet normal	0.000000	-1.00000	0.000000
		outer loop
			vertex	7.02601	-45.0000	-20.6206
			vertex	-21.3489	-45.0000	-4.30069
			vertex	-19.9919	-45.0000	-8.56845
		endloop
	endfacet
	facet normal	0.000000	-1.00000	0.000000
		outer loop
			vertex	-21.3489	-45.0000	-4.30069
			vertex	7.02601	-45.0000	-20.6206
			vertex	-21.4006	-45.0000	-4.12464
		endloop
	endfacet
	facet normal	0.000000	-1.00000	0.000000
		outer loop
			vertex	-21.3489	-45.0000	4.30069
			vertex	-21.4006	-45.0000	-4.12464
			vertex	7.02601	-45.0000	-20.6206
		endloop
	endfacet
	facet normal	0.000000	-1.00000	0.000000
		outer loop
			vertex	-21.4006	-45.0000	-4.12464
			vertex	-21.3489	-45.0000	4.30069
			vertex	-21.7945	-45.0000	0.000000
		endloop
	endfacet
	facet normal	0.000000	-1.00000	0.000000
		outer loop
			vertex	-21.4006	-45.0000	4.12464
			vertex	-21.7945	-45.0000	0.000000
			vertex	-21.3489	-45.0000	4.30069
		endloop
	endfacet
	facet normal	-1.00000	0.000000	0.000000
		outer loop
			vertex	-45.0000	10.1297	-19.2038
			vertex	-45.0000	9.05376	-19.8250
			vertex	-45.0000	6.02177	-20.8744
		endloop
	endfacet
	facet normal	-1.00000	0.000000	0.000000
		outer loop
			vertex	-45.0000	21.7945	0.000000
			vertex	-45.0000	21.4006	-4.12464
			vertex	-45.0000	21.3489	-4.30069
		endloop
	endfacet
	facet normal	-1.00000	0.000000	0.000000
		outer loop
			vertex	-45.0000	1.99397	21.6322
			vertex	-45.0000	5.13825	21.1801
			vertex	-45.0000	6.01316	20.8773
		endloop
	endfacet
	facet normal	-1.00000	0.000000	0.000000
		outer loop
			vertex	-45.0000	18.9375	-10.6138
			vertex	-45.0000	18.3347	-11.7830
			vertex	-45.0000	17.5564	-12.7727
		endloop
	endfacet
	facet normal	-1.00000	0.000000	0.000000
		outer loop
			vertex	-45.0000	14.4131	-16.2187
			vertex	-45.0000	13.6433	-16.8857
			vertex	-45.0000	-7.12828	20.5958
		endloop
	endfacet
	facet normal	-1.00000	0.000000	0.000000
		outer loop
			vertex	-45.0000	12.6420	-17.7533
			vertex	-45.0000	-7.12828	20.5958
			vertex	-45.0000	13.6433	-16.8857
		endloop
	endfacet
	facet normal	-1.00000	0.000000	0.000000
		outer loop
			vertex	-45.0000	-1.99410	-21.6254
			vertex	-45.0000	-3.10168	-21.5727
			vertex	-45.0000	-5.98019	-20.8743
		endloop
	endfacet
	facet normal	-1.00000	0.000000	0.000000
		outer loop
			vertex	-45.0000	-21.6958	1.63911e-015
			vertex	-45.0000	-21.6958	2.07170
			vertex	-45.0000	-21.2667	4.29819
		endloop
	endfacet
	facet normal	-1.00000	0.000000	0.000000
		outer loop
			vertex	-45.0000	6.01316	20.8773
			vertex	-45.0000	21.3489	4.30069
			vertex	-45.0000	21.4006	4.12464
		endloop
	endfacet
	facet normal	-1.00000	0.000000	0.000000
		outer loop
			vertex	-45.0000	14.4131	-16.2187
			vertex	-45.0000	21.3489	-4.30069
			vertex	-45.0000	15.7734	-15.0399
		endloop
	endfacet
	facet normal	-1.00000	0.000000	0.000000
		outer loop
			vertex	-45.0000	20.2333	-8.10020
			vertex	-45.0000	15.7734	-15.0399
			vertex	-45.0000	21.3489	-4.30069
		endloop
	endfacet
	facet normal	-1.00000	0.000000	0.000000
		outer loop
			vertex	-45.0000	15.7734	-15.0399
			vertex	-45.0000	20.2333	-8.10020
			vertex	-45.0000	17.5564	-12.7727
		endloop
	endfacet
	facet normal	-1.00000	0.000000	0.000000
		outer loop
			vertex	-45.0000	19.9919	-8.56845
			vertex	-45.0000	17.5564	-12.7727
			vertex	-45.0000	20.2333	-8.10020
		endloop
	endfacet
	facet normal	-1.00000	0.000000	0.000000
		outer loop
			vertex	-45.0000	17.5564	-12.7727
			vertex	-45.0000	19.9919	-8.56845
			vertex	-45.0000	18.9375	-10.6138
		endloop
	endfacet
	facet normal	-1.00000	0.000000	0.000000
		outer loop
			vertex	-45.0000	1.03702	-21.7698
			vertex	-45.0000	-1.99410	-21.6254
			vertex	-45.0000	1.99397	-21.6322
		endloop
	endfacet
	facet normal	-1.00000	0.000000	0.000000
		outer loop
			vertex	-45.0000	-7.12828	20.5958
			vertex	-45.0000	1.99397	-21.6322
			vertex	-45.0000	-1.99410	-21.6254
		endloop
	endfacet
	facet normal	-1.00000	0.000000	0.000000
		outer loop
			vertex	-45.0000	-21.2667	-4.29819
			vertex	-45.0000	-21.6958	-2.07170
			vertex	-45.0000	-21.6958	1.63911e-015
		endloop
	endfacet
	facet normal	-1.00000	0.000000	0.000000
		outer loop
			vertex	-45.0000	-14.4033	16.3338
			vertex	-45.0000	-14.2724	16.4712
			vertex	-45.0000	-6.01384	-20.8662
		endloop
	endfacet
	facet normal	-1.00000	0.000000	0.000000
		outer loop
			vertex	-45.0000	-13.6884	16.8870
			vertex	-45.0000	-6.01384	-20.8662
			vertex	-45.0000	-14.2724	16.4712
		endloop
	endfacet
	facet normal	-1.00000	0.000000	0.000000
		outer loop
			vertex	-45.0000	-1.99410	-21.6254
			vertex	-45.0000	-5.98019	-20.8743
			vertex	-45.0000	-7.12828	20.5958
		endloop
	endfacet
	facet normal	-1.00000	0.000000	0.000000
		outer loop
			vertex	-45.0000	-6.01384	-20.8662
			vertex	-45.0000	-7.12828	20.5958
			vertex	-45.0000	-5.98019	-20.8743
		endloop
	endfacet
	facet normal	-1.00000	0.000000	0.000000
		outer loop
			vertex	-45.0000	-7.12828	20.5958
			vertex	-45.0000	-6.01384	-20.8662
			vertex	-45.0000	-10.1281	19.2259
		endloop
	endfacet
	facet normal	-1.00000	0.000000	0.000000
		outer loop
			vertex	-45.0000	-13.6884	16.8870
			vertex	-45.0000	-10.1281	19.2259
			vertex	-45.0000	-6.01384	-20.8662
		endloop
	endfacet
	facet normal	-1.00000	0.000000	0.000000
		outer loop
			vertex	-45.0000	-10.1281	19.2259
			vertex	-45.0000	-13.6884	16.8870
			vertex	-45.0000	-10.8972	18.8746
		endloop
	endfacet
	facet normal	-1.00000	0.000000	0.000000
		outer loop
			vertex	-45.0000	12.6420	-17.7533
			vertex	-45.0000	10.1297	-19.2038
			vertex	-45.0000	-7.12828	20.5958
		endloop
	endfacet
	facet normal	-1.00000	0.000000	0.000000
		outer loop
			vertex	-45.0000	6.02177	-20.8744
			vertex	-45.0000	-7.12828	20.5958
			vertex	-45.0000	10.1297	-19.2038
		endloop
	endfacet
	facet normal	-1.00000	0.000000	0.000000
		outer loop
			vertex	-45.0000	-7.12828	20.5958
			vertex	-45.0000	6.02177	-20.8744
			vertex	-45.0000	1.99397	-21.6322
		endloop
	endfacet
	facet normal	-1.00000	0.000000	0.000000
		outer loop
			vertex	-45.0000	6.01316	-20.8773
			vertex	-45.0000	1.99397	-21.6322
			vertex	-45.0000	6.02177	-20.8744
		endloop
	endfacet
	facet normal	-1.00000	0.000000	0.000000
		outer loop
			vertex	-45.0000	1.99397	-21.6322
			vertex	-45.0000	6.01316	-20.8773
			vertex	-45.0000	5.13825	-21.1801
		endloop
	endfacet
	facet normal	-1.00000	0.000000	0.000000
		outer loop
			vertex	-45.0000	-13.6884	-16.8870
			vertex	-45.0000	-14.2724	-16.4712
			vertex	-45.0000	-14.4033	-16.3338
		endloop
	endfacet
	facet normal	-1.00000	0.000000	0.000000
		outer loop
			vertex	-45.0000	-21.6958	1.63911e-015
			vertex	-45.0000	-21.2667	4.29819
			vertex	-45.0000	-6.01384	-20.8662
		endloop
	endfacet
	facet normal	-1.00000	0.000000	0.000000
		outer loop
			vertex	-45.0000	-20.9117	6.14022
			vertex	-45.0000	-6.01384	-20.8662
			vertex	-45.0000	-21.2667	4.29819
		endloop
	endfacet
	facet normal	-1.00000	0.000000	0.000000
		outer loop
			vertex	-45.0000	-6.01384	-20.8662
			vertex	-45.0000	-20.9117	6.14022
			vertex	-45.0000	-19.9405	8.56604
		endloop
	endfacet
	facet normal	-1.00000	0.000000	0.000000
		outer loop
			vertex	-45.0000	21.4006	4.12464
			vertex	-45.0000	21.7945	0.000000
			vertex	-45.0000	6.01316	20.8773
		endloop
	endfacet
	facet normal	-1.00000	0.000000	0.000000
		outer loop
			vertex	-45.0000	21.3489	-4.30069
			vertex	-45.0000	6.01316	20.8773
			vertex	-45.0000	21.7945	0.000000
		endloop
	endfacet
	facet normal	-1.00000	0.000000	0.000000
		outer loop
			vertex	-45.0000	6.01316	20.8773
			vertex	-45.0000	21.3489	-4.30069
			vertex	-45.0000	1.99397	21.6322
		endloop
	endfacet
	facet normal	-1.00000	0.000000	0.000000
		outer loop
			vertex	-45.0000	-1.99410	21.6254
			vertex	-45.0000	1.99397	21.6322
			vertex	-45.0000	21.3489	-4.30069
		endloop
	endfacet
	facet normal	-1.00000	0.000000	0.000000
		outer loop
			vertex	-45.0000	1.99397	21.6322
			vertex	-45.0000	-1.99410	21.6254
			vertex	-45.0000	1.03702	21.7698
		endloop
	endfacet
	facet normal	-1.00000	0.000000	0.000000
		outer loop
			vertex	-45.0000	20.2333	8.10020
			vertex	-45.0000	21.3489	4.30069
			vertex	-45.0000	19.9919	8.56845
		endloop
	endfacet
	facet normal	-1.00000	0.000000	0.000000
		outer loop
			vertex	-45.0000	6.01316	20.8773
			vertex	-45.0000	19.9919	8.56845
			vertex	-45.0000	21.3489	4.30069
		endloop
	endfacet
	facet normal	-1.00000	0.000000	0.000000
		outer loop
			vertex	-45.0000	19.9919	8.56845
			vertex	-45.0000	6.01316	20.8773
			vertex	-45.0000	18.9375	10.6138
		endloop
	endfacet
	facet normal	-1.00000	0.000000	0.000000
		outer loop
			vertex	-45.0000	17.5564	12.7727
			vertex	-45.0000	18.9375	10.6138
			vertex	-45.0000	6.01316	20.8773
		endloop
	endfacet
	facet normal	-1.00000	0.000000	0.000000
		outer loop
			vertex	-45.0000	18.9375	10.6138
			vertex	-45.0000	17.5564	12.7727
			vertex	-45.0000	18.3347	11.7830
		endloop
	endfacet
	facet normal	-1.00000	0.000000	0.000000
		outer loop
			vertex	-45.0000	-17.1316	13.4725
			vertex	-45.0000	-14.4033	16.3338
			vertex	-45.0000	-17.5808	12.7736
		endloop
	endfacet
	facet normal	-1.00000	0.000000	0.000000
		outer loop
			vertex	-45.0000	-6.01384	-20.8662
			vertex	-45.0000	-17.5808	12.7736
			vertex	-45.0000	-14.4033	16.3338
		endloop
	endfacet
	facet normal	-1.00000	0.000000	0.000000
		outer loop
			vertex	-45.0000	-17.5808	12.7736
			vertex	-45.0000	-6.01384	-20.8662
			vertex	-45.0000	-18.9374	10.6626
		endloop
	endfacet
	facet normal	-1.00000	0.000000	0.000000
		outer loop
			vertex	-45.0000	-19.9405	8.56604
			vertex	-45.0000	-18.9374	10.6626
			vertex	-45.0000	-6.01384	-20.8662
		endloop
	endfacet
	facet normal	-1.00000	0.000000	0.000000
		outer loop
			vertex	-45.0000	-18.9374	10.6626
			vertex	-45.0000	-19.9405	8.56604
			vertex	-45.0000	-19.3717	9.98682
		endloop
	endfacet
	facet normal	-1.00000	0.000000	0.000000
		outer loop
			vertex	-45.0000	14.4131	-16.2187
			vertex	-45.0000	-7.12828	20.5958
			vertex	-45.0000	21.3489	-4.30069
		endloop
	endfacet
	facet normal	-1.00000	0.000000	0.000000
		outer loop
			vertex	-45.0000	-6.01384	20.8662
			vertex	-45.0000	21.3489	-4.30069
			vertex	-45.0000	-7.12828	20.5958
		endloop
	endfacet
	facet normal	-1.00000	0.000000	0.000000
		outer loop
			vertex	-45.0000	21.3489	-4.30069
			vertex	-45.0000	-6.01384	20.8662
			vertex	-45.0000	-1.99410	21.6254
		endloop
	endfacet
	facet normal	-1.00000	0.000000	0.000000
		outer loop
			vertex	-45.0000	-5.98019	20.8743
			vertex	-45.0000	-1.99410	21.6254
			vertex	-45.0000	-6.01384	20.8662
		endloop
	endfacet
	facet normal	-1.00000	0.000000	0.000000
		outer loop
			vertex	-45.0000	-1.99410	21.6254
			vertex	-45.0000	-5.98019	20.8743
			vertex	-45.0000	-3.10168	21.5727
		endloop
	endfacet
	facet normal	-1.00000	0.000000	0.000000
		outer loop
			vertex	-45.0000	-6.01384	-20.8662
			vertex	-45.0000	-7.12828	-20.5958
			vertex	-45.0000	-21.6958	1.63911e-015
		endloop
	endfacet
	facet normal	-1.00000	0.000000	0.000000
		outer loop
			vertex	-45.0000	-10.1281	-19.2259
			vertex	-45.0000	-21.6958	1.63911e-015
			vertex	-45.0000	-7.12828	-20.5958
		endloop
	endfacet
	facet normal	-1.00000	0.000000	0.000000
		outer loop
			vertex	-45.0000	-21.6958	1.63911e-015
			vertex	-45.0000	-10.1281	-19.2259
			vertex	-45.0000	-10.8972	-18.8746
		endloop
	endfacet
	facet normal	-1.00000	0.000000	0.000000
		outer loop
			vertex	-45.0000	9.05376	19.8250
			vertex	-45.0000	10.1297	19.2038
			vertex	-45.0000	6.02177	20.8744
		endloop
	endfacet
	facet normal	-1.00000	0.000000	0.000000
		outer loop
			vertex	-45.0000	6.01316	20.8773
			vertex	-45.0000	6.02177	20.8744
			vertex	-45.0000	10.1297	19.2038
		endloop
	endfacet
	facet normal	-1.00000	0.000000	0.000000
		outer loop
			vertex	-45.0000	15.7734	15.0399
			vertex	-45.0000	17.5564	12.7727
			vertex	-45.0000	14.4131	16.2187
		endloop
	endfacet
	facet normal	-1.00000	0.000000	0.000000
		outer loop
			vertex	-45.0000	6.01316	20.8773
			vertex	-45.0000	14.4131	16.2187
			vertex	-45.0000	17.5564	12.7727
		endloop
	endfacet
	facet normal	-1.00000	0.000000	0.000000
		outer loop
			vertex	-45.0000	14.4131	16.2187
			vertex	-45.0000	6.01316	20.8773
			vertex	-45.0000	13.6433	16.8857
		endloop
	endfacet
	facet normal	-1.00000	0.000000	0.000000
		outer loop
			vertex	-45.0000	10.1297	19.2038
			vertex	-45.0000	13.6433	16.8857
			vertex	-45.0000	6.01316	20.8773
		endloop
	endfacet
	facet normal	-1.00000	0.000000	0.000000
		outer loop
			vertex	-45.0000	13.6433	16.8857
			vertex	-45.0000	10.1297	19.2038
			vertex	-45.0000	12.6420	17.7533
		endloop
	endfacet
	facet normal	-1.00000	0.000000	0.000000
		outer loop
			vertex	-45.0000	-19.3717	-9.98682
			vertex	-45.0000	-19.9405	-8.56604
			vertex	-45.0000	-18.9374	-10.6626
		endloop
	endfacet
	facet normal	-1.00000	0.000000	0.000000
		outer loop
			vertex	-45.0000	-14.4033	-16.3338
			vertex	-45.0000	-18.9374	-10.6626
			vertex	-45.0000	-19.9405	-8.56604
		endloop
	endfacet
	facet normal	-1.00000	0.000000	0.000000
		outer loop
			vertex	-45.0000	-18.9374	-10.6626
			vertex	-45.0000	-14.4033	-16.3338
			vertex	-45.0000	-17.5808	-12.7736
		endloop
	endfacet
	facet normal	-1.00000	0.000000	0.000000
		outer loop
			vertex	-45.0000	-17.1316	-13.4725
			vertex	-45.0000	-17.5808	-12.7736
			vertex	-45.0000	-14.4033	-16.3338
		endloop
	endfacet
	facet normal	-1.00000	0.000000	0.000000
		outer loop
			vertex	-45.0000	-10.8972	-18.8746
			vertex	-45.0000	-13.6884	-16.8870
			vertex	-45.0000	-21.6958	1.63911e-015
		endloop
	endfacet
	facet normal	-1.00000	0.000000	0.000000
		outer loop
			vertex	-45.0000	-14.4033	-16.3338
			vertex	-45.0000	-21.6958	1.63911e-015
			vertex	-45.0000	-13.6884	-16.8870
		endloop
	endfacet
	facet normal	-1.00000	0.000000	0.000000
		outer loop
			vertex	-45.0000	-21.6958	1.63911e-015
			vertex	-45.0000	-14.4033	-16.3338
			vertex	-45.0000	-21.2667	-4.29819
		endloop
	endfacet
	facet normal	-1.00000	0.000000	0.000000
		outer loop
			vertex	-45.0000	-19.9405	-8.56604
			vertex	-45.0000	-21.2667	-4.29819
			vertex	-45.0000	-14.4033	-16.3338
		endloop
	endfacet
	facet normal	-1.00000	0.000000	0.000000
		outer loop
			vertex	-45.0000	-21.2667	-4.29819
			vertex	-45.0000	-19.9405	-8.56604
			vertex	-45.0000	-20.9117	-6.14022
		endloop
	endfacet
	facet normal	0.000000	1.00000	0.000000
		outer loop
			vertex	-21.2667	45.0000	4.29819
			vertex	-20.9117	45.0000	6.14022
			vertex	-19.9405	45.0000	8.56604
		endloop
	endfacet
	facet normal	0.000000	1.00000	0.000000
		outer loop
			vertex	19.9919	45.0000	8.56845
			vertex	20.1165	45.0000	8.32679
			vertex	-19.9405	45.0000	8.56604
		endloop
	endfacet
	facet normal	0.000000	1.00000	0.000000
		outer loop
			vertex	20.2333	45.0000	8.10020
			vertex	-19.9405	45.0000	8.56604
			vertex	20.1165	45.0000	8.32679
		endloop
	endfacet
	facet normal	0.000000	1.00000	0.000000
		outer loop
			vertex	-19.9405	45.0000	8.56604
			vertex	20.2333	45.0000	8.10020
			vertex	21.3489	45.0000	4.30069
		endloop
	endfacet
	facet normal	0.000000	1.00000	0.000000
		outer loop
			vertex	21.4006	45.0000	-4.12464
			vertex	21.3489	45.0000	-4.30069
			vertex	21.7945	45.0000	0.000000
		endloop
	endfacet
	facet normal	0.000000	1.00000	0.000000
		outer loop
			vertex	-19.9405	45.0000	8.56604
			vertex	21.7945	45.0000	0.000000
			vertex	21.3489	45.0000	-4.30069
		endloop
	endfacet
	facet normal	0.000000	1.00000	0.000000
		outer loop
			vertex	21.7945	45.0000	0.000000
			vertex	-19.9405	45.0000	8.56604
			vertex	21.4006	45.0000	4.12464
		endloop
	endfacet
	facet normal	0.000000	1.00000	0.000000
		outer loop
			vertex	21.3489	45.0000	4.30069
			vertex	21.4006	45.0000	4.12464
			vertex	-19.9405	45.0000	8.56604
		endloop
	endfacet
	facet normal	0.000000	1.00000	0.000000
		outer loop
			vertex	18.3347	45.0000	-11.7830
			vertex	17.5564	45.0000	-12.7727
			vertex	19.9919	45.0000	-8.56845
		endloop
	endfacet
	facet normal	0.000000	1.00000	0.000000
		outer loop
			vertex	-19.9405	45.0000	8.56604
			vertex	19.9919	45.0000	-8.56845
			vertex	17.5564	45.0000	-12.7727
		endloop
	endfacet
	facet normal	0.000000	1.00000	0.000000
		outer loop
			vertex	19.9919	45.0000	-8.56845
			vertex	-19.9405	45.0000	8.56604
			vertex	20.1165	45.0000	-8.32679
		endloop
	endfacet
	facet normal	0.000000	1.00000	0.000000
		outer loop
			vertex	21.3489	45.0000	-4.30069
			vertex	20.1165	45.0000	-8.32679
			vertex	-19.9405	45.0000	8.56604
		endloop
	endfacet
	facet normal	0.000000	1.00000	0.000000
		outer loop
			vertex	20.1165	45.0000	-8.32679
			vertex	21.3489	45.0000	-4.30069
			vertex	20.2333	45.0000	-8.10020
		endloop
	endfacet
	facet normal	0.000000	1.00000	0.000000
		outer loop
			vertex	2.99428	45.0000	-21.4884
			vertex	1.03702	45.0000	-21.7698
			vertex	-0.996792	45.0000	-21.6729
		endloop
	endfacet
	facet normal	0.000000	1.00000	0.000000
		outer loop
			vertex	-19.9405	45.0000	-8.56604
			vertex	-20.9117	45.0000	-6.14022
			vertex	-21.2667	45.0000	-4.29819
		endloop
	endfacet
	facet normal	0.000000	1.00000	0.000000
		outer loop
			vertex	-19.9405	45.0000	8.56604
			vertex	-19.3717	45.0000	9.98682
			vertex	-17.7775	45.0000	12.4675
		endloop
	endfacet
	facet normal	0.000000	1.00000	0.000000
		outer loop
			vertex	15.5110	45.0000	15.2673
			vertex	-19.9405	45.0000	8.56604
			vertex	13.6433	45.0000	16.8857
		endloop
	endfacet
	facet normal	0.000000	1.00000	0.000000
		outer loop
			vertex	11.1832	45.0000	18.5955
			vertex	13.6433	45.0000	16.8857
			vertex	-19.9405	45.0000	8.56604
		endloop
	endfacet
	facet normal	0.000000	1.00000	0.000000
		outer loop
			vertex	13.6433	45.0000	16.8857
			vertex	11.1832	45.0000	18.5955
			vertex	12.6420	45.0000	17.7533
		endloop
	endfacet
	facet normal	0.000000	1.00000	0.000000
		outer loop
			vertex	12.6420	45.0000	-17.7533
			vertex	11.1832	45.0000	-18.5955
			vertex	13.6433	45.0000	-16.8857
		endloop
	endfacet
	facet normal	0.000000	1.00000	0.000000
		outer loop
			vertex	-19.9405	45.0000	8.56604
			vertex	13.6433	45.0000	-16.8857
			vertex	11.1832	45.0000	-18.5955
		endloop
	endfacet
	facet normal	0.000000	1.00000	0.000000
		outer loop
			vertex	13.6433	45.0000	-16.8857
			vertex	-19.9405	45.0000	8.56604
			vertex	15.5110	45.0000	-15.2673
		endloop
	endfacet
	facet normal	0.000000	1.00000	0.000000
		outer loop
			vertex	17.5564	45.0000	-12.7727
			vertex	15.5110	45.0000	-15.2673
			vertex	-19.9405	45.0000	8.56604
		endloop
	endfacet
	facet normal	0.000000	1.00000	0.000000
		outer loop
			vertex	15.5110	45.0000	-15.2673
			vertex	17.5564	45.0000	-12.7727
			vertex	15.7734	45.0000	-15.0399
		endloop
	endfacet
	facet normal	0.000000	1.00000	0.000000
		outer loop
			vertex	-14.2724	45.0000	16.4712
			vertex	-13.6884	45.0000	16.8870
			vertex	-17.1316	45.0000	13.4725
		endloop
	endfacet
	facet normal	0.000000	1.00000	0.000000
		outer loop
			vertex	-17.5808	45.0000	12.7736
			vertex	-17.1316	45.0000	13.4725
			vertex	-13.6884	45.0000	16.8870
		endloop
	endfacet
	facet normal	0.000000	1.00000	0.000000
		outer loop
			vertex	1.03702	45.0000	21.7698
			vertex	2.99428	45.0000	21.4884
			vertex	-0.996792	45.0000	21.6729
		endloop
	endfacet
	facet normal	0.000000	1.00000	0.000000
		outer loop
			vertex	-19.9405	45.0000	8.56604
			vertex	-0.996792	45.0000	21.6729
			vertex	2.99428	45.0000	21.4884
		endloop
	endfacet
	facet normal	0.000000	1.00000	0.000000
		outer loop
			vertex	-0.996792	45.0000	21.6729
			vertex	-19.9405	45.0000	8.56604
			vertex	-3.10168	45.0000	21.5727
		endloop
	endfacet
	facet normal	0.000000	1.00000	0.000000
		outer loop
			vertex	-5.00354	45.0000	21.1113
			vertex	-3.10168	45.0000	21.5727
			vertex	-19.9405	45.0000	8.56604
		endloop
	endfacet
	facet normal	0.000000	1.00000	0.000000
		outer loop
			vertex	9.05376	45.0000	19.8250
			vertex	11.1832	45.0000	18.5955
			vertex	7.03259	45.0000	20.5245
		endloop
	endfacet
	facet normal	0.000000	1.00000	0.000000
		outer loop
			vertex	-19.9405	45.0000	8.56604
			vertex	7.03259	45.0000	20.5245
			vertex	11.1832	45.0000	18.5955
		endloop
	endfacet
	facet normal	0.000000	1.00000	0.000000
		outer loop
			vertex	7.03259	45.0000	20.5245
			vertex	-19.9405	45.0000	8.56604
			vertex	6.02177	45.0000	20.8744
		endloop
	endfacet
	facet normal	0.000000	1.00000	0.000000
		outer loop
			vertex	2.99428	45.0000	21.4884
			vertex	6.02177	45.0000	20.8744
			vertex	-19.9405	45.0000	8.56604
		endloop
	endfacet
	facet normal	0.000000	1.00000	0.000000
		outer loop
			vertex	6.02177	45.0000	20.8744
			vertex	2.99428	45.0000	21.4884
			vertex	5.13825	45.0000	21.1801
		endloop
	endfacet
	facet normal	0.000000	1.00000	0.000000
		outer loop
			vertex	18.3347	45.0000	11.7830
			vertex	19.9919	45.0000	8.56845
			vertex	17.5564	45.0000	12.7727
		endloop
	endfacet
	facet normal	0.000000	1.00000	0.000000
		outer loop
			vertex	-19.9405	45.0000	8.56604
			vertex	17.5564	45.0000	12.7727
			vertex	19.9919	45.0000	8.56845
		endloop
	endfacet
	facet normal	0.000000	1.00000	0.000000
		outer loop
			vertex	17.5564	45.0000	12.7727
			vertex	-19.9405	45.0000	8.56604
			vertex	15.7734	45.0000	15.0399
		endloop
	endfacet
	facet normal	0.000000	1.00000	0.000000
		outer loop
			vertex	15.5110	45.0000	15.2673
			vertex	15.7734	45.0000	15.0399
			vertex	-19.9405	45.0000	8.56604
		endloop
	endfacet
	facet normal	0.000000	1.00000	0.000000
		outer loop
			vertex	-3.10168	45.0000	-21.5727
			vertex	-5.00354	45.0000	-21.1113
			vertex	-0.996792	45.0000	-21.6729
		endloop
	endfacet
	facet normal	0.000000	1.00000	0.000000
		outer loop
			vertex	-19.9405	45.0000	8.56604
			vertex	-0.996792	45.0000	-21.6729
			vertex	-5.00354	45.0000	-21.1113
		endloop
	endfacet
	facet normal	0.000000	1.00000	0.000000
		outer loop
			vertex	-0.996792	45.0000	-21.6729
			vertex	-19.9405	45.0000	8.56604
			vertex	2.99428	45.0000	-21.4884
		endloop
	endfacet
	facet normal	0.000000	1.00000	0.000000
		outer loop
			vertex	-17.1316	45.0000	-13.4725
			vertex	-17.5808	45.0000	-12.7736
			vertex	-14.2724	45.0000	-16.4712
		endloop
	endfacet
	facet normal	0.000000	1.00000	0.000000
		outer loop
			vertex	-13.6884	45.0000	-16.8870
			vertex	-14.2724	45.0000	-16.4712
			vertex	-17.5808	45.0000	-12.7736
		endloop
	endfacet
	facet normal	0.000000	1.00000	0.000000
		outer loop
			vertex	-13.6884	45.0000	16.8870
			vertex	-13.3213	45.0000	17.1485
			vertex	-17.5808	45.0000	12.7736
		endloop
	endfacet
	facet normal	0.000000	1.00000	0.000000
		outer loop
			vertex	-10.8972	45.0000	18.8746
			vertex	-17.5808	45.0000	12.7736
			vertex	-13.3213	45.0000	17.1485
		endloop
	endfacet
	facet normal	0.000000	1.00000	0.000000
		outer loop
			vertex	-17.5808	45.0000	12.7736
			vertex	-10.8972	45.0000	18.8746
			vertex	-9.08970	45.0000	19.7001
		endloop
	endfacet
	facet normal	0.000000	1.00000	0.000000
		outer loop
			vertex	-19.9405	45.0000	8.56604
			vertex	-17.7775	45.0000	12.4675
			vertex	-5.00354	45.0000	21.1113
		endloop
	endfacet
	facet normal	0.000000	1.00000	0.000000
		outer loop
			vertex	-17.5808	45.0000	12.7736
			vertex	-5.00354	45.0000	21.1113
			vertex	-17.7775	45.0000	12.4675
		endloop
	endfacet
	facet normal	0.000000	1.00000	0.000000
		outer loop
			vertex	-5.00354	45.0000	21.1113
			vertex	-17.5808	45.0000	12.7736
			vertex	-5.98019	45.0000	20.8743
		endloop
	endfacet
	facet normal	0.000000	1.00000	0.000000
		outer loop
			vertex	-9.08970	45.0000	19.7001
			vertex	-5.98019	45.0000	20.8743
			vertex	-17.5808	45.0000	12.7736
		endloop
	endfacet
	facet normal	0.000000	1.00000	0.000000
		outer loop
			vertex	-5.98019	45.0000	20.8743
			vertex	-9.08970	45.0000	19.7001
			vertex	-7.12828	45.0000	20.5958
		endloop
	endfacet
	facet normal	0.000000	1.00000	0.000000
		outer loop
			vertex	5.13825	45.0000	-21.1801
			vertex	2.99428	45.0000	-21.4884
			vertex	6.02177	45.0000	-20.8744
		endloop
	endfacet
	facet normal	0.000000	1.00000	0.000000
		outer loop
			vertex	-19.9405	45.0000	8.56604
			vertex	6.02177	45.0000	-20.8744
			vertex	2.99428	45.0000	-21.4884
		endloop
	endfacet
	facet normal	0.000000	1.00000	0.000000
		outer loop
			vertex	6.02177	45.0000	-20.8744
			vertex	-19.9405	45.0000	8.56604
			vertex	7.03259	45.0000	-20.5245
		endloop
	endfacet
	facet normal	0.000000	1.00000	0.000000
		outer loop
			vertex	11.1832	45.0000	-18.5955
			vertex	7.03259	45.0000	-20.5245
			vertex	-19.9405	45.0000	8.56604
		endloop
	endfacet
	facet normal	0.000000	1.00000	0.000000
		outer loop
			vertex	7.03259	45.0000	-20.5245
			vertex	11.1832	45.0000	-18.5955
			vertex	9.05376	45.0000	-19.8250
		endloop
	endfacet
	facet normal	0.000000	1.00000	0.000000
		outer loop
			vertex	-5.00354	45.0000	-21.1113
			vertex	-5.98019	45.0000	-20.8743
			vertex	-19.9405	45.0000	8.56604
		endloop
	endfacet
	facet normal	0.000000	1.00000	0.000000
		outer loop
			vertex	-7.12828	45.0000	-20.5958
			vertex	-19.9405	45.0000	8.56604
			vertex	-5.98019	45.0000	-20.8743
		endloop
	endfacet
	facet normal	0.000000	1.00000	0.000000
		outer loop
			vertex	-19.9405	45.0000	8.56604
			vertex	-7.12828	45.0000	-20.5958
			vertex	-9.08970	45.0000	-19.7001
		endloop
	endfacet
	facet normal	0.000000	1.00000	0.000000
		outer loop
			vertex	-9.08970	45.0000	-19.7001
			vertex	-10.8972	45.0000	-18.8746
			vertex	-13.3213	45.0000	-17.1485
		endloop
	endfacet
	facet normal	0.000000	1.00000	0.000000
		outer loop
			vertex	-17.5808	45.0000	-12.7736
			vertex	-17.7775	45.0000	-12.4675
			vertex	-13.6884	45.0000	-16.8870
		endloop
	endfacet
	facet normal	0.000000	1.00000	0.000000
		outer loop
			vertex	-19.3717	45.0000	-9.98682
			vertex	-13.6884	45.0000	-16.8870
			vertex	-17.7775	45.0000	-12.4675
		endloop
	endfacet
	facet normal	0.000000	1.00000	0.000000
		outer loop
			vertex	-13.6884	45.0000	-16.8870
			vertex	-19.3717	45.0000	-9.98682
			vertex	-19.9405	45.0000	-8.56604
		endloop
	endfacet
	facet normal	0.000000	1.00000	0.000000
		outer loop
			vertex	-19.9405	45.0000	-8.56604
			vertex	-21.2667	45.0000	-4.29819
			vertex	-13.6884	45.0000	-16.8870
		endloop
	endfacet
	facet normal	0.000000	1.00000	0.000000
		outer loop
			vertex	-21.6958	45.0000	-2.07170
			vertex	-13.6884	45.0000	-16.8870
			vertex	-21.2667	45.0000	-4.29819
		endloop
	endfacet
	facet normal	0.000000	1.00000	0.000000
		outer loop
			vertex	-13.6884	45.0000	-16.8870
			vertex	-21.6958	45.0000	-2.07170
			vertex	-21.6958	45.0000	1.63911e-015
		endloop
	endfacet
	facet normal	0.000000	1.00000	0.000000
		outer loop
			vertex	-9.08970	45.0000	-19.7001
			vertex	-13.3213	45.0000	-17.1485
			vertex	-19.9405	45.0000	8.56604
		endloop
	endfacet
	facet normal	0.000000	1.00000	0.000000
		outer loop
			vertex	-13.6884	45.0000	-16.8870
			vertex	-19.9405	45.0000	8.56604
			vertex	-13.3213	45.0000	-17.1485
		endloop
	endfacet
	facet normal	0.000000	1.00000	0.000000
		outer loop
			vertex	-19.9405	45.0000	8.56604
			vertex	-13.6884	45.0000	-16.8870
			vertex	-21.2667	45.0000	4.29819
		endloop
	endfacet
	facet normal	0.000000	1.00000	0.000000
		outer loop
			vertex	-21.6958	45.0000	1.63911e-015
			vertex	-21.2667	45.0000	4.29819
			vertex	-13.6884	45.0000	-16.8870
		endloop
	endfacet
	facet normal	0.000000	1.00000	0.000000
		outer loop
			vertex	-21.2667	45.0000	4.29819
			vertex	-21.6958	45.0000	1.63911e-015
			vertex	-21.6958	45.0000	2.07170
		endloop
	endfacet
	facet normal	0.0605618	0.545239	0.836090
		outer loop
			vertex	1.69687	25.5287	42.9582
			vertex	3.94646	25.2788	42.9582
			vertex	4.50189	28.8366	40.5979
		endloop
	endfacet
	facet normal	-0.514579	0.190162	0.836090
		outer loop
			vertex	-24.3676	7.79846	42.9582
			vertex	-23.5830	9.92155	42.9582
			vertex	-26.9020	11.3179	40.5979
		endloop
	endfacet
	facet normal	0.108512	-0.537753	0.836090
		outer loop
			vertex	6.16517	-24.8311	42.9582
			vertex	3.94646	-25.2788	42.9582
			vertex	4.50189	-28.8366	40.5979
		endloop
	endfacet
	facet normal	0.535222	-0.120382	0.836090
		outer loop
			vertex	25.1853	-4.50472	42.9582
			vertex	24.6887	-6.71297	42.9582
			vertex	28.1633	-7.65775	40.5979
		endloop
	endfacet
	facet normal	-0.409250	-0.240322	0.880204
		outer loop
			vertex	-18.2871	-11.8566	45.0000
			vertex	-19.2635	-10.1940	45.0000
			vertex	-22.6138	-11.9670	42.9582
		endloop
	endfacet
	facet normal	-0.386409	-0.275551	0.880204
		outer loop
			vertex	-17.1677	-13.4265	45.0000
			vertex	-18.2871	-11.8566	45.0000
			vertex	-21.4677	-13.9188	42.9582
		endloop
	endfacet
	facet normal	-0.360544	-0.308624	0.880204
		outer loop
			vertex	-15.9139	-14.8912	45.0000
			vertex	-17.1677	-13.4265	45.0000
			vertex	-20.1535	-15.7616	42.9582
		endloop
	endfacet
	facet normal	-0.331857	-0.339281	0.880204
		outer loop
			vertex	-14.5355	-16.2394	45.0000
			vertex	-15.9139	-14.8912	45.0000
			vertex	-18.6817	-17.4811	42.9582
		endloop
	endfacet
	facet normal	-0.300572	-0.367283	0.880204
		outer loop
			vertex	-13.0434	-17.4605	45.0000
			vertex	-14.5355	-16.2394	45.0000
			vertex	-17.0636	-19.0638	42.9582
		endloop
	endfacet
	facet normal	-0.266936	-0.392410	0.880204
		outer loop
			vertex	-11.4492	-18.5450	45.0000
			vertex	-13.0434	-17.4605	45.0000
			vertex	-15.3119	-20.4973	42.9582
		endloop
	endfacet
	facet normal	-0.231210	-0.414467	0.880204
		outer loop
			vertex	-9.76539	-19.4843	45.0000
			vertex	-11.4492	-18.5450	45.0000
			vertex	-13.4405	-21.7703	42.9582
		endloop
	endfacet
	facet normal	-0.932975	0.235711	0.272025
		outer loop
			vertex	-45.0000	15.7734	15.0399
			vertex	-45.0000	14.4131	16.2187
			vertex	-44.8220	14.3446	16.8884
		endloop
	endfacet
	facet normal	-0.932975	0.235711	0.272025
		outer loop
			vertex	-44.8220	14.3446	16.8884
			vertex	-45.0000	14.4131	16.2187
			vertex	-45.0000	13.6433	16.8857
		endloop
	endfacet
	facet normal	-0.899452	-0.429122	-0.0827064
		outer loop
			vertex	-45.0000	-21.6958	-2.07170
			vertex	-45.0000	-21.2667	-4.29819
			vertex	-44.0296	-23.3000	-4.30148
		endloop
	endfacet
	facet normal	-0.886074	-0.335483	-0.319881
		outer loop
			vertex	-44.8220	-14.3446	-16.8884
			vertex	-45.0000	-14.4033	-16.3338
			vertex	-45.0000	-14.2724	-16.4712
		endloop
	endfacet
	facet normal	-0.904233	0.335676	-0.263979
		outer loop
			vertex	-45.0000	15.7734	-15.0399
			vertex	-45.0000	17.5564	-12.7727
			vertex	-44.5572	18.7456	-12.7771
		endloop
	endfacet
	facet normal	-0.880339	0.421614	-0.217357
		outer loop
			vertex	-45.0000	18.9375	-10.6138
			vertex	-45.0000	19.9919	-8.56845
			vertex	-43.5393	23.0405	-8.57107
		endloop
	endfacet
	facet normal	-0.887834	0.441524	-0.129643
		outer loop
			vertex	-45.0000	20.2333	-8.10020
			vertex	-45.0000	21.3489	-4.30069
			vertex	-44.0296	23.3000	-4.30148
		endloop
	endfacet
	facet normal	0.896491	-0.221531	0.383702
		outer loop
			vertex	45.0000	-12.6420	17.7533
			vertex	45.0000	-12.2404	17.9852
			vertex	43.8423	-11.9209	20.8745
		endloop
	endfacet
	facet normal	0.919961	-0.128214	0.370451
		outer loop
			vertex	45.0000	-9.05376	19.8250
			vertex	45.0000	-8.05517	20.1706
			vertex	44.7243	-7.99951	20.8745
		endloop
	endfacet
	facet normal	0.919960	-0.128215	0.370451
		outer loop
			vertex	44.7243	-7.99951	20.8745
			vertex	45.0000	-8.05517	20.1706
			vertex	45.0000	-6.02177	20.8744
		endloop
	endfacet
	facet normal	0.964259	-0.260174	-0.0501450
		outer loop
			vertex	45.0000	21.3228	4.00703
			vertex	45.0172	21.3296	4.30148
			vertex	45.0000	21.2667	4.29819
		endloop
	endfacet
	facet normal	0.964258	-0.260177	0.0501448
		outer loop
			vertex	45.0000	21.6958	-2.07170
			vertex	45.0000	21.3228	-4.00703
			vertex	45.0172	21.3296	-4.30148
		endloop
	endfacet
	facet normal	0.964259	-0.260174	0.0501450
		outer loop
			vertex	45.0172	21.3296	-4.30148
			vertex	45.0000	21.3228	-4.00703
			vertex	45.0000	21.2667	-4.29819
		endloop
	endfacet
	facet normal	0.911212	0.382430	-0.153102
		outer loop
			vertex	45.0000	20.9117	-6.14022
			vertex	45.0000	19.9405	-8.56604
			vertex	44.5158	21.0921	-8.57107
		endloop
	endfacet
	facet normal	0.899688	0.315934	-0.301242
		outer loop
			vertex	44.1436	16.3132	-16.8884
			vertex	45.0000	16.6364	-13.9918
			vertex	45.0000	14.2724	-16.4712
		endloop
	endfacet
	facet normal	0.898269	-0.287777	-0.332112
		outer loop
			vertex	45.0000	-12.6420	-17.7533
			vertex	45.0000	-13.6433	-16.8857
			vertex	44.1436	-16.3132	-16.8884
		endloop
	endfacet
	facet normal	0.882802	-0.369245	-0.290377
		outer loop
			vertex	45.0000	-16.6384	-13.9400
			vertex	45.0000	-17.5564	-12.7727
			vertex	43.6845	-20.6982	-12.7771
		endloop
	endfacet
	facet normal	0.896391	-0.393989	-0.203115
		outer loop
			vertex	45.0000	-18.3347	-11.7830
			vertex	45.0000	-19.9919	-8.56845
			vertex	44.5158	-21.0921	-8.57107
		endloop
	endfacet
	facet normal	0.876351	-0.462161	-0.135704
		outer loop
			vertex	45.0000	-21.3222	-4.39163
			vertex	45.0000	-21.3489	-4.30069
			vertex	42.9559	-25.2248	-4.30148
		endloop
	endfacet
	facet normal	0.245060	0.961241	0.126338
		outer loop
			vertex	20.2333	45.0000	8.10020
			vertex	20.1165	45.0000	8.32679
			vertex	20.1022	44.9715	8.57107
		endloop
	endfacet
	facet normal	0.245059	0.961241	0.126338
		outer loop
			vertex	20.1022	44.9715	8.57107
			vertex	20.1165	45.0000	8.32679
			vertex	19.9919	45.0000	8.56845
		endloop
	endfacet
	facet normal	0.356117	0.891488	0.280054
		outer loop
			vertex	18.3347	45.0000	11.7830
			vertex	17.5564	45.0000	12.7727
			vertex	19.7267	44.1316	12.7771
		endloop
	endfacet
	facet normal	0.272086	0.909599	0.314006
		outer loop
			vertex	15.7734	45.0000	15.0399
			vertex	15.5110	45.0000	15.2673
			vertex	15.3327	44.4937	16.8884
		endloop
	endfacet
	facet normal	0.272087	0.909598	0.314006
		outer loop
			vertex	15.3327	44.4937	16.8884
			vertex	15.5110	45.0000	15.2673
			vertex	13.6433	45.0000	16.8857
		endloop
	endfacet
	facet normal	0.219075	0.898902	0.379449
		outer loop
			vertex	12.6420	45.0000	17.7533
			vertex	11.1832	45.0000	18.5955
			vertex	10.9481	44.0953	20.8745
		endloop
	endfacet
	facet normal	0.105230	0.946829	0.304041
		outer loop
			vertex	9.05376	45.0000	19.8250
			vertex	7.03259	45.0000	20.5245
			vertex	7.00816	44.8903	20.8745
		endloop
	endfacet
	facet normal	0.105230	0.946829	0.304041
		outer loop
			vertex	7.00816	44.8903	20.8745
			vertex	7.03259	45.0000	20.5245
			vertex	6.02177	45.0000	20.8744
		endloop
	endfacet
	facet normal	0.0649685	0.889718	0.451864
		outer loop
			vertex	5.13825	45.0000	21.1801
			vertex	2.99428	45.0000	21.4884
			vertex	2.88305	43.3741	24.7058
		endloop
	endfacet
	facet normal	-0.402869	0.911958	-0.0776465
		outer loop
			vertex	-21.6958	45.0000	-2.07170
			vertex	-21.2667	45.0000	-4.29819
			vertex	-22.3203	44.5343	-4.30148
		endloop
	endfacet
	facet normal	-0.405518	0.899555	-0.162345
		outer loop
			vertex	-20.9117	45.0000	-6.14022
			vertex	-19.9405	45.0000	-8.56604
			vertex	-22.0717	44.0383	-8.57107
		endloop
	endfacet
	facet normal	-0.213199	0.967354	-0.137014
		outer loop
			vertex	-19.3717	45.0000	-9.98682
			vertex	-17.7775	45.0000	-12.4675
			vertex	-17.7553	44.9610	-12.7771
		endloop
	endfacet
	facet normal	-0.213200	0.967354	-0.137015
		outer loop
			vertex	-17.7553	44.9610	-12.7771
			vertex	-17.7775	45.0000	-12.4675
			vertex	-17.5808	45.0000	-12.7736
		endloop
	endfacet
	facet normal	0.356117	0.891488	-0.280054
		outer loop
			vertex	15.7734	45.0000	-15.0399
			vertex	17.5564	45.0000	-12.7727
			vertex	19.7267	44.1316	-12.7771
		endloop
	endfacet
	facet normal	0.452126	0.882019	-0.132756
		outer loop
			vertex	20.2333	45.0000	-8.10020
			vertex	21.3489	45.0000	-4.30069
			vertex	24.2683	43.5034	-4.30148
		endloop
	endfacet
	facet normal	-0.323578	-0.869396	0.373428
		outer loop
			vertex	-13.6433	-45.0000	16.8857
			vertex	-13.3189	-45.0000	17.1668
			vertex	-12.8879	-43.5679	20.8745
		endloop
	endfacet
	facet normal	0.170875	-0.982915	0.0684076
		outer loop
			vertex	20.1195	-45.0000	8.11898
			vertex	20.1022	-44.9715	8.57107
			vertex	19.9405	-45.0000	8.56604
		endloop
	endfacet
	facet normal	0.444492	-0.891677	-0.0856687
		outer loop
			vertex	21.6958	-45.0000	-2.07170
			vertex	21.2667	-45.0000	-4.29819
			vertex	24.2683	-43.5034	-4.30148
		endloop
	endfacet
	facet normal	0.170873	-0.982915	-0.0684076
		outer loop
			vertex	20.9117	-45.0000	-6.14022
			vertex	20.1195	-45.0000	-8.11898
			vertex	20.1022	-44.9715	-8.57107
		endloop
	endfacet
	facet normal	0.170875	-0.982915	-0.0684076
		outer loop
			vertex	20.1022	-44.9715	-8.57107
			vertex	20.1195	-45.0000	-8.11898
			vertex	19.9405	-45.0000	-8.56604
		endloop
	endfacet
	facet normal	0.313050	-0.901611	-0.298492
		outer loop
			vertex	15.3327	-44.4937	-16.8884
			vertex	15.5179	-45.0000	-15.1649
			vertex	14.2724	-45.0000	-16.4712
		endloop
	endfacet
	facet normal	-0.0589649	-0.887091	-0.457813
		outer loop
			vertex	-4.99897	-45.0000	-21.2002
			vertex	-4.79881	-43.2041	-24.7058
			vertex	-0.961643	-43.4592	-24.7058
		endloop
	endfacet
	facet normal	-0.433534	-0.891880	-0.128835
		outer loop
			vertex	-22.3203	-44.5343	-4.30148
			vertex	-22.0717	-44.0383	-8.57107
			vertex	-20.2333	-45.0000	-8.10020
		endloop
	endfacet
	facet normal	-0.187001	-0.971290	-0.147059
		outer loop
			vertex	-15.7734	-45.0000	-15.0399
			vertex	-17.5564	-45.0000	-12.7727
			vertex	-17.7553	-44.9610	-12.7771
		endloop
	endfacet
	facet normal	-0.187001	-0.971290	-0.147060
		outer loop
			vertex	-17.7779	-45.0000	-12.4911
			vertex	-17.7553	-44.9610	-12.7771
			vertex	-17.5564	-45.0000	-12.7727
		endloop
	endfacet
	facet normal	-0.403174	-0.901960	-0.154655
		outer loop
			vertex	-17.7553	-44.9610	-12.7771
			vertex	-17.7779	-45.0000	-12.4911
			vertex	-21.6595	-43.2159	-12.7771
		endloop
	endfacet
	facet normal	-0.380242	-0.875214	-0.299025
		outer loop
			vertex	-18.3347	-45.0000	-11.7830
			vertex	-21.6595	-43.2159	-12.7771
			vertex	-17.7779	-45.0000	-12.4911
		endloop
	endfacet
	facet normal	-0.411572	-0.885996	-0.213590
		outer loop
			vertex	-21.6595	-43.2159	-12.7771
			vertex	-18.3347	-45.0000	-11.7830
			vertex	-22.0717	-44.0383	-8.57107
		endloop
	endfacet
	facet normal	-0.409983	-0.887266	-0.211361
		outer loop
			vertex	-19.9919	-45.0000	-8.56845
			vertex	-22.0717	-44.0383	-8.57107
			vertex	-18.3347	-45.0000	-11.7830
		endloop
	endfacet
	facet normal	-0.409983	-0.887265	-0.211362
		outer loop
			vertex	-22.0717	-44.0383	-8.57107
			vertex	-19.9919	-45.0000	-8.56845
			vertex	-20.2333	-45.0000	-8.10020
		endloop
	endfacet
	facet normal	-0.141046	-0.902235	-0.407526
		outer loop
			vertex	-6.02177	-45.0000	-20.8744
			vertex	-9.05376	-45.0000	-19.8250
			vertex	-8.98695	-44.5364	-20.8745
		endloop
	endfacet
	facet normal	-0.233985	-0.883744	-0.405274
		outer loop
			vertex	-9.08076	-45.0000	-19.8094
			vertex	-8.98695	-44.5364	-20.8745
			vertex	-9.05376	-45.0000	-19.8250
		endloop
	endfacet
	facet normal	-0.220262	-0.887141	-0.405544
		outer loop
			vertex	-8.98695	-44.5364	-20.8745
			vertex	-9.08076	-45.0000	-19.8094
			vertex	-12.8879	-43.5679	-20.8745
		endloop
	endfacet
	facet normal	-0.226022	-0.891996	-0.391482
		outer loop
			vertex	-12.6420	-45.0000	-17.7533
			vertex	-12.8879	-43.5679	-20.8745
			vertex	-9.08076	-45.0000	-19.8094
		endloop
	endfacet
	facet normal	-0.0668580	-0.882779	-0.465007
		outer loop
			vertex	-4.99897	-45.0000	-21.2002
			vertex	-0.961643	-43.4592	-24.7058
			vertex	-1.03702	-45.0000	-21.7698
		endloop
	endfacet
	facet normal	0.0195944	-0.885504	-0.464218
		outer loop
			vertex	2.88305	-43.3741	-24.7058
			vertex	-1.03702	-45.0000	-21.7698
			vertex	-0.961643	-43.4592	-24.7058
		endloop
	endfacet
	facet normal	0.0219938	-0.886759	-0.461709
		outer loop
			vertex	-1.03702	-45.0000	-21.7698
			vertex	2.88305	-43.3741	-24.7058
			vertex	2.99145	-45.0000	-21.5779
		endloop
	endfacet
	facet normal	0.0983032	-0.885032	-0.455033
		outer loop
			vertex	6.70517	-42.9496	-24.7058
			vertex	5.98019	-45.0000	-20.8743
			vertex	2.88305	-43.3741	-24.7058
		endloop
	endfacet
	facet normal	0.112531	-0.878732	-0.463861
		outer loop
			vertex	3.10168	-45.0000	-21.5727
			vertex	2.88305	-43.3741	-24.7058
			vertex	5.98019	-45.0000	-20.8743
		endloop
	endfacet
	facet normal	0.0219971	-0.886759	-0.461709
		outer loop
			vertex	2.88305	-43.3741	-24.7058
			vertex	3.10168	-45.0000	-21.5727
			vertex	2.99145	-45.0000	-21.5779
		endloop
	endfacet
	facet normal	0.181157	-0.897756	-0.401518
		outer loop
			vertex	10.9481	-44.0953	-20.8745
			vertex	10.8972	-45.0000	-18.8746
			vertex	7.00816	-44.8903	-20.8745
		endloop
	endfacet
	facet normal	0.197015	-0.880384	-0.431404
		outer loop
			vertex	7.12828	-45.0000	-20.5958
			vertex	7.00816	-44.8903	-20.8745
			vertex	10.8972	-45.0000	-18.8746
		endloop
	endfacet
	facet normal	0.0971522	-0.911149	-0.400462
		outer loop
			vertex	7.00816	-44.8903	-20.8745
			vertex	7.12828	-45.0000	-20.5958
			vertex	7.02601	-45.0000	-20.6206
		endloop
	endfacet
	facet normal	0.262227	-0.886464	-0.381337
		outer loop
			vertex	14.8025	-42.9551	-20.8745
			vertex	13.6884	-45.0000	-16.8870
			vertex	10.9481	-44.0953	-20.8745
		endloop
	endfacet
	facet normal	0.277769	-0.877889	-0.390071
		outer loop
			vertex	11.1758	-45.0000	-18.6762
			vertex	10.9481	-44.0953	-20.8745
			vertex	13.6884	-45.0000	-16.8870
		endloop
	endfacet
	facet normal	0.277768	-0.877889	-0.390071
		outer loop
			vertex	10.9481	-44.0953	-20.8745
			vertex	11.1758	-45.0000	-18.6762
			vertex	10.8972	-45.0000	-18.8746
		endloop
	endfacet
	facet normal	0.313050	-0.901611	-0.298492
		outer loop
			vertex	15.5179	-45.0000	-15.1649
			vertex	15.3327	-44.4937	-16.8884
			vertex	17.1316	-45.0000	-13.4725
		endloop
	endfacet
	facet normal	0.348666	-0.882913	-0.314478
		outer loop
			vertex	19.2050	-42.9645	-16.8884
			vertex	17.1316	-45.0000	-13.4725
			vertex	15.3327	-44.4937	-16.8884
		endloop
	endfacet
	facet normal	0.414836	-0.869964	-0.266599
		outer loop
			vertex	17.1316	-45.0000	-13.4725
			vertex	19.2050	-42.9645	-16.8884
			vertex	17.5808	-45.0000	-12.7736
		endloop
	endfacet
	facet normal	0.497883	-0.844028	-0.199322
		outer loop
			vertex	19.9405	-45.0000	-8.56604
			vertex	19.3717	-45.0000	-9.98682
			vertex	19.7267	-44.1316	-12.7771
		endloop
	endfacet
	facet normal	0.163330	-0.964569	-0.207194
		outer loop
			vertex	19.9405	-45.0000	-8.56604
			vertex	19.7267	-44.1316	-12.7771
			vertex	20.1022	-44.9715	-8.57107
		endloop
	endfacet
	facet normal	0.437738	-0.873391	-0.213481
		outer loop
			vertex	23.9981	-43.0189	-8.57107
			vertex	20.1022	-44.9715	-8.57107
			vertex	19.7267	-44.1316	-12.7771
		endloop
	endfacet
	facet normal	0.442462	-0.882816	-0.157679
		outer loop
			vertex	20.1022	-44.9715	-8.57107
			vertex	23.9981	-43.0189	-8.57107
			vertex	20.9117	-45.0000	-6.14022
		endloop
	endfacet
	facet normal	0.444492	-0.891677	0.0856687
		outer loop
			vertex	24.2683	-43.5034	4.30148
			vertex	21.2667	-45.0000	4.29819
			vertex	21.6958	-45.0000	2.07170
		endloop
	endfacet
	facet normal	0.431956	-0.885161	0.172929
		outer loop
			vertex	20.1195	-45.0000	8.11898
			vertex	20.9117	-45.0000	6.14022
			vertex	23.9981	-43.0189	8.57107
		endloop
	endfacet
	facet normal	0.170875	-0.982915	0.0684078
		outer loop
			vertex	19.9405	-45.0000	8.56604
			vertex	20.1022	-44.9715	8.57107
			vertex	19.3717	-45.0000	9.98682
		endloop
	endfacet
	facet normal	0.447384	-0.868517	0.213368
		outer loop
			vertex	19.7267	-44.1316	12.7771
			vertex	19.3717	-45.0000	9.98682
			vertex	20.1022	-44.9715	8.57107
		endloop
	endfacet
	facet normal	0.364345	-0.901347	0.234150
		outer loop
			vertex	19.3717	-45.0000	9.98682
			vertex	19.7267	-44.1316	12.7771
			vertex	17.5808	-45.0000	12.7736
		endloop
	endfacet
	facet normal	0.364345	-0.901347	0.234150
		outer loop
			vertex	17.5808	-45.0000	12.7736
			vertex	19.7267	-44.1316	12.7771
			vertex	17.1316	-45.0000	13.4725
		endloop
	endfacet
	facet normal	0.373608	-0.878793	0.296884
		outer loop
			vertex	19.2050	-42.9645	16.8884
			vertex	17.1316	-45.0000	13.4725
			vertex	19.7267	-44.1316	12.7771
		endloop
	endfacet
	facet normal	0.337731	-0.884442	0.322026
		outer loop
			vertex	17.1316	-45.0000	13.4725
			vertex	19.2050	-42.9645	16.8884
			vertex	15.5179	-45.0000	15.1649
		endloop
	endfacet
	facet normal	0.277768	-0.877889	0.390071
		outer loop
			vertex	10.8972	-45.0000	18.8746
			vertex	11.1758	-45.0000	18.6762
			vertex	10.9481	-44.0953	20.8745
		endloop
	endfacet
	facet normal	0.277769	-0.877889	0.390071
		outer loop
			vertex	13.6884	-45.0000	16.8870
			vertex	10.9481	-44.0953	20.8745
			vertex	11.1758	-45.0000	18.6762
		endloop
	endfacet
	facet normal	0.0971522	-0.911149	0.400462
		outer loop
			vertex	7.00816	-44.8903	20.8745
			vertex	7.02601	-45.0000	20.6206
			vertex	7.12828	-45.0000	20.5958
		endloop
	endfacet
	facet normal	0.112531	-0.878732	0.463861
		outer loop
			vertex	2.88305	-43.3741	24.7058
			vertex	3.10168	-45.0000	21.5727
			vertex	5.98019	-45.0000	20.8743
		endloop
	endfacet
	facet normal	0.0971512	-0.911149	0.400462
		outer loop
			vertex	7.02601	-45.0000	20.6206
			vertex	7.00816	-44.8903	20.8745
			vertex	5.98019	-45.0000	20.8743
		endloop
	endfacet
	facet normal	0.0943621	-0.885067	0.455798
		outer loop
			vertex	6.70517	-42.9496	24.7058
			vertex	5.98019	-45.0000	20.8743
			vertex	7.00816	-44.8903	20.8745
		endloop
	endfacet
	facet normal	0.0983032	-0.885032	0.455033
		outer loop
			vertex	5.98019	-45.0000	20.8743
			vertex	6.70517	-42.9496	24.7058
			vertex	2.88305	-43.3741	24.7058
		endloop
	endfacet
	facet normal	0.0219971	-0.886759	0.461709
		outer loop
			vertex	3.10168	-45.0000	21.5727
			vertex	2.88305	-43.3741	24.7058
			vertex	2.99145	-45.0000	21.5779
		endloop
	endfacet
	facet normal	0.0196239	-0.886836	0.461667
		outer loop
			vertex	-0.961643	-43.4592	24.7058
			vertex	2.99145	-45.0000	21.5779
			vertex	2.88305	-43.3741	24.7058
		endloop
	endfacet
	facet normal	0.0221097	-0.885484	0.464143
		outer loop
			vertex	2.99145	-45.0000	21.5779
			vertex	-0.961643	-43.4592	24.7058
			vertex	-1.03702	-45.0000	21.7698
		endloop
	endfacet
	facet normal	-0.0587142	-0.883319	0.465082
		outer loop
			vertex	-4.79881	-43.2041	24.7058
			vertex	-1.03702	-45.0000	21.7698
			vertex	-0.961643	-43.4592	24.7058
		endloop
	endfacet
	facet normal	-0.0658400	-0.886548	0.457927
		outer loop
			vertex	-1.03702	-45.0000	21.7698
			vertex	-4.79881	-43.2041	24.7058
			vertex	-4.99897	-45.0000	21.2002
		endloop
	endfacet
	facet normal	-0.233985	-0.883744	0.405274
		outer loop
			vertex	-12.6420	-45.0000	17.7533
			vertex	-9.08076	-45.0000	19.8094
			vertex	-8.98695	-44.5364	20.8745
		endloop
	endfacet
	facet normal	-0.233985	-0.883744	0.405274
		outer loop
			vertex	-9.05376	-45.0000	19.8250
			vertex	-8.98695	-44.5364	20.8745
			vertex	-9.08076	-45.0000	19.8094
		endloop
	endfacet
	facet normal	-0.141046	-0.902235	0.407526
		outer loop
			vertex	-8.98695	-44.5364	20.8745
			vertex	-9.05376	-45.0000	19.8250
			vertex	-6.02177	-45.0000	20.8744
		endloop
	endfacet
	facet normal	-0.187001	-0.971290	0.147060
		outer loop
			vertex	-18.3347	-45.0000	11.7830
			vertex	-17.7779	-45.0000	12.4911
			vertex	-17.7553	-44.9610	12.7771
		endloop
	endfacet
	facet normal	-0.187001	-0.971290	0.147060
		outer loop
			vertex	-17.5564	-45.0000	12.7727
			vertex	-17.7553	-44.9610	12.7771
			vertex	-17.7779	-45.0000	12.4911
		endloop
	endfacet
	facet normal	-0.177609	-0.939757	0.292082
		outer loop
			vertex	-17.7553	-44.9610	12.7771
			vertex	-17.5564	-45.0000	12.7727
			vertex	-17.2858	-43.7720	16.8884
		endloop
	endfacet
	facet normal	-0.428650	-0.894239	0.128825
		outer loop
			vertex	-22.0717	-44.0383	8.57107
			vertex	-22.3203	-44.5343	4.30148
			vertex	-21.3489	-45.0000	4.30069
		endloop
	endfacet
	facet normal	-0.411982	-0.886093	0.212392
		outer loop
			vertex	-18.3347	-45.0000	11.7830
			vertex	-21.6595	-43.2159	12.7771
			vertex	-19.9919	-45.0000	8.56845
		endloop
	endfacet
	facet normal	-0.409779	-0.886829	0.213577
		outer loop
			vertex	-22.0717	-44.0383	8.57107
			vertex	-19.9919	-45.0000	8.56845
			vertex	-21.6595	-43.2159	12.7771
		endloop
	endfacet
	facet normal	-0.409983	-0.887265	0.211362
		outer loop
			vertex	-19.9919	-45.0000	8.56845
			vertex	-22.0717	-44.0383	8.57107
			vertex	-20.2333	-45.0000	8.10020
		endloop
	endfacet
	facet normal	-0.433911	-0.891901	0.127408
		outer loop
			vertex	-21.3489	-45.0000	4.30069
			vertex	-20.2333	-45.0000	8.10020
			vertex	-22.0717	-44.0383	8.57107
		endloop
	endfacet
	facet normal	-0.428813	-0.894576	-0.125911
		outer loop
			vertex	-20.2333	-45.0000	-8.10020
			vertex	-21.3489	-45.0000	-4.30069
			vertex	-22.3203	-44.5343	-4.30148
		endloop
	endfacet
	facet normal	-0.428813	-0.894576	-0.125908
		outer loop
			vertex	-21.4006	-45.0000	-4.12464
			vertex	-22.3203	-44.5343	-4.30148
			vertex	-21.3489	-45.0000	-4.30069
		endloop
	endfacet
	facet normal	-0.444764	-0.894612	-0.0430551
		outer loop
			vertex	-22.3203	-44.5343	-4.30148
			vertex	-21.4006	-45.0000	-4.12464
			vertex	-22.4033	-44.7000	2.08167e-015
		endloop
	endfacet
	facet normal	-0.441594	-0.896224	-0.0421671
		outer loop
			vertex	-21.7945	-45.0000	0.000000
			vertex	-22.4033	-44.7000	2.08167e-015
			vertex	-21.4006	-45.0000	-4.12464
		endloop
	endfacet
	facet normal	-0.441577	-0.896190	0.0430544
		outer loop
			vertex	-22.4033	-44.7000	2.08167e-015
			vertex	-21.7945	-45.0000	0.000000
			vertex	-22.3203	-44.5343	4.30148
		endloop
	endfacet
	facet normal	-0.444864	-0.894590	0.0424794
		outer loop
			vertex	-21.4006	-45.0000	4.12464
			vertex	-22.3203	-44.5343	4.30148
			vertex	-21.7945	-45.0000	0.000000
		endloop
	endfacet
	facet normal	-0.428813	-0.894576	0.125908
		outer loop
			vertex	-22.3203	-44.5343	4.30148
			vertex	-21.4006	-45.0000	4.12464
			vertex	-21.3489	-45.0000	4.30069
		endloop
	endfacet
	facet normal	0.245059	0.961241	-0.126337
		outer loop
			vertex	18.3347	45.0000	-11.7830
			vertex	19.9919	45.0000	-8.56845
			vertex	20.1022	44.9715	-8.57107
		endloop
	endfacet
	facet normal	0.245059	0.961241	-0.126338
		outer loop
			vertex	20.1165	45.0000	-8.32679
			vertex	20.1022	44.9715	-8.57107
			vertex	19.9919	45.0000	-8.56845
		endloop
	endfacet
	facet normal	0.444305	0.886492	-0.129326
		outer loop
			vertex	20.1022	44.9715	-8.57107
			vertex	20.1165	45.0000	-8.32679
			vertex	23.9981	43.0189	-8.57107
		endloop
	endfacet
	facet normal	0.272088	0.909598	-0.314005
		outer loop
			vertex	12.6420	45.0000	-17.7533
			vertex	13.6433	45.0000	-16.8857
			vertex	15.3327	44.4937	-16.8884
		endloop
	endfacet
	facet normal	0.272087	0.909598	-0.314006
		outer loop
			vertex	15.5110	45.0000	-15.2673
			vertex	15.3327	44.4937	-16.8884
			vertex	13.6433	45.0000	-16.8857
		endloop
	endfacet
	facet normal	0.348708	0.883019	-0.314134
		outer loop
			vertex	15.3327	44.4937	-16.8884
			vertex	15.5110	45.0000	-15.2673
			vertex	19.2050	42.9645	-16.8884
		endloop
	endfacet
	facet normal	0.262464	0.887265	-0.379305
		outer loop
			vertex	14.8025	42.9551	-20.8745
			vertex	10.9481	44.0953	-20.8745
			vertex	11.1832	45.0000	-18.5955
		endloop
	endfacet
	facet normal	0.105230	0.946829	-0.304043
		outer loop
			vertex	5.13825	45.0000	-21.1801
			vertex	6.02177	45.0000	-20.8744
			vertex	7.00816	44.8903	-20.8745
		endloop
	endfacet
	facet normal	0.105230	0.946829	-0.304041
		outer loop
			vertex	7.03259	45.0000	-20.5245
			vertex	7.00816	44.8903	-20.8745
			vertex	6.02177	45.0000	-20.8744
		endloop
	endfacet
	facet normal	0.188338	0.933342	-0.305617
		outer loop
			vertex	7.00816	44.8903	-20.8745
			vertex	7.03259	45.0000	-20.5245
			vertex	10.9481	44.0953	-20.8745
		endloop
	endfacet
	facet normal	0.160122	0.871965	-0.462642
		outer loop
			vertex	9.05376	45.0000	-19.8250
			vertex	10.9481	44.0953	-20.8745
			vertex	7.03259	45.0000	-20.5245
		endloop
	endfacet
	facet normal	0.219075	0.898902	-0.379449
		outer loop
			vertex	10.9481	44.0953	-20.8745
			vertex	9.05376	45.0000	-19.8250
			vertex	11.1832	45.0000	-18.5955
		endloop
	endfacet
	facet normal	0.0984989	0.886794	-0.451546
		outer loop
			vertex	6.70517	42.9496	-24.7058
			vertex	2.88305	43.3741	-24.7058
			vertex	2.99428	45.0000	-21.4884
		endloop
	endfacet
	facet normal	-0.0584559	0.879433	-0.472420
		outer loop
			vertex	-4.79881	43.2041	-24.7058
			vertex	-3.10168	45.0000	-21.5727
			vertex	-0.961643	43.4592	-24.7058
		endloop
	endfacet
	facet normal	-0.0215810	0.891231	-0.453036
		outer loop
			vertex	-0.996792	45.0000	-21.6729
			vertex	-0.961643	43.4592	-24.7058
			vertex	-3.10168	45.0000	-21.5727
		endloop
	endfacet
	facet normal	0.0197261	0.891459	-0.452673
		outer loop
			vertex	-0.961643	43.4592	-24.7058
			vertex	-0.996792	45.0000	-21.6729
			vertex	2.88305	43.3741	-24.7058
		endloop
	endfacet
	facet normal	-0.0236101	0.868204	-0.495645
		outer loop
			vertex	1.03702	45.0000	-21.7698
			vertex	2.88305	43.3741	-24.7058
			vertex	-0.996792	45.0000	-21.6729
		endloop
	endfacet
	facet normal	0.0649679	0.889718	-0.451864
		outer loop
			vertex	2.88305	43.3741	-24.7058
			vertex	1.03702	45.0000	-21.7698
			vertex	2.99428	45.0000	-21.4884
		endloop
	endfacet
	facet normal	-0.137373	0.879934	-0.454802
		outer loop
			vertex	-8.59841	42.6109	-24.7058
			vertex	-5.98019	45.0000	-20.8743
			vertex	-4.79881	43.2041	-24.7058
		endloop
	endfacet
	facet normal	-0.108984	0.886740	-0.449239
		outer loop
			vertex	-5.00354	45.0000	-21.1113
			vertex	-4.79881	43.2041	-24.7058
			vertex	-5.98019	45.0000	-20.8743
		endloop
	endfacet
	facet normal	-0.108984	0.886740	-0.449239
		outer loop
			vertex	-4.79881	43.2041	-24.7058
			vertex	-5.00354	45.0000	-21.1113
			vertex	-3.10168	45.0000	-21.5727
		endloop
	endfacet
	facet normal	-0.219318	0.883338	-0.414262
		outer loop
			vertex	-12.8879	43.5679	-20.8745
			vertex	-10.8972	45.0000	-18.8746
			vertex	-8.98695	44.5364	-20.8745
		endloop
	endfacet
	facet normal	-0.171111	0.911228	-0.374680
		outer loop
			vertex	-9.08970	45.0000	-19.7001
			vertex	-8.98695	44.5364	-20.8745
			vertex	-10.8972	45.0000	-18.8746
		endloop
	endfacet
	facet normal	-0.171110	0.911228	-0.374680
		outer loop
			vertex	-8.98695	44.5364	-20.8745
			vertex	-9.08970	45.0000	-19.7001
			vertex	-7.12828	45.0000	-20.5958
		endloop
	endfacet
	facet normal	-0.301979	0.876307	-0.375359
		outer loop
			vertex	-16.6880	42.2583	-20.8745
			vertex	-13.6884	45.0000	-16.8870
			vertex	-12.8879	43.5679	-20.8745
		endloop
	endfacet
	facet normal	-0.265361	0.889223	-0.372646
		outer loop
			vertex	-13.3213	45.0000	-17.1485
			vertex	-12.8879	43.5679	-20.8745
			vertex	-13.6884	45.0000	-16.8870
		endloop
	endfacet
	facet normal	-0.265360	0.889224	-0.372646
		outer loop
			vertex	-12.8879	43.5679	-20.8745
			vertex	-13.3213	45.0000	-17.1485
			vertex	-10.8972	45.0000	-18.8746
		endloop
	endfacet
	facet normal	-0.322326	0.895349	-0.307338
		outer loop
			vertex	-17.1316	45.0000	-13.4725
			vertex	-14.2724	45.0000	-16.4712
			vertex	-17.2858	43.7720	-16.8884
		endloop
	endfacet
	facet normal	-0.443979	0.849394	-0.285328
		outer loop
			vertex	-17.1316	45.0000	-13.4725
			vertex	-17.2858	43.7720	-16.8884
			vertex	-17.5808	45.0000	-12.7736
		endloop
	endfacet
	facet normal	-0.202645	0.934278	-0.293357
		outer loop
			vertex	-17.5808	45.0000	-12.7736
			vertex	-17.2858	43.7720	-16.8884
			vertex	-17.7553	44.9610	-12.7771
		endloop
	endfacet
	facet normal	-0.389712	0.871845	-0.296666
		outer loop
			vertex	-21.6595	43.2159	-12.7771
			vertex	-17.7553	44.9610	-12.7771
			vertex	-17.2858	43.7720	-16.8884
		endloop
	endfacet
	facet normal	-0.395978	0.885863	-0.241760
		outer loop
			vertex	-17.7553	44.9610	-12.7771
			vertex	-21.6595	43.2159	-12.7771
			vertex	-19.3717	45.0000	-9.98682
		endloop
	endfacet
	facet normal	-0.402869	0.911958	0.0776465
		outer loop
			vertex	-22.3203	44.5343	4.30148
			vertex	-21.2667	45.0000	4.29819
			vertex	-21.6958	45.0000	2.07170
		endloop
	endfacet
	facet normal	-0.405518	0.899555	0.162345
		outer loop
			vertex	-22.0717	44.0383	8.57107
			vertex	-19.9405	45.0000	8.56604
			vertex	-20.9117	45.0000	6.14022
		endloop
	endfacet
	facet normal	-0.387924	0.887334	0.249304
		outer loop
			vertex	-17.7775	45.0000	12.4675
			vertex	-19.3717	45.0000	9.98682
			vertex	-21.6595	43.2159	12.7771
		endloop
	endfacet
	facet normal	-0.385409	0.873737	0.296722
		outer loop
			vertex	-17.2858	43.7720	16.8884
			vertex	-17.1316	45.0000	13.4725
			vertex	-17.7553	44.9610	12.7771
		endloop
	endfacet
	facet normal	-0.213200	0.967354	0.137015
		outer loop
			vertex	-17.5808	45.0000	12.7736
			vertex	-17.7553	44.9610	12.7771
			vertex	-17.1316	45.0000	13.4725
		endloop
	endfacet
	facet normal	-0.213200	0.967354	0.137015
		outer loop
			vertex	-17.7553	44.9610	12.7771
			vertex	-17.5808	45.0000	12.7736
			vertex	-17.7775	45.0000	12.4675
		endloop
	endfacet
	facet normal	-0.265360	0.889224	0.372646
		outer loop
			vertex	-10.8972	45.0000	18.8746
			vertex	-13.3213	45.0000	17.1485
			vertex	-12.8879	43.5679	20.8745
		endloop
	endfacet
	facet normal	-0.265361	0.889223	0.372646
		outer loop
			vertex	-13.6884	45.0000	16.8870
			vertex	-12.8879	43.5679	20.8745
			vertex	-13.3213	45.0000	17.1485
		endloop
	endfacet
	facet normal	-0.0232303	0.872726	0.487657
		outer loop
			vertex	-0.996792	45.0000	21.6729
			vertex	-3.10168	45.0000	21.5727
			vertex	-4.79881	43.2041	24.7058
		endloop
	endfacet
	facet normal	-0.108984	0.886740	0.449239
		outer loop
			vertex	-5.00354	45.0000	21.1113
			vertex	-4.79881	43.2041	24.7058
			vertex	-3.10168	45.0000	21.5727
		endloop
	endfacet
	facet normal	-0.108984	0.886740	0.449239
		outer loop
			vertex	-4.79881	43.2041	24.7058
			vertex	-5.00354	45.0000	21.1113
			vertex	-5.98019	45.0000	20.8743
		endloop
	endfacet
	facet normal	0.460090	0.886785	0.0439333
		outer loop
			vertex	21.7945	45.0000	0.000000
			vertex	21.4006	45.0000	4.12464
			vertex	24.2683	43.5034	4.30148
		endloop
	endfacet
	facet normal	0.879573	-0.281494	-0.383553
		outer loop
			vertex	42.6172	-15.7491	-20.8745
			vertex	43.8423	-11.9209	-20.8745
			vertex	45.0000	-12.2404	-17.9852
		endloop
	endfacet
	facet normal	0.919960	-0.128215	-0.370453
		outer loop
			vertex	45.0000	-5.13825	-21.1801
			vertex	45.0000	-6.02177	-20.8744
			vertex	44.7243	-7.99951	-20.8745
		endloop
	endfacet
	facet normal	0.919960	-0.128215	-0.370451
		outer loop
			vertex	45.0000	-8.05517	-20.1706
			vertex	44.7243	-7.99951	-20.8745
			vertex	45.0000	-6.02177	-20.8744
		endloop
	endfacet
	facet normal	0.906013	-0.203781	-0.370963
		outer loop
			vertex	44.7243	-7.99951	-20.8745
			vertex	45.0000	-8.05517	-20.1706
			vertex	43.8423	-11.9209	-20.8745
		endloop
	endfacet
	facet normal	0.857498	-0.168272	-0.486190
		outer loop
			vertex	45.0000	-9.05376	-19.8250
			vertex	43.8423	-11.9209	-20.8745
			vertex	45.0000	-8.05517	-20.1706
		endloop
	endfacet
	facet normal	0.896491	-0.221531	-0.383702
		outer loop
			vertex	43.8423	-11.9209	-20.8745
			vertex	45.0000	-9.05376	-19.8250
			vertex	45.0000	-12.2404	-17.9852
		endloop
	endfacet
	facet normal	0.880403	-0.0389819	-0.472622
		outer loop
			vertex	43.4698	0.000000	-24.7058
			vertex	45.0000	-1.03702	-21.7698
			vertex	43.2997	-3.84187	-24.7058
		endloop
	endfacet
	facet normal	0.889239	-0.0651008	-0.452787
		outer loop
			vertex	45.0000	-3.99612	-21.3444
			vertex	43.2997	-3.84187	-24.7058
			vertex	45.0000	-1.03702	-21.7698
		endloop
	endfacet
	facet normal	0.883909	-0.118026	-0.452520
		outer loop
			vertex	43.2997	-3.84187	-24.7058
			vertex	45.0000	-3.99612	-21.3444
			vertex	42.7907	-7.65367	-24.7058
		endloop
	endfacet
	facet normal	0.882086	0.0390565	-0.469467
		outer loop
			vertex	43.2997	3.84187	-24.7058
			vertex	45.0000	3.10168	-21.5727
			vertex	43.4698	0.000000	-24.7058
		endloop
	endfacet
	facet normal	0.889701	0.0217233	-0.456027
		outer loop
			vertex	45.0000	6.16153e-007	-21.7204
			vertex	43.4698	0.000000	-24.7058
			vertex	45.0000	3.10168	-21.5727
		endloop
	endfacet
	facet normal	0.889701	0.0217230	-0.456027
		outer loop
			vertex	43.4698	0.000000	-24.7058
			vertex	45.0000	6.16153e-007	-21.7204
			vertex	45.0000	-1.03702	-21.7698
		endloop
	endfacet
	facet normal	0.881661	0.117726	-0.456961
		outer loop
			vertex	42.7907	7.65367	-24.7058
			vertex	45.0000	5.98019	-20.8743
			vertex	43.2997	3.84187	-24.7058
		endloop
	endfacet
	facet normal	0.884247	0.110104	-0.453855
		outer loop
			vertex	45.0000	3.99565	-21.3558
			vertex	43.2997	3.84187	-24.7058
			vertex	45.0000	5.98019	-20.8743
		endloop
	endfacet
	facet normal	0.884247	0.110103	-0.453855
		outer loop
			vertex	43.2997	3.84187	-24.7058
			vertex	45.0000	3.99565	-21.3558
			vertex	45.0000	3.10168	-21.5727
		endloop
	endfacet
	facet normal	0.888879	0.199927	-0.412217
		outer loop
			vertex	43.8423	11.9209	-20.8745
			vertex	45.0000	10.8972	-18.8746
			vertex	44.7243	7.99951	-20.8745
		endloop
	endfacet
	facet normal	0.912610	0.169834	-0.371886
		outer loop
			vertex	45.0000	8.05492	-20.1726
			vertex	44.7243	7.99951	-20.8745
			vertex	45.0000	10.8972	-18.8746
		endloop
	endfacet
	facet normal	0.912610	0.169834	-0.371886
		outer loop
			vertex	44.7243	7.99951	-20.8745
			vertex	45.0000	8.05492	-20.1726
			vertex	45.0000	7.12828	-20.5958
		endloop
	endfacet
	facet normal	0.880720	0.281861	-0.380640
		outer loop
			vertex	42.6172	15.7491	-20.8745
			vertex	45.0000	13.6884	-16.8870
			vertex	43.8423	11.9209	-20.8745
		endloop
	endfacet
	facet normal	0.886921	0.267941	-0.376270
		outer loop
			vertex	45.0000	12.2463	-17.9139
			vertex	43.8423	11.9209	-20.8745
			vertex	45.0000	13.6884	-16.8870
		endloop
	endfacet
	facet normal	0.886921	0.267940	-0.376270
		outer loop
			vertex	43.8423	11.9209	-20.8745
			vertex	45.0000	12.2463	-17.9139
			vertex	45.0000	10.8972	-18.8746
		endloop
	endfacet
	facet normal	0.899688	0.315933	-0.301242
		outer loop
			vertex	45.0000	16.6364	-13.9918
			vertex	44.1436	16.3132	-16.8884
			vertex	45.0000	17.1316	-13.4725
		endloop
	endfacet
	facet normal	0.876875	0.368908	-0.308215
		outer loop
			vertex	42.5291	20.1508	-16.8884
			vertex	45.0000	17.1316	-13.4725
			vertex	44.1436	16.3132	-16.8884
		endloop
	endfacet
	facet normal	0.871290	0.412860	-0.265329
		outer loop
			vertex	45.0000	17.1316	-13.4725
			vertex	42.5291	20.1508	-16.8884
			vertex	45.0000	17.5808	-12.7736
		endloop
	endfacet
	facet normal	0.796236	0.594053	-0.114494
		outer loop
			vertex	45.0000	20.9117	-6.14022
			vertex	44.5158	21.0921	-8.57107
			vertex	45.0000	21.2667	-4.29819
		endloop
	endfacet
	facet normal	0.958879	-0.266444	-0.0977636
		outer loop
			vertex	45.0000	21.2667	-4.29819
			vertex	44.5158	21.0921	-8.57107
			vertex	45.0172	21.3296	-4.30148
		endloop
	endfacet
	facet normal	0.876516	0.463843	-0.128721
		outer loop
			vertex	42.9559	25.2248	-4.30148
			vertex	45.0172	21.3296	-4.30148
			vertex	44.5158	21.0921	-8.57107
		endloop
	endfacet
	facet normal	0.881711	0.466592	-0.0698415
		outer loop
			vertex	45.0172	21.3296	-4.30148
			vertex	42.9559	25.2248	-4.30148
			vertex	45.0000	21.6958	-2.07170
		endloop
	endfacet
	facet normal	0.885084	0.457020	0.0880831
		outer loop
			vertex	45.0000	21.3228	4.00703
			vertex	45.0000	21.6958	2.07170
			vertex	42.9559	25.2248	4.30148
		endloop
	endfacet
	facet normal	0.964259	-0.260174	-0.0501442
		outer loop
			vertex	45.0000	21.2667	4.29819
			vertex	45.0172	21.3296	4.30148
			vertex	45.0000	20.9117	6.14022
		endloop
	endfacet
	facet normal	0.839294	0.528409	0.127942
		outer loop
			vertex	44.5158	21.0921	8.57107
			vertex	45.0000	20.9117	6.14022
			vertex	45.0172	21.3296	4.30148
		endloop
	endfacet
	facet normal	0.911212	0.382430	0.153102
		outer loop
			vertex	45.0000	20.9117	6.14022
			vertex	44.5158	21.0921	8.57107
			vertex	45.0000	19.9405	8.56604
		endloop
	endfacet
	facet normal	0.911212	0.382430	0.153102
		outer loop
			vertex	45.0000	19.9405	8.56604
			vertex	44.5158	21.0921	8.57107
			vertex	45.0000	19.3717	9.98682
		endloop
	endfacet
	facet normal	0.880298	0.423578	0.213676
		outer loop
			vertex	43.6845	20.6982	12.7771
			vertex	45.0000	19.3717	9.98682
			vertex	44.5158	21.0921	8.57107
		endloop
	endfacet
	facet normal	0.893972	0.376984	0.242273
		outer loop
			vertex	45.0000	19.3717	9.98682
			vertex	43.6845	20.6982	12.7771
			vertex	45.0000	17.5808	12.7736
		endloop
	endfacet
	facet normal	0.893972	0.376984	0.242273
		outer loop
			vertex	45.0000	17.5808	12.7736
			vertex	43.6845	20.6982	12.7771
			vertex	45.0000	17.1316	13.4725
		endloop
	endfacet
	facet normal	0.875700	0.380874	0.296790
		outer loop
			vertex	42.5291	20.1508	16.8884
			vertex	45.0000	17.1316	13.4725
			vertex	43.6845	20.6982	12.7771
		endloop
	endfacet
	facet normal	0.878446	0.345830	0.329749
		outer loop
			vertex	45.0000	17.1316	13.4725
			vertex	42.5291	20.1508	16.8884
			vertex	45.0000	16.6364	13.9918
		endloop
	endfacet
	facet normal	0.886921	0.267940	0.376270
		outer loop
			vertex	45.0000	10.8972	18.8746
			vertex	45.0000	12.2463	17.9139
			vertex	43.8423	11.9209	20.8745
		endloop
	endfacet
	facet normal	0.886921	0.267941	0.376270
		outer loop
			vertex	45.0000	13.6884	16.8870
			vertex	43.8423	11.9209	20.8745
			vertex	45.0000	12.2463	17.9139
		endloop
	endfacet
	facet normal	0.912610	0.169834	0.371886
		outer loop
			vertex	45.0000	7.12828	20.5958
			vertex	45.0000	8.05492	20.1726
			vertex	44.7243	7.99951	20.8745
		endloop
	endfacet
	facet normal	0.884247	0.110104	0.453855
		outer loop
			vertex	43.2997	3.84187	24.7058
			vertex	45.0000	3.99565	21.3558
			vertex	45.0000	5.98019	20.8743
		endloop
	endfacet
	facet normal	0.865435	0.118121	0.486899
		outer loop
			vertex	45.0000	7.12828	20.5958
			vertex	44.7243	7.99951	20.8745
			vertex	45.0000	5.98019	20.8743
		endloop
	endfacet
	facet normal	0.881846	0.120363	0.455916
		outer loop
			vertex	42.7907	7.65367	24.7058
			vertex	45.0000	5.98019	20.8743
			vertex	44.7243	7.99951	20.8745
		endloop
	endfacet
	facet normal	0.881661	0.117726	0.456961
		outer loop
			vertex	45.0000	5.98019	20.8743
			vertex	42.7907	7.65367	24.7058
			vertex	43.2997	3.84187	24.7058
		endloop
	endfacet
	facet normal	0.889221	0.0393724	0.455780
		outer loop
			vertex	43.4698	0.000000	24.7058
			vertex	45.0000	6.16154e-007	21.7204
			vertex	43.2997	3.84187	24.7058
		endloop
	endfacet
	facet normal	0.880915	0.0225193	0.472738
		outer loop
			vertex	45.0000	3.10168	21.5727
			vertex	43.2997	3.84187	24.7058
			vertex	45.0000	6.16154e-007	21.7204
		endloop
	endfacet
	facet normal	0.884247	0.110103	0.453855
		outer loop
			vertex	43.2997	3.84187	24.7058
			vertex	45.0000	3.10168	21.5727
			vertex	45.0000	3.99565	21.3558
		endloop
	endfacet
	facet normal	0.876998	-0.117104	0.466005
		outer loop
			vertex	42.7907	-7.65367	24.7058
			vertex	45.0000	-5.13825	21.1801
			vertex	43.2997	-3.84187	24.7058
		endloop
	endfacet
	facet normal	0.889239	-0.0651010	0.452787
		outer loop
			vertex	45.0000	-3.99612	21.3444
			vertex	43.2997	-3.84187	24.7058
			vertex	45.0000	-5.13825	21.1801
		endloop
	endfacet
	facet normal	0.890913	-0.0394473	0.452457
		outer loop
			vertex	43.2997	-3.84187	24.7058
			vertex	45.0000	-3.99612	21.3444
			vertex	43.4698	0.000000	24.7058
		endloop
	endfacet
	facet normal	0.874469	-0.0690342	0.480145
		outer loop
			vertex	45.0000	-1.03702	21.7698
			vertex	43.4698	0.000000	24.7058
			vertex	45.0000	-3.99612	21.3444
		endloop
	endfacet
	facet normal	0.889701	0.0217230	0.456027
		outer loop
			vertex	43.4698	0.000000	24.7058
			vertex	45.0000	-1.03702	21.7698
			vertex	45.0000	6.16154e-007	21.7204
		endloop
	endfacet
	facet normal	0.882802	-0.369245	0.290377
		outer loop
			vertex	45.0000	-18.3347	11.7830
			vertex	45.0000	-17.5564	12.7727
			vertex	43.6845	-20.6982	12.7771
		endloop
	endfacet
	facet normal	0.882802	-0.369245	0.290377
		outer loop
			vertex	45.0000	-16.6384	13.9400
			vertex	43.6845	-20.6982	12.7771
			vertex	45.0000	-17.5564	12.7727
		endloop
	endfacet
	facet normal	0.881888	-0.469324	0.0448150
		outer loop
			vertex	45.0000	-21.7945	0.000000
			vertex	45.0000	-21.4006	4.12464
			vertex	42.9559	-25.2248	4.30148
		endloop
	endfacet
	facet normal	0.876352	-0.462161	0.135699
		outer loop
			vertex	45.0000	-21.3489	4.30069
			vertex	42.9559	-25.2248	4.30148
			vertex	45.0000	-21.4006	4.12464
		endloop
	endfacet
	facet normal	0.876351	-0.462161	0.135704
		outer loop
			vertex	42.9559	-25.2248	4.30148
			vertex	45.0000	-21.3489	4.30069
			vertex	45.0000	-21.3222	4.39163
		endloop
	endfacet
	facet normal	-0.932975	0.235711	-0.272025
		outer loop
			vertex	-45.0000	12.6420	-17.7533
			vertex	-45.0000	13.6433	-16.8857
			vertex	-44.8220	14.3446	-16.8884
		endloop
	endfacet
	facet normal	-0.932975	0.235711	-0.272025
		outer loop
			vertex	-45.0000	14.4131	-16.2187
			vertex	-44.8220	14.3446	-16.8884
			vertex	-45.0000	13.6433	-16.8857
		endloop
	endfacet
	facet normal	-0.902150	0.333388	-0.273822
		outer loop
			vertex	-44.8220	14.3446	-16.8884
			vertex	-45.0000	14.4131	-16.2187
			vertex	-43.3789	18.2498	-16.8884
		endloop
	endfacet
	facet normal	-0.886724	0.151203	-0.436873
		outer loop
			vertex	-45.0000	6.02177	-20.8744
			vertex	-45.0000	9.05376	-19.8250
			vertex	-44.3267	9.96999	-20.8745
		endloop
	endfacet
	facet normal	-0.897089	0.220925	-0.382654
		outer loop
			vertex	-45.0000	10.1297	-19.2038
			vertex	-44.3267	9.96999	-20.8745
			vertex	-45.0000	9.05376	-19.8250
		endloop
	endfacet
	facet normal	-0.891588	0.242427	-0.382492
		outer loop
			vertex	-44.3267	9.96999	-20.8745
			vertex	-45.0000	10.1297	-19.2038
			vertex	-43.2721	13.8486	-20.8745
		endloop
	endfacet
	facet normal	-0.890630	0.000000	-0.454728
		outer loop
			vertex	-43.4273	1.92282	-24.7058
			vertex	-43.4273	-1.92282	-24.7058
			vertex	-45.0000	-1.99410	-21.6254
		endloop
	endfacet
	facet normal	-0.881869	0.0671007	-0.466695
		outer loop
			vertex	-45.0000	5.13825	-21.1801
			vertex	-43.0874	5.75340	-24.7058
			vertex	-45.0000	1.99397	-21.6322
		endloop
	endfacet
	facet normal	-0.886723	0.0786767	-0.455557
		outer loop
			vertex	-43.4273	1.92282	-24.7058
			vertex	-45.0000	1.99397	-21.6322
			vertex	-43.0874	5.75340	-24.7058
		endloop
	endfacet
	facet normal	-0.887693	0.0655259	-0.455748
		outer loop
			vertex	-45.0000	1.99397	-21.6322
			vertex	-43.4273	1.92282	-24.7058
			vertex	-45.0000	1.03702	-21.7698
		endloop
	endfacet
	facet normal	-0.878393	-0.0227410	-0.477397
		outer loop
			vertex	-45.0000	-1.99410	-21.6254
			vertex	-45.0000	1.03702	-21.7698
			vertex	-43.4273	1.92282	-24.7058
		endloop
	endfacet
	facet normal	-0.890047	-0.0789716	-0.448976
		outer loop
			vertex	-43.0874	-5.75340	-24.7058
			vertex	-45.0000	-5.98019	-20.8743
			vertex	-43.4273	-1.92282	-24.7058
		endloop
	endfacet
	facet normal	-0.869369	-0.116503	-0.480233
		outer loop
			vertex	-45.0000	-3.10168	-21.5727
			vertex	-43.4273	-1.92282	-24.7058
			vertex	-45.0000	-5.98019	-20.8743
		endloop
	endfacet
	facet normal	-0.890218	-0.0216759	-0.455019
		outer loop
			vertex	-43.4273	-1.92282	-24.7058
			vertex	-45.0000	-3.10168	-21.5727
			vertex	-45.0000	-1.99410	-21.6254
		endloop
	endfacet
	facet normal	-0.905183	-0.176560	-0.386613
		outer loop
			vertex	-45.0000	-10.1281	-19.2259
			vertex	-45.0000	-7.12828	-20.5958
			vertex	-44.3267	-9.96999	-20.8745
		endloop
	endfacet
	facet normal	-0.813188	-0.137212	-0.565595
		outer loop
			vertex	-45.0000	-6.01384	-20.8662
			vertex	-44.3267	-9.96999	-20.8745
			vertex	-45.0000	-7.12828	-20.5958
		endloop
	endfacet
	facet normal	-0.905183	-0.176560	-0.386613
		outer loop
			vertex	-45.0000	-10.1281	-19.2259
			vertex	-44.3267	-9.96999	-20.8745
			vertex	-45.0000	-10.8972	-18.8746
		endloop
	endfacet
	facet normal	-0.881113	-0.239579	-0.407728
		outer loop
			vertex	-43.2721	-13.8486	-20.8745
			vertex	-45.0000	-10.8972	-18.8746
			vertex	-44.3267	-9.96999	-20.8745
		endloop
	endfacet
	facet normal	-0.888238	-0.266469	-0.374203
		outer loop
			vertex	-45.0000	-10.8972	-18.8746
			vertex	-43.2721	-13.8486	-20.8745
			vertex	-45.0000	-13.6884	-16.8870
		endloop
	endfacet
	facet normal	-0.886074	-0.335482	-0.319881
		outer loop
			vertex	-45.0000	-14.4033	-16.3338
			vertex	-44.8220	-14.3446	-16.8884
			vertex	-45.0000	-17.1316	-13.4725
		endloop
	endfacet
	facet normal	-0.890303	-0.329010	-0.314821
		outer loop
			vertex	-43.3789	-18.2498	-16.8884
			vertex	-45.0000	-17.1316	-13.4725
			vertex	-44.8220	-14.3446	-16.8884
		endloop
	endfacet
	facet normal	-0.864439	-0.422930	-0.271801
		outer loop
			vertex	-45.0000	-17.1316	-13.4725
			vertex	-43.3789	-18.2498	-16.8884
			vertex	-45.0000	-17.5808	-12.7736
		endloop
	endfacet
	facet normal	-0.895063	-0.426953	-0.128735
		outer loop
			vertex	-44.0296	-23.3000	-4.30148
			vertex	-45.0000	-21.2667	-4.29819
			vertex	-43.5393	-23.0405	-8.57107
		endloop
	endfacet
	facet normal	-0.911595	-0.345829	-0.222251
		outer loop
			vertex	-45.0000	-18.9374	-10.6626
			vertex	-44.5572	-18.7456	-12.7771
			vertex	-45.0000	-19.3717	-9.98682
		endloop
	endfacet
	facet normal	-0.878845	-0.416406	-0.232891
		outer loop
			vertex	-42.7261	-22.6102	-12.7771
			vertex	-45.0000	-19.3717	-9.98682
			vertex	-44.5572	-18.7456	-12.7771
		endloop
	endfacet
	facet normal	-0.871636	-0.455044	-0.182172
		outer loop
			vertex	-45.0000	-19.3717	-9.98682
			vertex	-42.7261	-22.6102	-12.7771
			vertex	-45.0000	-19.9405	-8.56604
		endloop
	endfacet
	facet normal	-0.883893	-0.416136	-0.213457
		outer loop
			vertex	-43.5393	-23.0405	-8.57107
			vertex	-45.0000	-19.9405	-8.56604
			vertex	-42.7261	-22.6102	-12.7771
		endloop
	endfacet
	facet normal	-0.891838	-0.419953	-0.168124
		outer loop
			vertex	-45.0000	-19.9405	-8.56604
			vertex	-43.5393	-23.0405	-8.57107
			vertex	-45.0000	-20.9117	-6.14022
		endloop
	endfacet
	facet normal	-0.867758	-0.488006	-0.0940551
		outer loop
			vertex	-45.0000	-21.2667	-4.29819
			vertex	-45.0000	-20.9117	-6.14022
			vertex	-43.5393	-23.0405	-8.57107
		endloop
	endfacet
	facet normal	-0.855637	-0.517577	0.000000
		outer loop
			vertex	-45.0000	-21.6958	-2.07170
			vertex	-44.0296	-23.3000	-4.30148
			vertex	-45.0000	-21.6958	1.63911e-015
		endloop
	endfacet
	facet normal	-0.901745	-0.430123	-0.0430171
		outer loop
			vertex	-44.1935	-23.3867	2.08167e-015
			vertex	-45.0000	-21.6958	1.63911e-015
			vertex	-44.0296	-23.3000	-4.30148
		endloop
	endfacet
	facet normal	-0.902580	-0.430521	0.000000
		outer loop
			vertex	-45.0000	-21.6958	1.63911e-015
			vertex	-44.1935	-23.3867	2.08167e-015
			vertex	-45.0000	-21.6958	2.07170
		endloop
	endfacet
	facet normal	-0.880222	-0.472606	0.0430536
		outer loop
			vertex	-44.0296	-23.3000	4.30148
			vertex	-45.0000	-21.6958	2.07170
			vertex	-44.1935	-23.3867	2.08167e-015
		endloop
	endfacet
	facet normal	-0.899452	-0.429122	0.0827064
		outer loop
			vertex	-45.0000	-21.6958	2.07170
			vertex	-44.0296	-23.3000	4.30148
			vertex	-45.0000	-21.2667	4.29819
		endloop
	endfacet
	facet normal	-0.899452	-0.429122	0.0827062
		outer loop
			vertex	-45.0000	-21.2667	4.29819
			vertex	-44.0296	-23.3000	4.30148
			vertex	-45.0000	-20.9117	6.14022
		endloop
	endfacet
	facet normal	-0.880184	-0.456812	0.128841
		outer loop
			vertex	-43.5393	-23.0405	8.57107
			vertex	-45.0000	-20.9117	6.14022
			vertex	-44.0296	-23.3000	4.30148
		endloop
	endfacet
	facet normal	-0.891838	-0.419953	0.168124
		outer loop
			vertex	-45.0000	-20.9117	6.14022
			vertex	-43.5393	-23.0405	8.57107
			vertex	-45.0000	-19.9405	8.56604
		endloop
	endfacet
	facet normal	-0.891838	-0.419953	0.168124
		outer loop
			vertex	-45.0000	-19.9405	8.56604
			vertex	-43.5393	-23.0405	8.57107
			vertex	-45.0000	-19.3717	9.98682
		endloop
	endfacet
	facet normal	-0.876513	-0.431397	0.213592
		outer loop
			vertex	-42.7261	-22.6102	12.7771
			vertex	-45.0000	-19.3717	9.98682
			vertex	-43.5393	-23.0405	8.57107
		endloop
	endfacet
	facet normal	-0.880942	-0.398102	0.255845
		outer loop
			vertex	-45.0000	-19.3717	9.98682
			vertex	-42.7261	-22.6102	12.7771
			vertex	-45.0000	-18.9374	10.6626
		endloop
	endfacet
	facet normal	-0.880521	-0.369480	0.296930
		outer loop
			vertex	-43.3789	-18.2498	16.8884
			vertex	-45.0000	-17.1316	13.4725
			vertex	-44.5572	-18.7456	12.7771
		endloop
	endfacet
	facet normal	-0.911595	-0.345830	0.222251
		outer loop
			vertex	-45.0000	-17.5808	12.7736
			vertex	-44.5572	-18.7456	12.7771
			vertex	-45.0000	-17.1316	13.4725
		endloop
	endfacet
	facet normal	-0.911595	-0.345830	0.222251
		outer loop
			vertex	-44.5572	-18.7456	12.7771
			vertex	-45.0000	-17.5808	12.7736
			vertex	-45.0000	-18.9374	10.6626
		endloop
	endfacet
	facet normal	-0.886074	-0.335483	0.319881
		outer loop
			vertex	-45.0000	-14.2724	16.4712
			vertex	-45.0000	-14.4033	16.3338
			vertex	-44.8220	-14.3446	16.8884
		endloop
	endfacet
	facet normal	-0.887540	-0.263550	0.377906
		outer loop
			vertex	-43.2721	-13.8486	20.8745
			vertex	-45.0000	-10.8972	18.8746
			vertex	-44.8220	-14.3446	16.8884
		endloop
	endfacet
	facet normal	-0.906349	-0.245091	0.344182
		outer loop
			vertex	-45.0000	-13.6884	16.8870
			vertex	-44.8220	-14.3446	16.8884
			vertex	-45.0000	-10.8972	18.8746
		endloop
	endfacet
	facet normal	-0.906349	-0.245091	0.344183
		outer loop
			vertex	-44.8220	-14.3446	16.8884
			vertex	-45.0000	-13.6884	16.8870
			vertex	-45.0000	-14.2724	16.4712
		endloop
	endfacet
	facet normal	-0.886799	-0.108951	0.449129
		outer loop
			vertex	-45.0000	-6.01384	20.8662
			vertex	-43.0874	-5.75340	24.7058
			vertex	-45.0000	-5.98019	20.8743
		endloop
	endfacet
	facet normal	-0.890047	-0.0789716	0.448976
		outer loop
			vertex	-43.4273	-1.92282	24.7058
			vertex	-45.0000	-5.98019	20.8743
			vertex	-43.0874	-5.75340	24.7058
		endloop
	endfacet
	facet normal	-0.869369	-0.116503	0.480233
		outer loop
			vertex	-45.0000	-5.98019	20.8743
			vertex	-43.4273	-1.92282	24.7058
			vertex	-45.0000	-3.10168	21.5727
		endloop
	endfacet
	facet normal	-0.881493	0.000000	0.472197
		outer loop
			vertex	-43.4273	1.92282	24.7058
			vertex	-45.0000	1.03702	21.7698
			vertex	-43.4273	-1.92282	24.7058
		endloop
	endfacet
	facet normal	-0.890218	-0.0216750	0.455019
		outer loop
			vertex	-45.0000	-1.99410	21.6254
			vertex	-43.4273	-1.92282	24.7058
			vertex	-45.0000	1.03702	21.7698
		endloop
	endfacet
	facet normal	-0.890218	-0.0216759	0.455019
		outer loop
			vertex	-43.4273	-1.92282	24.7058
			vertex	-45.0000	-1.99410	21.6254
			vertex	-45.0000	-3.10168	21.5727
		endloop
	endfacet
	facet normal	-0.881954	0.0782535	0.464795
		outer loop
			vertex	-43.0874	5.75340	24.7058
			vertex	-45.0000	5.13825	21.1801
			vertex	-43.4273	1.92282	24.7058
		endloop
	endfacet
	facet normal	-0.887693	0.0655269	0.455748
		outer loop
			vertex	-45.0000	1.99397	21.6322
			vertex	-43.4273	1.92282	24.7058
			vertex	-45.0000	5.13825	21.1801
		endloop
	endfacet
	facet normal	-0.887693	0.0655259	0.455748
		outer loop
			vertex	-43.4273	1.92282	24.7058
			vertex	-45.0000	1.99397	21.6322
			vertex	-45.0000	1.03702	21.7698
		endloop
	endfacet
	facet normal	-0.897089	0.220925	0.382654
		outer loop
			vertex	-45.0000	12.6420	17.7533
			vertex	-45.0000	10.1297	19.2038
			vertex	-44.3267	9.96999	20.8745
		endloop
	endfacet
	facet normal	-0.897089	0.220925	0.382654
		outer loop
			vertex	-45.0000	9.05376	19.8250
			vertex	-44.3267	9.96999	20.8745
			vertex	-45.0000	10.1297	19.2038
		endloop
	endfacet
	facet normal	-0.886724	0.151203	0.436873
		outer loop
			vertex	-44.3267	9.96999	20.8745
			vertex	-45.0000	9.05376	19.8250
			vertex	-45.0000	6.02177	20.8744
		endloop
	endfacet
	facet normal	-0.888360	0.440548	0.129357
		outer loop
			vertex	-45.0000	21.3489	4.30069
			vertex	-45.0000	20.2333	8.10020
			vertex	-43.5393	23.0405	8.57107
		endloop
	endfacet
	facet normal	-0.880339	0.421614	0.217358
		outer loop
			vertex	-45.0000	19.9919	8.56845
			vertex	-43.5393	23.0405	8.57107
			vertex	-45.0000	20.2333	8.10020
		endloop
	endfacet
	facet normal	-0.880339	0.421614	0.217357
		outer loop
			vertex	-43.5393	23.0405	8.57107
			vertex	-45.0000	19.9919	8.56845
			vertex	-45.0000	18.9375	10.6138
		endloop
	endfacet
	facet normal	-0.891304	0.451354	0.0430991
		outer loop
			vertex	-45.0000	21.7945	0.000000
			vertex	-45.0000	21.4006	4.12464
			vertex	-44.0296	23.3000	4.30148
		endloop
	endfacet
	facet normal	0.463027	-0.104144	0.880204
		outer loop
			vertex	21.0309	-5.71842	45.0000
			vertex	24.6887	-6.71297	42.9582
			vertex	21.4540	-3.83732	45.0000
		endloop
	endfacet
	facet normal	0.463027	-0.104144	0.880204
		outer loop
			vertex	25.1853	-4.50472	42.9582
			vertex	21.4540	-3.83732	45.0000
			vertex	24.6887	-6.71297	42.9582
		endloop
	endfacet
	facet normal	0.470420	-0.0628145	0.880204
		outer loop
			vertex	21.4540	-3.83732	45.0000
			vertex	25.1853	-4.50472	42.9582
			vertex	21.7092	-1.92620	45.0000
		endloop
	endfacet
	facet normal	0.0938756	-0.465218	0.880204
		outer loop
			vertex	3.36178	-21.5337	45.0000
			vertex	3.94646	-25.2788	42.9582
			vertex	5.25177	-21.1523	45.0000
		endloop
	endfacet
	facet normal	0.0938756	-0.465218	0.880204
		outer loop
			vertex	6.16517	-24.8311	42.9582
			vertex	5.25177	-21.1523	45.0000
			vertex	3.94646	-25.2788	42.9582
		endloop
	endfacet
	facet normal	0.134625	-0.455101	0.880204
		outer loop
			vertex	5.25177	-21.1523	45.0000
			vertex	6.16517	-24.8311	42.9582
			vertex	7.10066	-20.6054	45.0000
		endloop
	endfacet
	facet normal	-0.479108	-0.0106010	0.877692
		outer loop
			vertex	-21.7732	-0.964043	45.0000
			vertex	-21.7945	2.66897e-015	45.0000
			vertex	-25.5600	1.13171	42.9582
		endloop
	endfacet
	facet normal	-0.445170	0.164512	0.880204
		outer loop
			vertex	-20.0890	8.45163	45.0000
			vertex	-23.5830	9.92155	42.9582
			vertex	-20.7574	6.64309	45.0000
		endloop
	endfacet
	facet normal	-0.445170	0.164512	0.880204
		outer loop
			vertex	-24.3676	7.79846	42.9582
			vertex	-20.7574	6.64309	45.0000
			vertex	-23.5830	9.92155	42.9582
		endloop
	endfacet
	facet normal	-0.457967	0.124524	0.880204
		outer loop
			vertex	-20.7574	6.64309	45.0000
			vertex	-24.3676	7.79846	42.9582
			vertex	-21.2633	4.78255	45.0000
		endloop
	endfacet
	facet normal	0.0523925	0.471694	0.880204
		outer loop
			vertex	3.36178	21.5337	45.0000
			vertex	3.94646	25.2788	42.9582
			vertex	1.44548	21.7465	45.0000
		endloop
	endfacet
	facet normal	0.0523928	0.471694	0.880204
		outer loop
			vertex	1.69687	25.5287	42.9582
			vertex	1.44548	21.7465	45.0000
			vertex	3.94646	25.2788	42.9582
		endloop
	endfacet
	facet normal	0.0104988	0.474479	0.880204
		outer loop
			vertex	1.44548	21.7465	45.0000
			vertex	1.69687	25.5287	42.9582
			vertex	-0.482140	21.7892	45.0000
		endloop
	endfacet
	facet normal	0.589077	-0.188525	0.785778
		outer loop
			vertex	30.5509	-11.2900	37.9365
			vertex	28.1633	-7.65775	40.5979
			vertex	27.3763	-10.1169	40.5979
		endloop
	endfacet
	facet normal	0.522488	-0.167214	0.836090
		outer loop
			vertex	24.6887	-6.71297	42.9582
			vertex	27.3763	-10.1169	40.5979
			vertex	28.1633	-7.65775	40.5979
		endloop
	endfacet
	facet normal	0.522487	-0.167214	0.836090
		outer loop
			vertex	27.3763	-10.1169	40.5979
			vertex	24.6887	-6.71297	42.9582
			vertex	23.9987	-8.86869	42.9582
		endloop
	endfacet
	facet normal	0.452011	-0.144659	0.880204
		outer loop
			vertex	21.0309	-5.71842	45.0000
			vertex	23.9987	-8.86869	42.9582
			vertex	24.6887	-6.71297	42.9582
		endloop
	endfacet
	facet normal	0.452011	-0.144659	0.880204
		outer loop
			vertex	23.9987	-8.86869	42.9582
			vertex	21.0309	-5.71842	45.0000
			vertex	20.4432	-7.55475	45.0000
		endloop
	endfacet
	facet normal	0.0682796	-0.614728	0.785778
		outer loop
			vertex	2.16016	-32.4986	37.9365
			vertex	4.50189	-28.8366	40.5979
			vertex	1.93569	-29.1216	40.5979
		endloop
	endfacet
	facet normal	0.0605613	-0.545239	0.836090
		outer loop
			vertex	3.94646	-25.2788	42.9582
			vertex	1.93569	-29.1216	40.5979
			vertex	4.50189	-28.8366	40.5979
		endloop
	endfacet
	facet normal	0.0605618	-0.545240	0.836090
		outer loop
			vertex	1.93569	-29.1216	40.5979
			vertex	3.94646	-25.2788	42.9582
			vertex	1.69687	-25.5287	42.9582
		endloop
	endfacet
	facet normal	0.0523928	-0.471694	0.880204
		outer loop
			vertex	3.36178	-21.5337	45.0000
			vertex	1.69687	-25.5287	42.9582
			vertex	3.94646	-25.2788	42.9582
		endloop
	endfacet
	facet normal	0.0523925	-0.471694	0.880204
		outer loop
			vertex	1.69687	-25.5287	42.9582
			vertex	3.36178	-21.5337	45.0000
			vertex	1.44548	-21.7465	45.0000
		endloop
	endfacet
	facet normal	-0.558942	0.264833	0.785778
		outer loop
			vertex	-28.7879	15.2342	37.9365
			vertex	-26.9020	11.3179	40.5979
			vertex	-25.7965	13.6512	40.5979
		endloop
	endfacet
	facet normal	-0.495759	0.234896	0.836090
		outer loop
			vertex	-23.5830	9.92155	42.9582
			vertex	-25.7965	13.6512	40.5979
			vertex	-26.9020	11.3179	40.5979
		endloop
	endfacet
	facet normal	-0.495760	0.234896	0.836090
		outer loop
			vertex	-25.7965	13.6512	40.5979
			vertex	-23.5830	9.92155	42.9582
			vertex	-22.6138	11.9670	42.9582
		endloop
	endfacet
	facet normal	-0.428889	0.203212	0.880204
		outer loop
			vertex	-20.0890	8.45163	45.0000
			vertex	-22.6138	11.9670	42.9582
			vertex	-23.5830	9.92155	42.9582
		endloop
	endfacet
	facet normal	-0.428888	0.203212	0.880204
		outer loop
			vertex	-22.6138	11.9670	42.9582
			vertex	-20.0890	8.45163	45.0000
			vertex	-19.2635	10.1940	45.0000
		endloop
	endfacet
	facet normal	0.122342	0.606288	0.785778
		outer loop
			vertex	7.84838	31.6105	37.9365
			vertex	4.50189	28.8366	40.5979
			vertex	7.03285	28.3258	40.5979
		endloop
	endfacet
	facet normal	0.108513	0.537753	0.836090
		outer loop
			vertex	3.94646	25.2788	42.9582
			vertex	7.03285	28.3258	40.5979
			vertex	4.50189	28.8366	40.5979
		endloop
	endfacet
	facet normal	0.108512	0.537754	0.836090
		outer loop
			vertex	7.03285	28.3258	40.5979
			vertex	3.94646	25.2788	42.9582
			vertex	6.16517	24.8311	42.9582
		endloop
	endfacet
	facet normal	0.0938756	0.465218	0.880204
		outer loop
			vertex	3.36178	21.5337	45.0000
			vertex	6.16517	24.8311	42.9582
			vertex	3.94646	25.2788	42.9582
		endloop
	endfacet
	facet normal	0.0938756	0.465218	0.880204
		outer loop
			vertex	6.16517	24.8311	42.9582
			vertex	3.36178	21.5337	45.0000
			vertex	5.25177	21.1523	45.0000
		endloop
	endfacet
	facet normal	0.630315	-0.265179	0.729646
		outer loop
			vertex	32.2738	-15.2917	34.9938
			vertex	30.5509	-11.2900	37.9365
			vertex	29.4335	-13.9459	37.9365
		endloop
	endfacet
	facet normal	0.570109	-0.239850	0.785778
		outer loop
			vertex	27.3763	-10.1169	40.5979
			vertex	29.4335	-13.9459	37.9365
			vertex	30.5509	-11.2900	37.9365
		endloop
	endfacet
	facet normal	0.570109	-0.239850	0.785778
		outer loop
			vertex	29.4335	-13.9459	37.9365
			vertex	27.3763	-10.1169	40.5979
			vertex	26.3751	-12.4968	40.5979
		endloop
	endfacet
	facet normal	0.505664	-0.212738	0.836090
		outer loop
			vertex	23.9987	-8.86869	42.9582
			vertex	26.3751	-12.4968	40.5979
			vertex	27.3763	-10.1169	40.5979
		endloop
	endfacet
	facet normal	0.505665	-0.212737	0.836090
		outer loop
			vertex	26.3751	-12.4968	40.5979
			vertex	23.9987	-8.86869	42.9582
			vertex	23.1210	-10.9550	42.9582
		endloop
	endfacet
	facet normal	0.437457	-0.184042	0.880204
		outer loop
			vertex	20.4432	-7.55475	45.0000
			vertex	23.1210	-10.9550	42.9582
			vertex	23.9987	-8.86869	42.9582
		endloop
	endfacet
	facet normal	0.437457	-0.184042	0.880204
		outer loop
			vertex	23.1210	-10.9550	42.9582
			vertex	20.4432	-7.55475	45.0000
			vertex	19.6955	-9.33197	45.0000
		endloop
	endfacet
	facet normal	0.0151275	-0.683657	0.729646
		outer loop
			vertex	-0.790050	-35.7044	34.9938
			vertex	2.16016	-32.4986	37.9365
			vertex	-0.720522	-32.5623	37.9365
		endloop
	endfacet
	facet normal	0.0136826	-0.618357	0.785778
		outer loop
			vertex	1.93569	-29.1216	40.5979
			vertex	-0.720522	-32.5623	37.9365
			vertex	2.16016	-32.4986	37.9365
		endloop
	endfacet
	facet normal	0.0136823	-0.618357	0.785778
		outer loop
			vertex	-0.720522	-32.5623	37.9365
			vertex	1.93569	-29.1216	40.5979
			vertex	-0.645652	-29.1787	40.5979
		endloop
	endfacet
	facet normal	0.0121357	-0.548458	0.836090
		outer loop
			vertex	1.69687	-25.5287	42.9582
			vertex	-0.645652	-29.1787	40.5979
			vertex	1.93569	-29.1216	40.5979
		endloop
	endfacet
	facet normal	0.0121357	-0.548458	0.836090
		outer loop
			vertex	-0.645652	-29.1787	40.5979
			vertex	1.69687	-25.5287	42.9582
			vertex	-0.565994	-25.5788	42.9582
		endloop
	endfacet
	facet normal	0.0104987	-0.474479	0.880204
		outer loop
			vertex	1.44548	-21.7465	45.0000
			vertex	-0.565994	-25.5788	42.9582
			vertex	1.69687	-25.5287	42.9582
		endloop
	endfacet
	facet normal	0.0104988	-0.474479	0.880204
		outer loop
			vertex	-0.565994	-25.5788	42.9582
			vertex	1.44548	-21.7465	45.0000
			vertex	-0.482140	-21.7892	45.0000
		endloop
	endfacet
	facet normal	-0.589672	0.346271	0.729646
		outer loop
			vertex	-29.9659	19.4287	34.9938
			vertex	-28.7879	15.2342	37.9365
			vertex	-27.3288	17.7189	37.9365
		endloop
	endfacet
	facet normal	-0.533348	0.313196	0.785778
		outer loop
			vertex	-25.7965	13.6512	40.5979
			vertex	-27.3288	17.7189	37.9365
			vertex	-28.7879	15.2342	37.9365
		endloop
	endfacet
	facet normal	-0.533349	0.313196	0.785778
		outer loop
			vertex	-27.3288	17.7189	37.9365
			vertex	-25.7965	13.6512	40.5979
			vertex	-24.4890	15.8777	40.5979
		endloop
	endfacet
	facet normal	-0.473060	0.277792	0.836090
		outer loop
			vertex	-22.6138	11.9670	42.9582
			vertex	-24.4890	15.8777	40.5979
			vertex	-25.7965	13.6512	40.5979
		endloop
	endfacet
	facet normal	-0.473059	0.277793	0.836090
		outer loop
			vertex	-24.4890	15.8777	40.5979
			vertex	-22.6138	11.9670	42.9582
			vertex	-21.4677	13.9188	42.9582
		endloop
	endfacet
	facet normal	-0.409250	0.240322	0.880204
		outer loop
			vertex	-19.2635	10.1940	45.0000
			vertex	-21.4677	13.9188	42.9582
			vertex	-22.6138	11.9670	42.9582
		endloop
	endfacet
	facet normal	-0.409250	0.240322	0.880204
		outer loop
			vertex	-21.4677	13.9188	42.9582
			vertex	-19.2635	10.1940	45.0000
			vertex	-18.2871	11.8566	45.0000
		endloop
	endfacet
	facet normal	0.193975	0.655736	0.729646
		outer loop
			vertex	11.6354	33.7646	34.9938
			vertex	7.84838	31.6105	37.9365
			vertex	10.6114	30.7932	37.9365
		endloop
	endfacet
	facet normal	0.175447	0.593103	0.785778
		outer loop
			vertex	7.03285	28.3258	40.5979
			vertex	10.6114	30.7932	37.9365
			vertex	7.84838	31.6105	37.9365
		endloop
	endfacet
	facet normal	0.175447	0.593103	0.785778
		outer loop
			vertex	10.6114	30.7932	37.9365
			vertex	7.03285	28.3258	40.5979
			vertex	9.50877	27.5934	40.5979
		endloop
	endfacet
	facet normal	0.155615	0.526059	0.836090
		outer loop
			vertex	6.16517	24.8311	42.9582
			vertex	9.50877	27.5934	40.5979
			vertex	7.03285	28.3258	40.5979
		endloop
	endfacet
	facet normal	0.155615	0.526059	0.836090
		outer loop
			vertex	9.50877	27.5934	40.5979
			vertex	6.16517	24.8311	42.9582
			vertex	8.33562	24.1891	42.9582
		endloop
	endfacet
	facet normal	0.134625	0.455101	0.880204
		outer loop
			vertex	5.25177	21.1523	45.0000
			vertex	8.33562	24.1891	42.9582
			vertex	6.16517	24.8311	42.9582
		endloop
	endfacet
	facet normal	0.134625	0.455101	0.880204
		outer loop
			vertex	8.33562	24.1891	42.9582
			vertex	5.25177	21.1523	45.0000
			vertex	7.10066	20.6054	45.0000
		endloop
	endfacet
	facet normal	0.613067	0.0818618	0.785778
		outer loop
			vertex	32.4428	2.87856	37.9365
			vertex	32.0615	5.73460	37.9365
			vertex	28.7299	5.13871	40.5979
		endloop
	endfacet
	facet normal	0.657651	-0.348022	0.668113
		outer loop
			vertex	33.2778	-19.5416	31.7917
			vertex	32.2738	-15.2917	34.9938
			vertex	30.7960	-18.0842	34.9938
		endloop
	endfacet
	facet normal	0.604412	-0.319848	0.729646
		outer loop
			vertex	29.4335	-13.9459	37.9365
			vertex	30.7960	-18.0842	34.9938
			vertex	32.2738	-15.2917	34.9938
		endloop
	endfacet
	facet normal	0.604412	-0.319848	0.729646
		outer loop
			vertex	30.7960	-18.0842	34.9938
			vertex	29.4335	-13.9459	37.9365
			vertex	28.0858	-16.4927	37.9365
		endloop
	endfacet
	facet normal	0.546680	-0.289298	0.785778
		outer loop
			vertex	26.3751	-12.4968	40.5979
			vertex	28.0858	-16.4927	37.9365
			vertex	29.4335	-13.9459	37.9365
		endloop
	endfacet
	facet normal	0.546681	-0.289297	0.785778
		outer loop
			vertex	28.0858	-16.4927	37.9365
			vertex	26.3751	-12.4968	40.5979
			vertex	25.1674	-14.7789	40.5979
		endloop
	endfacet
	facet normal	0.484884	-0.256595	0.836090
		outer loop
			vertex	23.1210	-10.9550	42.9582
			vertex	25.1674	-14.7789	40.5979
			vertex	26.3751	-12.4968	40.5979
		endloop
	endfacet
	facet normal	0.484884	-0.256595	0.836090
		outer loop
			vertex	25.1674	-14.7789	40.5979
			vertex	23.1210	-10.9550	42.9582
			vertex	22.0623	-12.9556	42.9582
		endloop
	endfacet
	facet normal	0.419480	-0.221984	0.880204
		outer loop
			vertex	19.6955	-9.33197	45.0000
			vertex	22.0623	-12.9556	42.9582
			vertex	23.1210	-10.9550	42.9582
		endloop
	endfacet
	facet normal	0.419480	-0.221984	0.880204
		outer loop
			vertex	22.0623	-12.9556	42.9582
			vertex	19.6955	-9.33197	45.0000
			vertex	18.7937	-11.0361	45.0000
		endloop
	endfacet
	facet normal	0.0754905	-0.679645	0.729646
		outer loop
			vertex	2.36860	-35.6345	34.9938
			vertex	5.50872	-35.2858	34.9938
			vertex	5.02393	-32.1805	37.9365
		endloop
	endfacet
	facet normal	-0.0493484	-0.742421	0.668113
		outer loop
			vertex	-4.26025	-38.3554	31.7917
			vertex	-0.790050	-35.7044	34.9938
			vertex	-3.94252	-35.4949	34.9938
		endloop
	endfacet
	facet normal	-0.0453534	-0.682319	0.729646
		outer loop
			vertex	-0.720522	-32.5623	37.9365
			vertex	-3.94252	-35.4949	34.9938
			vertex	-0.790050	-35.7044	34.9938
		endloop
	endfacet
	facet normal	-0.0453531	-0.682319	0.729646
		outer loop
			vertex	-3.94252	-35.4949	34.9938
			vertex	-0.720522	-32.5623	37.9365
			vertex	-3.59556	-32.3712	37.9365
		endloop
	endfacet
	facet normal	-0.0410211	-0.617147	0.785778
		outer loop
			vertex	-0.645652	-29.1787	40.5979
			vertex	-3.59556	-32.3712	37.9365
			vertex	-0.720522	-32.5623	37.9365
		endloop
	endfacet
	facet normal	-0.0410212	-0.617146	0.785778
		outer loop
			vertex	-3.59556	-32.3712	37.9365
			vertex	-0.645652	-29.1787	40.5979
			vertex	-3.22194	-29.0075	40.5979
		endloop
	endfacet
	facet normal	-0.0363842	-0.547385	0.836090
		outer loop
			vertex	-0.565994	-25.5788	42.9582
			vertex	-3.22194	-29.0075	40.5979
			vertex	-0.645652	-29.1787	40.5979
		endloop
	endfacet
	facet normal	-0.0363843	-0.547385	0.836090
		outer loop
			vertex	-3.22194	-29.0075	40.5979
			vertex	-0.565994	-25.5788	42.9582
			vertex	-2.82443	-25.4286	42.9582
		endloop
	endfacet
	facet normal	-0.0314765	-0.473550	0.880204
		outer loop
			vertex	-0.482140	-21.7892	45.0000
			vertex	-2.82443	-25.4286	42.9582
			vertex	-0.565994	-25.5788	42.9582
		endloop
	endfacet
	facet normal	-0.0314763	-0.473550	0.880204
		outer loop
			vertex	-2.82443	-25.4286	42.9582
			vertex	-0.482140	-21.7892	45.0000
			vertex	-2.40598	-21.6613	45.0000
		endloop
	endfacet
	facet normal	-0.681149	-0.0604362	0.729646
		outer loop
			vertex	-35.6782	-1.57971	34.9938
			vertex	-35.3990	-4.72678	34.9938
			vertex	-32.2837	-4.31080	37.9365
		endloop
	endfacet
	facet normal	-0.605804	0.432003	0.668113
		outer loop
			vertex	-30.3987	23.7741	31.7917
			vertex	-29.9659	19.4287	34.9938
			vertex	-28.1316	22.0011	34.9938
		endloop
	endfacet
	facet normal	-0.556761	0.397031	0.729646
		outer loop
			vertex	-27.3288	17.7189	37.9365
			vertex	-28.1316	22.0011	34.9938
			vertex	-29.9659	19.4287	34.9938
		endloop
	endfacet
	facet normal	-0.556761	0.397031	0.729646
		outer loop
			vertex	-28.1316	22.0011	34.9938
			vertex	-27.3288	17.7189	37.9365
			vertex	-25.6559	20.0649	37.9365
		endloop
	endfacet
	facet normal	-0.503581	0.359108	0.785778
		outer loop
			vertex	-24.4890	15.8777	40.5979
			vertex	-25.6559	20.0649	37.9365
			vertex	-27.3288	17.7189	37.9365
		endloop
	endfacet
	facet normal	-0.503581	0.359108	0.785778
		outer loop
			vertex	-25.6559	20.0649	37.9365
			vertex	-24.4890	15.8777	40.5979
			vertex	-22.9899	17.9799	40.5979
		endloop
	endfacet
	facet normal	-0.446657	0.318515	0.836090
		outer loop
			vertex	-21.4677	13.9188	42.9582
			vertex	-22.9899	17.9799	40.5979
			vertex	-24.4890	15.8777	40.5979
		endloop
	endfacet
	facet normal	-0.446657	0.318515	0.836090
		outer loop
			vertex	-22.9899	17.9799	40.5979
			vertex	-21.4677	13.9188	42.9582
			vertex	-20.1535	15.7616	42.9582
		endloop
	endfacet
	facet normal	-0.386409	0.275551	0.880204
		outer loop
			vertex	-18.2871	11.8566	45.0000
			vertex	-20.1535	15.7616	42.9582
			vertex	-21.4677	13.9188	42.9582
		endloop
	endfacet
	facet normal	-0.386409	0.275551	0.880204
		outer loop
			vertex	-20.1535	15.7616	42.9582
			vertex	-18.2871	11.8566	45.0000
			vertex	-17.1677	13.4265	45.0000
		endloop
	endfacet
	facet normal	-0.105479	0.675641	0.729646
		outer loop
			vertex	-3.94252	35.4949	34.9938
			vertex	-7.06413	35.0076	34.9938
			vertex	-6.44246	31.9267	37.9365
		endloop
	endfacet
	facet normal	0.273294	0.692051	0.668113
		outer loop
			vertex	15.7485	35.2317	31.7917
			vertex	11.6354	33.7646	34.9938
			vertex	14.5740	32.6042	34.9938
		endloop
	endfacet
	facet normal	0.251170	0.636027	0.729646
		outer loop
			vertex	10.6114	30.7932	37.9365
			vertex	14.5740	32.6042	34.9938
			vertex	11.6354	33.7646	34.9938
		endloop
	endfacet
	facet normal	0.251170	0.636027	0.729646
		outer loop
			vertex	14.5740	32.6042	34.9938
			vertex	10.6114	30.7932	37.9365
			vertex	13.2914	29.7348	37.9365
		endloop
	endfacet
	facet normal	0.227179	0.575276	0.785778
		outer loop
			vertex	9.50877	27.5934	40.5979
			vertex	13.2914	29.7348	37.9365
			vertex	10.6114	30.7932	37.9365
		endloop
	endfacet
	facet normal	0.227179	0.575276	0.785778
		outer loop
			vertex	13.2914	29.7348	37.9365
			vertex	9.50877	27.5934	40.5979
			vertex	11.9103	26.6451	40.5979
		endloop
	endfacet
	facet normal	0.201499	0.510247	0.836090
		outer loop
			vertex	8.33562	24.1891	42.9582
			vertex	11.9103	26.6451	40.5979
			vertex	9.50877	27.5934	40.5979
		endloop
	endfacet
	facet normal	0.201499	0.510247	0.836090
		outer loop
			vertex	11.9103	26.6451	40.5979
			vertex	8.33562	24.1891	42.9582
			vertex	10.4408	23.3577	42.9582
		endloop
	endfacet
	facet normal	0.174319	0.441422	0.880204
		outer loop
			vertex	7.10066	20.6054	45.0000
			vertex	10.4408	23.3577	42.9582
			vertex	8.33562	24.1891	42.9582
		endloop
	endfacet
	facet normal	0.174319	0.441422	0.880204
		outer loop
			vertex	10.4408	23.3577	42.9582
			vertex	7.10066	20.6054	45.0000
			vertex	8.89398	19.8972	45.0000
		endloop
	endfacet
	facet normal	0.677809	0.0905068	0.729646
		outer loop
			vertex	35.5734	3.15633	34.9938
			vertex	35.1553	6.28797	34.9938
			vertex	32.0615	5.73460	37.9365
		endloop
	endfacet
	facet normal	0.670225	-0.434546	0.601638
		outer loop
			vertex	33.5309	-23.9111	28.3539
			vertex	33.2778	-19.5416	31.7917
			vertex	31.4205	-22.4062	31.7917
		endloop
	endfacet
	facet normal	0.624320	-0.404784	0.668113
		outer loop
			vertex	30.7960	-18.0842	34.9938
			vertex	31.4205	-22.4062	31.7917
			vertex	33.2778	-19.5416	31.7917
		endloop
	endfacet
	facet normal	0.624320	-0.404783	0.668113
		outer loop
			vertex	31.4205	-22.4062	31.7917
			vertex	30.7960	-18.0842	34.9938
			vertex	29.0772	-20.7352	34.9938
		endloop
	endfacet
	facet normal	0.573778	-0.372014	0.729646
		outer loop
			vertex	28.0858	-16.4927	37.9365
			vertex	29.0772	-20.7352	34.9938
			vertex	30.7960	-18.0842	34.9938
		endloop
	endfacet
	facet normal	0.573778	-0.372015	0.729646
		outer loop
			vertex	29.0772	-20.7352	34.9938
			vertex	28.0858	-16.4927	37.9365
			vertex	26.5183	-18.9104	37.9365
		endloop
	endfacet
	facet normal	0.518973	-0.336481	0.785778
		outer loop
			vertex	25.1674	-14.7789	40.5979
			vertex	26.5183	-18.9104	37.9365
			vertex	28.0858	-16.4927	37.9365
		endloop
	endfacet
	facet normal	0.518973	-0.336481	0.785778
		outer loop
			vertex	26.5183	-18.9104	37.9365
			vertex	25.1674	-14.7789	40.5979
			vertex	23.7627	-16.9454	40.5979
		endloop
	endfacet
	facet normal	0.460308	-0.298446	0.836090
		outer loop
			vertex	22.0623	-12.9556	42.9582
			vertex	23.7627	-16.9454	40.5979
			vertex	25.1674	-14.7789	40.5979
		endloop
	endfacet
	facet normal	0.460309	-0.298446	0.836090
		outer loop
			vertex	23.7627	-16.9454	40.5979
			vertex	22.0623	-12.9556	42.9582
			vertex	20.8310	-14.8547	42.9582
		endloop
	endfacet
	facet normal	0.398219	-0.258189	0.880204
		outer loop
			vertex	18.7937	-11.0361	45.0000
			vertex	20.8310	-14.8547	42.9582
			vertex	22.0623	-12.9556	42.9582
		endloop
	endfacet
	facet normal	0.398219	-0.258189	0.880204
		outer loop
			vertex	20.8310	-14.8547	42.9582
			vertex	18.7937	-11.0361	45.0000
			vertex	17.7448	-12.6539	45.0000
		endloop
	endfacet
	facet normal	0.0821396	-0.739512	0.668113
		outer loop
			vertex	5.95266	-38.1294	31.7917
			vertex	5.50872	-35.2858	34.9938
			vertex	2.55949	-38.5063	31.7917
		endloop
	endfacet
	facet normal	0.0821401	-0.739512	0.668113
		outer loop
			vertex	2.36860	-35.6345	34.9938
			vertex	2.55949	-38.5063	31.7917
			vertex	5.50872	-35.2858	34.9938
		endloop
	endfacet
	facet normal	0.0164603	-0.743878	0.668113
		outer loop
			vertex	2.55949	-38.5063	31.7917
			vertex	2.36860	-35.6345	34.9938
			vertex	-0.853720	-38.5818	31.7917
		endloop
	endfacet
	facet normal	-0.123210	-0.789209	0.601639
		outer loop
			vertex	-8.14612	-40.3695	28.3539
			vertex	-4.26025	-38.3554	31.7917
			vertex	-7.63343	-37.8288	31.7917
		endloop
	endfacet
	facet normal	-0.114771	-0.735155	0.668113
		outer loop
			vertex	-3.94252	-35.4949	34.9938
			vertex	-7.63343	-37.8288	31.7917
			vertex	-4.26025	-38.3554	31.7917
		endloop
	endfacet
	facet normal	-0.114770	-0.735155	0.668113
		outer loop
			vertex	-7.63343	-37.8288	31.7917
			vertex	-3.94252	-35.4949	34.9938
			vertex	-7.06413	-35.0076	34.9938
		endloop
	endfacet
	facet normal	-0.105479	-0.675641	0.729646
		outer loop
			vertex	-3.59556	-32.3712	37.9365
			vertex	-7.06413	-35.0076	34.9938
			vertex	-3.94252	-35.4949	34.9938
		endloop
	endfacet
	facet normal	-0.105479	-0.675641	0.729646
		outer loop
			vertex	-7.06413	-35.0076	34.9938
			vertex	-3.59556	-32.3712	37.9365
			vertex	-6.44246	-31.9267	37.9365
		endloop
	endfacet
	facet normal	-0.0954044	-0.611106	0.785778
		outer loop
			vertex	-3.22194	-29.0075	40.5979
			vertex	-6.44246	-31.9267	37.9365
			vertex	-3.59556	-32.3712	37.9365
		endloop
	endfacet
	facet normal	-0.0954042	-0.611106	0.785778
		outer loop
			vertex	-6.44246	-31.9267	37.9365
			vertex	-3.22194	-29.0075	40.5979
			vertex	-5.77302	-28.6092	40.5979
		endloop
	endfacet
	facet normal	-0.0846198	-0.542027	0.836090
		outer loop
			vertex	-2.82443	-25.4286	42.9582
			vertex	-5.77302	-28.6092	40.5979
			vertex	-3.22194	-29.0075	40.5979
		endloop
	endfacet
	facet normal	-0.0846198	-0.542027	0.836090
		outer loop
			vertex	-5.77302	-28.6092	40.5979
			vertex	-2.82443	-25.4286	42.9582
			vertex	-5.06077	-25.0795	42.9582
		endloop
	endfacet
	facet normal	-0.0732058	-0.468915	0.880204
		outer loop
			vertex	-2.40598	-21.6613	45.0000
			vertex	-5.06077	-25.0795	42.9582
			vertex	-2.82443	-25.4286	42.9582
		endloop
	endfacet
	facet normal	-0.0732059	-0.468915	0.880204
		outer loop
			vertex	-5.06077	-25.0795	42.9582
			vertex	-2.40598	-21.6613	45.0000
			vertex	-4.31099	-21.3639	45.0000
		endloop
	endfacet
	facet normal	-0.741148	-0.0657600	0.668113
		outer loop
			vertex	-38.2518	-5.10771	31.7917
			vertex	-35.3990	-4.72678	34.9938
			vertex	-38.5535	-1.70702	31.7917
		endloop
	endfacet
	facet normal	-0.741148	-0.0657597	0.668113
		outer loop
			vertex	-35.6782	-1.57971	34.9938
			vertex	-38.5535	-1.70702	31.7917
			vertex	-35.3990	-4.72678	34.9938
		endloop
	endfacet
	facet normal	-0.744060	0.000000	0.668113
		outer loop
			vertex	-38.5535	-1.70702	31.7917
			vertex	-35.6782	-1.57971	34.9938
			vertex	-38.5535	1.70702	31.7917
		endloop
	endfacet
	facet normal	-0.606814	0.519430	0.601638
		outer loop
			vertex	-30.0711	28.1387	28.3539
			vertex	-30.3987	23.7741	31.7917
			vertex	-28.1785	26.3677	31.7917
		endloop
	endfacet
	facet normal	-0.565253	0.483854	0.668113
		outer loop
			vertex	-28.1316	22.0011	34.9938
			vertex	-28.1785	26.3677	31.7917
			vertex	-30.3987	23.7741	31.7917
		endloop
	endfacet
	facet normal	-0.565253	0.483854	0.668113
		outer loop
			vertex	-28.1785	26.3677	31.7917
			vertex	-28.1316	22.0011	34.9938
			vertex	-26.0770	24.4012	34.9938
		endloop
	endfacet
	facet normal	-0.519493	0.444684	0.729646
		outer loop
			vertex	-25.6559	20.0649	37.9365
			vertex	-26.0770	24.4012	34.9938
			vertex	-28.1316	22.0011	34.9938
		endloop
	endfacet
	facet normal	-0.519493	0.444683	0.729646
		outer loop
			vertex	-26.0770	24.4012	34.9938
			vertex	-25.6559	20.0649	37.9365
			vertex	-23.7821	22.2538	37.9365
		endloop
	endfacet
	facet normal	-0.469873	0.402209	0.785778
		outer loop
			vertex	-22.9899	17.9799	40.5979
			vertex	-23.7821	22.2538	37.9365
			vertex	-25.6559	20.0649	37.9365
		endloop
	endfacet
	facet normal	-0.469873	0.402209	0.785778
		outer loop
			vertex	-23.7821	22.2538	37.9365
			vertex	-22.9899	17.9799	40.5979
			vertex	-21.3109	19.9414	40.5979
		endloop
	endfacet
	facet normal	-0.416759	0.356744	0.836090
		outer loop
			vertex	-20.1535	15.7616	42.9582
			vertex	-21.3109	19.9414	40.5979
			vertex	-22.9899	17.9799	40.5979
		endloop
	endfacet
	facet normal	-0.416759	0.356744	0.836090
		outer loop
			vertex	-21.3109	19.9414	40.5979
			vertex	-20.1535	15.7616	42.9582
			vertex	-18.6817	17.4811	42.9582
		endloop
	endfacet
	facet normal	-0.360544	0.308624	0.880204
		outer loop
			vertex	-17.1677	13.4265	45.0000
			vertex	-18.6817	17.4811	42.9582
			vertex	-20.1535	15.7616	42.9582
		endloop
	endfacet
	facet normal	-0.360544	0.308624	0.880204
		outer loop
			vertex	-18.6817	17.4811	42.9582
			vertex	-17.1677	13.4265	45.0000
			vertex	-15.9139	14.8912	45.0000
		endloop
	endfacet
	facet normal	0.357902	0.714099	0.601639
		outer loop
			vertex	20.0634	35.9656	28.3539
			vertex	15.7485	35.2317	31.7917
			vertex	18.8006	33.7020	31.7917
		endloop
	endfacet
	facet normal	0.333389	0.665189	0.668113
		outer loop
			vertex	14.5740	32.6042	34.9938
			vertex	18.8006	33.7020	31.7917
			vertex	15.7485	35.2317	31.7917
		endloop
	endfacet
	facet normal	0.333388	0.665190	0.668113
		outer loop
			vertex	18.8006	33.7020	31.7917
			vertex	14.5740	32.6042	34.9938
			vertex	17.3985	31.1885	34.9938
		endloop
	endfacet
	facet normal	0.306399	0.611340	0.729646
		outer loop
			vertex	13.2914	29.7348	37.9365
			vertex	17.3985	31.1885	34.9938
			vertex	14.5740	32.6042	34.9938
		endloop
	endfacet
	facet normal	0.306399	0.611339	0.729646
		outer loop
			vertex	17.3985	31.1885	34.9938
			vertex	13.2914	29.7348	37.9365
			vertex	15.8673	28.4438	37.9365
		endloop
	endfacet
	facet normal	0.277133	0.552946	0.785778
		outer loop
			vertex	11.9103	26.6451	40.5979
			vertex	15.8673	28.4438	37.9365
			vertex	13.2914	29.7348	37.9365
		endloop
	endfacet
	facet normal	0.277133	0.552947	0.785778
		outer loop
			vertex	15.8673	28.4438	37.9365
			vertex	11.9103	26.6451	40.5979
			vertex	14.2186	25.4882	40.5979
		endloop
	endfacet
	facet normal	0.245806	0.490442	0.836090
		outer loop
			vertex	10.4408	23.3577	42.9582
			vertex	14.2186	25.4882	40.5979
			vertex	11.9103	26.6451	40.5979
		endloop
	endfacet
	facet normal	0.245806	0.490442	0.836090
		outer loop
			vertex	14.2186	25.4882	40.5979
			vertex	10.4408	23.3577	42.9582
			vertex	12.4643	22.3435	42.9582
		endloop
	endfacet
	facet normal	0.212650	0.424288	0.880204
		outer loop
			vertex	8.89398	19.8972	45.0000
			vertex	12.4643	22.3435	42.9582
			vertex	10.4408	23.3577	42.9582
		endloop
	endfacet
	facet normal	0.212650	0.424288	0.880204
		outer loop
			vertex	12.4643	22.3435	42.9582
			vertex	8.89398	19.8972	45.0000
			vertex	10.6177	19.0333	45.0000
		endloop
	endfacet
	facet normal	0.737514	0.0984792	0.668113
		outer loop
			vertex	37.9884	6.79471	31.7917
			vertex	35.1553	6.28797	34.9938
			vertex	38.4403	3.41070	31.7917
		endloop
	endfacet
	facet normal	0.737514	0.0984790	0.668113
		outer loop
			vertex	35.5734	3.15633	34.9938
			vertex	38.4403	3.41070	31.7917
			vertex	35.1553	6.28797	34.9938
		endloop
	endfacet
	facet normal	0.743331	0.0329120	0.668113
		outer loop
			vertex	38.4403	3.41070	31.7917
			vertex	35.5734	3.15633	34.9938
			vertex	38.5913	0.000000	31.7917
		endloop
	endfacet
	facet normal	0.667622	-0.522132	0.530715
		outer loop
			vertex	33.0235	-28.2679	24.7058
			vertex	33.5309	-23.9111	28.3539
			vertex	31.2864	-26.7810	28.3539
		endloop
	endfacet
	facet normal	0.629196	-0.492081	0.601638
		outer loop
			vertex	31.4205	-22.4062	31.7917
			vertex	31.2864	-26.7810	28.3539
			vertex	33.5309	-23.9111	28.3539
		endloop
	endfacet
	facet normal	0.629196	-0.492081	0.601638
		outer loop
			vertex	31.2864	-26.7810	28.3539
			vertex	31.4205	-22.4062	31.7917
			vertex	29.3173	-25.0955	31.7917
		endloop
	endfacet
	facet normal	0.586102	-0.458377	0.668113
		outer loop
			vertex	29.0772	-20.7352	34.9938
			vertex	29.3173	-25.0955	31.7917
			vertex	31.4205	-22.4062	31.7917
		endloop
	endfacet
	facet normal	0.586102	-0.458377	0.668113
		outer loop
			vertex	29.3173	-25.0955	31.7917
			vertex	29.0772	-20.7352	34.9938
			vertex	27.1308	-23.2239	34.9938
		endloop
	endfacet
	facet normal	0.538654	-0.421269	0.729646
		outer loop
			vertex	26.5183	-18.9104	37.9365
			vertex	27.1308	-23.2239	34.9938
			vertex	29.0772	-20.7352	34.9938
		endloop
	endfacet
	facet normal	0.538654	-0.421269	0.729646
		outer loop
			vertex	27.1308	-23.2239	34.9938
			vertex	26.5183	-18.9104	37.9365
			vertex	24.7432	-21.1801	37.9365
		endloop
	endfacet
	facet normal	0.487204	-0.381031	0.785778
		outer loop
			vertex	23.7627	-16.9454	40.5979
			vertex	24.7432	-21.1801	37.9365
			vertex	26.5183	-18.9104	37.9365
		endloop
	endfacet
	facet normal	0.487204	-0.381031	0.785778
		outer loop
			vertex	24.7432	-21.1801	37.9365
			vertex	23.7627	-16.9454	40.5979
			vertex	22.1721	-18.9792	40.5979
		endloop
	endfacet
	facet normal	0.432131	-0.337960	0.836090
		outer loop
			vertex	20.8310	-14.8547	42.9582
			vertex	22.1721	-18.9792	40.5979
			vertex	23.7627	-16.9454	40.5979
		endloop
	endfacet
	facet normal	0.432131	-0.337960	0.836090
		outer loop
			vertex	22.1721	-18.9792	40.5979
			vertex	20.8310	-14.8547	42.9582
			vertex	19.4366	-16.6377	42.9582
		endloop
	endfacet
	facet normal	0.373842	-0.292374	0.880204
		outer loop
			vertex	17.7448	-12.6539	45.0000
			vertex	19.4366	-16.6377	42.9582
			vertex	20.8310	-14.8547	42.9582
		endloop
	endfacet
	facet normal	0.373842	-0.292374	0.880204
		outer loop
			vertex	19.4366	-16.6377	42.9582
			vertex	17.7448	-12.6539	45.0000
			vertex	16.5570	-14.1727	45.0000
		endloop
	endfacet
	facet normal	0.0881796	-0.793887	0.601638
		outer loop
			vertex	6.35247	-40.6904	28.3539
			vertex	5.95266	-38.1294	31.7917
			vertex	2.73139	-41.0926	28.3539
		endloop
	endfacet
	facet normal	0.0881791	-0.793887	0.601638
		outer loop
			vertex	2.55949	-38.5063	31.7917
			vertex	2.73139	-41.0926	28.3539
			vertex	5.95266	-38.1294	31.7917
		endloop
	endfacet
	facet normal	0.0176703	-0.798573	0.601638
		outer loop
			vertex	2.73139	-41.0926	28.3539
			vertex	2.55949	-38.5063	31.7917
			vertex	-0.911059	-41.1732	28.3539
		endloop
	endfacet
	facet normal	0.0176706	-0.798573	0.601638
		outer loop
			vertex	-0.853720	-38.5818	31.7917
			vertex	-0.911059	-41.1732	28.3539
			vertex	2.55949	-38.5063	31.7917
		endloop
	endfacet
	facet normal	-0.0529769	-0.797010	0.601638
		outer loop
			vertex	-0.911059	-41.1732	28.3539
			vertex	-0.853720	-38.5818	31.7917
			vertex	-4.54638	-40.9315	28.3539
		endloop
	endfacet
	facet normal	-0.204233	-0.822576	0.530715
		outer loop
			vertex	-12.3307	-41.6843	24.7058
			vertex	-8.14612	-40.3695	28.3539
			vertex	-11.6821	-39.4916	28.3539
		endloop
	endfacet
	facet normal	-0.192478	-0.775231	0.601639
		outer loop
			vertex	-7.63343	-37.8288	31.7917
			vertex	-11.6821	-39.4916	28.3539
			vertex	-8.14612	-40.3695	28.3539
		endloop
	endfacet
	facet normal	-0.192477	-0.775231	0.601638
		outer loop
			vertex	-11.6821	-39.4916	28.3539
			vertex	-7.63343	-37.8288	31.7917
			vertex	-10.9469	-37.0061	31.7917
		endloop
	endfacet
	facet normal	-0.179294	-0.722135	0.668113
		outer loop
			vertex	-7.06413	-35.0076	34.9938
			vertex	-10.9469	-37.0061	31.7917
			vertex	-7.63343	-37.8288	31.7917
		endloop
	endfacet
	facet normal	-0.179294	-0.722134	0.668113
		outer loop
			vertex	-10.9469	-37.0061	31.7917
			vertex	-7.06413	-35.0076	34.9938
			vertex	-10.1305	-34.2462	34.9938
		endloop
	endfacet
	facet normal	-0.164780	-0.663675	0.729646
		outer loop
			vertex	-6.44246	-31.9267	37.9365
			vertex	-10.1305	-34.2462	34.9938
			vertex	-7.06413	-35.0076	34.9938
		endloop
	endfacet
	facet normal	-0.164779	-0.663675	0.729646
		outer loop
			vertex	-10.1305	-34.2462	34.9938
			vertex	-6.44246	-31.9267	37.9365
			vertex	-9.23894	-31.2324	37.9365
		endloop
	endfacet
	facet normal	-0.149040	-0.600283	0.785778
		outer loop
			vertex	-5.77302	-28.6092	40.5979
			vertex	-9.23894	-31.2324	37.9365
			vertex	-6.44246	-31.9267	37.9365
		endloop
	endfacet
	facet normal	-0.149040	-0.600283	0.785778
		outer loop
			vertex	-9.23894	-31.2324	37.9365
			vertex	-5.77302	-28.6092	40.5979
			vertex	-8.27891	-27.9870	40.5979
		endloop
	endfacet
	facet normal	-0.132193	-0.532427	0.836090
		outer loop
			vertex	-5.06077	-25.0795	42.9582
			vertex	-8.27891	-27.9870	40.5979
			vertex	-5.77302	-28.6092	40.5979
		endloop
	endfacet
	facet normal	-0.132193	-0.532427	0.836090
		outer loop
			vertex	-8.27891	-27.9870	40.5979
			vertex	-5.06077	-25.0795	42.9582
			vertex	-7.25749	-24.5341	42.9582
		endloop
	endfacet
	facet normal	-0.114362	-0.460610	0.880204
		outer loop
			vertex	-4.31099	-21.3639	45.0000
			vertex	-7.25749	-24.5341	42.9582
			vertex	-5.06077	-25.0795	42.9582
		endloop
	endfacet
	facet normal	-0.114362	-0.460610	0.880204
		outer loop
			vertex	-7.25749	-24.5341	42.9582
			vertex	-4.31099	-21.3639	45.0000
			vertex	-6.18227	-20.8993	45.0000
		endloop
	endfacet
	facet normal	-0.795643	-0.0705957	0.601638
		outer loop
			vertex	-40.8209	-5.45076	28.3539
			vertex	-38.2518	-5.10771	31.7917
			vertex	-41.1429	-1.82167	28.3539
		endloop
	endfacet
	facet normal	-0.795643	-0.0705952	0.601638
		outer loop
			vertex	-38.5535	-1.70702	31.7917
			vertex	-41.1429	-1.82167	28.3539
			vertex	-38.2518	-5.10771	31.7917
		endloop
	endfacet
	facet normal	-0.798769	0.000000	0.601638
		outer loop
			vertex	-41.1429	-1.82167	28.3539
			vertex	-38.5535	-1.70702	31.7917
			vertex	-41.1429	1.82167	28.3539
		endloop
	endfacet
	facet normal	-0.798769	0.000000	0.601638
		outer loop
			vertex	-38.5535	1.70702	31.7917
			vertex	-41.1429	1.82167	28.3539
			vertex	-38.5535	-1.70702	31.7917
		endloop
	endfacet
	facet normal	-0.795643	0.0705957	0.601638
		outer loop
			vertex	-41.1429	1.82167	28.3539
			vertex	-38.5535	1.70702	31.7917
			vertex	-40.8209	5.45076	28.3539
		endloop
	endfacet
	facet normal	-0.592643	0.605901	0.530715
		outer loop
			vertex	-28.9916	32.3900	24.7058
			vertex	-30.0711	28.1387	28.3539
			vertex	-27.4666	30.6863	28.3539
		endloop
	endfacet
	facet normal	-0.558532	0.571028	0.601638
		outer loop
			vertex	-28.1785	26.3677	31.7917
			vertex	-27.4666	30.6863	28.3539
			vertex	-30.0711	28.1387	28.3539
		endloop
	endfacet
	facet normal	-0.558532	0.571028	0.601638
		outer loop
			vertex	-27.4666	30.6863	28.3539
			vertex	-28.1785	26.3677	31.7917
			vertex	-25.7379	28.7550	31.7917
		endloop
	endfacet
	facet normal	-0.520277	0.531918	0.668113
		outer loop
			vertex	-26.0770	24.4012	34.9938
			vertex	-25.7379	28.7550	31.7917
			vertex	-28.1785	26.3677	31.7917
		endloop
	endfacet
	facet normal	-0.520278	0.531917	0.668113
		outer loop
			vertex	-25.7379	28.7550	31.7917
			vertex	-26.0770	24.4012	34.9938
			vertex	-23.8184	26.6104	34.9938
		endloop
	endfacet
	facet normal	-0.478159	0.488856	0.729646
		outer loop
			vertex	-23.7821	22.2538	37.9365
			vertex	-23.8184	26.6104	34.9938
			vertex	-26.0770	24.4012	34.9938
		endloop
	endfacet
	facet normal	-0.478159	0.488856	0.729646
		outer loop
			vertex	-23.8184	26.6104	34.9938
			vertex	-23.7821	22.2538	37.9365
			vertex	-21.7223	24.2686	37.9365
		endloop
	endfacet
	facet normal	-0.432487	0.442162	0.785778
		outer loop
			vertex	-21.3109	19.9414	40.5979
			vertex	-21.7223	24.2686	37.9365
			vertex	-23.7821	22.2538	37.9365
		endloop
	endfacet
	facet normal	-0.432487	0.442162	0.785778
		outer loop
			vertex	-21.7223	24.2686	37.9365
			vertex	-21.3109	19.9414	40.5979
			vertex	-19.4651	21.7468	40.5979
		endloop
	endfacet
	facet normal	-0.383599	0.392181	0.836090
		outer loop
			vertex	-18.6817	17.4811	42.9582
			vertex	-19.4651	21.7468	40.5979
			vertex	-21.3109	19.9414	40.5979
		endloop
	endfacet
	facet normal	-0.383599	0.392181	0.836090
		outer loop
			vertex	-19.4651	21.7468	40.5979
			vertex	-18.6817	17.4811	42.9582
			vertex	-17.0636	19.0638	42.9582
		endloop
	endfacet
	facet normal	-0.331857	0.339281	0.880204
		outer loop
			vertex	-15.9139	14.8912	45.0000
			vertex	-17.0636	19.0638	42.9582
			vertex	-18.6817	17.4811	42.9582
		endloop
	endfacet
	facet normal	-0.331857	0.339281	0.880204
		outer loop
			vertex	-17.0636	19.0638	42.9582
			vertex	-15.9139	14.8912	45.0000
			vertex	-14.5355	16.2394	45.0000
		endloop
	endfacet
	facet normal	0.445240	0.721182	0.530715
		outer loop
			vertex	24.4496	35.9422	24.7058
			vertex	20.0634	35.9656	28.3539
			vertex	23.1635	34.0516	28.3539
		endloop
	endfacet
	facet normal	0.419614	0.679673	0.601639
		outer loop
			vertex	18.8006	33.7020	31.7917
			vertex	23.1635	34.0516	28.3539
			vertex	20.0634	35.9656	28.3539
		endloop
	endfacet
	facet normal	0.419613	0.679674	0.601638
		outer loop
			vertex	23.1635	34.0516	28.3539
			vertex	18.8006	33.7020	31.7917
			vertex	21.7056	31.9085	31.7917
		endloop
	endfacet
	facet normal	0.390873	0.633122	0.668113
		outer loop
			vertex	17.3985	31.1885	34.9938
			vertex	21.7056	31.9085	31.7917
			vertex	18.8006	33.7020	31.7917
		endloop
	endfacet
	facet normal	0.390873	0.633122	0.668113
		outer loop
			vertex	21.7056	31.9085	31.7917
			vertex	17.3985	31.1885	34.9938
			vertex	20.0869	29.5288	34.9938
		endloop
	endfacet
	facet normal	0.359230	0.581868	0.729646
		outer loop
			vertex	15.8673	28.4438	37.9365
			vertex	20.0869	29.5288	34.9938
			vertex	17.3985	31.1885	34.9938
		endloop
	endfacet
	facet normal	0.359230	0.581868	0.729646
		outer loop
			vertex	20.0869	29.5288	34.9938
			vertex	15.8673	28.4438	37.9365
			vertex	18.3191	26.9301	37.9365
		endloop
	endfacet
	facet normal	0.324918	0.526290	0.785778
		outer loop
			vertex	14.2186	25.4882	40.5979
			vertex	18.3191	26.9301	37.9365
			vertex	15.8673	28.4438	37.9365
		endloop
	endfacet
	facet normal	0.324918	0.526290	0.785778
		outer loop
			vertex	18.3191	26.9301	37.9365
			vertex	14.2186	25.4882	40.5979
			vertex	16.4156	24.1318	40.5979
		endloop
	endfacet
	facet normal	0.288189	0.466798	0.836090
		outer loop
			vertex	12.4643	22.3435	42.9582
			vertex	16.4156	24.1318	40.5979
			vertex	14.2186	25.4882	40.5979
		endloop
	endfacet
	facet normal	0.288190	0.466798	0.836090
		outer loop
			vertex	16.4156	24.1318	40.5979
			vertex	12.4643	22.3435	42.9582
			vertex	14.3903	21.1545	42.9582
		endloop
	endfacet
	facet normal	0.249317	0.403833	0.880204
		outer loop
			vertex	10.6177	19.0333	45.0000
			vertex	14.3903	21.1545	42.9582
			vertex	12.4643	22.3435	42.9582
		endloop
	endfacet
	facet normal	0.249317	0.403834	0.880204
		outer loop
			vertex	14.3903	21.1545	42.9582
			vertex	10.6177	19.0333	45.0000
			vertex	12.2583	18.0204	45.0000
		endloop
	endfacet
	facet normal	0.791742	0.105720	0.601638
		outer loop
			vertex	40.5399	7.25107	28.3539
			vertex	37.9884	6.79471	31.7917
			vertex	41.0221	3.63978	28.3539
		endloop
	endfacet
	facet normal	0.791742	0.105720	0.601638
		outer loop
			vertex	38.4403	3.41070	31.7917
			vertex	41.0221	3.63978	28.3539
			vertex	37.9884	6.79471	31.7917
		endloop
	endfacet
	facet normal	0.797987	0.0353323	0.601638
		outer loop
			vertex	41.0221	3.63978	28.3539
			vertex	38.4403	3.41070	31.7917
			vertex	41.1832	0.000000	28.3539
		endloop
	endfacet
	facet normal	0.797987	0.0353319	0.601639
		outer loop
			vertex	38.5913	0.000000	31.7917
			vertex	41.1832	0.000000	28.3539
			vertex	38.4403	3.41070	31.7917
		endloop
	endfacet
	facet normal	0.797987	-0.0353323	0.601638
		outer loop
			vertex	41.1832	0.000000	28.3539
			vertex	38.5913	0.000000	31.7917
			vertex	41.0221	-3.63978	28.3539
		endloop
	endfacet
	facet normal	0.649892	-0.608129	0.455872
		outer loop
			vertex	31.7694	-32.4802	20.8745
			vertex	33.0235	-28.2679	24.7058
			vertex	30.3959	-31.0759	24.7058
		endloop
	endfacet
	facet normal	0.618863	-0.579094	0.530715
		outer loop
			vertex	31.2864	-26.7810	28.3539
			vertex	30.3959	-31.0759	24.7058
			vertex	33.0235	-28.2679	24.7058
		endloop
	endfacet
	facet normal	0.618863	-0.579094	0.530715
		outer loop
			vertex	30.3959	-31.0759	24.7058
			vertex	31.2864	-26.7810	28.3539
			vertex	28.7970	-29.4413	28.3539
		endloop
	endfacet
	facet normal	0.583244	-0.545763	0.601638
		outer loop
			vertex	29.3173	-25.0955	31.7917
			vertex	28.7970	-29.4413	28.3539
			vertex	31.2864	-26.7810	28.3539
		endloop
	endfacet
	facet normal	0.583244	-0.545763	0.601638
		outer loop
			vertex	28.7970	-29.4413	28.3539
			vertex	29.3173	-25.0955	31.7917
			vertex	26.9846	-27.5883	31.7917
		endloop
	endfacet
	facet normal	0.543297	-0.508383	0.668113
		outer loop
			vertex	27.1308	-23.2239	34.9938
			vertex	26.9846	-27.5883	31.7917
			vertex	29.3173	-25.0955	31.7917
		endloop
	endfacet
	facet normal	0.543297	-0.508383	0.668113
		outer loop
			vertex	26.9846	-27.5883	31.7917
			vertex	27.1308	-23.2239	34.9938
			vertex	24.9721	-25.5308	34.9938
		endloop
	endfacet
	facet normal	0.499314	-0.467227	0.729646
		outer loop
			vertex	24.7432	-21.1801	37.9365
			vertex	24.9721	-25.5308	34.9938
			vertex	27.1308	-23.2239	34.9938
		endloop
	endfacet
	facet normal	0.499315	-0.467227	0.729646
		outer loop
			vertex	24.9721	-25.5308	34.9938
			vertex	24.7432	-21.1801	37.9365
			vertex	22.7745	-23.2840	37.9365
		endloop
	endfacet
	facet normal	0.451622	-0.422599	0.785778
		outer loop
			vertex	22.1721	-18.9792	40.5979
			vertex	22.7745	-23.2840	37.9365
			vertex	24.7432	-21.1801	37.9365
		endloop
	endfacet
	facet normal	0.451622	-0.422599	0.785778
		outer loop
			vertex	22.7745	-23.2840	37.9365
			vertex	22.1721	-18.9792	40.5979
			vertex	20.4080	-20.8645	40.5979
		endloop
	endfacet
	facet normal	0.400571	-0.374829	0.836090
		outer loop
			vertex	19.4366	-16.6377	42.9582
			vertex	20.4080	-20.8645	40.5979
			vertex	22.1721	-18.9792	40.5979
		endloop
	endfacet
	facet normal	0.400571	-0.374829	0.836090
		outer loop
			vertex	20.4080	-20.8645	40.5979
			vertex	19.4366	-16.6377	42.9582
			vertex	17.8901	-18.2904	42.9582
		endloop
	endfacet
	facet normal	0.346539	-0.324270	0.880204
		outer loop
			vertex	16.5570	-14.1727	45.0000
			vertex	17.8901	-18.2904	42.9582
			vertex	19.4366	-16.6377	42.9582
		endloop
	endfacet
	facet normal	0.346539	-0.324270	0.880204
		outer loop
			vertex	17.8901	-18.2904	42.9582
			vertex	16.5570	-14.1727	45.0000
			vertex	15.2396	-15.5806	45.0000
		endloop
	endfacet
	facet normal	0.0935646	-0.842370	0.530715
		outer loop
			vertex	6.70517	-42.9496	24.7058
			vertex	6.35247	-40.6904	28.3539
			vertex	2.88305	-43.3741	24.7058
		endloop
	endfacet
	facet normal	0.0935648	-0.842370	0.530715
		outer loop
			vertex	2.73139	-41.0926	28.3539
			vertex	2.88305	-43.3741	24.7058
			vertex	6.35247	-40.6904	28.3539
		endloop
	endfacet
	facet normal	0.0187500	-0.847343	0.530715
		outer loop
			vertex	2.88305	-43.3741	24.7058
			vertex	2.73139	-41.0926	28.3539
			vertex	-0.961643	-43.4592	24.7058
		endloop
	endfacet
	facet normal	0.0187494	-0.847343	0.530715
		outer loop
			vertex	-0.911059	-41.1732	28.3539
			vertex	-0.961643	-43.4592	24.7058
			vertex	2.73139	-41.0926	28.3539
		endloop
	endfacet
	facet normal	-0.0562126	-0.845684	0.530715
		outer loop
			vertex	-0.961643	-43.4592	24.7058
			vertex	-0.911059	-41.1732	28.3539
			vertex	-4.79881	-43.2041	24.7058
		endloop
	endfacet
	facet normal	-0.0562122	-0.845684	0.530715
		outer loop
			vertex	-4.54638	-40.9315	28.3539
			vertex	-4.79881	-43.2041	24.7058
			vertex	-0.911059	-41.1732	28.3539
		endloop
	endfacet
	facet normal	-0.130734	-0.837407	0.530715
		outer loop
			vertex	-4.79881	-43.2041	24.7058
			vertex	-4.54638	-40.9315	28.3539
			vertex	-8.59841	-42.6109	24.7058
		endloop
	endfacet
	facet normal	-0.289977	-0.841484	0.455871
		outer loop
			vertex	-16.6880	-42.2583	20.8745
			vertex	-12.3307	-41.6843	24.7058
			vertex	-15.9665	-40.4314	24.7058
		endloop
	endfacet
	facet normal	-0.276132	-0.801307	0.530715
		outer loop
			vertex	-11.6821	-39.4916	28.3539
			vertex	-15.9665	-40.4314	24.7058
			vertex	-12.3307	-41.6843	24.7058
		endloop
	endfacet
	facet normal	-0.276133	-0.801307	0.530715
		outer loop
			vertex	-15.9665	-40.4314	24.7058
			vertex	-11.6821	-39.4916	28.3539
			vertex	-15.1267	-38.3046	28.3539
		endloop
	endfacet
	facet normal	-0.260240	-0.755187	0.601638
		outer loop
			vertex	-10.9469	-37.0061	31.7917
			vertex	-15.1267	-38.3046	28.3539
			vertex	-11.6821	-39.4916	28.3539
		endloop
	endfacet
	facet normal	-0.260239	-0.755187	0.601638
		outer loop
			vertex	-15.1267	-38.3046	28.3539
			vertex	-10.9469	-37.0061	31.7917
			vertex	-14.1746	-35.8938	31.7917
		endloop
	endfacet
	facet normal	-0.242415	-0.703463	0.668113
		outer loop
			vertex	-10.1305	-34.2462	34.9938
			vertex	-14.1746	-35.8938	31.7917
			vertex	-10.9469	-37.0061	31.7917
		endloop
	endfacet
	facet normal	-0.242415	-0.703463	0.668113
		outer loop
			vertex	-14.1746	-35.8938	31.7917
			vertex	-10.1305	-34.2462	34.9938
			vertex	-13.1175	-33.2169	34.9938
		endloop
	endfacet
	facet normal	-0.222790	-0.646515	0.729646
		outer loop
			vertex	-9.23894	-31.2324	37.9365
			vertex	-13.1175	-33.2169	34.9938
			vertex	-10.1305	-34.2462	34.9938
		endloop
	endfacet
	facet normal	-0.222791	-0.646514	0.729646
		outer loop
			vertex	-13.1175	-33.2169	34.9938
			vertex	-9.23894	-31.2324	37.9365
			vertex	-11.9631	-30.2937	37.9365
		endloop
	endfacet
	facet normal	-0.201510	-0.584762	0.785778
		outer loop
			vertex	-8.27891	-27.9870	40.5979
			vertex	-11.9631	-30.2937	37.9365
			vertex	-9.23894	-31.2324	37.9365
		endloop
	endfacet
	facet normal	-0.201510	-0.584762	0.785778
		outer loop
			vertex	-11.9631	-30.2937	37.9365
			vertex	-8.27891	-27.9870	40.5979
			vertex	-10.7200	-27.1458	40.5979
		endloop
	endfacet
	facet normal	-0.178732	-0.518660	0.836090
		outer loop
			vertex	-7.25749	-24.5341	42.9582
			vertex	-10.7200	-27.1458	40.5979
			vertex	-8.27891	-27.9870	40.5979
		endloop
	endfacet
	facet normal	-0.178732	-0.518661	0.836090
		outer loop
			vertex	-10.7200	-27.1458	40.5979
			vertex	-7.25749	-24.5341	42.9582
			vertex	-9.39742	-23.7967	42.9582
		endloop
	endfacet
	facet normal	-0.154623	-0.448700	0.880204
		outer loop
			vertex	-6.18227	-20.8993	45.0000
			vertex	-9.39742	-23.7967	42.9582
			vertex	-7.25749	-24.5341	42.9582
		endloop
	endfacet
	facet normal	-0.154623	-0.448700	0.880204
		outer loop
			vertex	-9.39742	-23.7967	42.9582
			vertex	-6.18227	-20.8993	45.0000
			vertex	-8.00515	-20.2711	45.0000
		endloop
	endfacet
	facet normal	-0.844234	-0.0749067	0.530715
		outer loop
			vertex	-43.0874	-5.75340	24.7058
			vertex	-40.8209	-5.45076	28.3539
			vertex	-43.4273	-1.92282	24.7058
		endloop
	endfacet
	facet normal	-0.844234	-0.0749070	0.530715
		outer loop
			vertex	-41.1429	-1.82167	28.3539
			vertex	-43.4273	-1.92282	24.7058
			vertex	-40.8209	-5.45076	28.3539
		endloop
	endfacet
	facet normal	-0.847550	0.000000	0.530715
		outer loop
			vertex	-43.4273	-1.92282	24.7058
			vertex	-41.1429	-1.82167	28.3539
			vertex	-43.4273	1.92282	24.7058
		endloop
	endfacet
	facet normal	-0.847550	0.000000	0.530715
		outer loop
			vertex	-41.1429	1.82167	28.3539
			vertex	-43.4273	1.92282	24.7058
			vertex	-41.1429	-1.82167	28.3539
		endloop
	endfacet
	facet normal	-0.844234	0.0749067	0.530715
		outer loop
			vertex	-43.4273	1.92282	24.7058
			vertex	-41.1429	1.82167	28.3539
			vertex	-43.0874	5.75340	24.7058
		endloop
	endfacet
	facet normal	-0.844233	0.0749070	0.530715
		outer loop
			vertex	-40.8209	5.45076	28.3539
			vertex	-43.0874	5.75340	24.7058
			vertex	-41.1429	1.82167	28.3539
		endloop
	endfacet
	facet normal	-0.834310	0.149227	0.530715
		outer loop
			vertex	-43.0874	5.75340	24.7058
			vertex	-40.8209	5.45076	28.3539
			vertex	-42.4103	9.53895	24.7058
		endloop
	endfacet
	facet normal	-0.563687	0.688795	0.455871
		outer loop
			vertex	-27.1910	36.3992	20.8745
			vertex	-28.9916	32.3900	24.7058
			vertex	-26.0155	34.8256	24.7058
		endloop
	endfacet
	facet normal	-0.536774	0.655908	0.530715
		outer loop
			vertex	-27.4666	30.6863	28.3539
			vertex	-26.0155	34.8256	24.7058
			vertex	-28.9916	32.3900	24.7058
		endloop
	endfacet
	facet normal	-0.536774	0.655908	0.530715
		outer loop
			vertex	-26.0155	34.8256	24.7058
			vertex	-27.4666	30.6863	28.3539
			vertex	-24.6470	32.9937	28.3539
		endloop
	endfacet
	facet normal	-0.505879	0.618157	0.601638
		outer loop
			vertex	-25.7379	28.7550	31.7917
			vertex	-24.6470	32.9937	28.3539
			vertex	-27.4666	30.6863	28.3539
		endloop
	endfacet
	facet normal	-0.505880	0.618156	0.601638
		outer loop
			vertex	-24.6470	32.9937	28.3539
			vertex	-25.7379	28.7550	31.7917
			vertex	-23.0958	30.9172	31.7917
		endloop
	endfacet
	facet normal	-0.471231	0.575818	0.668113
		outer loop
			vertex	-23.8184	26.6104	34.9938
			vertex	-23.0958	30.9172	31.7917
			vertex	-25.7379	28.7550	31.7917
		endloop
	endfacet
	facet normal	-0.471231	0.575818	0.668113
		outer loop
			vertex	-23.0958	30.9172	31.7917
			vertex	-23.8184	26.6104	34.9938
			vertex	-21.3733	28.6114	34.9938
		endloop
	endfacet
	facet normal	-0.433083	0.529203	0.729646
		outer loop
			vertex	-21.7223	24.2686	37.9365
			vertex	-21.3733	28.6114	34.9938
			vertex	-23.8184	26.6104	34.9938
		endloop
	endfacet
	facet normal	-0.433082	0.529203	0.729646
		outer loop
			vertex	-21.3733	28.6114	34.9938
			vertex	-21.7223	24.2686	37.9365
			vertex	-19.4924	26.0935	37.9365
		endloop
	endfacet
	facet normal	-0.391716	0.478655	0.785778
		outer loop
			vertex	-19.4651	21.7468	40.5979
			vertex	-19.4924	26.0935	37.9365
			vertex	-21.7223	24.2686	37.9365
		endloop
	endfacet
	facet normal	-0.391716	0.478655	0.785778
		outer loop
			vertex	-19.4924	26.0935	37.9365
			vertex	-19.4651	21.7468	40.5979
			vertex	-17.4669	23.3821	40.5979
		endloop
	endfacet
	facet normal	-0.347437	0.424548	0.836090
		outer loop
			vertex	-17.0636	19.0638	42.9582
			vertex	-17.4669	23.3821	40.5979
			vertex	-19.4651	21.7468	40.5979
		endloop
	endfacet
	facet normal	-0.347436	0.424549	0.836090
		outer loop
			vertex	-17.4669	23.3821	40.5979
			vertex	-17.0636	19.0638	42.9582
			vertex	-15.3119	20.4973	42.9582
		endloop
	endfacet
	facet normal	-0.300572	0.367283	0.880204
		outer loop
			vertex	-14.5355	16.2394	45.0000
			vertex	-15.3119	20.4973	42.9582
			vertex	-17.0636	19.0638	42.9582
		endloop
	endfacet
	facet normal	-0.300572	0.367283	0.880204
		outer loop
			vertex	-15.3119	20.4973	42.9582
			vertex	-14.5355	16.2394	45.0000
			vertex	-13.0434	17.4605	45.0000
		endloop
	endfacet
	facet normal	-0.130734	0.837407	0.530715
		outer loop
			vertex	-8.14612	40.3695	28.3539
			vertex	-4.79881	43.2041	24.7058
			vertex	-8.59841	42.6109	24.7058
		endloop
	endfacet
	facet normal	-0.137373	0.879934	0.454802
		outer loop
			vertex	-5.98019	45.0000	20.8743
			vertex	-8.59841	42.6109	24.7058
			vertex	-4.79881	43.2041	24.7058
		endloop
	endfacet
	facet normal	-0.135613	0.879670	0.455840
		outer loop
			vertex	-8.59841	42.6109	24.7058
			vertex	-5.98019	45.0000	20.8743
			vertex	-8.98695	44.5364	20.8745
		endloop
	endfacet
	facet normal	-0.129024	0.836957	0.531842
		outer loop
			vertex	-7.12828	45.0000	20.5958
			vertex	-8.98695	44.5364	20.8745
			vertex	-5.98019	45.0000	20.8743
		endloop
	endfacet
	facet normal	-0.171110	0.911228	0.374680
		outer loop
			vertex	-8.98695	44.5364	20.8745
			vertex	-7.12828	45.0000	20.5958
			vertex	-9.08970	45.0000	19.7001
		endloop
	endfacet
	facet normal	-0.0215804	0.891231	0.453036
		outer loop
			vertex	1.03702	45.0000	21.7698
			vertex	-0.996792	45.0000	21.6729
			vertex	-0.961643	43.4592	24.7058
		endloop
	endfacet
	facet normal	-0.0591385	0.889702	0.452694
		outer loop
			vertex	-4.79881	43.2041	24.7058
			vertex	-0.961643	43.4592	24.7058
			vertex	-0.996792	45.0000	21.6729
		endloop
	endfacet
	facet normal	-0.0562126	0.845684	0.530715
		outer loop
			vertex	-0.961643	43.4592	24.7058
			vertex	-4.79881	43.2041	24.7058
			vertex	-4.54638	40.9315	28.3539
		endloop
	endfacet
	facet normal	-0.130733	0.837407	0.530715
		outer loop
			vertex	-8.14612	40.3695	28.3539
			vertex	-4.54638	40.9315	28.3539
			vertex	-4.79881	43.2041	24.7058
		endloop
	endfacet
	facet normal	-0.123208	0.789209	0.601639
		outer loop
			vertex	-4.54638	40.9315	28.3539
			vertex	-8.14612	40.3695	28.3539
			vertex	-7.63343	37.8288	31.7917
		endloop
	endfacet
	facet normal	0.0649679	0.889718	0.451864
		outer loop
			vertex	2.99428	45.0000	21.4884
			vertex	1.03702	45.0000	21.7698
			vertex	2.88305	43.3741	24.7058
		endloop
	endfacet
	facet normal	0.0194678	0.879785	0.474973
		outer loop
			vertex	-0.961643	43.4592	24.7058
			vertex	2.88305	43.3741	24.7058
			vertex	1.03702	45.0000	21.7698
		endloop
	endfacet
	facet normal	0.0187499	0.847343	0.530715
		outer loop
			vertex	2.88305	43.3741	24.7058
			vertex	-0.961643	43.4592	24.7058
			vertex	-0.911059	41.1732	28.3539
		endloop
	endfacet
	facet normal	-0.0562122	0.845684	0.530715
		outer loop
			vertex	-4.54638	40.9315	28.3539
			vertex	-0.911059	41.1732	28.3539
			vertex	-0.961643	43.4592	24.7058
		endloop
	endfacet
	facet normal	-0.0529769	0.797010	0.601638
		outer loop
			vertex	-0.911059	41.1732	28.3539
			vertex	-4.54638	40.9315	28.3539
			vertex	-4.26025	38.3554	31.7917
		endloop
	endfacet
	facet normal	-0.123210	0.789209	0.601638
		outer loop
			vertex	-7.63343	37.8288	31.7917
			vertex	-4.26025	38.3554	31.7917
			vertex	-4.54638	40.9315	28.3539
		endloop
	endfacet
	facet normal	-0.114771	0.735155	0.668113
		outer loop
			vertex	-4.26025	38.3554	31.7917
			vertex	-7.63343	37.8288	31.7917
			vertex	-7.06413	35.0076	34.9938
		endloop
	endfacet
	facet normal	-0.114770	0.735155	0.668113
		outer loop
			vertex	-7.06413	35.0076	34.9938
			vertex	-3.94252	35.4949	34.9938
			vertex	-4.26025	38.3554	31.7917
		endloop
	endfacet
	facet normal	-0.0493483	0.742421	0.668113
		outer loop
			vertex	-0.853720	38.5818	31.7917
			vertex	-4.26025	38.3554	31.7917
			vertex	-3.94252	35.4949	34.9938
		endloop
	endfacet
	facet normal	-0.0529768	0.797010	0.601638
		outer loop
			vertex	-4.26025	38.3554	31.7917
			vertex	-0.853720	38.5818	31.7917
			vertex	-0.911059	41.1732	28.3539
		endloop
	endfacet
	facet normal	0.0176703	0.798573	0.601638
		outer loop
			vertex	2.73139	41.0926	28.3539
			vertex	-0.911059	41.1732	28.3539
			vertex	-0.853720	38.5818	31.7917
		endloop
	endfacet
	facet normal	0.0187494	0.847343	0.530715
		outer loop
			vertex	-0.911059	41.1732	28.3539
			vertex	2.73139	41.0926	28.3539
			vertex	2.88305	43.3741	24.7058
		endloop
	endfacet
	facet normal	0.0935646	0.842370	0.530715
		outer loop
			vertex	6.70517	42.9496	24.7058
			vertex	2.88305	43.3741	24.7058
			vertex	2.73139	41.0926	28.3539
		endloop
	endfacet
	facet normal	0.0975832	0.878550	0.467576
		outer loop
			vertex	2.88305	43.3741	24.7058
			vertex	6.70517	42.9496	24.7058
			vertex	5.13825	45.0000	21.1801
		endloop
	endfacet
	facet normal	0.532668	0.713054	0.455872
		outer loop
			vertex	28.7745	35.1608	20.8745
			vertex	24.4496	35.9422	24.7058
			vertex	27.5305	33.6407	24.7058
		endloop
	endfacet
	facet normal	0.507235	0.679009	0.530715
		outer loop
			vertex	23.1635	34.0516	28.3539
			vertex	27.5305	33.6407	24.7058
			vertex	24.4496	35.9422	24.7058
		endloop
	endfacet
	facet normal	0.507235	0.679010	0.530715
		outer loop
			vertex	27.5305	33.6407	24.7058
			vertex	23.1635	34.0516	28.3539
			vertex	26.0823	31.8712	28.3539
		endloop
	endfacet
	facet normal	0.478041	0.639929	0.601638
		outer loop
			vertex	21.7056	31.9085	31.7917
			vertex	26.0823	31.8712	28.3539
			vertex	23.1635	34.0516	28.3539
		endloop
	endfacet
	facet normal	0.478041	0.639928	0.601638
		outer loop
			vertex	26.0823	31.8712	28.3539
			vertex	21.7056	31.9085	31.7917
			vertex	24.4408	29.8653	31.7917
		endloop
	endfacet
	facet normal	0.445299	0.596099	0.668113
		outer loop
			vertex	20.0869	29.5288	34.9938
			vertex	24.4408	29.8653	31.7917
			vertex	21.7056	31.9085	31.7917
		endloop
	endfacet
	facet normal	0.445299	0.596098	0.668113
		outer loop
			vertex	24.4408	29.8653	31.7917
			vertex	20.0869	29.5288	34.9938
			vertex	22.6180	27.6380	34.9938
		endloop
	endfacet
	facet normal	0.409250	0.547842	0.729646
		outer loop
			vertex	18.3191	26.9301	37.9365
			vertex	22.6180	27.6380	34.9938
			vertex	20.0869	29.5288	34.9938
		endloop
	endfacet
	facet normal	0.409250	0.547842	0.729646
		outer loop
			vertex	22.6180	27.6380	34.9938
			vertex	18.3191	26.9301	37.9365
			vertex	20.6275	25.2057	37.9365
		endloop
	endfacet
	facet normal	0.370160	0.495514	0.785778
		outer loop
			vertex	16.4156	24.1318	40.5979
			vertex	20.6275	25.2057	37.9365
			vertex	18.3191	26.9301	37.9365
		endloop
	endfacet
	facet normal	0.370160	0.495514	0.785778
		outer loop
			vertex	20.6275	25.2057	37.9365
			vertex	16.4156	24.1318	40.5979
			vertex	18.4841	22.5865	40.5979
		endloop
	endfacet
	facet normal	0.328318	0.439501	0.836090
		outer loop
			vertex	14.3903	21.1545	42.9582
			vertex	18.4841	22.5865	40.5979
			vertex	16.4156	24.1318	40.5979
		endloop
	endfacet
	facet normal	0.328318	0.439501	0.836090
		outer loop
			vertex	18.4841	22.5865	40.5979
			vertex	14.3903	21.1545	42.9582
			vertex	16.2036	19.7999	42.9582
		endloop
	endfacet
	facet normal	0.284032	0.380219	0.880204
		outer loop
			vertex	12.2583	18.0204	45.0000
			vertex	16.2036	19.7999	42.9582
			vertex	14.3903	21.1545	42.9582
		endloop
	endfacet
	facet normal	0.284032	0.380219	0.880204
		outer loop
			vertex	16.2036	19.7999	42.9582
			vertex	12.2583	18.0204	45.0000
			vertex	13.8030	16.8665	45.0000
		endloop
	endfacet
	facet normal	0.840094	0.112176	0.530715
		outer loop
			vertex	42.7907	7.65367	24.7058
			vertex	40.5399	7.25107	28.3539
			vertex	43.2997	3.84187	24.7058
		endloop
	endfacet
	facet normal	0.840094	0.112177	0.530715
		outer loop
			vertex	41.0221	3.63978	28.3539
			vertex	43.2997	3.84187	24.7058
			vertex	40.5399	7.25107	28.3539
		endloop
	endfacet
	facet normal	0.846721	0.0374906	0.530715
		outer loop
			vertex	43.2997	3.84187	24.7058
			vertex	41.0221	3.63978	28.3539
			vertex	43.4698	0.000000	24.7058
		endloop
	endfacet
	facet normal	0.846721	0.0374901	0.530715
		outer loop
			vertex	41.1832	0.000000	28.3539
			vertex	43.4698	0.000000	24.7058
			vertex	41.0221	3.63978	28.3539
		endloop
	endfacet
	facet normal	0.846721	-0.0374906	0.530715
		outer loop
			vertex	43.4698	0.000000	24.7058
			vertex	41.1832	0.000000	28.3539
			vertex	43.2997	-3.84187	24.7058
		endloop
	endfacet
	facet normal	0.846721	-0.0374901	0.530715
		outer loop
			vertex	41.0221	-3.63978	28.3539
			vertex	43.2997	-3.84187	24.7058
			vertex	41.1832	0.000000	28.3539
		endloop
	endfacet
	facet normal	0.840094	-0.112176	0.530715
		outer loop
			vertex	43.2997	-3.84187	24.7058
			vertex	41.0221	-3.63978	28.3539
			vertex	42.7907	-7.65367	24.7058
		endloop
	endfacet
	facet normal	0.896491	-0.221531	0.383702
		outer loop
			vertex	45.0000	-12.2404	17.9852
			vertex	45.0000	-9.05376	19.8250
			vertex	43.8423	-11.9209	20.8745
		endloop
	endfacet
	facet normal	0.880677	-0.198083	0.430316
		outer loop
			vertex	44.7243	-7.99951	20.8745
			vertex	43.8423	-11.9209	20.8745
			vertex	45.0000	-9.05376	19.8250
		endloop
	endfacet
	facet normal	0.868352	-0.195310	0.455871
		outer loop
			vertex	43.8423	-11.9209	20.8745
			vertex	44.7243	-7.99951	20.8745
			vertex	42.7907	-7.65367	24.7058
		endloop
	endfacet
	facet normal	0.881483	-0.122846	0.455957
		outer loop
			vertex	45.0000	-6.02177	20.8744
			vertex	42.7907	-7.65367	24.7058
			vertex	44.7243	-7.99951	20.8745
		endloop
	endfacet
	facet normal	0.882920	-0.153566	0.443701
		outer loop
			vertex	42.7907	-7.65367	24.7058
			vertex	45.0000	-6.02177	20.8744
			vertex	45.0000	-5.13825	21.1801
		endloop
	endfacet
	facet normal	0.677809	0.0905068	0.729646
		outer loop
			vertex	32.0615	5.73460	37.9365
			vertex	32.4428	2.87856	37.9365
			vertex	35.5734	3.15633	34.9938
		endloop
	endfacet
	facet normal	0.683156	0.0302478	0.729646
		outer loop
			vertex	35.7132	0.000000	34.9938
			vertex	35.5734	3.15633	34.9938
			vertex	32.4428	2.87856	37.9365
		endloop
	endfacet
	facet normal	0.743331	0.0329122	0.668113
		outer loop
			vertex	35.5734	3.15633	34.9938
			vertex	35.7132	0.000000	34.9938
			vertex	38.5913	0.000000	31.7917
		endloop
	endfacet
	facet normal	0.743331	-0.0329120	0.668113
		outer loop
			vertex	38.4403	-3.41070	31.7917
			vertex	38.5913	0.000000	31.7917
			vertex	35.7132	0.000000	34.9938
		endloop
	endfacet
	facet normal	0.797987	-0.0353319	0.601638
		outer loop
			vertex	38.5913	0.000000	31.7917
			vertex	38.4403	-3.41070	31.7917
			vertex	41.0221	-3.63978	28.3539
		endloop
	endfacet
	facet normal	0.791742	-0.105720	0.601638
		outer loop
			vertex	40.5399	-7.25107	28.3539
			vertex	41.0221	-3.63978	28.3539
			vertex	38.4403	-3.41070	31.7917
		endloop
	endfacet
	facet normal	0.840094	-0.112177	0.530715
		outer loop
			vertex	41.0221	-3.63978	28.3539
			vertex	40.5399	-7.25107	28.3539
			vertex	42.7907	-7.65367	24.7058
		endloop
	endfacet
	facet normal	0.826892	-0.185985	0.530715
		outer loop
			vertex	41.9469	-11.4056	24.7058
			vertex	42.7907	-7.65367	24.7058
			vertex	40.5399	-7.25107	28.3539
		endloop
	endfacet
	facet normal	0.868352	-0.195310	0.455871
		outer loop
			vertex	42.7907	-7.65367	24.7058
			vertex	41.9469	-11.4056	24.7058
			vertex	43.8423	-11.9209	20.8745
		endloop
	endfacet
	facet normal	0.847692	-0.271291	0.455871
		outer loop
			vertex	42.6172	-15.7491	20.8745
			vertex	43.8423	-11.9209	20.8745
			vertex	41.9469	-11.4056	24.7058
		endloop
	endfacet
	facet normal	0.876951	-0.280655	0.390114
		outer loop
			vertex	43.8423	-11.9209	20.8745
			vertex	42.6172	-15.7491	20.8745
			vertex	45.0000	-12.6420	17.7533
		endloop
	endfacet
	facet normal	0.617544	-0.689935	0.377662
		outer loop
			vertex	29.8052	-36.4203	16.8884
			vertex	31.7694	-32.4802	20.8745
			vertex	28.7745	-35.1608	20.8745
		endloop
	endfacet
	facet normal	0.593603	-0.663187	0.455872
		outer loop
			vertex	30.3959	-31.0759	24.7058
			vertex	28.7745	-35.1608	20.8745
			vertex	31.7694	-32.4802	20.8745
		endloop
	endfacet
	facet normal	0.593603	-0.663187	0.455872
		outer loop
			vertex	28.7745	-35.1608	20.8745
			vertex	30.3959	-31.0759	24.7058
			vertex	27.5305	-33.6407	24.7058
		endloop
	endfacet
	facet normal	0.565261	-0.631523	0.530715
		outer loop
			vertex	28.7970	-29.4413	28.3539
			vertex	27.5305	-33.6407	24.7058
			vertex	30.3959	-31.0759	24.7058
		endloop
	endfacet
	facet normal	0.565262	-0.631523	0.530715
		outer loop
			vertex	27.5305	-33.6407	24.7058
			vertex	28.7970	-29.4413	28.3539
			vertex	26.0823	-31.8712	28.3539
		endloop
	endfacet
	facet normal	0.532727	-0.595175	0.601638
		outer loop
			vertex	26.9846	-27.5883	31.7917
			vertex	26.0823	-31.8712	28.3539
			vertex	28.7970	-29.4413	28.3539
		endloop
	endfacet
	facet normal	0.532727	-0.595175	0.601638
		outer loop
			vertex	26.0823	-31.8712	28.3539
			vertex	26.9846	-27.5883	31.7917
			vertex	24.4408	-29.8653	31.7917
		endloop
	endfacet
	facet normal	0.496240	-0.554410	0.668113
		outer loop
			vertex	24.9721	-25.5308	34.9938
			vertex	24.4408	-29.8653	31.7917
			vertex	26.9846	-27.5883	31.7917
		endloop
	endfacet
	facet normal	0.496240	-0.554410	0.668113
		outer loop
			vertex	24.4408	-29.8653	31.7917
			vertex	24.9721	-25.5308	34.9938
			vertex	22.6180	-27.6380	34.9938
		endloop
	endfacet
	facet normal	0.456067	-0.509528	0.729646
		outer loop
			vertex	22.7745	-23.2840	37.9365
			vertex	22.6180	-27.6380	34.9938
			vertex	24.9721	-25.5308	34.9938
		endloop
	endfacet
	facet normal	0.456067	-0.509528	0.729646
		outer loop
			vertex	22.6180	-27.6380	34.9938
			vertex	22.7745	-23.2840	37.9365
			vertex	20.6275	-25.2057	37.9365
		endloop
	endfacet
	facet normal	0.412505	-0.460860	0.785778
		outer loop
			vertex	20.4080	-20.8645	40.5979
			vertex	20.6275	-25.2057	37.9365
			vertex	22.7745	-23.2840	37.9365
		endloop
	endfacet
	facet normal	0.412505	-0.460860	0.785778
		outer loop
			vertex	20.6275	-25.2057	37.9365
			vertex	20.4080	-20.8645	40.5979
			vertex	18.4841	-22.5865	40.5979
		endloop
	endfacet
	facet normal	0.365876	-0.408765	0.836090
		outer loop
			vertex	17.8901	-18.2904	42.9582
			vertex	18.4841	-22.5865	40.5979
			vertex	20.4080	-20.8645	40.5979
		endloop
	endfacet
	facet normal	0.365876	-0.408765	0.836090
		outer loop
			vertex	18.4841	-22.5865	40.5979
			vertex	17.8901	-18.2904	42.9582
			vertex	16.2036	-19.7999	42.9582
		endloop
	endfacet
	facet normal	0.316524	-0.353628	0.880204
		outer loop
			vertex	15.2396	-15.5806	45.0000
			vertex	16.2036	-19.7999	42.9582
			vertex	17.8901	-18.2904	42.9582
		endloop
	endfacet
	facet normal	0.316524	-0.353628	0.880204
		outer loop
			vertex	16.2036	-19.7999	42.9582
			vertex	15.2396	-15.5806	45.0000
			vertex	13.8030	-16.8665	45.0000
		endloop
	endfacet
	facet normal	0.155615	-0.526059	0.836090
		outer loop
			vertex	8.33562	-24.1891	42.9582
			vertex	7.03285	-28.3258	40.5979
			vertex	9.50877	-27.5934	40.5979
		endloop
	endfacet
	facet normal	0.175447	-0.593103	0.785778
		outer loop
			vertex	7.84838	-31.6105	37.9365
			vertex	9.50877	-27.5934	40.5979
			vertex	7.03285	-28.3258	40.5979
		endloop
	endfacet
	facet normal	0.175447	-0.593103	0.785778
		outer loop
			vertex	9.50877	-27.5934	40.5979
			vertex	7.84838	-31.6105	37.9365
			vertex	10.6114	-30.7932	37.9365
		endloop
	endfacet
	facet normal	0.193975	-0.655736	0.729646
		outer loop
			vertex	8.60572	-34.6608	34.9938
			vertex	10.6114	-30.7932	37.9365
			vertex	7.84838	-31.6105	37.9365
		endloop
	endfacet
	facet normal	0.193975	-0.655736	0.729646
		outer loop
			vertex	10.6114	-30.7932	37.9365
			vertex	8.60572	-34.6608	34.9938
			vertex	11.6354	-33.7646	34.9938
		endloop
	endfacet
	facet normal	0.211061	-0.713497	0.668113
		outer loop
			vertex	9.29925	-37.4541	31.7917
			vertex	11.6354	-33.7646	34.9938
			vertex	8.60572	-34.6608	34.9938
		endloop
	endfacet
	facet normal	0.211062	-0.713497	0.668113
		outer loop
			vertex	11.6354	-33.7646	34.9938
			vertex	9.29925	-37.4541	31.7917
			vertex	12.5731	-36.4857	31.7917
		endloop
	endfacet
	facet normal	0.226580	-0.765959	0.601638
		outer loop
			vertex	9.92383	-39.9697	28.3539
			vertex	12.5731	-36.4857	31.7917
			vertex	9.29925	-37.4541	31.7917
		endloop
	endfacet
	facet normal	0.226580	-0.765959	0.601638
		outer loop
			vertex	12.5731	-36.4857	31.7917
			vertex	9.92383	-39.9697	28.3539
			vertex	13.4175	-38.9362	28.3539
		endloop
	endfacet
	facet normal	0.240418	-0.812737	0.530715
		outer loop
			vertex	10.4748	-42.1889	24.7058
			vertex	13.4175	-38.9362	28.3539
			vertex	9.92383	-39.9697	28.3539
		endloop
	endfacet
	facet normal	0.240418	-0.812737	0.530715
		outer loop
			vertex	13.4175	-38.9362	28.3539
			vertex	10.4748	-42.1889	24.7058
			vertex	14.1625	-41.0980	24.7058
		endloop
	endfacet
	facet normal	0.252472	-0.853486	0.455872
		outer loop
			vertex	10.9481	-44.0953	20.8745
			vertex	14.1625	-41.0980	24.7058
			vertex	10.4748	-42.1889	24.7058
		endloop
	endfacet
	facet normal	0.252472	-0.853486	0.455872
		outer loop
			vertex	14.1625	-41.0980	24.7058
			vertex	10.9481	-44.0953	20.8745
			vertex	14.8025	-42.9551	20.8745
		endloop
	endfacet
	facet normal	0.262227	-0.886464	0.381337
		outer loop
			vertex	13.6884	-45.0000	16.8870
			vertex	14.8025	-42.9551	20.8745
			vertex	10.9481	-44.0953	20.8745
		endloop
	endfacet
	facet normal	0.272172	-0.884981	0.377798
		outer loop
			vertex	14.8025	-42.9551	20.8745
			vertex	13.6884	-45.0000	16.8870
			vertex	15.3327	-44.4937	16.8884
		endloop
	endfacet
	facet normal	0.271714	-0.883503	0.381569
		outer loop
			vertex	14.2724	-45.0000	16.4712
			vertex	15.3327	-44.4937	16.8884
			vertex	13.6884	-45.0000	16.8870
		endloop
	endfacet
	facet normal	0.313050	-0.901611	0.298492
		outer loop
			vertex	15.3327	-44.4937	16.8884
			vertex	14.2724	-45.0000	16.4712
			vertex	15.5179	-45.0000	15.1649
		endloop
	endfacet
	facet normal	0.122342	-0.606288	0.785778
		outer loop
			vertex	7.03285	-28.3258	40.5979
			vertex	5.02393	-32.1805	37.9365
			vertex	7.84838	-31.6105	37.9365
		endloop
	endfacet
	facet normal	0.135262	-0.670314	0.729646
		outer loop
			vertex	5.50872	-35.2858	34.9938
			vertex	7.84838	-31.6105	37.9365
			vertex	5.02393	-32.1805	37.9365
		endloop
	endfacet
	facet normal	0.135262	-0.670314	0.729646
		outer loop
			vertex	7.84838	-31.6105	37.9365
			vertex	5.50872	-35.2858	34.9938
			vertex	8.60572	-34.6608	34.9938
		endloop
	endfacet
	facet normal	0.147176	-0.729358	0.668113
		outer loop
			vertex	5.95266	-38.1294	31.7917
			vertex	8.60572	-34.6608	34.9938
			vertex	5.50872	-35.2858	34.9938
		endloop
	endfacet
	facet normal	0.147176	-0.729358	0.668113
		outer loop
			vertex	8.60572	-34.6608	34.9938
			vertex	5.95266	-38.1294	31.7917
			vertex	9.29925	-37.4541	31.7917
		endloop
	endfacet
	facet normal	0.157998	-0.782987	0.601638
		outer loop
			vertex	6.35247	-40.6904	28.3539
			vertex	9.29925	-37.4541	31.7917
			vertex	5.95266	-38.1294	31.7917
		endloop
	endfacet
	facet normal	0.157997	-0.782987	0.601638
		outer loop
			vertex	9.29925	-37.4541	31.7917
			vertex	6.35247	-40.6904	28.3539
			vertex	9.92383	-39.9697	28.3539
		endloop
	endfacet
	facet normal	0.167646	-0.830805	0.530715
		outer loop
			vertex	6.70517	-42.9496	24.7058
			vertex	9.92383	-39.9697	28.3539
			vertex	6.35247	-40.6904	28.3539
		endloop
	endfacet
	facet normal	0.167647	-0.830805	0.530715
		outer loop
			vertex	9.92383	-39.9697	28.3539
			vertex	6.70517	-42.9496	24.7058
			vertex	10.4748	-42.1889	24.7058
		endloop
	endfacet
	facet normal	0.176053	-0.872460	0.455872
		outer loop
			vertex	7.00816	-44.8903	20.8745
			vertex	10.4748	-42.1889	24.7058
			vertex	6.70517	-42.9496	24.7058
		endloop
	endfacet
	facet normal	0.176053	-0.872460	0.455872
		outer loop
			vertex	10.4748	-42.1889	24.7058
			vertex	7.00816	-44.8903	20.8745
			vertex	10.9481	-44.0953	20.8745
		endloop
	endfacet
	facet normal	0.178944	-0.886786	0.426133
		outer loop
			vertex	7.12828	-45.0000	20.5958
			vertex	10.9481	-44.0953	20.8745
			vertex	7.00816	-44.8903	20.8745
		endloop
	endfacet
	facet normal	0.183273	-0.897419	0.401311
		outer loop
			vertex	10.9481	-44.0953	20.8745
			vertex	7.12828	-45.0000	20.5958
			vertex	10.8972	-45.0000	18.8746
		endloop
	endfacet
	facet normal	-0.323577	-0.869396	0.373428
		outer loop
			vertex	-13.3189	-45.0000	17.1668
			vertex	-12.6420	-45.0000	17.7533
			vertex	-12.8879	-43.5679	20.8745
		endloop
	endfacet
	facet normal	-0.221662	-0.892780	0.392185
		outer loop
			vertex	-8.98695	-44.5364	20.8745
			vertex	-12.8879	-43.5679	20.8745
			vertex	-12.6420	-45.0000	17.7533
		endloop
	endfacet
	facet normal	-0.214471	-0.863819	0.455871
		outer loop
			vertex	-12.8879	-43.5679	20.8745
			vertex	-8.98695	-44.5364	20.8745
			vertex	-8.59841	-42.6109	24.7058
		endloop
	endfacet
	facet normal	-0.137469	-0.879364	0.455875
		outer loop
			vertex	-6.02177	-45.0000	20.8744
			vertex	-8.59841	-42.6109	24.7058
			vertex	-8.98695	-44.5364	20.8745
		endloop
	endfacet
	facet normal	-0.137279	-0.879336	0.455985
		outer loop
			vertex	-8.59841	-42.6109	24.7058
			vertex	-6.02177	-45.0000	20.8744
			vertex	-4.79881	-43.2041	24.7058
		endloop
	endfacet
	facet normal	-0.159285	-0.873397	0.460225
		outer loop
			vertex	-5.13825	-45.0000	21.1801
			vertex	-4.79881	-43.2041	24.7058
			vertex	-6.02177	-45.0000	20.8744
		endloop
	endfacet
	facet normal	-0.0658370	-0.886549	0.457927
		outer loop
			vertex	-4.79881	-43.2041	24.7058
			vertex	-5.13825	-45.0000	21.1801
			vertex	-4.99897	-45.0000	21.2002
		endloop
	endfacet
	facet normal	-0.366328	-0.884766	0.288084
		outer loop
			vertex	-17.5564	-45.0000	12.7727
			vertex	-15.7734	-45.0000	15.0399
			vertex	-17.2858	-43.7720	16.8884
		endloop
	endfacet
	facet normal	-0.299549	-0.889249	0.345698
		outer loop
			vertex	-13.6433	-45.0000	16.8857
			vertex	-17.2858	-43.7720	16.8884
			vertex	-15.7734	-45.0000	15.0399
		endloop
	endfacet
	facet normal	-0.295579	-0.877545	0.377554
		outer loop
			vertex	-17.2858	-43.7720	16.8884
			vertex	-13.6433	-45.0000	16.8857
			vertex	-16.6880	-42.2583	20.8745
		endloop
	endfacet
	facet normal	-0.302379	-0.877469	0.372311
		outer loop
			vertex	-12.8879	-43.5679	20.8745
			vertex	-16.6880	-42.2583	20.8745
			vertex	-13.6433	-45.0000	16.8857
		endloop
	endfacet
	facet normal	-0.289978	-0.841483	0.455872
		outer loop
			vertex	-16.6880	-42.2583	20.8745
			vertex	-12.8879	-43.5679	20.8745
			vertex	-12.3307	-41.6843	24.7058
		endloop
	endfacet
	facet normal	-0.214472	-0.863818	0.455872
		outer loop
			vertex	-8.59841	-42.6109	24.7058
			vertex	-12.3307	-41.6843	24.7058
			vertex	-12.8879	-43.5679	20.8745
		endloop
	endfacet
	facet normal	-0.204233	-0.822576	0.530715
		outer loop
			vertex	-12.3307	-41.6843	24.7058
			vertex	-8.59841	-42.6109	24.7058
			vertex	-8.14612	-40.3695	28.3539
		endloop
	endfacet
	facet normal	-0.130733	-0.837407	0.530715
		outer loop
			vertex	-4.54638	-40.9315	28.3539
			vertex	-8.14612	-40.3695	28.3539
			vertex	-8.59841	-42.6109	24.7058
		endloop
	endfacet
	facet normal	-0.123208	-0.789209	0.601638
		outer loop
			vertex	-8.14612	-40.3695	28.3539
			vertex	-4.54638	-40.9315	28.3539
			vertex	-4.26025	-38.3554	31.7917
		endloop
	endfacet
	facet normal	-0.0529768	-0.797010	0.601638
		outer loop
			vertex	-0.853720	-38.5818	31.7917
			vertex	-4.26025	-38.3554	31.7917
			vertex	-4.54638	-40.9315	28.3539
		endloop
	endfacet
	facet normal	-0.0493483	-0.742421	0.668113
		outer loop
			vertex	-4.26025	-38.3554	31.7917
			vertex	-0.853720	-38.5818	31.7917
			vertex	-0.790050	-35.7044	34.9938
		endloop
	endfacet
	facet normal	0.0164600	-0.743878	0.668113
		outer loop
			vertex	2.36860	-35.6345	34.9938
			vertex	-0.790050	-35.7044	34.9938
			vertex	-0.853720	-38.5818	31.7917
		endloop
	endfacet
	facet normal	0.0151275	-0.683657	0.729646
		outer loop
			vertex	-0.790050	-35.7044	34.9938
			vertex	2.36860	-35.6345	34.9938
			vertex	2.16016	-32.4986	37.9365
		endloop
	endfacet
	facet normal	0.0754900	-0.679645	0.729646
		outer loop
			vertex	5.02393	-32.1805	37.9365
			vertex	2.16016	-32.4986	37.9365
			vertex	2.36860	-35.6345	34.9938
		endloop
	endfacet
	facet normal	0.0682795	-0.614728	0.785778
		outer loop
			vertex	2.16016	-32.4986	37.9365
			vertex	5.02393	-32.1805	37.9365
			vertex	4.50189	-28.8366	40.5979
		endloop
	endfacet
	facet normal	0.122342	-0.606288	0.785778
		outer loop
			vertex	7.03285	-28.3258	40.5979
			vertex	4.50189	-28.8366	40.5979
			vertex	5.02393	-32.1805	37.9365
		endloop
	endfacet
	facet normal	0.108513	-0.537753	0.836090
		outer loop
			vertex	4.50189	-28.8366	40.5979
			vertex	7.03285	-28.3258	40.5979
			vertex	6.16517	-24.8311	42.9582
		endloop
	endfacet
	facet normal	0.155615	-0.526059	0.836090
		outer loop
			vertex	8.33562	-24.1891	42.9582
			vertex	6.16517	-24.8311	42.9582
			vertex	7.03285	-28.3258	40.5979
		endloop
	endfacet
	facet normal	0.134625	-0.455101	0.880204
		outer loop
			vertex	6.16517	-24.8311	42.9582
			vertex	8.33562	-24.1891	42.9582
			vertex	7.10066	-20.6054	45.0000
		endloop
	endfacet
	facet normal	-0.529373	-0.143939	0.836090
		outer loop
			vertex	-24.3676	-7.79846	42.9582
			vertex	-28.4745	-6.40450	40.5979
			vertex	-27.7970	-8.89602	40.5979
		endloop
	endfacet
	facet normal	-0.596839	-0.162284	0.785778
		outer loop
			vertex	-31.7764	-7.14717	37.9365
			vertex	-27.7970	-8.89602	40.5979
			vertex	-28.4745	-6.40450	40.5979
		endloop
	endfacet
	facet normal	-0.596839	-0.162284	0.785778
		outer loop
			vertex	-27.7970	-8.89602	40.5979
			vertex	-31.7764	-7.14717	37.9365
			vertex	-31.0204	-9.92761	37.9365
		endloop
	endfacet
	facet normal	-0.659867	-0.179421	0.729646
		outer loop
			vertex	-34.8427	-7.83685	34.9938
			vertex	-31.0204	-9.92761	37.9365
			vertex	-31.7764	-7.14717	37.9365
		endloop
	endfacet
	facet normal	-0.659867	-0.179421	0.729646
		outer loop
			vertex	-31.0204	-9.92761	37.9365
			vertex	-34.8427	-7.83685	34.9938
			vertex	-34.0137	-10.8856	34.9938
		endloop
	endfacet
	facet normal	-0.717992	-0.195226	0.668113
		outer loop
			vertex	-37.6507	-8.46841	31.7917
			vertex	-34.0137	-10.8856	34.9938
			vertex	-34.8427	-7.83685	34.9938
		endloop
	endfacet
	facet normal	-0.717992	-0.195226	0.668113
		outer loop
			vertex	-34.0137	-10.8856	34.9938
			vertex	-37.6507	-8.46841	31.7917
			vertex	-36.7549	-11.7628	31.7917
		endloop
	endfacet
	facet normal	-0.770784	-0.209580	0.601638
		outer loop
			vertex	-40.1794	-9.03719	28.3539
			vertex	-36.7549	-11.7628	31.7917
			vertex	-37.6507	-8.46841	31.7917
		endloop
	endfacet
	facet normal	-0.770784	-0.209580	0.601638
		outer loop
			vertex	-36.7549	-11.7628	31.7917
			vertex	-40.1794	-9.03719	28.3539
			vertex	-39.2235	-12.5529	28.3539
		endloop
	endfacet
	facet normal	-0.817856	-0.222379	0.530715
		outer loop
			vertex	-42.4103	-9.53895	24.7058
			vertex	-39.2235	-12.5529	28.3539
			vertex	-40.1794	-9.03719	28.3539
		endloop
	endfacet
	facet normal	-0.817856	-0.222379	0.530715
		outer loop
			vertex	-39.2235	-12.5529	28.3539
			vertex	-42.4103	-9.53895	24.7058
			vertex	-41.4013	-13.2499	24.7058
		endloop
	endfacet
	facet normal	-0.858863	-0.233529	0.455872
		outer loop
			vertex	-44.3267	-9.96999	20.8745
			vertex	-41.4013	-13.2499	24.7058
			vertex	-42.4103	-9.53895	24.7058
		endloop
	endfacet
	facet normal	-0.858863	-0.233529	0.455872
		outer loop
			vertex	-41.4013	-13.2499	24.7058
			vertex	-44.3267	-9.96999	20.8745
			vertex	-43.2721	-13.8486	20.8745
		endloop
	endfacet
	facet normal	-0.889916	-0.241973	0.386650
		outer loop
			vertex	-45.0000	-10.1281	19.2259
			vertex	-43.2721	-13.8486	20.8745
			vertex	-44.3267	-9.96999	20.8745
		endloop
	endfacet
	facet normal	-0.869739	-0.205012	0.448914
		outer loop
			vertex	-43.2721	-13.8486	20.8745
			vertex	-45.0000	-10.1281	19.2259
			vertex	-45.0000	-10.8972	18.8746
		endloop
	endfacet
	facet normal	-0.608846	-0.108900	0.785778
		outer loop
			vertex	-28.4745	-6.40450	40.5979
			vertex	-32.2837	-4.31080	37.9365
			vertex	-31.7764	-7.14717	37.9365
		endloop
	endfacet
	facet normal	-0.673142	-0.120400	0.729646
		outer loop
			vertex	-35.3990	-4.72678	34.9938
			vertex	-31.7764	-7.14717	37.9365
			vertex	-32.2837	-4.31080	37.9365
		endloop
	endfacet
	facet normal	-0.673142	-0.120400	0.729646
		outer loop
			vertex	-31.7764	-7.14717	37.9365
			vertex	-35.3990	-4.72678	34.9938
			vertex	-34.8427	-7.83685	34.9938
		endloop
	endfacet
	facet normal	-0.732436	-0.131006	0.668113
		outer loop
			vertex	-38.2518	-5.10771	31.7917
			vertex	-34.8427	-7.83685	34.9938
			vertex	-35.3990	-4.72678	34.9938
		endloop
	endfacet
	facet normal	-0.732436	-0.131006	0.668113
		outer loop
			vertex	-34.8427	-7.83685	34.9938
			vertex	-38.2518	-5.10771	31.7917
			vertex	-37.6507	-8.46841	31.7917
		endloop
	endfacet
	facet normal	-0.786291	-0.140638	0.601638
		outer loop
			vertex	-40.8209	-5.45076	28.3539
			vertex	-37.6507	-8.46841	31.7917
			vertex	-38.2518	-5.10771	31.7917
		endloop
	endfacet
	facet normal	-0.786290	-0.140638	0.601638
		outer loop
			vertex	-37.6507	-8.46841	31.7917
			vertex	-40.8209	-5.45076	28.3539
			vertex	-40.1794	-9.03719	28.3539
		endloop
	endfacet
	facet normal	-0.834310	-0.149227	0.530715
		outer loop
			vertex	-43.0874	-5.75340	24.7058
			vertex	-40.1794	-9.03719	28.3539
			vertex	-40.8209	-5.45076	28.3539
		endloop
	endfacet
	facet normal	-0.834310	-0.149227	0.530715
		outer loop
			vertex	-40.1794	-9.03719	28.3539
			vertex	-43.0874	-5.75340	24.7058
			vertex	-42.4103	-9.53895	24.7058
		endloop
	endfacet
	facet normal	-0.879648	-0.157336	0.448849
		outer loop
			vertex	-45.0000	-6.01384	20.8662
			vertex	-42.4103	-9.53895	24.7058
			vertex	-43.0874	-5.75340	24.7058
		endloop
	endfacet
	facet normal	-0.877671	-0.148417	0.455704
		outer loop
			vertex	-42.4103	-9.53895	24.7058
			vertex	-45.0000	-6.01384	20.8662
			vertex	-44.3267	-9.96999	20.8745
		endloop
	endfacet
	facet normal	-0.813188	-0.137212	0.565595
		outer loop
			vertex	-45.0000	-7.12828	20.5958
			vertex	-44.3267	-9.96999	20.8745
			vertex	-45.0000	-6.01384	20.8662
		endloop
	endfacet
	facet normal	-0.905183	-0.176560	0.386613
		outer loop
			vertex	-44.3267	-9.96999	20.8745
			vertex	-45.0000	-7.12828	20.5958
			vertex	-45.0000	-10.1281	19.2259
		endloop
	endfacet
	facet normal	-0.876687	0.315028	0.363562
		outer loop
			vertex	-45.0000	13.6433	16.8857
			vertex	-45.0000	12.6420	17.7533
			vertex	-43.2721	13.8486	20.8745
		endloop
	endfacet
	facet normal	-0.885586	0.240796	0.397184
		outer loop
			vertex	-44.3267	9.96999	20.8745
			vertex	-43.2721	13.8486	20.8745
			vertex	-45.0000	12.6420	17.7533
		endloop
	endfacet
	facet normal	-0.858862	0.233529	0.455872
		outer loop
			vertex	-43.2721	13.8486	20.8745
			vertex	-44.3267	9.96999	20.8745
			vertex	-42.4103	9.53895	24.7058
		endloop
	endfacet
	facet normal	-0.877452	0.149622	0.455731
		outer loop
			vertex	-45.0000	6.02177	20.8744
			vertex	-42.4103	9.53895	24.7058
			vertex	-44.3267	9.96999	20.8745
		endloop
	endfacet
	facet normal	-0.879141	0.157245	0.449873
		outer loop
			vertex	-42.4103	9.53895	24.7058
			vertex	-45.0000	6.02177	20.8744
			vertex	-43.0874	5.75340	24.7058
		endloop
	endfacet
	facet normal	-0.879420	0.155606	0.449898
		outer loop
			vertex	-45.0000	6.01316	20.8773
			vertex	-43.0874	5.75340	24.7058
			vertex	-45.0000	6.02177	20.8744
		endloop
	endfacet
	facet normal	-0.879402	0.155711	0.449896
		outer loop
			vertex	-43.0874	5.75340	24.7058
			vertex	-45.0000	6.01316	20.8773
			vertex	-45.0000	5.13825	21.1801
		endloop
	endfacet
	facet normal	-0.520796	0.765600	0.377662
		outer loop
			vertex	-24.7226	40.0447	16.8884
			vertex	-27.1910	36.3992	20.8745
			vertex	-23.8677	38.6599	20.8745
		endloop
	endfacet
	facet normal	-0.500606	0.735918	0.455871
		outer loop
			vertex	-26.0155	34.8256	24.7058
			vertex	-23.8677	38.6599	20.8745
			vertex	-27.1910	36.3992	20.8745
		endloop
	endfacet
	facet normal	-0.500606	0.735918	0.455871
		outer loop
			vertex	-23.8677	38.6599	20.8745
			vertex	-26.0155	34.8256	24.7058
			vertex	-22.8358	36.9885	24.7058
		endloop
	endfacet
	facet normal	-0.476704	0.700781	0.530715
		outer loop
			vertex	-24.6470	32.9937	28.3539
			vertex	-22.8358	36.9885	24.7058
			vertex	-26.0155	34.8256	24.7058
		endloop
	endfacet
	facet normal	-0.476704	0.700782	0.530715
		outer loop
			vertex	-22.8358	36.9885	24.7058
			vertex	-24.6470	32.9937	28.3539
			vertex	-21.6346	35.0429	28.3539
		endloop
	endfacet
	facet normal	-0.449267	0.660447	0.601638
		outer loop
			vertex	-23.0958	30.9172	31.7917
			vertex	-21.6346	35.0429	28.3539
			vertex	-24.6470	32.9937	28.3539
		endloop
	endfacet
	facet normal	-0.449266	0.660448	0.601638
		outer loop
			vertex	-21.6346	35.0429	28.3539
			vertex	-23.0958	30.9172	31.7917
			vertex	-20.2730	32.8374	31.7917
		endloop
	endfacet
	facet normal	-0.418495	0.615212	0.668113
		outer loop
			vertex	-21.3733	28.6114	34.9938
			vertex	-20.2730	32.8374	31.7917
			vertex	-23.0958	30.9172	31.7917
		endloop
	endfacet
	facet normal	-0.418496	0.615212	0.668113
		outer loop
			vertex	-20.2730	32.8374	31.7917
			vertex	-21.3733	28.6114	34.9938
			vertex	-18.7610	30.3884	34.9938
		endloop
	endfacet
	facet normal	-0.384617	0.565408	0.729646
		outer loop
			vertex	-19.4924	26.0935	37.9365
			vertex	-18.7610	30.3884	34.9938
			vertex	-21.3733	28.6114	34.9938
		endloop
	endfacet
	facet normal	-0.384617	0.565408	0.729646
		outer loop
			vertex	-18.7610	30.3884	34.9938
			vertex	-19.4924	26.0935	37.9365
			vertex	-17.1100	27.7141	37.9365
		endloop
	endfacet
	facet normal	-0.347879	0.511403	0.785778
		outer loop
			vertex	-17.4669	23.3821	40.5979
			vertex	-17.1100	27.7141	37.9365
			vertex	-19.4924	26.0935	37.9365
		endloop
	endfacet
	facet normal	-0.347879	0.511403	0.785778
		outer loop
			vertex	-17.1100	27.7141	37.9365
			vertex	-17.4669	23.3821	40.5979
			vertex	-15.3321	24.8343	40.5979
		endloop
	endfacet
	facet normal	-0.308555	0.453594	0.836090
		outer loop
			vertex	-15.3119	20.4973	42.9582
			vertex	-15.3321	24.8343	40.5979
			vertex	-17.4669	23.3821	40.5979
		endloop
	endfacet
	facet normal	-0.308556	0.453594	0.836090
		outer loop
			vertex	-15.3321	24.8343	40.5979
			vertex	-15.3119	20.4973	42.9582
			vertex	-13.4405	21.7703	42.9582
		endloop
	endfacet
	facet normal	-0.266936	0.392410	0.880204
		outer loop
			vertex	-13.0434	17.4605	45.0000
			vertex	-13.4405	21.7703	42.9582
			vertex	-15.3119	20.4973	42.9582
		endloop
	endfacet
	facet normal	-0.266936	0.392410	0.880204
		outer loop
			vertex	-13.4405	21.7703	42.9582
			vertex	-13.0434	17.4605	45.0000
			vertex	-11.4492	18.5450	45.0000
		endloop
	endfacet
	facet normal	-0.178732	0.518661	0.836090
		outer loop
			vertex	-9.39742	23.7967	42.9582
			vertex	-8.27891	27.9870	40.5979
			vertex	-10.7200	27.1458	40.5979
		endloop
	endfacet
	facet normal	-0.201510	0.584762	0.785778
		outer loop
			vertex	-9.23894	31.2324	37.9365
			vertex	-10.7200	27.1458	40.5979
			vertex	-8.27891	27.9870	40.5979
		endloop
	endfacet
	facet normal	-0.201510	0.584762	0.785778
		outer loop
			vertex	-10.7200	27.1458	40.5979
			vertex	-9.23894	31.2324	37.9365
			vertex	-11.9631	30.2937	37.9365
		endloop
	endfacet
	facet normal	-0.222791	0.646515	0.729646
		outer loop
			vertex	-10.1305	34.2462	34.9938
			vertex	-11.9631	30.2937	37.9365
			vertex	-9.23894	31.2324	37.9365
		endloop
	endfacet
	facet normal	-0.222790	0.646514	0.729646
		outer loop
			vertex	-11.9631	30.2937	37.9365
			vertex	-10.1305	34.2462	34.9938
			vertex	-13.1175	33.2169	34.9938
		endloop
	endfacet
	facet normal	-0.242415	0.703463	0.668113
		outer loop
			vertex	-10.9469	37.0061	31.7917
			vertex	-13.1175	33.2169	34.9938
			vertex	-10.1305	34.2462	34.9938
		endloop
	endfacet
	facet normal	-0.242415	0.703463	0.668113
		outer loop
			vertex	-13.1175	33.2169	34.9938
			vertex	-10.9469	37.0061	31.7917
			vertex	-14.1746	35.8938	31.7917
		endloop
	endfacet
	facet normal	-0.260239	0.755187	0.601638
		outer loop
			vertex	-11.6821	39.4916	28.3539
			vertex	-14.1746	35.8938	31.7917
			vertex	-10.9469	37.0061	31.7917
		endloop
	endfacet
	facet normal	-0.260240	0.755187	0.601638
		outer loop
			vertex	-14.1746	35.8938	31.7917
			vertex	-11.6821	39.4916	28.3539
			vertex	-15.1267	38.3046	28.3539
		endloop
	endfacet
	facet normal	-0.276133	0.801307	0.530715
		outer loop
			vertex	-12.3307	41.6843	24.7058
			vertex	-15.1267	38.3046	28.3539
			vertex	-11.6821	39.4916	28.3539
		endloop
	endfacet
	facet normal	-0.276132	0.801307	0.530715
		outer loop
			vertex	-15.1267	38.3046	28.3539
			vertex	-12.3307	41.6843	24.7058
			vertex	-15.9665	40.4314	24.7058
		endloop
	endfacet
	facet normal	-0.289977	0.841483	0.455872
		outer loop
			vertex	-12.8879	43.5679	20.8745
			vertex	-15.9665	40.4314	24.7058
			vertex	-12.3307	41.6843	24.7058
		endloop
	endfacet
	facet normal	-0.289978	0.841483	0.455871
		outer loop
			vertex	-15.9665	40.4314	24.7058
			vertex	-12.8879	43.5679	20.8745
			vertex	-16.6880	42.2583	20.8745
		endloop
	endfacet
	facet normal	-0.301979	0.876307	0.375359
		outer loop
			vertex	-13.6884	45.0000	16.8870
			vertex	-16.6880	42.2583	20.8745
			vertex	-12.8879	43.5679	20.8745
		endloop
	endfacet
	facet normal	-0.299018	0.876352	0.377617
		outer loop
			vertex	-16.6880	42.2583	20.8745
			vertex	-13.6884	45.0000	16.8870
			vertex	-17.2858	43.7720	16.8884
		endloop
	endfacet
	facet normal	-0.294087	0.861948	0.412988
		outer loop
			vertex	-14.2724	45.0000	16.4712
			vertex	-17.2858	43.7720	16.8884
			vertex	-13.6884	45.0000	16.8870
		endloop
	endfacet
	facet normal	-0.322326	0.895349	0.307338
		outer loop
			vertex	-17.2858	43.7720	16.8884
			vertex	-14.2724	45.0000	16.4712
			vertex	-17.1316	45.0000	13.4725
		endloop
	endfacet
	facet normal	-0.149040	0.600283	0.785778
		outer loop
			vertex	-8.27891	27.9870	40.5979
			vertex	-6.44246	31.9267	37.9365
			vertex	-9.23894	31.2324	37.9365
		endloop
	endfacet
	facet normal	-0.164779	0.663675	0.729646
		outer loop
			vertex	-7.06413	35.0076	34.9938
			vertex	-9.23894	31.2324	37.9365
			vertex	-6.44246	31.9267	37.9365
		endloop
	endfacet
	facet normal	-0.164780	0.663675	0.729646
		outer loop
			vertex	-9.23894	31.2324	37.9365
			vertex	-7.06413	35.0076	34.9938
			vertex	-10.1305	34.2462	34.9938
		endloop
	endfacet
	facet normal	-0.179294	0.722135	0.668113
		outer loop
			vertex	-7.63343	37.8288	31.7917
			vertex	-10.1305	34.2462	34.9938
			vertex	-7.06413	35.0076	34.9938
		endloop
	endfacet
	facet normal	-0.179294	0.722135	0.668113
		outer loop
			vertex	-10.1305	34.2462	34.9938
			vertex	-7.63343	37.8288	31.7917
			vertex	-10.9469	37.0061	31.7917
		endloop
	endfacet
	facet normal	-0.192477	0.775231	0.601639
		outer loop
			vertex	-8.14612	40.3695	28.3539
			vertex	-10.9469	37.0061	31.7917
			vertex	-7.63343	37.8288	31.7917
		endloop
	endfacet
	facet normal	-0.192478	0.775231	0.601638
		outer loop
			vertex	-10.9469	37.0061	31.7917
			vertex	-8.14612	40.3695	28.3539
			vertex	-11.6821	39.4916	28.3539
		endloop
	endfacet
	facet normal	-0.204233	0.822576	0.530715
		outer loop
			vertex	-8.59841	42.6109	24.7058
			vertex	-11.6821	39.4916	28.3539
			vertex	-8.14612	40.3695	28.3539
		endloop
	endfacet
	facet normal	-0.204233	0.822576	0.530715
		outer loop
			vertex	-11.6821	39.4916	28.3539
			vertex	-8.59841	42.6109	24.7058
			vertex	-12.3307	41.6843	24.7058
		endloop
	endfacet
	facet normal	-0.214472	0.863819	0.455871
		outer loop
			vertex	-8.98695	44.5364	20.8745
			vertex	-12.3307	41.6843	24.7058
			vertex	-8.59841	42.6109	24.7058
		endloop
	endfacet
	facet normal	-0.214471	0.863819	0.455872
		outer loop
			vertex	-12.3307	41.6843	24.7058
			vertex	-8.98695	44.5364	20.8745
			vertex	-12.8879	43.5679	20.8745
		endloop
	endfacet
	facet normal	-0.223407	0.899808	0.374747
		outer loop
			vertex	-9.08970	45.0000	19.7001
			vertex	-12.8879	43.5679	20.8745
			vertex	-8.98695	44.5364	20.8745
		endloop
	endfacet
	facet normal	-0.197730	0.879455	0.432969
		outer loop
			vertex	-12.8879	43.5679	20.8745
			vertex	-9.08970	45.0000	19.7001
			vertex	-10.8972	45.0000	18.8746
		endloop
	endfacet
	facet normal	0.219075	0.898902	0.379449
		outer loop
			vertex	11.1832	45.0000	18.5955
			vertex	9.05376	45.0000	19.8250
			vertex	10.9481	44.0953	20.8745
		endloop
	endfacet
	facet normal	0.177767	0.880954	0.438542
		outer loop
			vertex	7.00816	44.8903	20.8745
			vertex	10.9481	44.0953	20.8745
			vertex	9.05376	45.0000	19.8250
		endloop
	endfacet
	facet normal	0.176053	0.872460	0.455872
		outer loop
			vertex	10.9481	44.0953	20.8745
			vertex	7.00816	44.8903	20.8745
			vertex	6.70517	42.9496	24.7058
		endloop
	endfacet
	facet normal	0.0982943	0.884601	0.455873
		outer loop
			vertex	6.02177	45.0000	20.8744
			vertex	6.70517	42.9496	24.7058
			vertex	7.00816	44.8903	20.8745
		endloop
	endfacet
	facet normal	0.153925	0.882335	0.444738
		outer loop
			vertex	6.70517	42.9496	24.7058
			vertex	6.02177	45.0000	20.8744
			vertex	5.13825	45.0000	21.1801
		endloop
	endfacet
	facet normal	0.311997	0.879211	0.360063
		outer loop
			vertex	13.6433	45.0000	16.8857
			vertex	12.6420	45.0000	17.7533
			vertex	14.8025	42.9551	20.8745
		endloop
	endfacet
	facet normal	0.260412	0.880326	0.396499
		outer loop
			vertex	10.9481	44.0953	20.8745
			vertex	14.8025	42.9551	20.8745
			vertex	12.6420	45.0000	17.7533
		endloop
	endfacet
	facet normal	0.252472	0.853486	0.455872
		outer loop
			vertex	14.8025	42.9551	20.8745
			vertex	10.9481	44.0953	20.8745
			vertex	10.4748	42.1889	24.7058
		endloop
	endfacet
	facet normal	0.176053	0.872460	0.455872
		outer loop
			vertex	6.70517	42.9496	24.7058
			vertex	10.4748	42.1889	24.7058
			vertex	10.9481	44.0953	20.8745
		endloop
	endfacet
	facet normal	0.167647	0.830804	0.530715
		outer loop
			vertex	10.4748	42.1889	24.7058
			vertex	6.70517	42.9496	24.7058
			vertex	6.35247	40.6904	28.3539
		endloop
	endfacet
	facet normal	0.0935648	0.842370	0.530715
		outer loop
			vertex	2.73139	41.0926	28.3539
			vertex	6.35247	40.6904	28.3539
			vertex	6.70517	42.9496	24.7058
		endloop
	endfacet
	facet normal	0.0881796	0.793887	0.601638
		outer loop
			vertex	6.35247	40.6904	28.3539
			vertex	2.73139	41.0926	28.3539
			vertex	2.55949	38.5063	31.7917
		endloop
	endfacet
	facet normal	0.0176706	0.798573	0.601638
		outer loop
			vertex	-0.853720	38.5818	31.7917
			vertex	2.55949	38.5063	31.7917
			vertex	2.73139	41.0926	28.3539
		endloop
	endfacet
	facet normal	0.0164603	0.743878	0.668113
		outer loop
			vertex	2.55949	38.5063	31.7917
			vertex	-0.853720	38.5818	31.7917
			vertex	-0.790050	35.7044	34.9938
		endloop
	endfacet
	facet normal	-0.0493484	0.742421	0.668113
		outer loop
			vertex	-3.94252	35.4949	34.9938
			vertex	-0.790050	35.7044	34.9938
			vertex	-0.853720	38.5818	31.7917
		endloop
	endfacet
	facet normal	-0.0453534	0.682319	0.729646
		outer loop
			vertex	-0.790050	35.7044	34.9938
			vertex	-3.94252	35.4949	34.9938
			vertex	-3.59556	32.3712	37.9365
		endloop
	endfacet
	facet normal	-0.105479	0.675641	0.729646
		outer loop
			vertex	-6.44246	31.9267	37.9365
			vertex	-3.59556	32.3712	37.9365
			vertex	-3.94252	35.4949	34.9938
		endloop
	endfacet
	facet normal	-0.0954044	0.611106	0.785778
		outer loop
			vertex	-3.59556	32.3712	37.9365
			vertex	-6.44246	31.9267	37.9365
			vertex	-5.77302	28.6092	40.5979
		endloop
	endfacet
	facet normal	-0.149040	0.600283	0.785778
		outer loop
			vertex	-8.27891	27.9870	40.5979
			vertex	-5.77302	28.6092	40.5979
			vertex	-6.44246	31.9267	37.9365
		endloop
	endfacet
	facet normal	-0.132193	0.532427	0.836090
		outer loop
			vertex	-5.77302	28.6092	40.5979
			vertex	-8.27891	27.9870	40.5979
			vertex	-7.25749	24.5341	42.9582
		endloop
	endfacet
	facet normal	-0.178732	0.518661	0.836090
		outer loop
			vertex	-9.39742	23.7967	42.9582
			vertex	-7.25749	24.5341	42.9582
			vertex	-8.27891	27.9870	40.5979
		endloop
	endfacet
	facet normal	-0.154623	0.448700	0.880204
		outer loop
			vertex	-7.25749	24.5341	42.9582
			vertex	-9.39742	23.7967	42.9582
			vertex	-8.00515	20.2711	45.0000
		endloop
	endfacet
	facet normal	0.617544	0.689935	0.377662
		outer loop
			vertex	32.9073	33.6436	16.8884
			vertex	28.7745	35.1608	20.8745
			vertex	31.7694	32.4802	20.8745
		endloop
	endfacet
	facet normal	0.593603	0.663187	0.455872
		outer loop
			vertex	27.5305	33.6407	24.7058
			vertex	31.7694	32.4802	20.8745
			vertex	28.7745	35.1608	20.8745
		endloop
	endfacet
	facet normal	0.593603	0.663187	0.455872
		outer loop
			vertex	31.7694	32.4802	20.8745
			vertex	27.5305	33.6407	24.7058
			vertex	30.3959	31.0759	24.7058
		endloop
	endfacet
	facet normal	0.565261	0.631523	0.530715
		outer loop
			vertex	26.0823	31.8712	28.3539
			vertex	30.3959	31.0759	24.7058
			vertex	27.5305	33.6407	24.7058
		endloop
	endfacet
	facet normal	0.565262	0.631523	0.530715
		outer loop
			vertex	30.3959	31.0759	24.7058
			vertex	26.0823	31.8712	28.3539
			vertex	28.7970	29.4413	28.3539
		endloop
	endfacet
	facet normal	0.532727	0.595175	0.601638
		outer loop
			vertex	24.4408	29.8653	31.7917
			vertex	28.7970	29.4413	28.3539
			vertex	26.0823	31.8712	28.3539
		endloop
	endfacet
	facet normal	0.532727	0.595175	0.601638
		outer loop
			vertex	28.7970	29.4413	28.3539
			vertex	24.4408	29.8653	31.7917
			vertex	26.9846	27.5883	31.7917
		endloop
	endfacet
	facet normal	0.496240	0.554410	0.668113
		outer loop
			vertex	22.6180	27.6380	34.9938
			vertex	26.9846	27.5883	31.7917
			vertex	24.4408	29.8653	31.7917
		endloop
	endfacet
	facet normal	0.496240	0.554410	0.668113
		outer loop
			vertex	26.9846	27.5883	31.7917
			vertex	22.6180	27.6380	34.9938
			vertex	24.9721	25.5308	34.9938
		endloop
	endfacet
	facet normal	0.456067	0.509528	0.729646
		outer loop
			vertex	20.6275	25.2057	37.9365
			vertex	24.9721	25.5308	34.9938
			vertex	22.6180	27.6380	34.9938
		endloop
	endfacet
	facet normal	0.456067	0.509528	0.729646
		outer loop
			vertex	24.9721	25.5308	34.9938
			vertex	20.6275	25.2057	37.9365
			vertex	22.7745	23.2840	37.9365
		endloop
	endfacet
	facet normal	0.412505	0.460860	0.785778
		outer loop
			vertex	18.4841	22.5865	40.5979
			vertex	22.7745	23.2840	37.9365
			vertex	20.6275	25.2057	37.9365
		endloop
	endfacet
	facet normal	0.412505	0.460860	0.785778
		outer loop
			vertex	22.7745	23.2840	37.9365
			vertex	18.4841	22.5865	40.5979
			vertex	20.4080	20.8645	40.5979
		endloop
	endfacet
	facet normal	0.365876	0.408765	0.836090
		outer loop
			vertex	16.2036	19.7999	42.9582
			vertex	20.4080	20.8645	40.5979
			vertex	18.4841	22.5865	40.5979
		endloop
	endfacet
	facet normal	0.365876	0.408765	0.836090
		outer loop
			vertex	20.4080	20.8645	40.5979
			vertex	16.2036	19.7999	42.9582
			vertex	17.8901	18.2904	42.9582
		endloop
	endfacet
	facet normal	0.316524	0.353628	0.880204
		outer loop
			vertex	13.8030	16.8665	45.0000
			vertex	17.8901	18.2904	42.9582
			vertex	16.2036	19.7999	42.9582
		endloop
	endfacet
	facet normal	0.316524	0.353628	0.880204
		outer loop
			vertex	17.8901	18.2904	42.9582
			vertex	13.8030	16.8665	45.0000
			vertex	15.2396	15.5806	45.0000
		endloop
	endfacet
	facet normal	0.452011	0.144659	0.880204
		outer loop
			vertex	20.4432	7.55475	45.0000
			vertex	24.6887	6.71297	42.9582
			vertex	23.9987	8.86869	42.9582
		endloop
	endfacet
	facet normal	0.522488	0.167214	0.836090
		outer loop
			vertex	28.1633	7.65775	40.5979
			vertex	23.9987	8.86869	42.9582
			vertex	24.6887	6.71297	42.9582
		endloop
	endfacet
	facet normal	0.522488	0.167214	0.836090
		outer loop
			vertex	23.9987	8.86869	42.9582
			vertex	28.1633	7.65775	40.5979
			vertex	27.3763	10.1169	40.5979
		endloop
	endfacet
	facet normal	0.589076	0.188525	0.785778
		outer loop
			vertex	31.4292	8.54575	37.9365
			vertex	27.3763	10.1169	40.5979
			vertex	28.1633	7.65775	40.5979
		endloop
	endfacet
	facet normal	0.589076	0.188525	0.785778
		outer loop
			vertex	27.3763	10.1169	40.5979
			vertex	31.4292	8.54575	37.9365
			vertex	30.5509	11.2900	37.9365
		endloop
	endfacet
	facet normal	0.651285	0.208434	0.729646
		outer loop
			vertex	34.4620	9.37039	34.9938
			vertex	30.5509	11.2900	37.9365
			vertex	31.4292	8.54575	37.9365
		endloop
	endfacet
	facet normal	0.651285	0.208434	0.729646
		outer loop
			vertex	30.5509	11.2900	37.9365
			vertex	34.4620	9.37039	34.9938
			vertex	33.4990	12.3795	34.9938
		endloop
	endfacet
	facet normal	0.708653	0.226794	0.668113
		outer loop
			vertex	37.2392	10.1255	31.7917
			vertex	33.4990	12.3795	34.9938
			vertex	34.4620	9.37039	34.9938
		endloop
	endfacet
	facet normal	0.708653	0.226794	0.668113
		outer loop
			vertex	33.4990	12.3795	34.9938
			vertex	37.2392	10.1255	31.7917
			vertex	36.1986	13.3771	31.7917
		endloop
	endfacet
	facet normal	0.760759	0.243469	0.601638
		outer loop
			vertex	39.7404	10.8056	28.3539
			vertex	36.1986	13.3771	31.7917
			vertex	37.2392	10.1255	31.7917
		endloop
	endfacet
	facet normal	0.760759	0.243469	0.601638
		outer loop
			vertex	36.1986	13.3771	31.7917
			vertex	39.7404	10.8056	28.3539
			vertex	38.6299	14.2756	28.3539
		endloop
	endfacet
	facet normal	0.807219	0.258338	0.530715
		outer loop
			vertex	41.9469	11.4056	24.7058
			vertex	38.6299	14.2756	28.3539
			vertex	39.7404	10.8056	28.3539
		endloop
	endfacet
	facet normal	0.807219	0.258339	0.530715
		outer loop
			vertex	38.6299	14.2756	28.3539
			vertex	41.9469	11.4056	24.7058
			vertex	40.7747	15.0682	24.7058
		endloop
	endfacet
	facet normal	0.847692	0.271292	0.455871
		outer loop
			vertex	43.8423	11.9209	20.8745
			vertex	40.7747	15.0682	24.7058
			vertex	41.9469	11.4056	24.7058
		endloop
	endfacet
	facet normal	0.847692	0.271291	0.455872
		outer loop
			vertex	40.7747	15.0682	24.7058
			vertex	43.8423	11.9209	20.8745
			vertex	42.6172	15.7491	20.8745
		endloop
	endfacet
	facet normal	0.880720	0.281861	0.380640
		outer loop
			vertex	45.0000	13.6884	16.8870
			vertex	42.6172	15.7491	20.8745
			vertex	43.8423	11.9209	20.8745
		endloop
	endfacet
	facet normal	0.880309	0.287007	0.377735
		outer loop
			vertex	42.6172	15.7491	20.8745
			vertex	45.0000	13.6884	16.8870
			vertex	44.1436	16.3132	16.8884
		endloop
	endfacet
	facet normal	0.871747	0.284202	0.399107
		outer loop
			vertex	45.0000	14.2724	16.4712
			vertex	44.1436	16.3132	16.8884
			vertex	45.0000	13.6884	16.8870
		endloop
	endfacet
	facet normal	0.899688	0.315934	0.301242
		outer loop
			vertex	44.1436	16.3132	16.8884
			vertex	45.0000	14.2724	16.4712
			vertex	45.0000	16.6364	13.9918
		endloop
	endfacet
	facet normal	0.535222	0.120382	0.836090
		outer loop
			vertex	24.6887	6.71297	42.9582
			vertex	28.7299	5.13871	40.5979
			vertex	28.1633	7.65775	40.5979
		endloop
	endfacet
	facet normal	0.603433	0.135724	0.785778
		outer loop
			vertex	32.0615	5.73460	37.9365
			vertex	28.1633	7.65775	40.5979
			vertex	28.7299	5.13871	40.5979
		endloop
	endfacet
	facet normal	0.603433	0.135725	0.785778
		outer loop
			vertex	28.1633	7.65775	40.5979
			vertex	32.0615	5.73460	37.9365
			vertex	31.4292	8.54575	37.9365
		endloop
	endfacet
	facet normal	0.667158	0.150058	0.729646
		outer loop
			vertex	35.1553	6.28797	34.9938
			vertex	31.4292	8.54575	37.9365
			vertex	32.0615	5.73460	37.9365
		endloop
	endfacet
	facet normal	0.667157	0.150058	0.729646
		outer loop
			vertex	31.4292	8.54575	37.9365
			vertex	35.1553	6.28797	34.9938
			vertex	34.4620	9.37039	34.9938
		endloop
	endfacet
	facet normal	0.725924	0.163276	0.668113
		outer loop
			vertex	37.9884	6.79471	31.7917
			vertex	34.4620	9.37039	34.9938
			vertex	35.1553	6.28797	34.9938
		endloop
	endfacet
	facet normal	0.725924	0.163276	0.668113
		outer loop
			vertex	34.4620	9.37039	34.9938
			vertex	37.9884	6.79471	31.7917
			vertex	37.2392	10.1255	31.7917
		endloop
	endfacet
	facet normal	0.779300	0.175281	0.601638
		outer loop
			vertex	40.5399	7.25107	28.3539
			vertex	37.2392	10.1255	31.7917
			vertex	37.9884	6.79471	31.7917
		endloop
	endfacet
	facet normal	0.779300	0.175281	0.601638
		outer loop
			vertex	37.2392	10.1255	31.7917
			vertex	40.5399	7.25107	28.3539
			vertex	39.7404	10.8056	28.3539
		endloop
	endfacet
	facet normal	0.826892	0.185985	0.530715
		outer loop
			vertex	42.7907	7.65367	24.7058
			vertex	39.7404	10.8056	28.3539
			vertex	40.5399	7.25107	28.3539
		endloop
	endfacet
	facet normal	0.826892	0.185985	0.530715
		outer loop
			vertex	39.7404	10.8056	28.3539
			vertex	42.7907	7.65367	24.7058
			vertex	41.9469	11.4056	24.7058
		endloop
	endfacet
	facet normal	0.868352	0.195310	0.455871
		outer loop
			vertex	44.7243	7.99951	20.8745
			vertex	41.9469	11.4056	24.7058
			vertex	42.7907	7.65367	24.7058
		endloop
	endfacet
	facet normal	0.868352	0.195310	0.455871
		outer loop
			vertex	41.9469	11.4056	24.7058
			vertex	44.7243	7.99951	20.8745
			vertex	43.8423	11.9209	20.8745
		endloop
	endfacet
	facet normal	0.905673	0.203705	0.371834
		outer loop
			vertex	45.0000	8.05492	20.1726
			vertex	43.8423	11.9209	20.8745
			vertex	44.7243	7.99951	20.8745
		endloop
	endfacet
	facet normal	0.888736	0.190435	0.416994
		outer loop
			vertex	43.8423	11.9209	20.8745
			vertex	45.0000	8.05492	20.1726
			vertex	45.0000	10.8972	18.8746
		endloop
	endfacet
	facet normal	0.853488	-0.359069	0.377662
		outer loop
			vertex	42.5291	-20.1508	16.8884
			vertex	44.1436	-16.3132	16.8884
			vertex	42.6172	-15.7491	20.8745
		endloop
	endfacet
	facet normal	0.881811	-0.282451	0.377665
		outer loop
			vertex	45.0000	-13.6433	16.8857
			vertex	42.6172	-15.7491	20.8745
			vertex	44.1436	-16.3132	16.8884
		endloop
	endfacet
	facet normal	0.879040	-0.312204	0.360302
		outer loop
			vertex	42.6172	-15.7491	20.8745
			vertex	45.0000	-13.6433	16.8857
			vertex	45.0000	-12.6420	17.7533
		endloop
	endfacet
	facet normal	0.571530	-0.765077	0.296665
		outer loop
			vertex	27.1887	-39.9690	12.7771
			vertex	29.8052	-36.4203	16.8884
			vertex	26.4697	-38.9119	16.8884
		endloop
	endfacet
	facet normal	0.554152	-0.741814	0.377662
		outer loop
			vertex	28.7745	-35.1608	20.8745
			vertex	26.4697	-38.9119	16.8884
			vertex	29.8052	-36.4203	16.8884
		endloop
	endfacet
	facet normal	0.554152	-0.741814	0.377662
		outer loop
			vertex	26.4697	-38.9119	16.8884
			vertex	28.7745	-35.1608	20.8745
			vertex	25.5544	-37.5664	20.8745
		endloop
	endfacet
	facet normal	0.532668	-0.713054	0.455872
		outer loop
			vertex	27.5305	-33.6407	24.7058
			vertex	25.5544	-37.5664	20.8745
			vertex	28.7745	-35.1608	20.8745
		endloop
	endfacet
	facet normal	0.532668	-0.713054	0.455872
		outer loop
			vertex	25.5544	-37.5664	20.8745
			vertex	27.5305	-33.6407	24.7058
			vertex	24.4496	-35.9422	24.7058
		endloop
	endfacet
	facet normal	0.507235	-0.679010	0.530715
		outer loop
			vertex	26.0823	-31.8712	28.3539
			vertex	24.4496	-35.9422	24.7058
			vertex	27.5305	-33.6407	24.7058
		endloop
	endfacet
	facet normal	0.507235	-0.679010	0.530715
		outer loop
			vertex	24.4496	-35.9422	24.7058
			vertex	26.0823	-31.8712	28.3539
			vertex	23.1635	-34.0516	28.3539
		endloop
	endfacet
	facet normal	0.478041	-0.639928	0.601638
		outer loop
			vertex	24.4408	-29.8653	31.7917
			vertex	23.1635	-34.0516	28.3539
			vertex	26.0823	-31.8712	28.3539
		endloop
	endfacet
	facet normal	0.478041	-0.639928	0.601638
		outer loop
			vertex	23.1635	-34.0516	28.3539
			vertex	24.4408	-29.8653	31.7917
			vertex	21.7056	-31.9085	31.7917
		endloop
	endfacet
	facet normal	0.445299	-0.596099	0.668113
		outer loop
			vertex	22.6180	-27.6380	34.9938
			vertex	21.7056	-31.9085	31.7917
			vertex	24.4408	-29.8653	31.7917
		endloop
	endfacet
	facet normal	0.445300	-0.596099	0.668113
		outer loop
			vertex	21.7056	-31.9085	31.7917
			vertex	22.6180	-27.6380	34.9938
			vertex	20.0869	-29.5288	34.9938
		endloop
	endfacet
	facet normal	0.409251	-0.547842	0.729646
		outer loop
			vertex	20.6275	-25.2057	37.9365
			vertex	20.0869	-29.5288	34.9938
			vertex	22.6180	-27.6380	34.9938
		endloop
	endfacet
	facet normal	0.409250	-0.547842	0.729646
		outer loop
			vertex	20.0869	-29.5288	34.9938
			vertex	20.6275	-25.2057	37.9365
			vertex	18.3191	-26.9301	37.9365
		endloop
	endfacet
	facet normal	0.370160	-0.495514	0.785778
		outer loop
			vertex	18.4841	-22.5865	40.5979
			vertex	18.3191	-26.9301	37.9365
			vertex	20.6275	-25.2057	37.9365
		endloop
	endfacet
	facet normal	0.370160	-0.495514	0.785778
		outer loop
			vertex	18.3191	-26.9301	37.9365
			vertex	18.4841	-22.5865	40.5979
			vertex	16.4156	-24.1318	40.5979
		endloop
	endfacet
	facet normal	0.328317	-0.439501	0.836090
		outer loop
			vertex	16.2036	-19.7999	42.9582
			vertex	16.4156	-24.1318	40.5979
			vertex	18.4841	-22.5865	40.5979
		endloop
	endfacet
	facet normal	0.328318	-0.439501	0.836090
		outer loop
			vertex	16.4156	-24.1318	40.5979
			vertex	16.2036	-19.7999	42.9582
			vertex	14.3903	-21.1545	42.9582
		endloop
	endfacet
	facet normal	0.284032	-0.380219	0.880204
		outer loop
			vertex	13.8030	-16.8665	45.0000
			vertex	14.3903	-21.1545	42.9582
			vertex	16.2036	-19.7999	42.9582
		endloop
	endfacet
	facet normal	0.284032	-0.380219	0.880204
		outer loop
			vertex	14.3903	-21.1545	42.9582
			vertex	13.8030	-16.8665	45.0000
			vertex	12.2583	-18.0204	45.0000
		endloop
	endfacet
	facet normal	0.350562	-0.887715	0.298443
		outer loop
			vertex	15.5179	-45.0000	15.1649
			vertex	19.2050	-42.9645	16.8884
			vertex	15.3327	-44.4937	16.8884
		endloop
	endfacet
	facet normal	0.340100	-0.861222	0.377662
		outer loop
			vertex	18.5409	-41.4788	20.8745
			vertex	15.3327	-44.4937	16.8884
			vertex	19.2050	-42.9645	16.8884
		endloop
	endfacet
	facet normal	0.340100	-0.861222	0.377662
		outer loop
			vertex	15.3327	-44.4937	16.8884
			vertex	18.5409	-41.4788	20.8745
			vertex	14.8025	-42.9551	20.8745
		endloop
	endfacet
	facet normal	0.326915	-0.827833	0.455871
		outer loop
			vertex	17.7393	-39.6855	24.7058
			vertex	14.8025	-42.9551	20.8745
			vertex	18.5409	-41.4788	20.8745
		endloop
	endfacet
	facet normal	0.326915	-0.827833	0.455872
		outer loop
			vertex	14.8025	-42.9551	20.8745
			vertex	17.7393	-39.6855	24.7058
			vertex	14.1625	-41.0980	24.7058
		endloop
	endfacet
	facet normal	0.311306	-0.788308	0.530715
		outer loop
			vertex	16.8062	-37.5980	28.3539
			vertex	14.1625	-41.0980	24.7058
			vertex	17.7393	-39.6855	24.7058
		endloop
	endfacet
	facet normal	0.311307	-0.788308	0.530715
		outer loop
			vertex	14.1625	-41.0980	24.7058
			vertex	16.8062	-37.5980	28.3539
			vertex	13.4175	-38.9362	28.3539
		endloop
	endfacet
	facet normal	0.293389	-0.742936	0.601638
		outer loop
			vertex	15.7485	-35.2317	31.7917
			vertex	13.4175	-38.9362	28.3539
			vertex	16.8062	-37.5980	28.3539
		endloop
	endfacet
	facet normal	0.293389	-0.742936	0.601638
		outer loop
			vertex	13.4175	-38.9362	28.3539
			vertex	15.7485	-35.2317	31.7917
			vertex	12.5731	-36.4857	31.7917
		endloop
	endfacet
	facet normal	0.273294	-0.692051	0.668113
		outer loop
			vertex	14.5740	-32.6042	34.9938
			vertex	12.5731	-36.4857	31.7917
			vertex	15.7485	-35.2317	31.7917
		endloop
	endfacet
	facet normal	0.273294	-0.692051	0.668113
		outer loop
			vertex	12.5731	-36.4857	31.7917
			vertex	14.5740	-32.6042	34.9938
			vertex	11.6354	-33.7646	34.9938
		endloop
	endfacet
	facet normal	0.251170	-0.636027	0.729646
		outer loop
			vertex	13.2914	-29.7348	37.9365
			vertex	11.6354	-33.7646	34.9938
			vertex	14.5740	-32.6042	34.9938
		endloop
	endfacet
	facet normal	0.251170	-0.636027	0.729646
		outer loop
			vertex	11.6354	-33.7646	34.9938
			vertex	13.2914	-29.7348	37.9365
			vertex	10.6114	-30.7932	37.9365
		endloop
	endfacet
	facet normal	0.227179	-0.575276	0.785778
		outer loop
			vertex	11.9103	-26.6451	40.5979
			vertex	10.6114	-30.7932	37.9365
			vertex	13.2914	-29.7348	37.9365
		endloop
	endfacet
	facet normal	0.227179	-0.575276	0.785778
		outer loop
			vertex	10.6114	-30.7932	37.9365
			vertex	11.9103	-26.6451	40.5979
			vertex	9.50877	-27.5934	40.5979
		endloop
	endfacet
	facet normal	0.201499	-0.510247	0.836090
		outer loop
			vertex	10.4408	-23.3577	42.9582
			vertex	9.50877	-27.5934	40.5979
			vertex	11.9103	-26.6451	40.5979
		endloop
	endfacet
	facet normal	0.201499	-0.510247	0.836090
		outer loop
			vertex	9.50877	-27.5934	40.5979
			vertex	10.4408	-23.3577	42.9582
			vertex	8.33562	-24.1891	42.9582
		endloop
	endfacet
	facet normal	0.174319	-0.441422	0.880204
		outer loop
			vertex	8.89398	-19.8972	45.0000
			vertex	8.33562	-24.1891	42.9582
			vertex	10.4408	-23.3577	42.9582
		endloop
	endfacet
	facet normal	0.174319	-0.441422	0.880204
		outer loop
			vertex	8.33562	-24.1891	42.9582
			vertex	8.89398	-19.8972	45.0000
			vertex	7.10066	-20.6054	45.0000
		endloop
	endfacet
	facet normal	-0.445170	-0.164512	0.880204
		outer loop
			vertex	-20.0890	-8.45163	45.0000
			vertex	-24.3676	-7.79846	42.9582
			vertex	-23.5830	-9.92155	42.9582
		endloop
	endfacet
	facet normal	-0.514580	-0.190162	0.836090
		outer loop
			vertex	-27.7970	-8.89602	40.5979
			vertex	-23.5830	-9.92155	42.9582
			vertex	-24.3676	-7.79846	42.9582
		endloop
	endfacet
	facet normal	-0.514580	-0.190161	0.836090
		outer loop
			vertex	-23.5830	-9.92155	42.9582
			vertex	-27.7970	-8.89602	40.5979
			vertex	-26.9020	-11.3179	40.5979
		endloop
	endfacet
	facet normal	-0.580161	-0.214397	0.785778
		outer loop
			vertex	-31.0204	-9.92761	37.9365
			vertex	-26.9020	-11.3179	40.5979
			vertex	-27.7970	-8.89602	40.5979
		endloop
	endfacet
	facet normal	-0.580161	-0.214397	0.785778
		outer loop
			vertex	-26.9020	-11.3179	40.5979
			vertex	-31.0204	-9.92761	37.9365
			vertex	-30.0216	-12.6303	37.9365
		endloop
	endfacet
	facet normal	-0.641428	-0.237038	0.729646
		outer loop
			vertex	-34.0137	-10.8856	34.9938
			vertex	-30.0216	-12.6303	37.9365
			vertex	-31.0204	-9.92761	37.9365
		endloop
	endfacet
	facet normal	-0.641428	-0.237039	0.729646
		outer loop
			vertex	-30.0216	-12.6303	37.9365
			vertex	-34.0137	-10.8856	34.9938
			vertex	-32.9186	-13.8491	34.9938
		endloop
	endfacet
	facet normal	-0.697928	-0.257918	0.668113
		outer loop
			vertex	-36.7549	-11.7628	31.7917
			vertex	-32.9186	-13.8491	34.9938
			vertex	-34.0137	-10.8856	34.9938
		endloop
	endfacet
	facet normal	-0.697928	-0.257918	0.668113
		outer loop
			vertex	-32.9186	-13.8491	34.9938
			vertex	-36.7549	-11.7628	31.7917
			vertex	-35.5715	-14.9652	31.7917
		endloop
	endfacet
	facet normal	-0.749245	-0.276882	0.601638
		outer loop
			vertex	-39.2235	-12.5529	28.3539
			vertex	-35.5715	-14.9652	31.7917
			vertex	-36.7549	-11.7628	31.7917
		endloop
	endfacet
	facet normal	-0.749245	-0.276882	0.601638
		outer loop
			vertex	-35.5715	-14.9652	31.7917
			vertex	-39.2235	-12.5529	28.3539
			vertex	-37.9606	-15.9703	28.3539
		endloop
	endfacet
	facet normal	-0.795002	-0.293791	0.530715
		outer loop
			vertex	-41.4013	-13.2499	24.7058
			vertex	-37.9606	-15.9703	28.3539
			vertex	-39.2235	-12.5529	28.3539
		endloop
	endfacet
	facet normal	-0.795002	-0.293791	0.530715
		outer loop
			vertex	-37.9606	-15.9703	28.3539
			vertex	-41.4013	-13.2499	24.7058
			vertex	-40.0683	-16.8571	24.7058
		endloop
	endfacet
	facet normal	-0.834863	-0.308521	0.455872
		outer loop
			vertex	-43.2721	-13.8486	20.8745
			vertex	-40.0683	-16.8571	24.7058
			vertex	-41.4013	-13.2499	24.7058
		endloop
	endfacet
	facet normal	-0.834863	-0.308522	0.455871
		outer loop
			vertex	-40.0683	-16.8571	24.7058
			vertex	-43.2721	-13.8486	20.8745
			vertex	-41.8788	-17.6188	20.8745
		endloop
	endfacet
	facet normal	-0.868535	-0.320966	0.377661
		outer loop
			vertex	-44.8220	-14.3446	16.8884
			vertex	-41.8788	-17.6188	20.8745
			vertex	-43.2721	-13.8486	20.8745
		endloop
	endfacet
	facet normal	-0.868535	-0.320965	0.377662
		outer loop
			vertex	-41.8788	-17.6188	20.8745
			vertex	-44.8220	-14.3446	16.8884
			vertex	-43.3789	-18.2498	16.8884
		endloop
	endfacet
	facet normal	-0.888687	-0.328412	0.319971
		outer loop
			vertex	-45.0000	-14.4033	16.3338
			vertex	-43.3789	-18.2498	16.8884
			vertex	-44.8220	-14.3446	16.8884
		endloop
	endfacet
	facet normal	-0.890129	-0.329812	0.314475
		outer loop
			vertex	-43.3789	-18.2498	16.8884
			vertex	-45.0000	-14.4033	16.3338
			vertex	-45.0000	-17.1316	13.4725
		endloop
	endfacet
	facet normal	-0.897969	0.226418	0.377341
		outer loop
			vertex	-45.0000	13.6433	16.8857
			vertex	-43.2721	13.8486	20.8745
			vertex	-44.8220	14.3446	16.8884
		endloop
	endfacet
	facet normal	-0.868535	0.320965	0.377661
		outer loop
			vertex	-43.3789	18.2498	16.8884
			vertex	-44.8220	14.3446	16.8884
			vertex	-43.2721	13.8486	20.8745
		endloop
	endfacet
	facet normal	-0.883044	0.326327	0.337261
		outer loop
			vertex	-44.8220	14.3446	16.8884
			vertex	-43.3789	18.2498	16.8884
			vertex	-45.0000	15.7734	15.0399
		endloop
	endfacet
	facet normal	-0.465241	0.833991	0.296666
		outer loop
			vertex	-21.6595	43.2159	12.7771
			vertex	-24.7226	40.0447	16.8884
			vertex	-21.0867	42.0730	16.8884
		endloop
	endfacet
	facet normal	-0.451094	0.808632	0.377662
		outer loop
			vertex	-23.8677	38.6599	20.8745
			vertex	-21.0867	42.0730	16.8884
			vertex	-24.7226	40.0447	16.8884
		endloop
	endfacet
	facet normal	-0.451095	0.808632	0.377662
		outer loop
			vertex	-21.0867	42.0730	16.8884
			vertex	-23.8677	38.6599	20.8745
			vertex	-20.3575	40.6181	20.8745
		endloop
	endfacet
	facet normal	-0.433606	0.777282	0.455871
		outer loop
			vertex	-22.8358	36.9885	24.7058
			vertex	-20.3575	40.6181	20.8745
			vertex	-23.8677	38.6599	20.8745
		endloop
	endfacet
	facet normal	-0.433606	0.777282	0.455872
		outer loop
			vertex	-20.3575	40.6181	20.8745
			vertex	-22.8358	36.9885	24.7058
			vertex	-19.4774	38.8620	24.7058
		endloop
	endfacet
	facet normal	-0.412903	0.740170	0.530715
		outer loop
			vertex	-21.6346	35.0429	28.3539
			vertex	-19.4774	38.8620	24.7058
			vertex	-22.8358	36.9885	24.7058
		endloop
	endfacet
	facet normal	-0.412904	0.740170	0.530715
		outer loop
			vertex	-19.4774	38.8620	24.7058
			vertex	-21.6346	35.0429	28.3539
			vertex	-18.4528	36.8178	28.3539
		endloop
	endfacet
	facet normal	-0.389138	0.697569	0.601638
		outer loop
			vertex	-20.2730	32.8374	31.7917
			vertex	-18.4528	36.8178	28.3539
			vertex	-21.6346	35.0429	28.3539
		endloop
	endfacet
	facet normal	-0.389139	0.697569	0.601638
		outer loop
			vertex	-18.4528	36.8178	28.3539
			vertex	-20.2730	32.8374	31.7917
			vertex	-17.2915	34.5006	31.7917
		endloop
	endfacet
	facet normal	-0.362486	0.649791	0.668113
		outer loop
			vertex	-18.7610	30.3884	34.9938
			vertex	-17.2915	34.5006	31.7917
			vertex	-20.2730	32.8374	31.7917
		endloop
	endfacet
	facet normal	-0.362486	0.649791	0.668113
		outer loop
			vertex	-17.2915	34.5006	31.7917
			vertex	-18.7610	30.3884	34.9938
			vertex	-16.0019	31.9276	34.9938
		endloop
	endfacet
	facet normal	-0.333141	0.597188	0.729646
		outer loop
			vertex	-17.1100	27.7141	37.9365
			vertex	-16.0019	31.9276	34.9938
			vertex	-18.7610	30.3884	34.9938
		endloop
	endfacet
	facet normal	-0.333141	0.597188	0.729646
		outer loop
			vertex	-16.0019	31.9276	34.9938
			vertex	-17.1100	27.7141	37.9365
			vertex	-14.5937	29.1178	37.9365
		endloop
	endfacet
	facet normal	-0.301320	0.540147	0.785778
		outer loop
			vertex	-15.3321	24.8343	40.5979
			vertex	-14.5937	29.1178	37.9365
			vertex	-17.1100	27.7141	37.9365
		endloop
	endfacet
	facet normal	-0.301321	0.540147	0.785778
		outer loop
			vertex	-14.5937	29.1178	37.9365
			vertex	-15.3321	24.8343	40.5979
			vertex	-13.0772	26.0922	40.5979
		endloop
	endfacet
	facet normal	-0.267259	0.479089	0.836090
		outer loop
			vertex	-13.4405	21.7703	42.9582
			vertex	-13.0772	26.0922	40.5979
			vertex	-15.3321	24.8343	40.5979
		endloop
	endfacet
	facet normal	-0.267260	0.479089	0.836090
		outer loop
			vertex	-13.0772	26.0922	40.5979
			vertex	-13.4405	21.7703	42.9582
			vertex	-11.4638	22.8730	42.9582
		endloop
	endfacet
	facet normal	-0.231210	0.414466	0.880204
		outer loop
			vertex	-11.4492	18.5450	45.0000
			vertex	-11.4638	22.8730	42.9582
			vertex	-13.4405	21.7703	42.9582
		endloop
	endfacet
	facet normal	-0.231210	0.414466	0.880204
		outer loop
			vertex	-11.4638	22.8730	42.9582
			vertex	-11.4492	18.5450	45.0000
			vertex	-9.76539	19.4843	45.0000
		endloop
	endfacet
	facet normal	0.265249	0.887121	0.377703
		outer loop
			vertex	13.6433	45.0000	16.8857
			vertex	14.8025	42.9551	20.8745
			vertex	15.3327	44.4937	16.8884
		endloop
	endfacet
	facet normal	0.340100	0.861222	0.377662
		outer loop
			vertex	19.2050	42.9645	16.8884
			vertex	15.3327	44.4937	16.8884
			vertex	14.8025	42.9551	20.8745
		endloop
	endfacet
	facet normal	0.347504	0.879970	0.323874
		outer loop
			vertex	15.3327	44.4937	16.8884
			vertex	19.2050	42.9645	16.8884
			vertex	15.7734	45.0000	15.0399
		endloop
	endfacet
	facet normal	0.697307	0.652497	0.296665
		outer loop
			vertex	36.7232	31.4349	12.7771
			vertex	32.9073	33.6436	16.8884
			vertex	35.7520	30.6035	16.8884
		endloop
	endfacet
	facet normal	0.676105	0.632657	0.377662
		outer loop
			vertex	31.7694	32.4802	20.8745
			vertex	35.7520	30.6035	16.8884
			vertex	32.9073	33.6436	16.8884
		endloop
	endfacet
	facet normal	0.676105	0.632656	0.377662
		outer loop
			vertex	35.7520	30.6035	16.8884
			vertex	31.7694	32.4802	20.8745
			vertex	34.5157	29.5453	20.8745
		endloop
	endfacet
	facet normal	0.649893	0.608129	0.455872
		outer loop
			vertex	30.3959	31.0759	24.7058
			vertex	34.5157	29.5453	20.8745
			vertex	31.7694	32.4802	20.8745
		endloop
	endfacet
	facet normal	0.649892	0.608129	0.455871
		outer loop
			vertex	34.5157	29.5453	20.8745
			vertex	30.3959	31.0759	24.7058
			vertex	33.0235	28.2679	24.7058
		endloop
	endfacet
	facet normal	0.618863	0.579094	0.530715
		outer loop
			vertex	28.7970	29.4413	28.3539
			vertex	33.0235	28.2679	24.7058
			vertex	30.3959	31.0759	24.7058
		endloop
	endfacet
	facet normal	0.618863	0.579094	0.530715
		outer loop
			vertex	33.0235	28.2679	24.7058
			vertex	28.7970	29.4413	28.3539
			vertex	31.2864	26.7810	28.3539
		endloop
	endfacet
	facet normal	0.583244	0.545763	0.601638
		outer loop
			vertex	26.9846	27.5883	31.7917
			vertex	31.2864	26.7810	28.3539
			vertex	28.7970	29.4413	28.3539
		endloop
	endfacet
	facet normal	0.583244	0.545763	0.601638
		outer loop
			vertex	31.2864	26.7810	28.3539
			vertex	26.9846	27.5883	31.7917
			vertex	29.3173	25.0955	31.7917
		endloop
	endfacet
	facet normal	0.543297	0.508383	0.668113
		outer loop
			vertex	24.9721	25.5308	34.9938
			vertex	29.3173	25.0955	31.7917
			vertex	26.9846	27.5883	31.7917
		endloop
	endfacet
	facet normal	0.543297	0.508383	0.668113
		outer loop
			vertex	29.3173	25.0955	31.7917
			vertex	24.9721	25.5308	34.9938
			vertex	27.1308	23.2239	34.9938
		endloop
	endfacet
	facet normal	0.499315	0.467228	0.729646
		outer loop
			vertex	22.7745	23.2840	37.9365
			vertex	27.1308	23.2239	34.9938
			vertex	24.9721	25.5308	34.9938
		endloop
	endfacet
	facet normal	0.499315	0.467227	0.729646
		outer loop
			vertex	27.1308	23.2239	34.9938
			vertex	22.7745	23.2840	37.9365
			vertex	24.7432	21.1801	37.9365
		endloop
	endfacet
	facet normal	0.451622	0.422599	0.785778
		outer loop
			vertex	20.4080	20.8645	40.5979
			vertex	24.7432	21.1801	37.9365
			vertex	22.7745	23.2840	37.9365
		endloop
	endfacet
	facet normal	0.451622	0.422599	0.785778
		outer loop
			vertex	24.7432	21.1801	37.9365
			vertex	20.4080	20.8645	40.5979
			vertex	22.1721	18.9792	40.5979
		endloop
	endfacet
	facet normal	0.400571	0.374829	0.836090
		outer loop
			vertex	17.8901	18.2904	42.9582
			vertex	22.1721	18.9792	40.5979
			vertex	20.4080	20.8645	40.5979
		endloop
	endfacet
	facet normal	0.400571	0.374829	0.836090
		outer loop
			vertex	22.1721	18.9792	40.5979
			vertex	17.8901	18.2904	42.9582
			vertex	19.4366	16.6377	42.9582
		endloop
	endfacet
	facet normal	0.346539	0.324270	0.880204
		outer loop
			vertex	15.2396	15.5806	45.0000
			vertex	19.4366	16.6377	42.9582
			vertex	17.8901	18.2904	42.9582
		endloop
	endfacet
	facet normal	0.346539	0.324270	0.880204
		outer loop
			vertex	19.4366	16.6377	42.9582
			vertex	15.2396	15.5806	45.0000
			vertex	16.5570	14.1727	45.0000
		endloop
	endfacet
	facet normal	0.878966	0.369788	0.301125
		outer loop
			vertex	45.0000	16.6364	13.9918
			vertex	42.5291	20.1508	16.8884
			vertex	44.1436	16.3132	16.8884
		endloop
	endfacet
	facet normal	0.853487	0.359069	0.377662
		outer loop
			vertex	41.0585	19.4540	20.8745
			vertex	44.1436	16.3132	16.8884
			vertex	42.5291	20.1508	16.8884
		endloop
	endfacet
	facet normal	0.853487	0.359070	0.377662
		outer loop
			vertex	44.1436	16.3132	16.8884
			vertex	41.0585	19.4540	20.8745
			vertex	42.6172	15.7491	20.8745
		endloop
	endfacet
	facet normal	0.820398	0.345149	0.455872
		outer loop
			vertex	39.2834	18.6129	24.7058
			vertex	42.6172	15.7491	20.8745
			vertex	41.0585	19.4540	20.8745
		endloop
	endfacet
	facet normal	0.820398	0.345148	0.455872
		outer loop
			vertex	42.6172	15.7491	20.8745
			vertex	39.2834	18.6129	24.7058
			vertex	40.7747	15.0682	24.7058
		endloop
	endfacet
	facet normal	0.781229	0.328669	0.530715
		outer loop
			vertex	37.2170	17.6338	28.3539
			vertex	40.7747	15.0682	24.7058
			vertex	39.2834	18.6129	24.7058
		endloop
	endfacet
	facet normal	0.781229	0.328670	0.530715
		outer loop
			vertex	40.7747	15.0682	24.7058
			vertex	37.2170	17.6338	28.3539
			vertex	38.6299	14.2756	28.3539
		endloop
	endfacet
	facet normal	0.736264	0.309753	0.601638
		outer loop
			vertex	34.8747	16.5240	31.7917
			vertex	38.6299	14.2756	28.3539
			vertex	37.2170	17.6338	28.3539
		endloop
	endfacet
	facet normal	0.736264	0.309752	0.601638
		outer loop
			vertex	38.6299	14.2756	28.3539
			vertex	34.8747	16.5240	31.7917
			vertex	36.1986	13.3771	31.7917
		endloop
	endfacet
	facet normal	0.685836	0.288537	0.668113
		outer loop
			vertex	32.2738	15.2917	34.9938
			vertex	36.1986	13.3771	31.7917
			vertex	34.8747	16.5240	31.7917
		endloop
	endfacet
	facet normal	0.685836	0.288537	0.668113
		outer loop
			vertex	36.1986	13.3771	31.7917
			vertex	32.2738	15.2917	34.9938
			vertex	33.4990	12.3795	34.9938
		endloop
	endfacet
	facet normal	0.630315	0.265178	0.729646
		outer loop
			vertex	29.4335	13.9459	37.9365
			vertex	33.4990	12.3795	34.9938
			vertex	32.2738	15.2917	34.9938
		endloop
	endfacet
	facet normal	0.630315	0.265179	0.729646
		outer loop
			vertex	33.4990	12.3795	34.9938
			vertex	29.4335	13.9459	37.9365
			vertex	30.5509	11.2900	37.9365
		endloop
	endfacet
	facet normal	0.570109	0.239850	0.785778
		outer loop
			vertex	26.3751	12.4968	40.5979
			vertex	30.5509	11.2900	37.9365
			vertex	29.4335	13.9459	37.9365
		endloop
	endfacet
	facet normal	0.570109	0.239850	0.785778
		outer loop
			vertex	30.5509	11.2900	37.9365
			vertex	26.3751	12.4968	40.5979
			vertex	27.3763	10.1169	40.5979
		endloop
	endfacet
	facet normal	0.505664	0.212738	0.836090
		outer loop
			vertex	23.1210	10.9550	42.9582
			vertex	27.3763	10.1169	40.5979
			vertex	26.3751	12.4968	40.5979
		endloop
	endfacet
	facet normal	0.505664	0.212737	0.836090
		outer loop
			vertex	27.3763	10.1169	40.5979
			vertex	23.1210	10.9550	42.9582
			vertex	23.9987	8.86869	42.9582
		endloop
	endfacet
	facet normal	0.437457	0.184042	0.880204
		outer loop
			vertex	19.6955	9.33197	45.0000
			vertex	23.9987	8.86869	42.9582
			vertex	23.1210	10.9550	42.9582
		endloop
	endfacet
	facet normal	0.437457	0.184042	0.880204
		outer loop
			vertex	23.9987	8.86869	42.9582
			vertex	19.6955	9.33197	45.0000
			vertex	20.4432	7.55475	45.0000
		endloop
	endfacet
	facet normal	0.513215	-0.831286	0.213480
		outer loop
			vertex	23.9981	-43.0189	8.57107
			vertex	27.1887	-39.9690	12.7771
			vertex	23.5499	-42.2155	12.7771
		endloop
	endfacet
	facet normal	0.501676	-0.812595	0.296665
		outer loop
			vertex	26.4697	-38.9119	16.8884
			vertex	23.5499	-42.2155	12.7771
			vertex	27.1887	-39.9690	12.7771
		endloop
	endfacet
	facet normal	0.501676	-0.812595	0.296665
		outer loop
			vertex	23.5499	-42.2155	12.7771
			vertex	26.4697	-38.9119	16.8884
			vertex	22.9271	-41.0990	16.8884
		endloop
	endfacet
	facet normal	0.486421	-0.787887	0.377662
		outer loop
			vertex	25.5544	-37.5664	20.8745
			vertex	22.9271	-41.0990	16.8884
			vertex	26.4697	-38.9119	16.8884
		endloop
	endfacet
	facet normal	0.486422	-0.787887	0.377662
		outer loop
			vertex	22.9271	-41.0990	16.8884
			vertex	25.5544	-37.5664	20.8745
			vertex	22.1343	-39.6778	20.8745
		endloop
	endfacet
	facet normal	0.467563	-0.757341	0.455872
		outer loop
			vertex	24.4496	-35.9422	24.7058
			vertex	22.1343	-39.6778	20.8745
			vertex	25.5544	-37.5664	20.8745
		endloop
	endfacet
	facet normal	0.467564	-0.757341	0.455872
		outer loop
			vertex	22.1343	-39.6778	20.8745
			vertex	24.4496	-35.9422	24.7058
			vertex	21.1773	-37.9624	24.7058
		endloop
	endfacet
	facet normal	0.445240	-0.721182	0.530715
		outer loop
			vertex	23.1635	-34.0516	28.3539
			vertex	21.1773	-37.9624	24.7058
			vertex	24.4496	-35.9422	24.7058
		endloop
	endfacet
	facet normal	0.445240	-0.721182	0.530715
		outer loop
			vertex	21.1773	-37.9624	24.7058
			vertex	23.1635	-34.0516	28.3539
			vertex	20.0634	-35.9656	28.3539
		endloop
	endfacet
	facet normal	0.419614	-0.679673	0.601638
		outer loop
			vertex	21.7056	-31.9085	31.7917
			vertex	20.0634	-35.9656	28.3539
			vertex	23.1635	-34.0516	28.3539
		endloop
	endfacet
	facet normal	0.419613	-0.679673	0.601639
		outer loop
			vertex	20.0634	-35.9656	28.3539
			vertex	21.7056	-31.9085	31.7917
			vertex	18.8006	-33.7020	31.7917
		endloop
	endfacet
	facet normal	0.390873	-0.633122	0.668113
		outer loop
			vertex	20.0869	-29.5288	34.9938
			vertex	18.8006	-33.7020	31.7917
			vertex	21.7056	-31.9085	31.7917
		endloop
	endfacet
	facet normal	0.390873	-0.633122	0.668113
		outer loop
			vertex	18.8006	-33.7020	31.7917
			vertex	20.0869	-29.5288	34.9938
			vertex	17.3985	-31.1885	34.9938
		endloop
	endfacet
	facet normal	0.359230	-0.581868	0.729646
		outer loop
			vertex	18.3191	-26.9301	37.9365
			vertex	17.3985	-31.1885	34.9938
			vertex	20.0869	-29.5288	34.9938
		endloop
	endfacet
	facet normal	0.359230	-0.581868	0.729646
		outer loop
			vertex	17.3985	-31.1885	34.9938
			vertex	18.3191	-26.9301	37.9365
			vertex	15.8673	-28.4438	37.9365
		endloop
	endfacet
	facet normal	0.324918	-0.526290	0.785778
		outer loop
			vertex	16.4156	-24.1318	40.5979
			vertex	15.8673	-28.4438	37.9365
			vertex	18.3191	-26.9301	37.9365
		endloop
	endfacet
	facet normal	0.324918	-0.526290	0.785778
		outer loop
			vertex	15.8673	-28.4438	37.9365
			vertex	16.4156	-24.1318	40.5979
			vertex	14.2186	-25.4882	40.5979
		endloop
	endfacet
	facet normal	0.288189	-0.466798	0.836090
		outer loop
			vertex	14.3903	-21.1545	42.9582
			vertex	14.2186	-25.4882	40.5979
			vertex	16.4156	-24.1318	40.5979
		endloop
	endfacet
	facet normal	0.288190	-0.466798	0.836090
		outer loop
			vertex	14.2186	-25.4882	40.5979
			vertex	14.3903	-21.1545	42.9582
			vertex	12.4643	-22.3435	42.9582
		endloop
	endfacet
	facet normal	0.249317	-0.403834	0.880204
		outer loop
			vertex	12.2583	-18.0204	45.0000
			vertex	12.4643	-22.3435	42.9582
			vertex	14.3903	-21.1545	42.9582
		endloop
	endfacet
	facet normal	0.249317	-0.403834	0.880204
		outer loop
			vertex	12.4643	-22.3435	42.9582
			vertex	12.2583	-18.0204	45.0000
			vertex	10.6177	-19.0333	45.0000
		endloop
	endfacet
	facet normal	-0.393615	-0.880576	0.263920
		outer loop
			vertex	-18.3347	-45.0000	11.7830
			vertex	-17.7553	-44.9610	12.7771
			vertex	-21.6595	-43.2159	12.7771
		endloop
	endfacet
	facet normal	-0.389712	-0.871845	0.296666
		outer loop
			vertex	-17.2858	-43.7720	16.8884
			vertex	-21.6595	-43.2159	12.7771
			vertex	-17.7553	-44.9610	12.7771
		endloop
	endfacet
	facet normal	-0.389712	-0.871845	0.296666
		outer loop
			vertex	-21.6595	-43.2159	12.7771
			vertex	-17.2858	-43.7720	16.8884
			vertex	-21.0867	-42.0730	16.8884
		endloop
	endfacet
	facet normal	-0.377862	-0.845335	0.377662
		outer loop
			vertex	-16.6880	-42.2583	20.8745
			vertex	-21.0867	-42.0730	16.8884
			vertex	-17.2858	-43.7720	16.8884
		endloop
	endfacet
	facet normal	-0.377862	-0.845336	0.377662
		outer loop
			vertex	-21.0867	-42.0730	16.8884
			vertex	-16.6880	-42.2583	20.8745
			vertex	-20.3575	-40.6181	20.8745
		endloop
	endfacet
	facet normal	-0.363212	-0.812563	0.455871
		outer loop
			vertex	-15.9665	-40.4314	24.7058
			vertex	-20.3575	-40.6181	20.8745
			vertex	-16.6880	-42.2583	20.8745
		endloop
	endfacet
	facet normal	-0.363213	-0.812562	0.455872
		outer loop
			vertex	-20.3575	-40.6181	20.8745
			vertex	-15.9665	-40.4314	24.7058
			vertex	-19.4774	-38.8620	24.7058
		endloop
	endfacet
	facet normal	-0.345871	-0.773767	0.530715
		outer loop
			vertex	-15.1267	-38.3046	28.3539
			vertex	-19.4774	-38.8620	24.7058
			vertex	-15.9665	-40.4314	24.7058
		endloop
	endfacet
	facet normal	-0.345871	-0.773767	0.530715
		outer loop
			vertex	-19.4774	-38.8620	24.7058
			vertex	-15.1267	-38.3046	28.3539
			vertex	-18.4528	-36.8178	28.3539
		endloop
	endfacet
	facet normal	-0.325964	-0.729232	0.601638
		outer loop
			vertex	-14.1746	-35.8938	31.7917
			vertex	-18.4528	-36.8178	28.3539
			vertex	-15.1267	-38.3046	28.3539
		endloop
	endfacet
	facet normal	-0.325964	-0.729232	0.601638
		outer loop
			vertex	-18.4528	-36.8178	28.3539
			vertex	-14.1746	-35.8938	31.7917
			vertex	-17.2915	-34.5006	31.7917
		endloop
	endfacet
	facet normal	-0.303638	-0.679285	0.668113
		outer loop
			vertex	-13.1175	-33.2169	34.9938
			vertex	-17.2915	-34.5006	31.7917
			vertex	-14.1746	-35.8938	31.7917
		endloop
	endfacet
	facet normal	-0.303638	-0.679285	0.668113
		outer loop
			vertex	-17.2915	-34.5006	31.7917
			vertex	-13.1175	-33.2169	34.9938
			vertex	-16.0019	-31.9276	34.9938
		endloop
	endfacet
	facet normal	-0.279058	-0.624294	0.729646
		outer loop
			vertex	-11.9631	-30.2937	37.9365
			vertex	-16.0019	-31.9276	34.9938
			vertex	-13.1175	-33.2169	34.9938
		endloop
	endfacet
	facet normal	-0.279058	-0.624294	0.729646
		outer loop
			vertex	-16.0019	-31.9276	34.9938
			vertex	-11.9631	-30.2937	37.9365
			vertex	-14.5937	-29.1178	37.9365
		endloop
	endfacet
	facet normal	-0.252403	-0.564664	0.785778
		outer loop
			vertex	-10.7200	-27.1458	40.5979
			vertex	-14.5937	-29.1178	37.9365
			vertex	-11.9631	-30.2937	37.9365
		endloop
	endfacet
	facet normal	-0.252403	-0.564664	0.785778
		outer loop
			vertex	-14.5937	-29.1178	37.9365
			vertex	-10.7200	-27.1458	40.5979
			vertex	-13.0772	-26.0922	40.5979
		endloop
	endfacet
	facet normal	-0.223872	-0.500835	0.836090
		outer loop
			vertex	-9.39742	-23.7967	42.9582
			vertex	-13.0772	-26.0922	40.5979
			vertex	-10.7200	-27.1458	40.5979
		endloop
	endfacet
	facet normal	-0.223872	-0.500835	0.836090
		outer loop
			vertex	-13.0772	-26.0922	40.5979
			vertex	-9.39742	-23.7967	42.9582
			vertex	-11.4638	-22.8730	42.9582
		endloop
	endfacet
	facet normal	-0.193674	-0.433279	0.880204
		outer loop
			vertex	-8.00515	-20.2711	45.0000
			vertex	-11.4638	-22.8730	42.9582
			vertex	-9.39742	-23.7967	42.9582
		endloop
	endfacet
	facet normal	-0.193674	-0.433279	0.880204
		outer loop
			vertex	-11.4638	-22.8730	42.9582
			vertex	-8.00515	-20.2711	45.0000
			vertex	-9.76539	-19.4843	45.0000
		endloop
	endfacet
	facet normal	-0.881070	-0.417460	0.222358
		outer loop
			vertex	-45.0000	-18.9374	10.6626
			vertex	-42.7261	-22.6102	12.7771
			vertex	-44.5572	-18.7456	12.7771
		endloop
	endfacet
	facet normal	-0.863011	-0.408904	0.296666
		outer loop
			vertex	-41.5962	-22.0123	16.8884
			vertex	-44.5572	-18.7456	12.7771
			vertex	-42.7261	-22.6102	12.7771
		endloop
	endfacet
	facet normal	-0.863011	-0.408904	0.296666
		outer loop
			vertex	-44.5572	-18.7456	12.7771
			vertex	-41.5962	-22.0123	16.8884
			vertex	-43.3789	-18.2498	16.8884
		endloop
	endfacet
	facet normal	-0.836769	-0.396470	0.377662
		outer loop
			vertex	-40.1578	-21.2511	20.8745
			vertex	-43.3789	-18.2498	16.8884
			vertex	-41.5962	-22.0123	16.8884
		endloop
	endfacet
	facet normal	-0.836769	-0.396471	0.377662
		outer loop
			vertex	-43.3789	-18.2498	16.8884
			vertex	-40.1578	-21.2511	20.8745
			vertex	-41.8788	-17.6188	20.8745
		endloop
	endfacet
	facet normal	-0.804328	-0.381100	0.455871
		outer loop
			vertex	-38.4216	-20.3323	24.7058
			vertex	-41.8788	-17.6188	20.8745
			vertex	-40.1578	-21.2511	20.8745
		endloop
	endfacet
	facet normal	-0.804328	-0.381100	0.455871
		outer loop
			vertex	-41.8788	-17.6188	20.8745
			vertex	-38.4216	-20.3323	24.7058
			vertex	-40.0683	-16.8571	24.7058
		endloop
	endfacet
	facet normal	-0.765926	-0.362904	0.530715
		outer loop
			vertex	-36.4006	-19.2628	28.3539
			vertex	-40.0683	-16.8571	24.7058
			vertex	-38.4216	-20.3323	24.7058
		endloop
	endfacet
	facet normal	-0.765926	-0.362904	0.530715
		outer loop
			vertex	-40.0683	-16.8571	24.7058
			vertex	-36.4006	-19.2628	28.3539
			vertex	-37.9606	-15.9703	28.3539
		endloop
	endfacet
	facet normal	-0.721842	-0.342016	0.601638
		outer loop
			vertex	-34.1096	-18.0505	31.7917
			vertex	-37.9606	-15.9703	28.3539
			vertex	-36.4006	-19.2628	28.3539
		endloop
	endfacet
	facet normal	-0.721842	-0.342017	0.601638
		outer loop
			vertex	-37.9606	-15.9703	28.3539
			vertex	-34.1096	-18.0505	31.7917
			vertex	-35.5715	-14.9652	31.7917
		endloop
	endfacet
	facet normal	-0.672402	-0.318591	0.668113
		outer loop
			vertex	-31.5658	-16.7043	34.9938
			vertex	-35.5715	-14.9652	31.7917
			vertex	-34.1096	-18.0505	31.7917
		endloop
	endfacet
	facet normal	-0.672402	-0.318591	0.668113
		outer loop
			vertex	-35.5715	-14.9652	31.7917
			vertex	-31.5658	-16.7043	34.9938
			vertex	-32.9186	-13.8491	34.9938
		endloop
	endfacet
	facet normal	-0.617968	-0.292800	0.729646
		outer loop
			vertex	-28.7879	-15.2342	37.9365
			vertex	-32.9186	-13.8491	34.9938
			vertex	-31.5658	-16.7043	34.9938
		endloop
	endfacet
	facet normal	-0.617968	-0.292800	0.729646
		outer loop
			vertex	-32.9186	-13.8491	34.9938
			vertex	-28.7879	-15.2342	37.9365
			vertex	-30.0216	-12.6303	37.9365
		endloop
	endfacet
	facet normal	-0.558942	-0.264833	0.785778
		outer loop
			vertex	-25.7965	-13.6512	40.5979
			vertex	-30.0216	-12.6303	37.9365
			vertex	-28.7879	-15.2342	37.9365
		endloop
	endfacet
	facet normal	-0.558942	-0.264833	0.785778
		outer loop
			vertex	-30.0216	-12.6303	37.9365
			vertex	-25.7965	-13.6512	40.5979
			vertex	-26.9020	-11.3179	40.5979
		endloop
	endfacet
	facet normal	-0.495760	-0.234897	0.836090
		outer loop
			vertex	-22.6138	-11.9670	42.9582
			vertex	-26.9020	-11.3179	40.5979
			vertex	-25.7965	-13.6512	40.5979
		endloop
	endfacet
	facet normal	-0.495760	-0.234896	0.836090
		outer loop
			vertex	-26.9020	-11.3179	40.5979
			vertex	-22.6138	-11.9670	42.9582
			vertex	-23.5830	-9.92155	42.9582
		endloop
	endfacet
	facet normal	-0.428888	-0.203212	0.880204
		outer loop
			vertex	-19.2635	-10.1940	45.0000
			vertex	-23.5830	-9.92155	42.9582
			vertex	-22.6138	-11.9670	42.9582
		endloop
	endfacet
	facet normal	-0.428888	-0.203212	0.880204
		outer loop
			vertex	-23.5830	-9.92155	42.9582
			vertex	-19.2635	-10.1940	45.0000
			vertex	-20.0890	-8.45163	45.0000
		endloop
	endfacet
	facet normal	-0.863011	0.408904	0.296666
		outer loop
			vertex	-42.7261	22.6102	12.7771
			vertex	-44.5572	18.7456	12.7771
			vertex	-43.3789	18.2498	16.8884
		endloop
	endfacet
	facet normal	-0.895320	0.332237	0.296681
		outer loop
			vertex	-45.0000	17.5564	12.7727
			vertex	-43.3789	18.2498	16.8884
			vertex	-44.5572	18.7456	12.7771
		endloop
	endfacet
	facet normal	-0.885482	0.365258	0.287242
		outer loop
			vertex	-43.3789	18.2498	16.8884
			vertex	-45.0000	17.5564	12.7727
			vertex	-45.0000	15.7734	15.0399
		endloop
	endfacet
	facet normal	-0.467181	0.0835610	0.880204
		outer loop
			vertex	-21.6028	2.88459	45.0000
			vertex	-21.2633	4.78255	45.0000
			vertex	-24.9614	5.61434	42.9582
		endloop
	endfacet
	facet normal	-0.457968	0.124524	0.880204
		outer loop
			vertex	-24.3676	7.79846	42.9582
			vertex	-24.9614	5.61434	42.9582
			vertex	-21.2633	4.78255	45.0000
		endloop
	endfacet
	facet normal	-0.529373	0.143939	0.836090
		outer loop
			vertex	-24.9614	5.61434	42.9582
			vertex	-24.3676	7.79846	42.9582
			vertex	-27.7970	8.89602	40.5979
		endloop
	endfacet
	facet normal	-0.514580	0.190162	0.836090
		outer loop
			vertex	-26.9020	11.3179	40.5979
			vertex	-27.7970	8.89602	40.5979
			vertex	-24.3676	7.79846	42.9582
		endloop
	endfacet
	facet normal	-0.580161	0.214397	0.785778
		outer loop
			vertex	-27.7970	8.89602	40.5979
			vertex	-26.9020	11.3179	40.5979
			vertex	-30.0216	12.6303	37.9365
		endloop
	endfacet
	facet normal	-0.558942	0.264833	0.785778
		outer loop
			vertex	-28.7879	15.2342	37.9365
			vertex	-30.0216	12.6303	37.9365
			vertex	-26.9020	11.3179	40.5979
		endloop
	endfacet
	facet normal	-0.617968	0.292800	0.729646
		outer loop
			vertex	-30.0216	12.6303	37.9365
			vertex	-28.7879	15.2342	37.9365
			vertex	-31.5658	16.7043	34.9938
		endloop
	endfacet
	facet normal	-0.589672	0.346270	0.729646
		outer loop
			vertex	-29.9659	19.4287	34.9938
			vertex	-31.5658	16.7043	34.9938
			vertex	-28.7879	15.2342	37.9365
		endloop
	endfacet
	facet normal	-0.641614	0.376772	0.668113
		outer loop
			vertex	-31.5658	16.7043	34.9938
			vertex	-29.9659	19.4287	34.9938
			vertex	-32.3809	20.9944	31.7917
		endloop
	endfacet
	facet normal	-0.605804	0.432003	0.668113
		outer loop
			vertex	-30.3987	23.7741	31.7917
			vertex	-32.3809	20.9944	31.7917
			vertex	-29.9659	19.4287	34.9938
		endloop
	endfacet
	facet normal	-0.650347	0.463768	0.601638
		outer loop
			vertex	-32.3809	20.9944	31.7917
			vertex	-30.3987	23.7741	31.7917
			vertex	-32.4404	25.3709	28.3539
		endloop
	endfacet
	facet normal	-0.606814	0.519430	0.601638
		outer loop
			vertex	-30.0711	28.1387	28.3539
			vertex	-32.4404	25.3709	28.3539
			vertex	-30.3987	23.7741	31.7917
		endloop
	endfacet
	facet normal	-0.643873	0.551152	0.530715
		outer loop
			vertex	-32.4404	25.3709	28.3539
			vertex	-30.0711	28.1387	28.3539
			vertex	-31.7408	29.7010	24.7058
		endloop
	endfacet
	facet normal	-0.592642	0.605901	0.530715
		outer loop
			vertex	-28.9916	32.3900	24.7058
			vertex	-31.7408	29.7010	24.7058
			vertex	-30.0711	28.1387	28.3539
		endloop
	endfacet
	facet normal	-0.622357	0.636281	0.455872
		outer loop
			vertex	-31.7408	29.7010	24.7058
			vertex	-28.9916	32.3900	24.7058
			vertex	-30.3016	33.8536	20.8745
		endloop
	endfacet
	facet normal	-0.563687	0.688795	0.455872
		outer loop
			vertex	-27.1910	36.3992	20.8745
			vertex	-30.3016	33.8536	20.8745
			vertex	-28.9916	32.3900	24.7058
		endloop
	endfacet
	facet normal	-0.586422	0.716576	0.377662
		outer loop
			vertex	-30.3016	33.8536	20.8745
			vertex	-27.1910	36.3992	20.8745
			vertex	-28.1650	37.7030	16.8884
		endloop
	endfacet
	facet normal	-0.520796	0.765600	0.377662
		outer loop
			vertex	-24.7226	40.0447	16.8884
			vertex	-28.1650	37.7030	16.8884
			vertex	-27.1910	36.3992	20.8745
		endloop
	endfacet
	facet normal	-0.537129	0.789609	0.296665
		outer loop
			vertex	-28.1650	37.7030	16.8884
			vertex	-24.7226	40.0447	16.8884
			vertex	-25.3942	41.1325	12.7771
		endloop
	endfacet
	facet normal	-0.465242	0.833990	0.296665
		outer loop
			vertex	-21.6595	43.2159	12.7771
			vertex	-25.3942	41.1325	12.7771
			vertex	-24.7226	40.0447	16.8884
		endloop
	endfacet
	facet normal	-0.475943	0.853173	0.213480
		outer loop
			vertex	-25.3942	41.1325	12.7771
			vertex	-21.6595	43.2159	12.7771
			vertex	-22.0717	44.0383	8.57107
		endloop
	endfacet
	facet normal	-0.425276	0.879483	0.213659
		outer loop
			vertex	-19.3717	45.0000	9.98682
			vertex	-22.0717	44.0383	8.57107
			vertex	-21.6595	43.2159	12.7771
		endloop
	endfacet
	facet normal	-0.405518	0.899555	0.162345
		outer loop
			vertex	-22.0717	44.0383	8.57107
			vertex	-19.3717	45.0000	9.98682
			vertex	-19.9405	45.0000	8.56604
		endloop
	endfacet
	facet normal	-0.403912	0.903611	0.142628
		outer loop
			vertex	-17.7775	45.0000	12.4675
			vertex	-21.6595	43.2159	12.7771
			vertex	-17.7553	44.9610	12.7771
		endloop
	endfacet
	facet normal	-0.389712	0.871845	0.296666
		outer loop
			vertex	-21.0867	42.0730	16.8884
			vertex	-17.7553	44.9610	12.7771
			vertex	-21.6595	43.2159	12.7771
		endloop
	endfacet
	facet normal	-0.389712	0.871845	0.296666
		outer loop
			vertex	-17.7553	44.9610	12.7771
			vertex	-21.0867	42.0730	16.8884
			vertex	-17.2858	43.7720	16.8884
		endloop
	endfacet
	facet normal	-0.377862	0.845335	0.377662
		outer loop
			vertex	-20.3575	40.6181	20.8745
			vertex	-17.2858	43.7720	16.8884
			vertex	-21.0867	42.0730	16.8884
		endloop
	endfacet
	facet normal	-0.377862	0.845335	0.377662
		outer loop
			vertex	-17.2858	43.7720	16.8884
			vertex	-20.3575	40.6181	20.8745
			vertex	-16.6880	42.2583	20.8745
		endloop
	endfacet
	facet normal	-0.363212	0.812562	0.455872
		outer loop
			vertex	-19.4774	38.8620	24.7058
			vertex	-16.6880	42.2583	20.8745
			vertex	-20.3575	40.6181	20.8745
		endloop
	endfacet
	facet normal	-0.363213	0.812562	0.455871
		outer loop
			vertex	-16.6880	42.2583	20.8745
			vertex	-19.4774	38.8620	24.7058
			vertex	-15.9665	40.4314	24.7058
		endloop
	endfacet
	facet normal	-0.345871	0.773767	0.530715
		outer loop
			vertex	-18.4528	36.8178	28.3539
			vertex	-15.9665	40.4314	24.7058
			vertex	-19.4774	38.8620	24.7058
		endloop
	endfacet
	facet normal	-0.345871	0.773767	0.530715
		outer loop
			vertex	-15.9665	40.4314	24.7058
			vertex	-18.4528	36.8178	28.3539
			vertex	-15.1267	38.3046	28.3539
		endloop
	endfacet
	facet normal	-0.325964	0.729232	0.601638
		outer loop
			vertex	-17.2915	34.5006	31.7917
			vertex	-15.1267	38.3046	28.3539
			vertex	-18.4528	36.8178	28.3539
		endloop
	endfacet
	facet normal	-0.325964	0.729232	0.601638
		outer loop
			vertex	-15.1267	38.3046	28.3539
			vertex	-17.2915	34.5006	31.7917
			vertex	-14.1746	35.8938	31.7917
		endloop
	endfacet
	facet normal	-0.303638	0.679285	0.668113
		outer loop
			vertex	-16.0019	31.9276	34.9938
			vertex	-14.1746	35.8938	31.7917
			vertex	-17.2915	34.5006	31.7917
		endloop
	endfacet
	facet normal	-0.303638	0.679285	0.668113
		outer loop
			vertex	-14.1746	35.8938	31.7917
			vertex	-16.0019	31.9276	34.9938
			vertex	-13.1175	33.2169	34.9938
		endloop
	endfacet
	facet normal	-0.279057	0.624294	0.729646
		outer loop
			vertex	-14.5937	29.1178	37.9365
			vertex	-13.1175	33.2169	34.9938
			vertex	-16.0019	31.9276	34.9938
		endloop
	endfacet
	facet normal	-0.279058	0.624294	0.729646
		outer loop
			vertex	-13.1175	33.2169	34.9938
			vertex	-14.5937	29.1178	37.9365
			vertex	-11.9631	30.2937	37.9365
		endloop
	endfacet
	facet normal	-0.252404	0.564664	0.785778
		outer loop
			vertex	-13.0772	26.0922	40.5979
			vertex	-11.9631	30.2937	37.9365
			vertex	-14.5937	29.1178	37.9365
		endloop
	endfacet
	facet normal	-0.252403	0.564664	0.785778
		outer loop
			vertex	-11.9631	30.2937	37.9365
			vertex	-13.0772	26.0922	40.5979
			vertex	-10.7200	27.1458	40.5979
		endloop
	endfacet
	facet normal	-0.223872	0.500835	0.836090
		outer loop
			vertex	-11.4638	22.8730	42.9582
			vertex	-10.7200	27.1458	40.5979
			vertex	-13.0772	26.0922	40.5979
		endloop
	endfacet
	facet normal	-0.223872	0.500835	0.836090
		outer loop
			vertex	-10.7200	27.1458	40.5979
			vertex	-11.4638	22.8730	42.9582
			vertex	-9.39742	23.7967	42.9582
		endloop
	endfacet
	facet normal	-0.193674	0.433279	0.880204
		outer loop
			vertex	-9.76539	19.4843	45.0000
			vertex	-9.39742	23.7967	42.9582
			vertex	-11.4638	22.8730	42.9582
		endloop
	endfacet
	facet normal	-0.193674	0.433279	0.880204
		outer loop
			vertex	-9.39742	23.7967	42.9582
			vertex	-9.76539	19.4843	45.0000
			vertex	-8.00515	20.2711	45.0000
		endloop
	endfacet
	facet normal	0.769549	0.601847	0.213480
		outer loop
			vertex	40.1068	28.6004	8.57107
			vertex	36.7232	31.4349	12.7771
			vertex	39.3577	28.0663	12.7771
		endloop
	endfacet
	facet normal	0.752247	0.588315	0.296665
		outer loop
			vertex	35.7520	30.6035	16.8884
			vertex	39.3577	28.0663	12.7771
			vertex	36.7232	31.4349	12.7771
		endloop
	endfacet
	facet normal	0.752247	0.588315	0.296665
		outer loop
			vertex	39.3577	28.0663	12.7771
			vertex	35.7520	30.6035	16.8884
			vertex	38.3168	27.3240	16.8884
		endloop
	endfacet
	facet normal	0.729373	0.570426	0.377662
		outer loop
			vertex	34.5157	29.5453	20.8745
			vertex	38.3168	27.3240	16.8884
			vertex	35.7520	30.6035	16.8884
		endloop
	endfacet
	facet normal	0.729373	0.570426	0.377662
		outer loop
			vertex	38.3168	27.3240	16.8884
			vertex	34.5157	29.5453	20.8745
			vertex	36.9918	26.3792	20.8745
		endloop
	endfacet
	facet normal	0.701096	0.548311	0.455872
		outer loop
			vertex	33.0235	28.2679	24.7058
			vertex	36.9918	26.3792	20.8745
			vertex	34.5157	29.5453	20.8745
		endloop
	endfacet
	facet normal	0.701096	0.548312	0.455871
		outer loop
			vertex	36.9918	26.3792	20.8745
			vertex	33.0235	28.2679	24.7058
			vertex	35.3926	25.2387	24.7058
		endloop
	endfacet
	facet normal	0.667622	0.522132	0.530715
		outer loop
			vertex	31.2864	26.7810	28.3539
			vertex	35.3926	25.2387	24.7058
			vertex	33.0235	28.2679	24.7058
		endloop
	endfacet
	facet normal	0.667622	0.522132	0.530715
		outer loop
			vertex	35.3926	25.2387	24.7058
			vertex	31.2864	26.7810	28.3539
			vertex	33.5309	23.9111	28.3539
		endloop
	endfacet
	facet normal	0.629196	0.492081	0.601638
		outer loop
			vertex	29.3173	25.0955	31.7917
			vertex	33.5309	23.9111	28.3539
			vertex	31.2864	26.7810	28.3539
		endloop
	endfacet
	facet normal	0.629196	0.492081	0.601638
		outer loop
			vertex	33.5309	23.9111	28.3539
			vertex	29.3173	25.0955	31.7917
			vertex	31.4205	22.4062	31.7917
		endloop
	endfacet
	facet normal	0.586102	0.458377	0.668113
		outer loop
			vertex	27.1308	23.2239	34.9938
			vertex	31.4205	22.4062	31.7917
			vertex	29.3173	25.0955	31.7917
		endloop
	endfacet
	facet normal	0.586102	0.458377	0.668113
		outer loop
			vertex	31.4205	22.4062	31.7917
			vertex	27.1308	23.2239	34.9938
			vertex	29.0772	20.7352	34.9938
		endloop
	endfacet
	facet normal	0.538654	0.421269	0.729646
		outer loop
			vertex	24.7432	21.1801	37.9365
			vertex	29.0772	20.7352	34.9938
			vertex	27.1308	23.2239	34.9938
		endloop
	endfacet
	facet normal	0.538654	0.421269	0.729646
		outer loop
			vertex	29.0772	20.7352	34.9938
			vertex	24.7432	21.1801	37.9365
			vertex	26.5183	18.9104	37.9365
		endloop
	endfacet
	facet normal	0.487204	0.381031	0.785778
		outer loop
			vertex	22.1721	18.9792	40.5979
			vertex	26.5183	18.9104	37.9365
			vertex	24.7432	21.1801	37.9365
		endloop
	endfacet
	facet normal	0.487204	0.381031	0.785778
		outer loop
			vertex	26.5183	18.9104	37.9365
			vertex	22.1721	18.9792	40.5979
			vertex	23.7627	16.9454	40.5979
		endloop
	endfacet
	facet normal	0.432131	0.337960	0.836090
		outer loop
			vertex	19.4366	16.6377	42.9582
			vertex	23.7627	16.9454	40.5979
			vertex	22.1721	18.9792	40.5979
		endloop
	endfacet
	facet normal	0.432131	0.337960	0.836090
		outer loop
			vertex	23.7627	16.9454	40.5979
			vertex	19.4366	16.6377	42.9582
			vertex	20.8310	14.8547	42.9582
		endloop
	endfacet
	facet normal	0.373842	0.292374	0.880204
		outer loop
			vertex	16.5570	14.1727	45.0000
			vertex	20.8310	14.8547	42.9582
			vertex	19.4366	16.6377	42.9582
		endloop
	endfacet
	facet normal	0.373842	0.292374	0.880204
		outer loop
			vertex	20.8310	14.8547	42.9582
			vertex	16.5570	14.1727	45.0000
			vertex	17.7448	12.6539	45.0000
		endloop
	endfacet
	facet normal	0.863494	-0.456951	0.213480
		outer loop
			vertex	42.4775	-24.9439	8.57107
			vertex	44.5158	-21.0921	8.57107
			vertex	43.6845	-20.6982	12.7771
		endloop
	endfacet
	facet normal	0.894356	-0.393069	0.213598
		outer loop
			vertex	45.0000	-19.9919	8.56845
			vertex	43.6845	-20.6982	12.7771
			vertex	44.5158	-21.0921	8.57107
		endloop
	endfacet
	facet normal	0.889161	-0.406726	0.209682
		outer loop
			vertex	43.6845	-20.6982	12.7771
			vertex	45.0000	-19.9919	8.56845
			vertex	45.0000	-18.3347	11.7830
		endloop
	endfacet
	facet normal	0.474130	-0.0209930	0.880204
		outer loop
			vertex	21.7945	0.000000	45.0000
			vertex	21.7092	-1.92620	45.0000
			vertex	25.4849	-2.26121	42.9582
		endloop
	endfacet
	facet normal	0.470420	-0.0628148	0.880204
		outer loop
			vertex	25.1853	-4.50472	42.9582
			vertex	25.4849	-2.26121	42.9582
			vertex	21.7092	-1.92620	45.0000
		endloop
	endfacet
	facet normal	0.543766	-0.0726087	0.836090
		outer loop
			vertex	25.4849	-2.26121	42.9582
			vertex	25.1853	-4.50472	42.9582
			vertex	28.7299	-5.13871	40.5979
		endloop
	endfacet
	facet normal	0.535221	-0.120382	0.836090
		outer loop
			vertex	28.1633	-7.65775	40.5979
			vertex	28.7299	-5.13871	40.5979
			vertex	25.1853	-4.50472	42.9582
		endloop
	endfacet
	facet normal	0.603433	-0.135724	0.785778
		outer loop
			vertex	28.7299	-5.13871	40.5979
			vertex	28.1633	-7.65775	40.5979
			vertex	31.4292	-8.54575	37.9365
		endloop
	endfacet
	facet normal	0.589076	-0.188525	0.785778
		outer loop
			vertex	30.5509	-11.2900	37.9365
			vertex	31.4292	-8.54575	37.9365
			vertex	28.1633	-7.65775	40.5979
		endloop
	endfacet
	facet normal	0.651285	-0.208434	0.729646
		outer loop
			vertex	31.4292	-8.54575	37.9365
			vertex	30.5509	-11.2900	37.9365
			vertex	33.4990	-12.3795	34.9938
		endloop
	endfacet
	facet normal	0.630315	-0.265179	0.729646
		outer loop
			vertex	32.2738	-15.2917	34.9938
			vertex	33.4990	-12.3795	34.9938
			vertex	30.5509	-11.2900	37.9365
		endloop
	endfacet
	facet normal	0.685836	-0.288537	0.668113
		outer loop
			vertex	33.4990	-12.3795	34.9938
			vertex	32.2738	-15.2917	34.9938
			vertex	34.8747	-16.5240	31.7917
		endloop
	endfacet
	facet normal	0.657651	-0.348022	0.668113
		outer loop
			vertex	33.2778	-19.5416	31.7917
			vertex	34.8747	-16.5240	31.7917
			vertex	32.2738	-15.2917	34.9938
		endloop
	endfacet
	facet normal	0.706007	-0.373612	0.601638
		outer loop
			vertex	34.8747	-16.5240	31.7917
			vertex	33.2778	-19.5416	31.7917
			vertex	35.5129	-20.8541	28.3539
		endloop
	endfacet
	facet normal	0.670225	-0.434546	0.601638
		outer loop
			vertex	33.5309	-23.9111	28.3539
			vertex	35.5129	-20.8541	28.3539
			vertex	33.2778	-19.5416	31.7917
		endloop
	endfacet
	facet normal	0.711156	-0.461084	0.530715
		outer loop
			vertex	35.5129	-20.8541	28.3539
			vertex	33.5309	-23.9111	28.3539
			vertex	35.3926	-25.2387	24.7058
		endloop
	endfacet
	facet normal	0.667622	-0.522132	0.530715
		outer loop
			vertex	33.0235	-28.2679	24.7058
			vertex	35.3926	-25.2387	24.7058
			vertex	33.5309	-23.9111	28.3539
		endloop
	endfacet
	facet normal	0.701096	-0.548312	0.455872
		outer loop
			vertex	35.3926	-25.2387	24.7058
			vertex	33.0235	-28.2679	24.7058
			vertex	34.5157	-29.5453	20.8745
		endloop
	endfacet
	facet normal	0.649893	-0.608129	0.455871
		outer loop
			vertex	31.7694	-32.4802	20.8745
			vertex	34.5157	-29.5453	20.8745
			vertex	33.0235	-28.2679	24.7058
		endloop
	endfacet
	facet normal	0.676105	-0.632656	0.377662
		outer loop
			vertex	34.5157	-29.5453	20.8745
			vertex	31.7694	-32.4802	20.8745
			vertex	32.9073	-33.6436	16.8884
		endloop
	endfacet
	facet normal	0.617545	-0.689935	0.377662
		outer loop
			vertex	29.8052	-36.4203	16.8884
			vertex	32.9073	-33.6436	16.8884
			vertex	31.7694	-32.4802	20.8745
		endloop
	endfacet
	facet normal	0.636911	-0.711571	0.296665
		outer loop
			vertex	32.9073	-33.6436	16.8884
			vertex	29.8052	-36.4203	16.8884
			vertex	30.6148	-37.4096	12.7771
		endloop
	endfacet
	facet normal	0.571530	-0.765077	0.296665
		outer loop
			vertex	27.1887	-39.9690	12.7771
			vertex	30.6148	-37.4096	12.7771
			vertex	29.8052	-36.4203	16.8884
		endloop
	endfacet
	facet normal	0.584676	-0.782675	0.213480
		outer loop
			vertex	30.6148	-37.4096	12.7771
			vertex	27.1887	-39.9690	12.7771
			vertex	27.7062	-40.7296	8.57107
		endloop
	endfacet
	facet normal	0.513215	-0.831286	0.213480
		outer loop
			vertex	23.9981	-43.0189	8.57107
			vertex	27.7062	-40.7296	8.57107
			vertex	27.1887	-39.9690	12.7771
		endloop
	endfacet
	facet normal	0.520955	-0.843823	0.128721
		outer loop
			vertex	27.7062	-40.7296	8.57107
			vertex	23.9981	-43.0189	8.57107
			vertex	24.2683	-43.5034	4.30148
		endloop
	endfacet
	facet normal	0.461831	-0.877565	0.128808
		outer loop
			vertex	20.9117	-45.0000	6.14022
			vertex	24.2683	-43.5034	4.30148
			vertex	23.9981	-43.0189	8.57107
		endloop
	endfacet
	facet normal	0.444492	-0.891677	0.0856685
		outer loop
			vertex	24.2683	-43.5034	4.30148
			vertex	20.9117	-45.0000	6.14022
			vertex	21.2667	-45.0000	4.29819
		endloop
	endfacet
	facet normal	0.446864	-0.891599	0.0732418
		outer loop
			vertex	20.1195	-45.0000	8.11898
			vertex	23.9981	-43.0189	8.57107
			vertex	20.1022	-44.9715	8.57107
		endloop
	endfacet
	facet normal	0.437738	-0.873391	0.213480
		outer loop
			vertex	23.5499	-42.2155	12.7771
			vertex	20.1022	-44.9715	8.57107
			vertex	23.9981	-43.0189	8.57107
		endloop
	endfacet
	facet normal	0.437738	-0.873391	0.213481
		outer loop
			vertex	20.1022	-44.9715	8.57107
			vertex	23.5499	-42.2155	12.7771
			vertex	19.7267	-44.1316	12.7771
		endloop
	endfacet
	facet normal	0.427896	-0.853754	0.296665
		outer loop
			vertex	22.9271	-41.0990	16.8884
			vertex	19.7267	-44.1316	12.7771
			vertex	23.5499	-42.2155	12.7771
		endloop
	endfacet
	facet normal	0.427896	-0.853754	0.296665
		outer loop
			vertex	19.7267	-44.1316	12.7771
			vertex	22.9271	-41.0990	16.8884
			vertex	19.2050	-42.9645	16.8884
		endloop
	endfacet
	facet normal	0.414885	-0.827793	0.377662
		outer loop
			vertex	22.1343	-39.6778	20.8745
			vertex	19.2050	-42.9645	16.8884
			vertex	22.9271	-41.0990	16.8884
		endloop
	endfacet
	facet normal	0.414885	-0.827793	0.377662
		outer loop
			vertex	19.2050	-42.9645	16.8884
			vertex	22.1343	-39.6778	20.8745
			vertex	18.5409	-41.4788	20.8745
		endloop
	endfacet
	facet normal	0.398800	-0.795701	0.455872
		outer loop
			vertex	21.1773	-37.9624	24.7058
			vertex	18.5409	-41.4788	20.8745
			vertex	22.1343	-39.6778	20.8745
		endloop
	endfacet
	facet normal	0.398800	-0.795701	0.455871
		outer loop
			vertex	18.5409	-41.4788	20.8745
			vertex	21.1773	-37.9624	24.7058
			vertex	17.7393	-39.6855	24.7058
		endloop
	endfacet
	facet normal	0.379760	-0.757710	0.530715
		outer loop
			vertex	20.0634	-35.9656	28.3539
			vertex	17.7393	-39.6855	24.7058
			vertex	21.1773	-37.9624	24.7058
		endloop
	endfacet
	facet normal	0.379759	-0.757710	0.530715
		outer loop
			vertex	17.7393	-39.6855	24.7058
			vertex	20.0634	-35.9656	28.3539
			vertex	16.8062	-37.5980	28.3539
		endloop
	endfacet
	facet normal	0.357901	-0.714099	0.601639
		outer loop
			vertex	18.8006	-33.7020	31.7917
			vertex	16.8062	-37.5980	28.3539
			vertex	20.0634	-35.9656	28.3539
		endloop
	endfacet
	facet normal	0.357902	-0.714099	0.601638
		outer loop
			vertex	16.8062	-37.5980	28.3539
			vertex	18.8006	-33.7020	31.7917
			vertex	15.7485	-35.2317	31.7917
		endloop
	endfacet
	facet normal	0.333389	-0.665190	0.668113
		outer loop
			vertex	17.3985	-31.1885	34.9938
			vertex	15.7485	-35.2317	31.7917
			vertex	18.8006	-33.7020	31.7917
		endloop
	endfacet
	facet normal	0.333388	-0.665190	0.668113
		outer loop
			vertex	15.7485	-35.2317	31.7917
			vertex	17.3985	-31.1885	34.9938
			vertex	14.5740	-32.6042	34.9938
		endloop
	endfacet
	facet normal	0.306399	-0.611339	0.729646
		outer loop
			vertex	15.8673	-28.4438	37.9365
			vertex	14.5740	-32.6042	34.9938
			vertex	17.3985	-31.1885	34.9938
		endloop
	endfacet
	facet normal	0.306399	-0.611339	0.729646
		outer loop
			vertex	14.5740	-32.6042	34.9938
			vertex	15.8673	-28.4438	37.9365
			vertex	13.2914	-29.7348	37.9365
		endloop
	endfacet
	facet normal	0.277133	-0.552946	0.785778
		outer loop
			vertex	14.2186	-25.4882	40.5979
			vertex	13.2914	-29.7348	37.9365
			vertex	15.8673	-28.4438	37.9365
		endloop
	endfacet
	facet normal	0.277133	-0.552946	0.785778
		outer loop
			vertex	13.2914	-29.7348	37.9365
			vertex	14.2186	-25.4882	40.5979
			vertex	11.9103	-26.6451	40.5979
		endloop
	endfacet
	facet normal	0.245806	-0.490442	0.836090
		outer loop
			vertex	12.4643	-22.3435	42.9582
			vertex	11.9103	-26.6451	40.5979
			vertex	14.2186	-25.4882	40.5979
		endloop
	endfacet
	facet normal	0.245806	-0.490442	0.836090
		outer loop
			vertex	11.9103	-26.6451	40.5979
			vertex	12.4643	-22.3435	42.9582
			vertex	10.4408	-23.3577	42.9582
		endloop
	endfacet
	facet normal	0.212650	-0.424288	0.880204
		outer loop
			vertex	10.6177	-19.0333	45.0000
			vertex	10.4408	-23.3577	42.9582
			vertex	12.4643	-22.3435	42.9582
		endloop
	endfacet
	facet normal	0.212651	-0.424288	0.880204
		outer loop
			vertex	10.4408	-23.3577	42.9582
			vertex	10.6177	-19.0333	45.0000
			vertex	8.89398	-19.8972	45.0000
		endloop
	endfacet
	facet normal	-0.472738	0.0419451	0.880204
		outer loop
			vertex	-21.7732	0.964043	45.0000
			vertex	-21.6028	2.88459	45.0000
			vertex	-25.3599	3.38628	42.9582
		endloop
	endfacet
	facet normal	-0.467181	0.0835613	0.880204
		outer loop
			vertex	-24.9614	5.61434	42.9582
			vertex	-25.3599	3.38628	42.9582
			vertex	-21.6028	2.88459	45.0000
		endloop
	endfacet
	facet normal	-0.540022	0.0965900	0.836090
		outer loop
			vertex	-25.3599	3.38628	42.9582
			vertex	-24.9614	5.61434	42.9582
			vertex	-28.4745	6.40450	40.5979
		endloop
	endfacet
	facet normal	-0.529373	0.143939	0.836090
		outer loop
			vertex	-27.7970	8.89602	40.5979
			vertex	-28.4745	6.40450	40.5979
			vertex	-24.9614	5.61434	42.9582
		endloop
	endfacet
	facet normal	-0.596839	0.162284	0.785778
		outer loop
			vertex	-28.4745	6.40450	40.5979
			vertex	-27.7970	8.89602	40.5979
			vertex	-31.0204	9.92761	37.9365
		endloop
	endfacet
	facet normal	-0.580160	0.214397	0.785778
		outer loop
			vertex	-30.0216	12.6303	37.9365
			vertex	-31.0204	9.92761	37.9365
			vertex	-27.7970	8.89602	40.5979
		endloop
	endfacet
	facet normal	-0.641428	0.237038	0.729646
		outer loop
			vertex	-31.0204	9.92761	37.9365
			vertex	-30.0216	12.6303	37.9365
			vertex	-32.9186	13.8491	34.9938
		endloop
	endfacet
	facet normal	-0.617968	0.292800	0.729646
		outer loop
			vertex	-31.5658	16.7043	34.9938
			vertex	-32.9186	13.8491	34.9938
			vertex	-30.0216	12.6303	37.9365
		endloop
	endfacet
	facet normal	-0.672402	0.318591	0.668113
		outer loop
			vertex	-32.9186	13.8491	34.9938
			vertex	-31.5658	16.7043	34.9938
			vertex	-34.1096	18.0505	31.7917
		endloop
	endfacet
	facet normal	-0.641613	0.376772	0.668113
		outer loop
			vertex	-32.3809	20.9944	31.7917
			vertex	-34.1096	18.0505	31.7917
			vertex	-31.5658	16.7043	34.9938
		endloop
	endfacet
	facet normal	-0.688790	0.404475	0.601638
		outer loop
			vertex	-34.1096	18.0505	31.7917
			vertex	-32.3809	20.9944	31.7917
			vertex	-34.5557	22.4045	28.3539
		endloop
	endfacet
	facet normal	-0.650347	0.463768	0.601638
		outer loop
			vertex	-32.4404	25.3709	28.3539
			vertex	-34.5557	22.4045	28.3539
			vertex	-32.3809	20.9944	31.7917
		endloop
	endfacet
	facet normal	-0.690064	0.492090	0.530715
		outer loop
			vertex	-34.5557	22.4045	28.3539
			vertex	-32.4404	25.3709	28.3539
			vertex	-34.2415	26.7795	24.7058
		endloop
	endfacet
	facet normal	-0.643873	0.551152	0.530715
		outer loop
			vertex	-31.7408	29.7010	24.7058
			vertex	-34.2415	26.7795	24.7058
			vertex	-32.4404	25.3709	28.3539
		endloop
	endfacet
	facet normal	-0.676156	0.578787	0.455872
		outer loop
			vertex	-34.2415	26.7795	24.7058
			vertex	-31.7408	29.7010	24.7058
			vertex	-33.1750	31.0431	20.8745
		endloop
	endfacet
	facet normal	-0.622357	0.636280	0.455872
		outer loop
			vertex	-30.3016	33.8536	20.8745
			vertex	-33.1750	31.0431	20.8745
			vertex	-31.7408	29.7010	24.7058
		endloop
	endfacet
	facet normal	-0.647458	0.661944	0.377662
		outer loop
			vertex	-33.1750	31.0431	20.8745
			vertex	-30.3016	33.8536	20.8745
			vertex	-31.3870	35.0662	16.8884
		endloop
	endfacet
	facet normal	-0.586422	0.716576	0.377662
		outer loop
			vertex	-28.1650	37.7030	16.8884
			vertex	-31.3870	35.0662	16.8884
			vertex	-30.3016	33.8536	20.8745
		endloop
	endfacet
	facet normal	-0.604813	0.739047	0.296665
		outer loop
			vertex	-31.3870	35.0662	16.8884
			vertex	-28.1650	37.7030	16.8884
			vertex	-28.9301	38.7272	12.7771
		endloop
	endfacet
	facet normal	-0.537128	0.789609	0.296665
		outer loop
			vertex	-25.3942	41.1325	12.7771
			vertex	-28.9301	38.7272	12.7771
			vertex	-28.1650	37.7030	16.8884
		endloop
	endfacet
	facet normal	-0.549483	0.807771	0.213481
		outer loop
			vertex	-28.9301	38.7272	12.7771
			vertex	-25.3942	41.1325	12.7771
			vertex	-25.8775	41.9153	8.57107
		endloop
	endfacet
	facet normal	-0.475942	0.853173	0.213481
		outer loop
			vertex	-22.0717	44.0383	8.57107
			vertex	-25.8775	41.9153	8.57107
			vertex	-25.3942	41.1325	12.7771
		endloop
	endfacet
	facet normal	-0.483120	0.866040	0.128721
		outer loop
			vertex	-25.8775	41.9153	8.57107
			vertex	-22.0717	44.0383	8.57107
			vertex	-22.3203	44.5343	4.30148
		endloop
	endfacet
	facet normal	-0.458827	0.879137	0.128828
		outer loop
			vertex	-20.9117	45.0000	6.14022
			vertex	-22.3203	44.5343	4.30148
			vertex	-22.0717	44.0383	8.57107
		endloop
	endfacet
	facet normal	-0.402869	0.911958	0.0776464
		outer loop
			vertex	-22.3203	44.5343	4.30148
			vertex	-20.9117	45.0000	6.14022
			vertex	-21.2667	45.0000	4.29819
		endloop
	endfacet
	facet normal	0.448662	0.883939	0.131739
		outer loop
			vertex	21.3489	45.0000	4.30069
			vertex	20.2333	45.0000	8.10020
			vertex	23.9981	43.0189	8.57107
		endloop
	endfacet
	facet normal	0.441071	0.880040	0.176028
		outer loop
			vertex	20.1022	44.9715	8.57107
			vertex	23.9981	43.0189	8.57107
			vertex	20.2333	45.0000	8.10020
		endloop
	endfacet
	facet normal	0.437738	0.873391	0.213481
		outer loop
			vertex	23.9981	43.0189	8.57107
			vertex	20.1022	44.9715	8.57107
			vertex	19.7267	44.1316	12.7771
		endloop
	endfacet
	facet normal	0.239572	0.947753	0.210642
		outer loop
			vertex	19.9919	45.0000	8.56845
			vertex	19.7267	44.1316	12.7771
			vertex	20.1022	44.9715	8.57107
		endloop
	endfacet
	facet normal	0.405682	0.889764	0.209144
		outer loop
			vertex	19.7267	44.1316	12.7771
			vertex	19.9919	45.0000	8.56845
			vertex	18.3347	45.0000	11.7830
		endloop
	endfacet
	facet normal	0.832091	0.539495	0.128721
		outer loop
			vertex	42.9559	25.2248	4.30148
			vertex	40.1068	28.6004	8.57107
			vertex	42.4775	24.9439	8.57107
		endloop
	endfacet
	facet normal	0.819729	0.531480	0.213480
		outer loop
			vertex	39.3577	28.0663	12.7771
			vertex	42.4775	24.9439	8.57107
			vertex	40.1068	28.6004	8.57107
		endloop
	endfacet
	facet normal	0.819729	0.531480	0.213480
		outer loop
			vertex	42.4775	24.9439	8.57107
			vertex	39.3577	28.0663	12.7771
			vertex	41.6842	24.4780	12.7771
		endloop
	endfacet
	facet normal	0.801298	0.519530	0.296665
		outer loop
			vertex	38.3168	27.3240	16.8884
			vertex	41.6842	24.4780	12.7771
			vertex	39.3577	28.0663	12.7771
		endloop
	endfacet
	facet normal	0.801298	0.519530	0.296665
		outer loop
			vertex	41.6842	24.4780	12.7771
			vertex	38.3168	27.3240	16.8884
			vertex	40.5818	23.8307	16.8884
		endloop
	endfacet
	facet normal	0.776933	0.503733	0.377662
		outer loop
			vertex	36.9918	26.3792	20.8745
			vertex	40.5818	23.8307	16.8884
			vertex	38.3168	27.3240	16.8884
		endloop
	endfacet
	facet normal	0.776933	0.503732	0.377663
		outer loop
			vertex	40.5818	23.8307	16.8884
			vertex	36.9918	26.3792	20.8745
			vertex	39.1785	23.0066	20.8745
		endloop
	endfacet
	facet normal	0.746813	0.484203	0.455871
		outer loop
			vertex	35.3926	25.2387	24.7058
			vertex	39.1785	23.0066	20.8745
			vertex	36.9918	26.3792	20.8745
		endloop
	endfacet
	facet normal	0.746813	0.484203	0.455871
		outer loop
			vertex	39.1785	23.0066	20.8745
			vertex	35.3926	25.2387	24.7058
			vertex	37.4847	22.0119	24.7058
		endloop
	endfacet
	facet normal	0.711156	0.461084	0.530715
		outer loop
			vertex	33.5309	23.9111	28.3539
			vertex	37.4847	22.0119	24.7058
			vertex	35.3926	25.2387	24.7058
		endloop
	endfacet
	facet normal	0.711156	0.461084	0.530715
		outer loop
			vertex	37.4847	22.0119	24.7058
			vertex	33.5309	23.9111	28.3539
			vertex	35.5129	20.8541	28.3539
		endloop
	endfacet
	facet normal	0.670225	0.434546	0.601638
		outer loop
			vertex	31.4205	22.4062	31.7917
			vertex	35.5129	20.8541	28.3539
			vertex	33.5309	23.9111	28.3539
		endloop
	endfacet
	facet normal	0.670225	0.434546	0.601638
		outer loop
			vertex	35.5129	20.8541	28.3539
			vertex	31.4205	22.4062	31.7917
			vertex	33.2778	19.5416	31.7917
		endloop
	endfacet
	facet normal	0.624320	0.404784	0.668113
		outer loop
			vertex	29.0772	20.7352	34.9938
			vertex	33.2778	19.5416	31.7917
			vertex	31.4205	22.4062	31.7917
		endloop
	endfacet
	facet normal	0.624320	0.404783	0.668113
		outer loop
			vertex	33.2778	19.5416	31.7917
			vertex	29.0772	20.7352	34.9938
			vertex	30.7960	18.0842	34.9938
		endloop
	endfacet
	facet normal	0.573778	0.372014	0.729646
		outer loop
			vertex	26.5183	18.9104	37.9365
			vertex	30.7960	18.0842	34.9938
			vertex	29.0772	20.7352	34.9938
		endloop
	endfacet
	facet normal	0.573778	0.372015	0.729646
		outer loop
			vertex	30.7960	18.0842	34.9938
			vertex	26.5183	18.9104	37.9365
			vertex	28.0858	16.4927	37.9365
		endloop
	endfacet
	facet normal	0.518973	0.336481	0.785778
		outer loop
			vertex	23.7627	16.9454	40.5979
			vertex	28.0858	16.4927	37.9365
			vertex	26.5183	18.9104	37.9365
		endloop
	endfacet
	facet normal	0.518973	0.336482	0.785778
		outer loop
			vertex	28.0858	16.4927	37.9365
			vertex	23.7627	16.9454	40.5979
			vertex	25.1674	14.7789	40.5979
		endloop
	endfacet
	facet normal	0.460308	0.298446	0.836090
		outer loop
			vertex	20.8310	14.8547	42.9582
			vertex	25.1674	14.7789	40.5979
			vertex	23.7627	16.9454	40.5979
		endloop
	endfacet
	facet normal	0.460309	0.298446	0.836090
		outer loop
			vertex	25.1674	14.7789	40.5979
			vertex	20.8310	14.8547	42.9582
			vertex	22.0623	12.9556	42.9582
		endloop
	endfacet
	facet normal	0.398219	0.258190	0.880204
		outer loop
			vertex	17.7448	12.6539	45.0000
			vertex	22.0623	12.9556	42.9582
			vertex	20.8310	14.8547	42.9582
		endloop
	endfacet
	facet normal	0.398219	0.258189	0.880204
		outer loop
			vertex	22.0623	12.9556	42.9582
			vertex	17.7448	12.6539	45.0000
			vertex	18.7937	11.0361	45.0000
		endloop
	endfacet
	facet normal	0.474131	0.0209931	0.880204
		outer loop
			vertex	21.7092	1.92620	45.0000
			vertex	21.7945	0.000000	45.0000
			vertex	25.5850	0.000000	42.9582
		endloop
	endfacet
	facet normal	0.474131	-0.0209926	0.880204
		outer loop
			vertex	25.4849	-2.26121	42.9582
			vertex	25.5850	0.000000	42.9582
			vertex	21.7945	0.000000	45.0000
		endloop
	endfacet
	facet normal	0.548056	-0.0242657	0.836090
		outer loop
			vertex	25.5850	0.000000	42.9582
			vertex	25.4849	-2.26121	42.9582
			vertex	29.0716	-2.57945	40.5979
		endloop
	endfacet
	facet normal	0.543766	-0.0726088	0.836090
		outer loop
			vertex	28.7299	-5.13871	40.5979
			vertex	29.0716	-2.57945	40.5979
			vertex	25.4849	-2.26121	42.9582
		endloop
	endfacet
	facet normal	0.613067	-0.0818624	0.785778
		outer loop
			vertex	29.0716	-2.57945	40.5979
			vertex	28.7299	-5.13871	40.5979
			vertex	32.0615	-5.73460	37.9365
		endloop
	endfacet
	facet normal	0.603433	-0.135725	0.785778
		outer loop
			vertex	31.4292	-8.54575	37.9365
			vertex	32.0615	-5.73460	37.9365
			vertex	28.7299	-5.13871	40.5979
		endloop
	endfacet
	facet normal	0.667157	-0.150058	0.729646
		outer loop
			vertex	32.0615	-5.73460	37.9365
			vertex	31.4292	-8.54575	37.9365
			vertex	34.4620	-9.37039	34.9938
		endloop
	endfacet
	facet normal	0.651285	-0.208434	0.729646
		outer loop
			vertex	33.4990	-12.3795	34.9938
			vertex	34.4620	-9.37039	34.9938
			vertex	31.4292	-8.54575	37.9365
		endloop
	endfacet
	facet normal	0.708653	-0.226794	0.668113
		outer loop
			vertex	34.4620	-9.37039	34.9938
			vertex	33.4990	-12.3795	34.9938
			vertex	36.1986	-13.3771	31.7917
		endloop
	endfacet
	facet normal	0.685836	-0.288537	0.668113
		outer loop
			vertex	34.8747	-16.5240	31.7917
			vertex	36.1986	-13.3771	31.7917
			vertex	33.4990	-12.3795	34.9938
		endloop
	endfacet
	facet normal	0.736264	-0.309752	0.601638
		outer loop
			vertex	36.1986	-13.3771	31.7917
			vertex	34.8747	-16.5240	31.7917
			vertex	37.2170	-17.6338	28.3539
		endloop
	endfacet
	facet normal	0.706007	-0.373612	0.601638
		outer loop
			vertex	35.5129	-20.8541	28.3539
			vertex	37.2170	-17.6338	28.3539
			vertex	34.8747	-16.5240	31.7917
		endloop
	endfacet
	facet normal	0.749123	-0.396428	0.530715
		outer loop
			vertex	37.2170	-17.6338	28.3539
			vertex	35.5129	-20.8541	28.3539
			vertex	37.4847	-22.0119	24.7058
		endloop
	endfacet
	facet normal	0.711156	-0.461084	0.530715
		outer loop
			vertex	35.3926	-25.2387	24.7058
			vertex	37.4847	-22.0119	24.7058
			vertex	35.5129	-20.8541	28.3539
		endloop
	endfacet
	facet normal	0.746812	-0.484203	0.455871
		outer loop
			vertex	37.4847	-22.0119	24.7058
			vertex	35.3926	-25.2387	24.7058
			vertex	36.9918	-26.3792	20.8745
		endloop
	endfacet
	facet normal	0.701096	-0.548311	0.455871
		outer loop
			vertex	34.5157	-29.5453	20.8745
			vertex	36.9918	-26.3792	20.8745
			vertex	35.3926	-25.2387	24.7058
		endloop
	endfacet
	facet normal	0.729373	-0.570426	0.377662
		outer loop
			vertex	36.9918	-26.3792	20.8745
			vertex	34.5157	-29.5453	20.8745
			vertex	35.7520	-30.6035	16.8884
		endloop
	endfacet
	facet normal	0.676104	-0.632656	0.377662
		outer loop
			vertex	32.9073	-33.6436	16.8884
			vertex	35.7520	-30.6035	16.8884
			vertex	34.5157	-29.5453	20.8745
		endloop
	endfacet
	facet normal	0.697307	-0.652497	0.296665
		outer loop
			vertex	35.7520	-30.6035	16.8884
			vertex	32.9073	-33.6436	16.8884
			vertex	33.8013	-34.5575	12.7771
		endloop
	endfacet
	facet normal	0.636911	-0.711571	0.296665
		outer loop
			vertex	30.6148	-37.4096	12.7771
			vertex	33.8013	-34.5575	12.7771
			vertex	32.9073	-33.6436	16.8884
		endloop
	endfacet
	facet normal	0.651561	-0.727938	0.213480
		outer loop
			vertex	33.8013	-34.5575	12.7771
			vertex	30.6148	-37.4096	12.7771
			vertex	31.1975	-38.1216	8.57107
		endloop
	endfacet
	facet normal	0.584676	-0.782675	0.213480
		outer loop
			vertex	27.7062	-40.7296	8.57107
			vertex	31.1975	-38.1216	8.57107
			vertex	30.6148	-37.4096	12.7771
		endloop
	endfacet
	facet normal	0.593493	-0.794479	0.128722
		outer loop
			vertex	31.1975	-38.1216	8.57107
			vertex	27.7062	-40.7296	8.57107
			vertex	28.0182	-41.1883	4.30148
		endloop
	endfacet
	facet normal	0.520955	-0.843823	0.128722
		outer loop
			vertex	24.2683	-43.5034	4.30148
			vertex	28.0182	-41.1883	4.30148
			vertex	27.7062	-40.7296	8.57107
		endloop
	endfacet
	facet normal	0.524839	-0.850114	0.0430127
		outer loop
			vertex	28.0182	-41.1883	4.30148
			vertex	24.2683	-43.5034	4.30148
			vertex	24.3586	-43.6653	2.08167e-015
		endloop
	endfacet
	facet normal	0.474252	-0.879336	0.0430504
		outer loop
			vertex	21.6958	-45.0000	2.07170
			vertex	24.3586	-43.6653	2.08167e-015
			vertex	24.2683	-43.5034	4.30148
		endloop
	endfacet
	facet normal	0.448101	-0.893983	0.000000
		outer loop
			vertex	24.3586	-43.6653	2.08167e-015
			vertex	21.6958	-45.0000	2.07170
			vertex	21.6958	-45.0000	2.18548e-015
		endloop
	endfacet
	facet normal	-0.887835	0.441524	0.129640
		outer loop
			vertex	-45.0000	21.4006	4.12464
			vertex	-45.0000	21.3489	4.30069
			vertex	-44.0296	23.3000	4.30148
		endloop
	endfacet
	facet normal	-0.887932	0.441572	0.128805
		outer loop
			vertex	-43.5393	23.0405	8.57107
			vertex	-44.0296	23.3000	4.30148
			vertex	-45.0000	21.3489	4.30069
		endloop
	endfacet
	facet normal	-0.855141	0.502161	0.128721
		outer loop
			vertex	-44.0296	23.3000	4.30148
			vertex	-43.5393	23.0405	8.57107
			vertex	-41.7981	27.1002	4.30148
		endloop
	endfacet
	facet normal	-0.474209	0.0104926	0.880350
		outer loop
			vertex	-21.7945	2.66897e-015	45.0000
			vertex	-21.7732	0.964043	45.0000
			vertex	-25.5600	1.13171	42.9582
		endloop
	endfacet
	facet normal	-0.472738	0.0419448	0.880204
		outer loop
			vertex	-25.3599	3.38628	42.9582
			vertex	-25.5600	1.13171	42.9582
			vertex	-21.7732	0.964043	45.0000
		endloop
	endfacet
	facet normal	-0.546446	0.0484847	0.836090
		outer loop
			vertex	-25.5600	1.13171	42.9582
			vertex	-25.3599	3.38628	42.9582
			vertex	-28.9291	3.86286	40.5979
		endloop
	endfacet
	facet normal	-0.540022	0.0965900	0.836090
		outer loop
			vertex	-28.4745	6.40450	40.5979
			vertex	-28.9291	3.86286	40.5979
			vertex	-25.3599	3.38628	42.9582
		endloop
	endfacet
	facet normal	-0.608846	0.108900	0.785778
		outer loop
			vertex	-28.9291	3.86286	40.5979
			vertex	-28.4745	6.40450	40.5979
			vertex	-31.7764	7.14717	37.9365
		endloop
	endfacet
	facet normal	-0.596839	0.162284	0.785778
		outer loop
			vertex	-31.0204	9.92761	37.9365
			vertex	-31.7764	7.14717	37.9365
			vertex	-28.4745	6.40450	40.5979
		endloop
	endfacet
	facet normal	-0.659867	0.179421	0.729646
		outer loop
			vertex	-31.7764	7.14717	37.9365
			vertex	-31.0204	9.92761	37.9365
			vertex	-34.0137	10.8856	34.9938
		endloop
	endfacet
	facet normal	-0.641427	0.237038	0.729646
		outer loop
			vertex	-32.9186	13.8491	34.9938
			vertex	-34.0137	10.8856	34.9938
			vertex	-31.0204	9.92761	37.9365
		endloop
	endfacet
	facet normal	-0.697928	0.257918	0.668113
		outer loop
			vertex	-34.0137	10.8856	34.9938
			vertex	-32.9186	13.8491	34.9938
			vertex	-35.5715	14.9652	31.7917
		endloop
	endfacet
	facet normal	-0.672402	0.318591	0.668113
		outer loop
			vertex	-34.1096	18.0505	31.7917
			vertex	-35.5715	14.9652	31.7917
			vertex	-32.9186	13.8491	34.9938
		endloop
	endfacet
	facet normal	-0.721842	0.342017	0.601638
		outer loop
			vertex	-35.5715	14.9652	31.7917
			vertex	-34.1096	18.0505	31.7917
			vertex	-36.4006	19.2628	28.3539
		endloop
	endfacet
	facet normal	-0.688790	0.404475	0.601638
		outer loop
			vertex	-34.5557	22.4045	28.3539
			vertex	-36.4006	19.2628	28.3539
			vertex	-34.1096	18.0505	31.7917
		endloop
	endfacet
	facet normal	-0.730855	0.429177	0.530715
		outer loop
			vertex	-36.4006	19.2628	28.3539
			vertex	-34.5557	22.4045	28.3539
			vertex	-36.4743	23.6485	24.7058
		endloop
	endfacet
	facet normal	-0.690065	0.492090	0.530715
		outer loop
			vertex	-34.2415	26.7795	24.7058
			vertex	-36.4743	23.6485	24.7058
			vertex	-34.5557	22.4045	28.3539
		endloop
	endfacet
	facet normal	-0.724664	0.516763	0.455872
		outer loop
			vertex	-36.4743	23.6485	24.7058
			vertex	-34.2415	26.7795	24.7058
			vertex	-35.7888	27.9896	20.8745
		endloop
	endfacet
	facet normal	-0.676156	0.578787	0.455872
		outer loop
			vertex	-33.1750	31.0431	20.8745
			vertex	-35.7888	27.9896	20.8745
			vertex	-34.2415	26.7795	24.7058
		endloop
	endfacet
	facet normal	-0.703427	0.602131	0.377662
		outer loop
			vertex	-35.7888	27.9896	20.8745
			vertex	-33.1750	31.0431	20.8745
			vertex	-34.3633	32.1550	16.8884
		endloop
	endfacet
	facet normal	-0.647458	0.661944	0.377662
		outer loop
			vertex	-31.3870	35.0662	16.8884
			vertex	-34.3633	32.1550	16.8884
			vertex	-33.1750	31.0431	20.8745
		endloop
	endfacet
	facet normal	-0.667763	0.682702	0.296666
		outer loop
			vertex	-34.3633	32.1550	16.8884
			vertex	-31.3870	35.0662	16.8884
			vertex	-32.2396	36.0188	12.7771
		endloop
	endfacet
	facet normal	-0.604813	0.739048	0.296666
		outer loop
			vertex	-28.9301	38.7272	12.7771
			vertex	-32.2396	36.0188	12.7771
			vertex	-31.3870	35.0662	16.8884
		endloop
	endfacet
	facet normal	-0.618724	0.756047	0.213480
		outer loop
			vertex	-32.2396	36.0188	12.7771
			vertex	-28.9301	38.7272	12.7771
			vertex	-29.4807	39.4642	8.57107
		endloop
	endfacet
	facet normal	-0.549483	0.807771	0.213480
		outer loop
			vertex	-25.8775	41.9153	8.57107
			vertex	-29.4807	39.4642	8.57107
			vertex	-28.9301	38.7272	12.7771
		endloop
	endfacet
	facet normal	-0.557770	0.819953	0.128721
		outer loop
			vertex	-29.4807	39.4642	8.57107
			vertex	-25.8775	41.9153	8.57107
			vertex	-26.1689	42.3873	4.30148
		endloop
	endfacet
	facet normal	-0.483119	0.866041	0.128721
		outer loop
			vertex	-22.3203	44.5343	4.30148
			vertex	-26.1689	42.3873	4.30148
			vertex	-25.8775	41.9153	8.57107
		endloop
	endfacet
	facet normal	-0.486721	0.872498	0.0430133
		outer loop
			vertex	-26.1689	42.3873	4.30148
			vertex	-22.3203	44.5343	4.30148
			vertex	-22.4033	44.7000	2.08167e-015
		endloop
	endfacet
	facet normal	-0.494077	0.868354	0.0429957
		outer loop
			vertex	-21.6958	45.0000	2.07170
			vertex	-22.4033	44.7000	2.08167e-015
			vertex	-22.3203	44.5343	4.30148
		endloop
	endfacet
	facet normal	-0.390361	0.920662	0.000000
		outer loop
			vertex	-22.4033	44.7000	2.08167e-015
			vertex	-21.6958	45.0000	2.07170
			vertex	-21.6958	45.0000	1.63911e-015
		endloop
	endfacet
	facet normal	0.452126	0.882020	0.132753
		outer loop
			vertex	21.4006	45.0000	4.12464
			vertex	21.3489	45.0000	4.30069
			vertex	24.2683	43.5034	4.30148
		endloop
	endfacet
	facet normal	0.452367	0.882487	0.128767
		outer loop
			vertex	23.9981	43.0189	8.57107
			vertex	24.2683	43.5034	4.30148
			vertex	21.3489	45.0000	4.30069
		endloop
	endfacet
	facet normal	0.520955	0.843823	0.128721
		outer loop
			vertex	24.2683	43.5034	4.30148
			vertex	23.9981	43.0189	8.57107
			vertex	28.0182	41.1883	4.30148
		endloop
	endfacet
	facet normal	-0.0314763	0.473550	0.880204
		outer loop
			vertex	-2.40598	21.6613	45.0000
			vertex	-0.482140	21.7892	45.0000
			vertex	-0.565994	25.5788	42.9582
		endloop
	endfacet
	facet normal	0.0104987	0.474479	0.880204
		outer loop
			vertex	1.69687	25.5287	42.9582
			vertex	-0.565994	25.5788	42.9582
			vertex	-0.482140	21.7892	45.0000
		endloop
	endfacet
	facet normal	0.0121357	0.548458	0.836090
		outer loop
			vertex	-0.565994	25.5788	42.9582
			vertex	1.69687	25.5287	42.9582
			vertex	1.93569	29.1216	40.5979
		endloop
	endfacet
	facet normal	0.0605613	0.545240	0.836090
		outer loop
			vertex	4.50189	28.8366	40.5979
			vertex	1.93569	29.1216	40.5979
			vertex	1.69687	25.5287	42.9582
		endloop
	endfacet
	facet normal	0.0682796	0.614728	0.785778
		outer loop
			vertex	1.93569	29.1216	40.5979
			vertex	4.50189	28.8366	40.5979
			vertex	5.02393	32.1805	37.9365
		endloop
	endfacet
	facet normal	0.122342	0.606288	0.785778
		outer loop
			vertex	7.84838	31.6105	37.9365
			vertex	5.02393	32.1805	37.9365
			vertex	4.50189	28.8366	40.5979
		endloop
	endfacet
	facet normal	0.135262	0.670314	0.729646
		outer loop
			vertex	5.02393	32.1805	37.9365
			vertex	7.84838	31.6105	37.9365
			vertex	8.60572	34.6608	34.9938
		endloop
	endfacet
	facet normal	0.193975	0.655737	0.729646
		outer loop
			vertex	11.6354	33.7646	34.9938
			vertex	8.60572	34.6608	34.9938
			vertex	7.84838	31.6105	37.9365
		endloop
	endfacet
	facet normal	0.211061	0.713497	0.668113
		outer loop
			vertex	8.60572	34.6608	34.9938
			vertex	11.6354	33.7646	34.9938
			vertex	12.5731	36.4857	31.7917
		endloop
	endfacet
	facet normal	0.273294	0.692052	0.668113
		outer loop
			vertex	15.7485	35.2317	31.7917
			vertex	12.5731	36.4857	31.7917
			vertex	11.6354	33.7646	34.9938
		endloop
	endfacet
	facet normal	0.293389	0.742936	0.601638
		outer loop
			vertex	12.5731	36.4857	31.7917
			vertex	15.7485	35.2317	31.7917
			vertex	16.8062	37.5980	28.3539
		endloop
	endfacet
	facet normal	0.357902	0.714099	0.601638
		outer loop
			vertex	20.0634	35.9656	28.3539
			vertex	16.8062	37.5980	28.3539
			vertex	15.7485	35.2317	31.7917
		endloop
	endfacet
	facet normal	0.379759	0.757710	0.530715
		outer loop
			vertex	16.8062	37.5980	28.3539
			vertex	20.0634	35.9656	28.3539
			vertex	21.1773	37.9624	24.7058
		endloop
	endfacet
	facet normal	0.445240	0.721182	0.530715
		outer loop
			vertex	24.4496	35.9422	24.7058
			vertex	21.1773	37.9624	24.7058
			vertex	20.0634	35.9656	28.3539
		endloop
	endfacet
	facet normal	0.467564	0.757341	0.455872
		outer loop
			vertex	21.1773	37.9624	24.7058
			vertex	24.4496	35.9422	24.7058
			vertex	25.5544	37.5664	20.8745
		endloop
	endfacet
	facet normal	0.532668	0.713054	0.455872
		outer loop
			vertex	28.7745	35.1608	20.8745
			vertex	25.5544	37.5664	20.8745
			vertex	24.4496	35.9422	24.7058
		endloop
	endfacet
	facet normal	0.554152	0.741814	0.377662
		outer loop
			vertex	25.5544	37.5664	20.8745
			vertex	28.7745	35.1608	20.8745
			vertex	29.8052	36.4203	16.8884
		endloop
	endfacet
	facet normal	0.617545	0.689935	0.377662
		outer loop
			vertex	32.9073	33.6436	16.8884
			vertex	29.8052	36.4203	16.8884
			vertex	28.7745	35.1608	20.8745
		endloop
	endfacet
	facet normal	0.636911	0.711571	0.296665
		outer loop
			vertex	29.8052	36.4203	16.8884
			vertex	32.9073	33.6436	16.8884
			vertex	33.8013	34.5575	12.7771
		endloop
	endfacet
	facet normal	0.697307	0.652497	0.296665
		outer loop
			vertex	36.7232	31.4349	12.7771
			vertex	33.8013	34.5575	12.7771
			vertex	32.9073	33.6436	16.8884
		endloop
	endfacet
	facet normal	0.713346	0.667505	0.213480
		outer loop
			vertex	33.8013	34.5575	12.7771
			vertex	36.7232	31.4349	12.7771
			vertex	37.4221	32.0332	8.57107
		endloop
	endfacet
	facet normal	0.769549	0.601847	0.213480
		outer loop
			vertex	40.1068	28.6004	8.57107
			vertex	37.4221	32.0332	8.57107
			vertex	36.7232	31.4349	12.7771
		endloop
	endfacet
	facet normal	0.781155	0.610923	0.128721
		outer loop
			vertex	37.4221	32.0332	8.57107
			vertex	40.1068	28.6004	8.57107
			vertex	40.5584	28.9225	4.30148
		endloop
	endfacet
	facet normal	0.832092	0.539495	0.128721
		outer loop
			vertex	42.9559	25.2248	4.30148
			vertex	40.5584	28.9225	4.30148
			vertex	40.1068	28.6004	8.57107
		endloop
	endfacet
	facet normal	0.838295	0.543517	0.0430125
		outer loop
			vertex	40.5584	28.9225	4.30148
			vertex	42.9559	25.2248	4.30148
			vertex	43.1157	25.3186	2.08167e-015
		endloop
	endfacet
	facet normal	0.876069	0.480261	0.0430359
		outer loop
			vertex	45.0000	21.6958	2.07170
			vertex	43.1157	25.3186	2.08167e-015
			vertex	42.9559	25.2248	4.30148
		endloop
	endfacet
	facet normal	0.887177	0.461429	0.000000
		outer loop
			vertex	43.1157	25.3186	2.08167e-015
			vertex	45.0000	21.6958	2.07170
			vertex	45.0000	21.6958	1.63911e-015
		endloop
	endfacet
	facet normal	0.882157	0.466828	-0.0622104
		outer loop
			vertex	45.0000	21.3228	4.00703
			vertex	42.9559	25.2248	4.30148
			vertex	45.0172	21.3296	4.30148
		endloop
	endfacet
	facet normal	0.876516	0.463843	0.128721
		outer loop
			vertex	42.4775	24.9439	8.57107
			vertex	45.0172	21.3296	4.30148
			vertex	42.9559	25.2248	4.30148
		endloop
	endfacet
	facet normal	0.876516	0.463843	0.128721
		outer loop
			vertex	45.0172	21.3296	4.30148
			vertex	42.4775	24.9439	8.57107
			vertex	44.5158	21.0921	8.57107
		endloop
	endfacet
	facet normal	0.863494	0.456951	0.213480
		outer loop
			vertex	41.6842	24.4780	12.7771
			vertex	44.5158	21.0921	8.57107
			vertex	42.4775	24.9439	8.57107
		endloop
	endfacet
	facet normal	0.863494	0.456952	0.213480
		outer loop
			vertex	44.5158	21.0921	8.57107
			vertex	41.6842	24.4780	12.7771
			vertex	43.6845	20.6982	12.7771
		endloop
	endfacet
	facet normal	0.844079	0.446677	0.296665
		outer loop
			vertex	40.5818	23.8307	16.8884
			vertex	43.6845	20.6982	12.7771
			vertex	41.6842	24.4780	12.7771
		endloop
	endfacet
	facet normal	0.844079	0.446677	0.296666
		outer loop
			vertex	43.6845	20.6982	12.7771
			vertex	40.5818	23.8307	16.8884
			vertex	42.5291	20.1508	16.8884
		endloop
	endfacet
	facet normal	0.818413	0.433095	0.377663
		outer loop
			vertex	39.1785	23.0066	20.8745
			vertex	42.5291	20.1508	16.8884
			vertex	40.5818	23.8307	16.8884
		endloop
	endfacet
	facet normal	0.818413	0.433095	0.377662
		outer loop
			vertex	42.5291	20.1508	16.8884
			vertex	39.1785	23.0066	20.8745
			vertex	41.0585	19.4540	20.8745
		endloop
	endfacet
	facet normal	0.786684	0.416305	0.455871
		outer loop
			vertex	37.4847	22.0119	24.7058
			vertex	41.0585	19.4540	20.8745
			vertex	39.1785	23.0066	20.8745
		endloop
	endfacet
	facet normal	0.786684	0.416305	0.455872
		outer loop
			vertex	41.0585	19.4540	20.8745
			vertex	37.4847	22.0119	24.7058
			vertex	39.2834	18.6129	24.7058
		endloop
	endfacet
	facet normal	0.749124	0.396428	0.530715
		outer loop
			vertex	35.5129	20.8541	28.3539
			vertex	39.2834	18.6129	24.7058
			vertex	37.4847	22.0119	24.7058
		endloop
	endfacet
	facet normal	0.749124	0.396429	0.530715
		outer loop
			vertex	39.2834	18.6129	24.7058
			vertex	35.5129	20.8541	28.3539
			vertex	37.2170	17.6338	28.3539
		endloop
	endfacet
	facet normal	0.706007	0.373612	0.601638
		outer loop
			vertex	33.2778	19.5416	31.7917
			vertex	37.2170	17.6338	28.3539
			vertex	35.5129	20.8541	28.3539
		endloop
	endfacet
	facet normal	0.706007	0.373611	0.601638
		outer loop
			vertex	37.2170	17.6338	28.3539
			vertex	33.2778	19.5416	31.7917
			vertex	34.8747	16.5240	31.7917
		endloop
	endfacet
	facet normal	0.657651	0.348022	0.668113
		outer loop
			vertex	30.7960	18.0842	34.9938
			vertex	34.8747	16.5240	31.7917
			vertex	33.2778	19.5416	31.7917
		endloop
	endfacet
	facet normal	0.657651	0.348022	0.668113
		outer loop
			vertex	34.8747	16.5240	31.7917
			vertex	30.7960	18.0842	34.9938
			vertex	32.2738	15.2917	34.9938
		endloop
	endfacet
	facet normal	0.604412	0.319848	0.729646
		outer loop
			vertex	28.0858	16.4927	37.9365
			vertex	32.2738	15.2917	34.9938
			vertex	30.7960	18.0842	34.9938
		endloop
	endfacet
	facet normal	0.604412	0.319848	0.729646
		outer loop
			vertex	32.2738	15.2917	34.9938
			vertex	28.0858	16.4927	37.9365
			vertex	29.4335	13.9459	37.9365
		endloop
	endfacet
	facet normal	0.546681	0.289298	0.785778
		outer loop
			vertex	25.1674	14.7789	40.5979
			vertex	29.4335	13.9459	37.9365
			vertex	28.0858	16.4927	37.9365
		endloop
	endfacet
	facet normal	0.546681	0.289297	0.785778
		outer loop
			vertex	29.4335	13.9459	37.9365
			vertex	25.1674	14.7789	40.5979
			vertex	26.3751	12.4968	40.5979
		endloop
	endfacet
	facet normal	0.484884	0.256595	0.836090
		outer loop
			vertex	22.0623	12.9556	42.9582
			vertex	26.3751	12.4968	40.5979
			vertex	25.1674	14.7789	40.5979
		endloop
	endfacet
	facet normal	0.484884	0.256595	0.836090
		outer loop
			vertex	26.3751	12.4968	40.5979
			vertex	22.0623	12.9556	42.9582
			vertex	23.1210	10.9550	42.9582
		endloop
	endfacet
	facet normal	0.419480	0.221984	0.880204
		outer loop
			vertex	18.7937	11.0361	45.0000
			vertex	23.1210	10.9550	42.9582
			vertex	22.0623	12.9556	42.9582
		endloop
	endfacet
	facet normal	0.419480	0.221984	0.880204
		outer loop
			vertex	23.1210	10.9550	42.9582
			vertex	18.7937	11.0361	45.0000
			vertex	19.6955	9.33197	45.0000
		endloop
	endfacet
	facet normal	0.880969	-0.471031	-0.0449781
		outer loop
			vertex	45.0000	-21.4006	-4.12464
			vertex	45.0000	-21.7945	0.000000
			vertex	43.1157	-25.3186	2.08167e-015
		endloop
	endfacet
	facet normal	0.881045	-0.471072	0.0430203
		outer loop
			vertex	42.9559	-25.2248	4.30148
			vertex	43.1157	-25.3186	2.08167e-015
			vertex	45.0000	-21.7945	0.000000
		endloop
	endfacet
	facet normal	0.838295	-0.543517	0.0430125
		outer loop
			vertex	43.1157	-25.3186	2.08167e-015
			vertex	42.9559	-25.2248	4.30148
			vertex	40.7093	-29.0301	2.08167e-015
		endloop
	endfacet
	facet normal	0.470420	0.0628145	0.880204
		outer loop
			vertex	21.4540	3.83732	45.0000
			vertex	21.7092	1.92620	45.0000
			vertex	25.4849	2.26121	42.9582
		endloop
	endfacet
	facet normal	0.474130	0.0209926	0.880204
		outer loop
			vertex	25.5850	0.000000	42.9582
			vertex	25.4849	2.26121	42.9582
			vertex	21.7092	1.92620	45.0000
		endloop
	endfacet
	facet normal	0.548056	0.0242657	0.836090
		outer loop
			vertex	25.4849	2.26121	42.9582
			vertex	25.5850	0.000000	42.9582
			vertex	29.1859	0.000000	40.5979
		endloop
	endfacet
	facet normal	0.548056	-0.0242659	0.836090
		outer loop
			vertex	29.0716	-2.57945	40.5979
			vertex	29.1859	0.000000	40.5979
			vertex	25.5850	0.000000	42.9582
		endloop
	endfacet
	facet normal	0.617903	-0.0273585	0.785778
		outer loop
			vertex	29.1859	0.000000	40.5979
			vertex	29.0716	-2.57945	40.5979
			vertex	32.4428	-2.87856	37.9365
		endloop
	endfacet
	facet normal	0.613067	-0.0818619	0.785778
		outer loop
			vertex	32.0615	-5.73460	37.9365
			vertex	32.4428	-2.87856	37.9365
			vertex	29.0716	-2.57945	40.5979
		endloop
	endfacet
	facet normal	0.677809	-0.0905068	0.729646
		outer loop
			vertex	32.4428	-2.87856	37.9365
			vertex	32.0615	-5.73460	37.9365
			vertex	35.1553	-6.28797	34.9938
		endloop
	endfacet
	facet normal	0.667158	-0.150058	0.729646
		outer loop
			vertex	34.4620	-9.37039	34.9938
			vertex	35.1553	-6.28797	34.9938
			vertex	32.0615	-5.73460	37.9365
		endloop
	endfacet
	facet normal	0.725924	-0.163276	0.668113
		outer loop
			vertex	35.1553	-6.28797	34.9938
			vertex	34.4620	-9.37039	34.9938
			vertex	37.2392	-10.1255	31.7917
		endloop
	endfacet
	facet normal	0.708653	-0.226794	0.668113
		outer loop
			vertex	36.1986	-13.3771	31.7917
			vertex	37.2392	-10.1255	31.7917
			vertex	34.4620	-9.37039	34.9938
		endloop
	endfacet
	facet normal	0.760759	-0.243469	0.601638
		outer loop
			vertex	37.2392	-10.1255	31.7917
			vertex	36.1986	-13.3771	31.7917
			vertex	38.6299	-14.2756	28.3539
		endloop
	endfacet
	facet normal	0.736264	-0.309753	0.601638
		outer loop
			vertex	37.2170	-17.6338	28.3539
			vertex	38.6299	-14.2756	28.3539
			vertex	36.1986	-13.3771	31.7917
		endloop
	endfacet
	facet normal	0.781229	-0.328670	0.530715
		outer loop
			vertex	38.6299	-14.2756	28.3539
			vertex	37.2170	-17.6338	28.3539
			vertex	39.2834	-18.6129	24.7058
		endloop
	endfacet
	facet normal	0.749124	-0.396428	0.530715
		outer loop
			vertex	37.4847	-22.0119	24.7058
			vertex	39.2834	-18.6129	24.7058
			vertex	37.2170	-17.6338	28.3539
		endloop
	endfacet
	facet normal	0.786684	-0.416305	0.455871
		outer loop
			vertex	39.2834	-18.6129	24.7058
			vertex	37.4847	-22.0119	24.7058
			vertex	39.1785	-23.0066	20.8745
		endloop
	endfacet
	facet normal	0.746813	-0.484203	0.455871
		outer loop
			vertex	36.9918	-26.3792	20.8745
			vertex	39.1785	-23.0066	20.8745
			vertex	37.4847	-22.0119	24.7058
		endloop
	endfacet
	facet normal	0.776933	-0.503732	0.377662
		outer loop
			vertex	39.1785	-23.0066	20.8745
			vertex	36.9918	-26.3792	20.8745
			vertex	38.3168	-27.3240	16.8884
		endloop
	endfacet
	facet normal	0.729373	-0.570426	0.377662
		outer loop
			vertex	35.7520	-30.6035	16.8884
			vertex	38.3168	-27.3240	16.8884
			vertex	36.9918	-26.3792	20.8745
		endloop
	endfacet
	facet normal	0.752247	-0.588315	0.296665
		outer loop
			vertex	38.3168	-27.3240	16.8884
			vertex	35.7520	-30.6035	16.8884
			vertex	36.7232	-31.4349	12.7771
		endloop
	endfacet
	facet normal	0.697307	-0.652497	0.296665
		outer loop
			vertex	33.8013	-34.5575	12.7771
			vertex	36.7232	-31.4349	12.7771
			vertex	35.7520	-30.6035	16.8884
		endloop
	endfacet
	facet normal	0.713346	-0.667505	0.213480
		outer loop
			vertex	36.7232	-31.4349	12.7771
			vertex	33.8013	-34.5575	12.7771
			vertex	34.4446	-35.2152	8.57107
		endloop
	endfacet
	facet normal	0.651561	-0.727939	0.213480
		outer loop
			vertex	31.1975	-38.1216	8.57107
			vertex	34.4446	-35.2152	8.57107
			vertex	33.8013	-34.5575	12.7771
		endloop
	endfacet
	facet normal	0.661387	-0.738917	0.128721
		outer loop
			vertex	34.4446	-35.2152	8.57107
			vertex	31.1975	-38.1216	8.57107
			vertex	31.5488	-38.5509	4.30148
		endloop
	endfacet
	facet normal	0.593494	-0.794478	0.128721
		outer loop
			vertex	28.0182	-41.1883	4.30148
			vertex	31.5488	-38.5509	4.30148
			vertex	31.1975	-38.1216	8.57107
		endloop
	endfacet
	facet normal	0.597919	-0.800402	0.0430122
		outer loop
			vertex	31.5488	-38.5509	4.30148
			vertex	28.0182	-41.1883	4.30148
			vertex	28.1225	-41.3416	2.08167e-015
		endloop
	endfacet
	facet normal	0.524839	-0.850114	0.0430121
		outer loop
			vertex	24.3586	-43.6653	2.08167e-015
			vertex	28.1225	-41.3416	2.08167e-015
			vertex	28.0182	-41.1883	4.30148
		endloop
	endfacet
	facet normal	0.524839	-0.850114	-0.0430127
		outer loop
			vertex	28.1225	-41.3416	2.08167e-015
			vertex	24.3586	-43.6653	2.08167e-015
			vertex	24.2683	-43.5034	-4.30148
		endloop
	endfacet
	facet normal	0.447686	-0.893156	-0.0430127
		outer loop
			vertex	21.6958	-45.0000	2.18548e-015
			vertex	24.2683	-43.5034	-4.30148
			vertex	24.3586	-43.6653	2.08167e-015
		endloop
	endfacet
	facet normal	0.502859	-0.864368	0.000000
		outer loop
			vertex	24.2683	-43.5034	-4.30148
			vertex	21.6958	-45.0000	2.18548e-015
			vertex	21.6958	-45.0000	-2.07170
		endloop
	endfacet
	facet normal	-0.891247	0.451465	-0.0431097
		outer loop
			vertex	-45.0000	21.4006	-4.12464
			vertex	-45.0000	21.7945	0.000000
			vertex	-44.1935	23.3867	2.08167e-015
		endloop
	endfacet
	facet normal	-0.891249	0.451466	0.0430475
		outer loop
			vertex	-44.0296	23.3000	4.30148
			vertex	-44.1935	23.3867	2.08167e-015
			vertex	-45.0000	21.7945	0.000000
		endloop
	endfacet
	facet normal	-0.861517	0.505904	0.0430123
		outer loop
			vertex	-44.1935	23.3867	2.08167e-015
			vertex	-44.0296	23.3000	4.30148
			vertex	-41.9536	27.2010	2.08167e-015
		endloop
	endfacet
	facet normal	-0.861516	0.505905	0.0430129
		outer loop
			vertex	-41.7981	27.1002	4.30148
			vertex	-41.9536	27.2010	2.08167e-015
			vertex	-44.0296	23.3000	4.30148
		endloop
	endfacet
	facet normal	-0.813433	0.580065	0.0430129
		outer loop
			vertex	-41.9536	27.2010	2.08167e-015
			vertex	-41.7981	27.1002	4.30148
			vertex	-39.3854	30.8024	2.08167e-015
		endloop
	endfacet
	facet normal	-0.472738	-0.0419451	0.880204
		outer loop
			vertex	-21.6028	-2.88459	45.0000
			vertex	-21.7732	-0.964043	45.0000
			vertex	-25.5600	-1.13171	42.9582
		endloop
	endfacet
	facet normal	-0.474595	0.000000	0.880204
		outer loop
			vertex	-25.5600	1.13171	42.9582
			vertex	-25.5600	-1.13171	42.9582
			vertex	-21.7732	-0.964043	45.0000
		endloop
	endfacet
	facet normal	-0.548593	0.000000	0.836090
		outer loop
			vertex	-25.5600	-1.13171	42.9582
			vertex	-25.5600	1.13171	42.9582
			vertex	-29.1573	1.29099	40.5979
		endloop
	endfacet
	facet normal	-0.546446	0.0484849	0.836090
		outer loop
			vertex	-28.9291	3.86286	40.5979
			vertex	-29.1573	1.29099	40.5979
			vertex	-25.5600	1.13171	42.9582
		endloop
	endfacet
	facet normal	-0.616088	0.0546641	0.785778
		outer loop
			vertex	-29.1573	1.29099	40.5979
			vertex	-28.9291	3.86286	40.5979
			vertex	-32.2837	4.31080	37.9365
		endloop
	endfacet
	facet normal	-0.608846	0.108900	0.785778
		outer loop
			vertex	-31.7764	7.14717	37.9365
			vertex	-32.2837	4.31080	37.9365
			vertex	-28.9291	3.86286	40.5979
		endloop
	endfacet
	facet normal	-0.673142	0.120400	0.729646
		outer loop
			vertex	-32.2837	4.31080	37.9365
			vertex	-31.7764	7.14717	37.9365
			vertex	-34.8427	7.83685	34.9938
		endloop
	endfacet
	facet normal	-0.659867	0.179421	0.729646
		outer loop
			vertex	-34.0137	10.8856	34.9938
			vertex	-34.8427	7.83685	34.9938
			vertex	-31.7764	7.14717	37.9365
		endloop
	endfacet
	facet normal	-0.717992	0.195226	0.668113
		outer loop
			vertex	-34.8427	7.83685	34.9938
			vertex	-34.0137	10.8856	34.9938
			vertex	-36.7549	11.7628	31.7917
		endloop
	endfacet
	facet normal	-0.697928	0.257918	0.668113
		outer loop
			vertex	-35.5715	14.9652	31.7917
			vertex	-36.7549	11.7628	31.7917
			vertex	-34.0137	10.8856	34.9938
		endloop
	endfacet
	facet normal	-0.749245	0.276882	0.601638
		outer loop
			vertex	-36.7549	11.7628	31.7917
			vertex	-35.5715	14.9652	31.7917
			vertex	-37.9606	15.9703	28.3539
		endloop
	endfacet
	facet normal	-0.721842	0.342017	0.601638
		outer loop
			vertex	-36.4006	19.2628	28.3539
			vertex	-37.9606	15.9703	28.3539
			vertex	-35.5715	14.9652	31.7917
		endloop
	endfacet
	facet normal	-0.765926	0.362904	0.530715
		outer loop
			vertex	-37.9606	15.9703	28.3539
			vertex	-36.4006	19.2628	28.3539
			vertex	-38.4216	20.3323	24.7058
		endloop
	endfacet
	facet normal	-0.730855	0.429177	0.530715
		outer loop
			vertex	-36.4743	23.6485	24.7058
			vertex	-38.4216	20.3323	24.7058
			vertex	-36.4006	19.2628	28.3539
		endloop
	endfacet
	facet normal	-0.767499	0.450695	0.455872
		outer loop
			vertex	-38.4216	20.3323	24.7058
			vertex	-36.4743	23.6485	24.7058
			vertex	-38.1225	24.7171	20.8745
		endloop
	endfacet
	facet normal	-0.724663	0.516763	0.455872
		outer loop
			vertex	-35.7888	27.9896	20.8745
			vertex	-38.1225	24.7171	20.8745
			vertex	-36.4743	23.6485	24.7058
		endloop
	endfacet
	facet normal	-0.753891	0.537605	0.377662
		outer loop
			vertex	-38.1225	24.7171	20.8745
			vertex	-35.7888	27.9896	20.8745
			vertex	-37.0707	28.9922	16.8884
		endloop
	endfacet
	facet normal	-0.703427	0.602131	0.377662
		outer loop
			vertex	-34.3633	32.1550	16.8884
			vertex	-37.0707	28.9922	16.8884
			vertex	-35.7888	27.9896	20.8745
		endloop
	endfacet
	facet normal	-0.725487	0.621014	0.296666
		outer loop
			vertex	-37.0707	28.9922	16.8884
			vertex	-34.3633	32.1550	16.8884
			vertex	-35.2968	33.0285	12.7771
		endloop
	endfacet
	facet normal	-0.667763	0.682702	0.296666
		outer loop
			vertex	-32.2396	36.0188	12.7771
			vertex	-35.2968	33.0285	12.7771
			vertex	-34.3633	32.1550	16.8884
		endloop
	endfacet
	facet normal	-0.683122	0.698405	0.213480
		outer loop
			vertex	-35.2968	33.0285	12.7771
			vertex	-32.2396	36.0188	12.7771
			vertex	-32.8532	36.7043	8.57107
		endloop
	endfacet
	facet normal	-0.618724	0.756047	0.213480
		outer loop
			vertex	-29.4807	39.4642	8.57107
			vertex	-32.8532	36.7043	8.57107
			vertex	-32.2396	36.0188	12.7771
		endloop
	endfacet
	facet normal	-0.628055	0.767449	0.128721
		outer loop
			vertex	-32.8532	36.7043	8.57107
			vertex	-29.4807	39.4642	8.57107
			vertex	-29.8127	39.9087	4.30148
		endloop
	endfacet
	facet normal	-0.557771	0.819953	0.128721
		outer loop
			vertex	-26.1689	42.3873	4.30148
			vertex	-29.8127	39.9087	4.30148
			vertex	-29.4807	39.4642	8.57107
		endloop
	endfacet
	facet normal	-0.561929	0.826066	0.0430126
		outer loop
			vertex	-29.8127	39.9087	4.30148
			vertex	-26.1689	42.3873	4.30148
			vertex	-26.2663	42.5451	2.08167e-015
		endloop
	endfacet
	facet normal	-0.486722	0.872497	0.0430126
		outer loop
			vertex	-22.4033	44.7000	2.08167e-015
			vertex	-26.2663	42.5451	2.08167e-015
			vertex	-26.1689	42.3873	4.30148
		endloop
	endfacet
	facet normal	-0.486722	0.872497	-0.0430133
		outer loop
			vertex	-26.2663	42.5451	2.08167e-015
			vertex	-22.4033	44.7000	2.08167e-015
			vertex	-22.3203	44.5343	-4.30148
		endloop
	endfacet
	facet normal	-0.390001	0.919812	-0.0429685
		outer loop
			vertex	-21.6958	45.0000	1.63911e-015
			vertex	-22.3203	44.5343	-4.30148
			vertex	-22.4033	44.7000	2.08167e-015
		endloop
	endfacet
	facet normal	-0.597832	0.801622	0.000000
		outer loop
			vertex	-22.3203	44.5343	-4.30148
			vertex	-21.6958	45.0000	1.63911e-015
			vertex	-21.6958	45.0000	-2.07170
		endloop
	endfacet
	facet normal	0.461276	0.886163	-0.0440466
		outer loop
			vertex	21.4006	45.0000	-4.12464
			vertex	21.7945	45.0000	0.000000
			vertex	24.3586	43.6653	2.08167e-015
		endloop
	endfacet
	facet normal	0.461297	0.886202	0.0430367
		outer loop
			vertex	24.2683	43.5034	4.30148
			vertex	24.3586	43.6653	2.08167e-015
			vertex	21.7945	45.0000	0.000000
		endloop
	endfacet
	facet normal	0.524839	0.850114	0.0430127
		outer loop
			vertex	24.3586	43.6653	2.08167e-015
			vertex	24.2683	43.5034	4.30148
			vertex	28.1225	41.3416	2.08167e-015
		endloop
	endfacet
	facet normal	0.524839	0.850114	0.0430121
		outer loop
			vertex	28.0182	41.1883	4.30148
			vertex	28.1225	41.3416	2.08167e-015
			vertex	24.2683	43.5034	4.30148
		endloop
	endfacet
	facet normal	0.597919	0.800402	0.0430122
		outer loop
			vertex	28.1225	41.3416	2.08167e-015
			vertex	28.0182	41.1883	4.30148
			vertex	31.6662	38.6943	2.08167e-015
		endloop
	endfacet
	facet normal	-0.0732060	0.468915	0.880204
		outer loop
			vertex	-4.31099	21.3639	45.0000
			vertex	-2.40598	21.6613	45.0000
			vertex	-2.82443	25.4286	42.9582
		endloop
	endfacet
	facet normal	-0.0314765	0.473550	0.880204
		outer loop
			vertex	-0.565994	25.5788	42.9582
			vertex	-2.82443	25.4286	42.9582
			vertex	-2.40598	21.6613	45.0000
		endloop
	endfacet
	facet normal	-0.0363843	0.547385	0.836090
		outer loop
			vertex	-2.82443	25.4286	42.9582
			vertex	-0.565994	25.5788	42.9582
			vertex	-0.645652	29.1787	40.5979
		endloop
	endfacet
	facet normal	0.0121357	0.548458	0.836090
		outer loop
			vertex	1.93569	29.1216	40.5979
			vertex	-0.645652	29.1787	40.5979
			vertex	-0.565994	25.5788	42.9582
		endloop
	endfacet
	facet normal	0.0136823	0.618357	0.785778
		outer loop
			vertex	-0.645652	29.1787	40.5979
			vertex	1.93569	29.1216	40.5979
			vertex	2.16016	32.4986	37.9365
		endloop
	endfacet
	facet normal	0.0682795	0.614728	0.785778
		outer loop
			vertex	5.02393	32.1805	37.9365
			vertex	2.16016	32.4986	37.9365
			vertex	1.93569	29.1216	40.5979
		endloop
	endfacet
	facet normal	0.0754901	0.679645	0.729646
		outer loop
			vertex	2.16016	32.4986	37.9365
			vertex	5.02393	32.1805	37.9365
			vertex	5.50872	35.2858	34.9938
		endloop
	endfacet
	facet normal	0.135262	0.670314	0.729646
		outer loop
			vertex	8.60572	34.6608	34.9938
			vertex	5.50872	35.2858	34.9938
			vertex	5.02393	32.1805	37.9365
		endloop
	endfacet
	facet normal	0.147176	0.729358	0.668113
		outer loop
			vertex	5.50872	35.2858	34.9938
			vertex	8.60572	34.6608	34.9938
			vertex	9.29925	37.4541	31.7917
		endloop
	endfacet
	facet normal	0.211062	0.713497	0.668113
		outer loop
			vertex	12.5731	36.4857	31.7917
			vertex	9.29925	37.4541	31.7917
			vertex	8.60572	34.6608	34.9938
		endloop
	endfacet
	facet normal	0.226580	0.765959	0.601638
		outer loop
			vertex	9.29925	37.4541	31.7917
			vertex	12.5731	36.4857	31.7917
			vertex	13.4175	38.9362	28.3539
		endloop
	endfacet
	facet normal	0.293389	0.742936	0.601638
		outer loop
			vertex	16.8062	37.5980	28.3539
			vertex	13.4175	38.9362	28.3539
			vertex	12.5731	36.4857	31.7917
		endloop
	endfacet
	facet normal	0.311306	0.788308	0.530715
		outer loop
			vertex	13.4175	38.9362	28.3539
			vertex	16.8062	37.5980	28.3539
			vertex	17.7393	39.6855	24.7058
		endloop
	endfacet
	facet normal	0.379759	0.757710	0.530715
		outer loop
			vertex	21.1773	37.9624	24.7058
			vertex	17.7393	39.6855	24.7058
			vertex	16.8062	37.5980	28.3539
		endloop
	endfacet
	facet normal	0.398800	0.795701	0.455872
		outer loop
			vertex	17.7393	39.6855	24.7058
			vertex	21.1773	37.9624	24.7058
			vertex	22.1343	39.6778	20.8745
		endloop
	endfacet
	facet normal	0.467563	0.757341	0.455872
		outer loop
			vertex	25.5544	37.5664	20.8745
			vertex	22.1343	39.6778	20.8745
			vertex	21.1773	37.9624	24.7058
		endloop
	endfacet
	facet normal	0.486422	0.787887	0.377662
		outer loop
			vertex	22.1343	39.6778	20.8745
			vertex	25.5544	37.5664	20.8745
			vertex	26.4697	38.9119	16.8884
		endloop
	endfacet
	facet normal	0.554152	0.741814	0.377662
		outer loop
			vertex	29.8052	36.4203	16.8884
			vertex	26.4697	38.9119	16.8884
			vertex	25.5544	37.5664	20.8745
		endloop
	endfacet
	facet normal	0.571530	0.765077	0.296665
		outer loop
			vertex	26.4697	38.9119	16.8884
			vertex	29.8052	36.4203	16.8884
			vertex	30.6148	37.4096	12.7771
		endloop
	endfacet
	facet normal	0.636911	0.711571	0.296665
		outer loop
			vertex	33.8013	34.5575	12.7771
			vertex	30.6148	37.4096	12.7771
			vertex	29.8052	36.4203	16.8884
		endloop
	endfacet
	facet normal	0.651561	0.727938	0.213480
		outer loop
			vertex	30.6148	37.4096	12.7771
			vertex	33.8013	34.5575	12.7771
			vertex	34.4446	35.2152	8.57107
		endloop
	endfacet
	facet normal	0.713346	0.667505	0.213480
		outer loop
			vertex	37.4221	32.0332	8.57107
			vertex	34.4446	35.2152	8.57107
			vertex	33.8013	34.5575	12.7771
		endloop
	endfacet
	facet normal	0.724104	0.677572	0.128721
		outer loop
			vertex	34.4446	35.2152	8.57107
			vertex	37.4221	32.0332	8.57107
			vertex	37.8435	32.3939	4.30148
		endloop
	endfacet
	facet normal	0.781155	0.610924	0.128721
		outer loop
			vertex	40.5584	28.9225	4.30148
			vertex	37.8435	32.3939	4.30148
			vertex	37.4221	32.0332	8.57107
		endloop
	endfacet
	facet normal	0.786979	0.615479	0.0430125
		outer loop
			vertex	37.8435	32.3939	4.30148
			vertex	40.5584	28.9225	4.30148
			vertex	40.7093	29.0301	2.08167e-015
		endloop
	endfacet
	facet normal	0.838295	0.543517	0.0430125
		outer loop
			vertex	43.1157	25.3186	2.08167e-015
			vertex	40.7093	29.0301	2.08167e-015
			vertex	40.5584	28.9225	4.30148
		endloop
	endfacet
	facet normal	0.838295	0.543517	-0.0430125
		outer loop
			vertex	40.7093	29.0301	2.08167e-015
			vertex	43.1157	25.3186	2.08167e-015
			vertex	42.9559	25.2248	-4.30148
		endloop
	endfacet
	facet normal	0.886357	0.461002	-0.0429980
		outer loop
			vertex	45.0000	21.6958	1.63911e-015
			vertex	42.9559	25.2248	-4.30148
			vertex	43.1157	25.3186	2.08167e-015
		endloop
	endfacet
	facet normal	0.865317	0.501225	0.000000
		outer loop
			vertex	42.9559	25.2248	-4.30148
			vertex	45.0000	21.6958	1.63911e-015
			vertex	45.0000	21.6958	-2.07170
		endloop
	endfacet
	facet normal	0.876352	-0.462161	-0.135699
		outer loop
			vertex	45.0000	-21.3489	-4.30069
			vertex	45.0000	-21.4006	-4.12464
			vertex	42.9559	-25.2248	-4.30148
		endloop
	endfacet
	facet normal	0.881924	-0.469426	-0.0430170
		outer loop
			vertex	43.1157	-25.3186	2.08167e-015
			vertex	42.9559	-25.2248	-4.30148
			vertex	45.0000	-21.4006	-4.12464
		endloop
	endfacet
	facet normal	0.838295	-0.543517	-0.0430125
		outer loop
			vertex	42.9559	-25.2248	-4.30148
			vertex	43.1157	-25.3186	2.08167e-015
			vertex	40.5584	-28.9225	-4.30148
		endloop
	endfacet
	facet normal	0.838295	-0.543517	-0.0430125
		outer loop
			vertex	40.7093	-29.0301	2.08167e-015
			vertex	40.5584	-28.9225	-4.30148
			vertex	43.1157	-25.3186	2.08167e-015
		endloop
	endfacet
	facet normal	0.786979	-0.615479	-0.0430125
		outer loop
			vertex	40.5584	-28.9225	-4.30148
			vertex	40.7093	-29.0301	2.08167e-015
			vertex	37.8435	-32.3939	-4.30148
		endloop
	endfacet
	facet normal	0.729503	-0.682623	-0.0430127
		outer loop
			vertex	34.8325	-35.6117	-4.30148
			vertex	37.8435	-32.3939	-4.30148
			vertex	37.9844	-32.5144	2.08167e-015
		endloop
	endfacet
	facet normal	0.786979	-0.615479	-0.0430127
		outer loop
			vertex	40.7093	-29.0301	2.08167e-015
			vertex	37.9844	-32.5144	2.08167e-015
			vertex	37.8435	-32.3939	-4.30148
		endloop
	endfacet
	facet normal	0.786979	-0.615479	0.0430125
		outer loop
			vertex	37.9844	-32.5144	2.08167e-015
			vertex	40.7093	-29.0301	2.08167e-015
			vertex	40.5584	-28.9225	4.30148
		endloop
	endfacet
	facet normal	0.838295	-0.543517	0.0430125
		outer loop
			vertex	42.9559	-25.2248	4.30148
			vertex	40.5584	-28.9225	4.30148
			vertex	40.7093	-29.0301	2.08167e-015
		endloop
	endfacet
	facet normal	0.832092	-0.539495	0.128721
		outer loop
			vertex	40.5584	-28.9225	4.30148
			vertex	42.9559	-25.2248	4.30148
			vertex	42.4775	-24.9439	8.57107
		endloop
	endfacet
	facet normal	0.877244	-0.462467	0.128712
		outer loop
			vertex	45.0000	-21.3222	4.39163
			vertex	42.4775	-24.9439	8.57107
			vertex	42.9559	-25.2248	4.30148
		endloop
	endfacet
	facet normal	0.876700	-0.463940	0.127107
		outer loop
			vertex	42.4775	-24.9439	8.57107
			vertex	45.0000	-21.3222	4.39163
			vertex	44.5158	-21.0921	8.57107
		endloop
	endfacet
	facet normal	0.892242	-0.433265	0.127218
		outer loop
			vertex	45.0000	-20.2333	8.10020
			vertex	44.5158	-21.0921	8.57107
			vertex	45.0000	-21.3222	4.39163
		endloop
	endfacet
	facet normal	0.896391	-0.393989	0.203116
		outer loop
			vertex	44.5158	-21.0921	8.57107
			vertex	45.0000	-20.2333	8.10020
			vertex	45.0000	-19.9919	8.56845
		endloop
	endfacet
	facet normal	0.463027	0.104144	0.880204
		outer loop
			vertex	21.0309	5.71842	45.0000
			vertex	21.4540	3.83732	45.0000
			vertex	25.1853	4.50472	42.9582
		endloop
	endfacet
	facet normal	0.470420	0.0628148	0.880204
		outer loop
			vertex	25.4849	2.26121	42.9582
			vertex	25.1853	4.50472	42.9582
			vertex	21.4540	3.83732	45.0000
		endloop
	endfacet
	facet normal	0.543766	0.0726087	0.836090
		outer loop
			vertex	25.1853	4.50472	42.9582
			vertex	25.4849	2.26121	42.9582
			vertex	29.0716	2.57945	40.5979
		endloop
	endfacet
	facet normal	0.548056	0.0242659	0.836090
		outer loop
			vertex	29.1859	0.000000	40.5979
			vertex	29.0716	2.57945	40.5979
			vertex	25.4849	2.26121	42.9582
		endloop
	endfacet
	facet normal	0.617903	0.0273585	0.785778
		outer loop
			vertex	29.0716	2.57945	40.5979
			vertex	29.1859	0.000000	40.5979
			vertex	32.5703	0.000000	37.9365
		endloop
	endfacet
	facet normal	0.617903	-0.0273586	0.785778
		outer loop
			vertex	32.4428	-2.87856	37.9365
			vertex	32.5703	0.000000	37.9365
			vertex	29.1859	0.000000	40.5979
		endloop
	endfacet
	facet normal	0.683156	-0.0302478	0.729646
		outer loop
			vertex	32.5703	0.000000	37.9365
			vertex	32.4428	-2.87856	37.9365
			vertex	35.5734	-3.15633	34.9938
		endloop
	endfacet
	facet normal	0.677809	-0.0905068	0.729646
		outer loop
			vertex	35.1553	-6.28797	34.9938
			vertex	35.5734	-3.15633	34.9938
			vertex	32.4428	-2.87856	37.9365
		endloop
	endfacet
	facet normal	0.737514	-0.0984790	0.668113
		outer loop
			vertex	35.5734	-3.15633	34.9938
			vertex	35.1553	-6.28797	34.9938
			vertex	37.9884	-6.79471	31.7917
		endloop
	endfacet
	facet normal	0.725924	-0.163276	0.668113
		outer loop
			vertex	37.2392	-10.1255	31.7917
			vertex	37.9884	-6.79471	31.7917
			vertex	35.1553	-6.28797	34.9938
		endloop
	endfacet
	facet normal	0.779300	-0.175281	0.601638
		outer loop
			vertex	37.9884	-6.79471	31.7917
			vertex	37.2392	-10.1255	31.7917
			vertex	39.7404	-10.8056	28.3539
		endloop
	endfacet
	facet normal	0.760759	-0.243469	0.601638
		outer loop
			vertex	38.6299	-14.2756	28.3539
			vertex	39.7404	-10.8056	28.3539
			vertex	37.2392	-10.1255	31.7917
		endloop
	endfacet
	facet normal	0.807220	-0.258338	0.530715
		outer loop
			vertex	39.7404	-10.8056	28.3539
			vertex	38.6299	-14.2756	28.3539
			vertex	40.7747	-15.0682	24.7058
		endloop
	endfacet
	facet normal	0.781229	-0.328669	0.530715
		outer loop
			vertex	39.2834	-18.6129	24.7058
			vertex	40.7747	-15.0682	24.7058
			vertex	38.6299	-14.2756	28.3539
		endloop
	endfacet
	facet normal	0.820399	-0.345148	0.455872
		outer loop
			vertex	40.7747	-15.0682	24.7058
			vertex	39.2834	-18.6129	24.7058
			vertex	41.0585	-19.4540	20.8745
		endloop
	endfacet
	facet normal	0.786684	-0.416305	0.455872
		outer loop
			vertex	39.1785	-23.0066	20.8745
			vertex	41.0585	-19.4540	20.8745
			vertex	39.2834	-18.6129	24.7058
		endloop
	endfacet
	facet normal	0.818413	-0.433095	0.377663
		outer loop
			vertex	41.0585	-19.4540	20.8745
			vertex	39.1785	-23.0066	20.8745
			vertex	40.5818	-23.8307	16.8884
		endloop
	endfacet
	facet normal	0.776933	-0.503732	0.377663
		outer loop
			vertex	38.3168	-27.3240	16.8884
			vertex	40.5818	-23.8307	16.8884
			vertex	39.1785	-23.0066	20.8745
		endloop
	endfacet
	facet normal	0.801298	-0.519530	0.296665
		outer loop
			vertex	40.5818	-23.8307	16.8884
			vertex	38.3168	-27.3240	16.8884
			vertex	39.3577	-28.0663	12.7771
		endloop
	endfacet
	facet normal	0.752247	-0.588315	0.296665
		outer loop
			vertex	36.7232	-31.4349	12.7771
			vertex	39.3577	-28.0663	12.7771
			vertex	38.3168	-27.3240	16.8884
		endloop
	endfacet
	facet normal	0.769549	-0.601847	0.213480
		outer loop
			vertex	39.3577	-28.0663	12.7771
			vertex	36.7232	-31.4349	12.7771
			vertex	37.4221	-32.0332	8.57107
		endloop
	endfacet
	facet normal	0.713346	-0.667505	0.213480
		outer loop
			vertex	34.4446	-35.2152	8.57107
			vertex	37.4221	-32.0332	8.57107
			vertex	36.7232	-31.4349	12.7771
		endloop
	endfacet
	facet normal	0.724104	-0.677572	0.128721
		outer loop
			vertex	37.4221	-32.0332	8.57107
			vertex	34.4446	-35.2152	8.57107
			vertex	34.8325	-35.6117	4.30148
		endloop
	endfacet
	facet normal	0.661387	-0.738917	0.128721
		outer loop
			vertex	31.5488	-38.5509	4.30148
			vertex	34.8325	-35.6117	4.30148
			vertex	34.4446	-35.2152	8.57107
		endloop
	endfacet
	facet normal	0.666318	-0.744426	0.0430124
		outer loop
			vertex	34.8325	-35.6117	4.30148
			vertex	31.5488	-38.5509	4.30148
			vertex	31.6662	-38.6943	2.08167e-015
		endloop
	endfacet
	facet normal	0.597919	-0.800402	0.0430124
		outer loop
			vertex	28.1225	-41.3416	2.08167e-015
			vertex	31.6662	-38.6943	2.08167e-015
			vertex	31.5488	-38.5509	4.30148
		endloop
	endfacet
	facet normal	0.597919	-0.800402	-0.0430122
		outer loop
			vertex	31.6662	-38.6943	2.08167e-015
			vertex	28.1225	-41.3416	2.08167e-015
			vertex	28.0182	-41.1883	-4.30148
		endloop
	endfacet
	facet normal	0.524839	-0.850114	-0.0430121
		outer loop
			vertex	24.2683	-43.5034	-4.30148
			vertex	28.0182	-41.1883	-4.30148
			vertex	28.1225	-41.3416	2.08167e-015
		endloop
	endfacet
	facet normal	0.520955	-0.843823	-0.128721
		outer loop
			vertex	28.0182	-41.1883	-4.30148
			vertex	24.2683	-43.5034	-4.30148
			vertex	23.9981	-43.0189	-8.57107
		endloop
	endfacet
	facet normal	0.442383	-0.887542	-0.128709
		outer loop
			vertex	21.2667	-45.0000	-4.29819
			vertex	23.9981	-43.0189	-8.57107
			vertex	24.2683	-43.5034	-4.30148
		endloop
	endfacet
	facet normal	0.484661	-0.869700	-0.0934105
		outer loop
			vertex	23.9981	-43.0189	-8.57107
			vertex	21.2667	-45.0000	-4.29819
			vertex	20.9117	-45.0000	-6.14022
		endloop
	endfacet
	facet normal	-0.887835	0.441524	-0.129640
		outer loop
			vertex	-45.0000	21.3489	-4.30069
			vertex	-45.0000	21.4006	-4.12464
			vertex	-44.0296	23.3000	-4.30148
		endloop
	endfacet
	facet normal	-0.891304	0.451359	-0.0430474
		outer loop
			vertex	-44.1935	23.3867	2.08167e-015
			vertex	-44.0296	23.3000	-4.30148
			vertex	-45.0000	21.4006	-4.12464
		endloop
	endfacet
	facet normal	-0.861516	0.505905	-0.0430123
		outer loop
			vertex	-44.0296	23.3000	-4.30148
			vertex	-44.1935	23.3867	2.08167e-015
			vertex	-41.7981	27.1002	-4.30148
		endloop
	endfacet
	facet normal	-0.861517	0.505904	-0.0430129
		outer loop
			vertex	-41.9536	27.2010	2.08167e-015
			vertex	-41.7981	27.1002	-4.30148
			vertex	-44.1935	23.3867	2.08167e-015
		endloop
	endfacet
	facet normal	-0.813434	0.580065	-0.0430129
		outer loop
			vertex	-41.7981	27.1002	-4.30148
			vertex	-41.9536	27.2010	2.08167e-015
			vertex	-39.2394	30.6882	-4.30148
		endloop
	endfacet
	facet normal	-0.813433	0.580065	-0.0430127
		outer loop
			vertex	-39.3854	30.8024	2.08167e-015
			vertex	-39.2394	30.6882	-4.30148
			vertex	-41.9536	27.2010	2.08167e-015
		endloop
	endfacet
	facet normal	-0.758984	0.649687	-0.0430127
		outer loop
			vertex	-39.2394	30.6882	-4.30148
			vertex	-39.3854	30.8024	2.08167e-015
			vertex	-36.3736	34.0361	-4.30148
		endloop
	endfacet
	facet normal	-0.467181	-0.0835609	0.880204
		outer loop
			vertex	-21.2633	-4.78255	45.0000
			vertex	-21.6028	-2.88459	45.0000
			vertex	-25.3599	-3.38628	42.9582
		endloop
	endfacet
	facet normal	-0.472738	-0.0419448	0.880204
		outer loop
			vertex	-25.5600	-1.13171	42.9582
			vertex	-25.3599	-3.38628	42.9582
			vertex	-21.6028	-2.88459	45.0000
		endloop
	endfacet
	facet normal	-0.546446	-0.0484847	0.836090
		outer loop
			vertex	-25.3599	-3.38628	42.9582
			vertex	-25.5600	-1.13171	42.9582
			vertex	-29.1573	-1.29099	40.5979
		endloop
	endfacet
	facet normal	-0.548593	0.000000	0.836090
		outer loop
			vertex	-29.1573	1.29099	40.5979
			vertex	-29.1573	-1.29099	40.5979
			vertex	-25.5600	-1.13171	42.9582
		endloop
	endfacet
	facet normal	-0.618508	0.000000	0.785778
		outer loop
			vertex	-29.1573	-1.29099	40.5979
			vertex	-29.1573	1.29099	40.5979
			vertex	-32.5384	1.44069	37.9365
		endloop
	endfacet
	facet normal	-0.616088	0.0546639	0.785778
		outer loop
			vertex	-32.2837	4.31080	37.9365
			vertex	-32.5384	1.44069	37.9365
			vertex	-29.1573	1.29099	40.5979
		endloop
	endfacet
	facet normal	-0.681149	0.0604366	0.729646
		outer loop
			vertex	-32.5384	1.44069	37.9365
			vertex	-32.2837	4.31080	37.9365
			vertex	-35.3990	4.72678	34.9938
		endloop
	endfacet
	facet normal	-0.673142	0.120400	0.729646
		outer loop
			vertex	-34.8427	7.83685	34.9938
			vertex	-35.3990	4.72678	34.9938
			vertex	-32.2837	4.31080	37.9365
		endloop
	endfacet
	facet normal	-0.732436	0.131006	0.668113
		outer loop
			vertex	-35.3990	4.72678	34.9938
			vertex	-34.8427	7.83685	34.9938
			vertex	-37.6507	8.46841	31.7917
		endloop
	endfacet
	facet normal	-0.717992	0.195226	0.668113
		outer loop
			vertex	-36.7549	11.7628	31.7917
			vertex	-37.6507	8.46841	31.7917
			vertex	-34.8427	7.83685	34.9938
		endloop
	endfacet
	facet normal	-0.770784	0.209580	0.601638
		outer loop
			vertex	-37.6507	8.46841	31.7917
			vertex	-36.7549	11.7628	31.7917
			vertex	-39.2235	12.5529	28.3539
		endloop
	endfacet
	facet normal	-0.749245	0.276882	0.601638
		outer loop
			vertex	-37.9606	15.9703	28.3539
			vertex	-39.2235	12.5529	28.3539
			vertex	-36.7549	11.7628	31.7917
		endloop
	endfacet
	facet normal	-0.795002	0.293791	0.530715
		outer loop
			vertex	-39.2235	12.5529	28.3539
			vertex	-37.9606	15.9703	28.3539
			vertex	-40.0683	16.8571	24.7058
		endloop
	endfacet
	facet normal	-0.765925	0.362904	0.530715
		outer loop
			vertex	-38.4216	20.3323	24.7058
			vertex	-40.0683	16.8571	24.7058
			vertex	-37.9606	15.9703	28.3539
		endloop
	endfacet
	facet normal	-0.804329	0.381100	0.455871
		outer loop
			vertex	-40.0683	16.8571	24.7058
			vertex	-38.4216	20.3323	24.7058
			vertex	-40.1578	21.2511	20.8745
		endloop
	endfacet
	facet normal	-0.767500	0.450695	0.455871
		outer loop
			vertex	-38.1225	24.7171	20.8745
			vertex	-40.1578	21.2511	20.8745
			vertex	-38.4216	20.3323	24.7058
		endloop
	endfacet
	facet normal	-0.798455	0.468872	0.377662
		outer loop
			vertex	-40.1578	21.2511	20.8745
			vertex	-38.1225	24.7171	20.8745
			vertex	-39.4880	25.6024	16.8884
		endloop
	endfacet
	facet normal	-0.753891	0.537605	0.377662
		outer loop
			vertex	-37.0707	28.9922	16.8884
			vertex	-39.4880	25.6024	16.8884
			vertex	-38.1225	24.7171	20.8745
		endloop
	endfacet
	facet normal	-0.777534	0.554465	0.296665
		outer loop
			vertex	-39.4880	25.6024	16.8884
			vertex	-37.0707	28.9922	16.8884
			vertex	-38.0777	29.7797	12.7771
		endloop
	endfacet
	facet normal	-0.725487	0.621014	0.296665
		outer loop
			vertex	-35.2968	33.0285	12.7771
			vertex	-38.0777	29.7797	12.7771
			vertex	-37.0707	28.9922	16.8884
		endloop
	endfacet
	facet normal	-0.742175	0.635298	0.213480
		outer loop
			vertex	-38.0777	29.7797	12.7771
			vertex	-35.2968	33.0285	12.7771
			vertex	-35.9685	33.6571	8.57107
		endloop
	endfacet
	facet normal	-0.683122	0.698405	0.213480
		outer loop
			vertex	-32.8532	36.7043	8.57107
			vertex	-35.9685	33.6571	8.57107
			vertex	-35.2968	33.0285	12.7771
		endloop
	endfacet
	facet normal	-0.693425	0.708938	0.128721
		outer loop
			vertex	-35.9685	33.6571	8.57107
			vertex	-32.8532	36.7043	8.57107
			vertex	-33.2231	37.1176	4.30148
		endloop
	endfacet
	facet normal	-0.628055	0.767449	0.128721
		outer loop
			vertex	-29.8127	39.9087	4.30148
			vertex	-33.2231	37.1176	4.30148
			vertex	-32.8532	36.7043	8.57107
		endloop
	endfacet
	facet normal	-0.632738	0.773171	0.0430128
		outer loop
			vertex	-33.2231	37.1176	4.30148
			vertex	-29.8127	39.9087	4.30148
			vertex	-29.9236	40.0572	2.08167e-015
		endloop
	endfacet
	facet normal	-0.561929	0.826066	0.0430128
		outer loop
			vertex	-26.2663	42.5451	2.08167e-015
			vertex	-29.9236	40.0572	2.08167e-015
			vertex	-29.8127	39.9087	4.30148
		endloop
	endfacet
	facet normal	-0.561929	0.826066	-0.0430126
		outer loop
			vertex	-29.9236	40.0572	2.08167e-015
			vertex	-26.2663	42.5451	2.08167e-015
			vertex	-26.1689	42.3873	-4.30148
		endloop
	endfacet
	facet normal	-0.486721	0.872498	-0.0430126
		outer loop
			vertex	-22.3203	44.5343	-4.30148
			vertex	-26.1689	42.3873	-4.30148
			vertex	-26.2663	42.5451	2.08167e-015
		endloop
	endfacet
	facet normal	-0.483119	0.866041	-0.128721
		outer loop
			vertex	-26.1689	42.3873	-4.30148
			vertex	-22.3203	44.5343	-4.30148
			vertex	-22.0717	44.0383	-8.57107
		endloop
	endfacet
	facet normal	-0.400594	0.907173	-0.128694
		outer loop
			vertex	-21.2667	45.0000	-4.29819
			vertex	-22.0717	44.0383	-8.57107
			vertex	-22.3203	44.5343	-4.30148
		endloop
	endfacet
	facet normal	-0.506039	0.856978	-0.0975307
		outer loop
			vertex	-22.0717	44.0383	-8.57107
			vertex	-21.2667	45.0000	-4.29819
			vertex	-20.9117	45.0000	-6.14022
		endloop
	endfacet
	facet normal	0.452126	0.882020	-0.132753
		outer loop
			vertex	21.3489	45.0000	-4.30069
			vertex	21.4006	45.0000	-4.12464
			vertex	24.2683	43.5034	-4.30148
		endloop
	endfacet
	facet normal	0.460152	0.886797	-0.0430351
		outer loop
			vertex	24.3586	43.6653	2.08167e-015
			vertex	24.2683	43.5034	-4.30148
			vertex	21.4006	45.0000	-4.12464
		endloop
	endfacet
	facet normal	0.524839	0.850114	-0.0430127
		outer loop
			vertex	24.2683	43.5034	-4.30148
			vertex	24.3586	43.6653	2.08167e-015
			vertex	28.0182	41.1883	-4.30148
		endloop
	endfacet
	facet normal	0.524839	0.850114	-0.0430121
		outer loop
			vertex	28.1225	41.3416	2.08167e-015
			vertex	28.0182	41.1883	-4.30148
			vertex	24.3586	43.6653	2.08167e-015
		endloop
	endfacet
	facet normal	0.597919	0.800402	-0.0430122
		outer loop
			vertex	28.0182	41.1883	-4.30148
			vertex	28.1225	41.3416	2.08167e-015
			vertex	31.5488	38.5509	-4.30148
		endloop
	endfacet
	facet normal	0.597919	0.800402	-0.0430124
		outer loop
			vertex	31.6662	38.6943	2.08167e-015
			vertex	31.5488	38.5509	-4.30148
			vertex	28.1225	41.3416	2.08167e-015
		endloop
	endfacet
	facet normal	0.666318	0.744426	-0.0430124
		outer loop
			vertex	31.5488	38.5509	-4.30148
			vertex	31.6662	38.6943	2.08167e-015
			vertex	34.8325	35.6117	-4.30148
		endloop
	endfacet
	facet normal	0.896391	-0.393989	-0.203116
		outer loop
			vertex	45.0000	-19.9919	-8.56845
			vertex	45.0000	-20.2333	-8.10020
			vertex	44.5158	-21.0921	-8.57107
		endloop
	endfacet
	facet normal	0.892242	-0.433265	-0.127218
		outer loop
			vertex	45.0000	-21.3222	-4.39163
			vertex	44.5158	-21.0921	-8.57107
			vertex	45.0000	-20.2333	-8.10020
		endloop
	endfacet
	facet normal	0.876700	-0.463940	-0.127107
		outer loop
			vertex	44.5158	-21.0921	-8.57107
			vertex	45.0000	-21.3222	-4.39163
			vertex	42.4775	-24.9439	-8.57107
		endloop
	endfacet
	facet normal	0.877244	-0.462467	-0.128712
		outer loop
			vertex	42.9559	-25.2248	-4.30148
			vertex	42.4775	-24.9439	-8.57107
			vertex	45.0000	-21.3222	-4.39163
		endloop
	endfacet
	facet normal	0.832091	-0.539495	-0.128721
		outer loop
			vertex	42.4775	-24.9439	-8.57107
			vertex	42.9559	-25.2248	-4.30148
			vertex	40.1068	-28.6004	-8.57107
		endloop
	endfacet
	facet normal	0.832092	-0.539495	-0.128721
		outer loop
			vertex	40.5584	-28.9225	-4.30148
			vertex	40.1068	-28.6004	-8.57107
			vertex	42.9559	-25.2248	-4.30148
		endloop
	endfacet
	facet normal	0.781155	-0.610923	-0.128721
		outer loop
			vertex	40.1068	-28.6004	-8.57107
			vertex	40.5584	-28.9225	-4.30148
			vertex	37.4221	-32.0332	-8.57107
		endloop
	endfacet
	facet normal	0.781155	-0.610924	-0.128721
		outer loop
			vertex	37.8435	-32.3939	-4.30148
			vertex	37.4221	-32.0332	-8.57107
			vertex	40.5584	-28.9225	-4.30148
		endloop
	endfacet
	facet normal	0.724104	-0.677572	-0.128721
		outer loop
			vertex	37.4221	-32.0332	-8.57107
			vertex	37.8435	-32.3939	-4.30148
			vertex	34.4446	-35.2152	-8.57107
		endloop
	endfacet
	facet normal	0.724105	-0.677572	-0.128721
		outer loop
			vertex	34.8325	-35.6117	-4.30148
			vertex	34.4446	-35.2152	-8.57107
			vertex	37.8435	-32.3939	-4.30148
		endloop
	endfacet
	facet normal	0.661387	-0.738917	-0.128721
		outer loop
			vertex	34.4446	-35.2152	-8.57107
			vertex	34.8325	-35.6117	-4.30148
			vertex	31.1975	-38.1216	-8.57107
		endloop
	endfacet
	facet normal	-0.880339	0.421614	-0.217358
		outer loop
			vertex	-45.0000	19.9919	-8.56845
			vertex	-45.0000	20.2333	-8.10020
			vertex	-43.5393	23.0405	-8.57107
		endloop
	endfacet
	facet normal	-0.888388	0.440656	-0.128801
		outer loop
			vertex	-44.0296	23.3000	-4.30148
			vertex	-43.5393	23.0405	-8.57107
			vertex	-45.0000	20.2333	-8.10020
		endloop
	endfacet
	facet normal	-0.855141	0.502161	-0.128721
		outer loop
			vertex	-43.5393	23.0405	-8.57107
			vertex	-44.0296	23.3000	-4.30148
			vertex	-41.3326	26.7984	-8.57107
		endloop
	endfacet
	facet normal	-0.855141	0.502161	-0.128721
		outer loop
			vertex	-41.7981	27.1002	-4.30148
			vertex	-41.3326	26.7984	-8.57107
			vertex	-44.0296	23.3000	-4.30148
		endloop
	endfacet
	facet normal	-0.807414	0.575773	-0.128721
		outer loop
			vertex	-41.3326	26.7984	-8.57107
			vertex	-41.7981	27.1002	-4.30148
			vertex	-38.8024	30.3465	-8.57107
		endloop
	endfacet
	facet normal	-0.807414	0.575773	-0.128721
		outer loop
			vertex	-39.2394	30.6882	-4.30148
			vertex	-38.8024	30.3465	-8.57107
			vertex	-41.7981	27.1002	-4.30148
		endloop
	endfacet
	facet normal	-0.753367	0.644879	-0.128721
		outer loop
			vertex	-38.8024	30.3465	-8.57107
			vertex	-39.2394	30.6882	-4.30148
			vertex	-35.9685	33.6571	-8.57107
		endloop
	endfacet
	facet normal	-0.753367	0.644879	-0.128721
		outer loop
			vertex	-36.3736	34.0361	-4.30148
			vertex	-35.9685	33.6571	-8.57107
			vertex	-39.2394	30.6882	-4.30148
		endloop
	endfacet
	facet normal	-0.693425	0.708938	-0.128721
		outer loop
			vertex	-35.9685	33.6571	-8.57107
			vertex	-36.3736	34.0361	-4.30148
			vertex	-32.8532	36.7043	-8.57107
		endloop
	endfacet
	facet normal	-0.628055	0.767449	-0.128721
		outer loop
			vertex	-29.4807	39.4642	-8.57107
			vertex	-32.8532	36.7043	-8.57107
			vertex	-33.2231	37.1176	-4.30148
		endloop
	endfacet
	facet normal	-0.693425	0.708938	-0.128721
		outer loop
			vertex	-36.3736	34.0361	-4.30148
			vertex	-33.2231	37.1176	-4.30148
			vertex	-32.8532	36.7043	-8.57107
		endloop
	endfacet
	facet normal	-0.698595	0.714224	-0.0430130
		outer loop
			vertex	-33.2231	37.1176	-4.30148
			vertex	-36.3736	34.0361	-4.30148
			vertex	-36.5090	34.1628	2.08167e-015
		endloop
	endfacet
	facet normal	-0.758984	0.649687	-0.0430129
		outer loop
			vertex	-39.3854	30.8024	2.08167e-015
			vertex	-36.5090	34.1628	2.08167e-015
			vertex	-36.3736	34.0361	-4.30148
		endloop
	endfacet
	facet normal	-0.758984	0.649687	0.0430127
		outer loop
			vertex	-36.5090	34.1628	2.08167e-015
			vertex	-39.3854	30.8024	2.08167e-015
			vertex	-39.2394	30.6882	4.30148
		endloop
	endfacet
	facet normal	-0.813434	0.580065	0.0430127
		outer loop
			vertex	-41.7981	27.1002	4.30148
			vertex	-39.2394	30.6882	4.30148
			vertex	-39.3854	30.8024	2.08167e-015
		endloop
	endfacet
	facet normal	-0.807414	0.575773	0.128721
		outer loop
			vertex	-39.2394	30.6882	4.30148
			vertex	-41.7981	27.1002	4.30148
			vertex	-41.3326	26.7984	8.57107
		endloop
	endfacet
	facet normal	-0.855141	0.502161	0.128721
		outer loop
			vertex	-43.5393	23.0405	8.57107
			vertex	-41.3326	26.7984	8.57107
			vertex	-41.7981	27.1002	4.30148
		endloop
	endfacet
	facet normal	-0.842436	0.494700	0.213480
		outer loop
			vertex	-41.3326	26.7984	8.57107
			vertex	-43.5393	23.0405	8.57107
			vertex	-42.7261	22.6102	12.7771
		endloop
	endfacet
	facet normal	-0.881930	0.420260	0.213500
		outer loop
			vertex	-45.0000	18.9375	10.6138
			vertex	-42.7261	22.6102	12.7771
			vertex	-43.5393	23.0405	8.57107
		endloop
	endfacet
	facet normal	-0.882042	0.417921	0.217588
		outer loop
			vertex	-42.7261	22.6102	12.7771
			vertex	-45.0000	18.9375	10.6138
			vertex	-44.5572	18.7456	12.7771
		endloop
	endfacet
	facet normal	-0.880108	0.421996	0.217554
		outer loop
			vertex	-45.0000	18.3347	11.7830
			vertex	-44.5572	18.7456	12.7771
			vertex	-45.0000	18.9375	10.6138
		endloop
	endfacet
	facet normal	-0.904233	0.335676	0.263979
		outer loop
			vertex	-44.5572	18.7456	12.7771
			vertex	-45.0000	18.3347	11.7830
			vertex	-45.0000	17.5564	12.7727
		endloop
	endfacet
	facet normal	-0.457968	-0.124524	0.880204
		outer loop
			vertex	-20.7574	-6.64309	45.0000
			vertex	-21.2633	-4.78255	45.0000
			vertex	-24.9614	-5.61434	42.9582
		endloop
	endfacet
	facet normal	-0.467181	-0.0835614	0.880204
		outer loop
			vertex	-25.3599	-3.38628	42.9582
			vertex	-24.9614	-5.61434	42.9582
			vertex	-21.2633	-4.78255	45.0000
		endloop
	endfacet
	facet normal	-0.540022	-0.0965900	0.836090
		outer loop
			vertex	-24.9614	-5.61434	42.9582
			vertex	-25.3599	-3.38628	42.9582
			vertex	-28.9291	-3.86286	40.5979
		endloop
	endfacet
	facet normal	-0.546446	-0.0484850	0.836090
		outer loop
			vertex	-29.1573	-1.29099	40.5979
			vertex	-28.9291	-3.86286	40.5979
			vertex	-25.3599	-3.38628	42.9582
		endloop
	endfacet
	facet normal	-0.616088	-0.0546642	0.785778
		outer loop
			vertex	-28.9291	-3.86286	40.5979
			vertex	-29.1573	-1.29099	40.5979
			vertex	-32.5384	-1.44069	37.9365
		endloop
	endfacet
	facet normal	-0.618508	0.000000	0.785778
		outer loop
			vertex	-32.5384	1.44069	37.9365
			vertex	-32.5384	-1.44069	37.9365
			vertex	-29.1573	-1.29099	40.5979
		endloop
	endfacet
	facet normal	-0.683825	0.000000	0.729646
		outer loop
			vertex	-32.5384	-1.44069	37.9365
			vertex	-32.5384	1.44069	37.9365
			vertex	-35.6782	1.57971	34.9938
		endloop
	endfacet
	facet normal	-0.681149	0.0604362	0.729646
		outer loop
			vertex	-35.3990	4.72678	34.9938
			vertex	-35.6782	1.57971	34.9938
			vertex	-32.5384	1.44069	37.9365
		endloop
	endfacet
	facet normal	-0.741148	0.0657597	0.668113
		outer loop
			vertex	-35.6782	1.57971	34.9938
			vertex	-35.3990	4.72678	34.9938
			vertex	-38.2518	5.10771	31.7917
		endloop
	endfacet
	facet normal	-0.732436	0.131006	0.668113
		outer loop
			vertex	-37.6507	8.46841	31.7917
			vertex	-38.2518	5.10771	31.7917
			vertex	-35.3990	4.72678	34.9938
		endloop
	endfacet
	facet normal	-0.786290	0.140638	0.601638
		outer loop
			vertex	-38.2518	5.10771	31.7917
			vertex	-37.6507	8.46841	31.7917
			vertex	-40.1794	9.03719	28.3539
		endloop
	endfacet
	facet normal	-0.770784	0.209580	0.601638
		outer loop
			vertex	-39.2235	12.5529	28.3539
			vertex	-40.1794	9.03719	28.3539
			vertex	-37.6507	8.46841	31.7917
		endloop
	endfacet
	facet normal	-0.817856	0.222379	0.530715
		outer loop
			vertex	-40.1794	9.03719	28.3539
			vertex	-39.2235	12.5529	28.3539
			vertex	-41.4013	13.2499	24.7058
		endloop
	endfacet
	facet normal	-0.795002	0.293791	0.530715
		outer loop
			vertex	-40.0683	16.8571	24.7058
			vertex	-41.4013	13.2499	24.7058
			vertex	-39.2235	12.5529	28.3539
		endloop
	endfacet
	facet normal	-0.834863	0.308521	0.455871
		outer loop
			vertex	-41.4013	13.2499	24.7058
			vertex	-40.0683	16.8571	24.7058
			vertex	-41.8788	17.6188	20.8745
		endloop
	endfacet
	facet normal	-0.804328	0.381100	0.455871
		outer loop
			vertex	-40.1578	21.2511	20.8745
			vertex	-41.8788	17.6188	20.8745
			vertex	-40.0683	16.8571	24.7058
		endloop
	endfacet
	facet normal	-0.836769	0.396471	0.377662
		outer loop
			vertex	-41.8788	17.6188	20.8745
			vertex	-40.1578	21.2511	20.8745
			vertex	-41.5962	22.0123	16.8884
		endloop
	endfacet
	facet normal	-0.798454	0.468873	0.377662
		outer loop
			vertex	-39.4880	25.6024	16.8884
			vertex	-41.5962	22.0123	16.8884
			vertex	-40.1578	21.2511	20.8745
		endloop
	endfacet
	facet normal	-0.823494	0.483577	0.296666
		outer loop
			vertex	-41.5962	22.0123	16.8884
			vertex	-39.4880	25.6024	16.8884
			vertex	-40.5607	26.2979	12.7771
		endloop
	endfacet
	facet normal	-0.777533	0.554466	0.296666
		outer loop
			vertex	-38.0777	29.7797	12.7771
			vertex	-40.5607	26.2979	12.7771
			vertex	-39.4880	25.6024	16.8884
		endloop
	endfacet
	facet normal	-0.795417	0.567219	0.213480
		outer loop
			vertex	-40.5607	26.2979	12.7771
			vertex	-38.0777	29.7797	12.7771
			vertex	-38.8024	30.3465	8.57107
		endloop
	endfacet
	facet normal	-0.742174	0.635298	0.213480
		outer loop
			vertex	-35.9685	33.6571	8.57107
			vertex	-38.8024	30.3465	8.57107
			vertex	-38.0777	29.7797	12.7771
		endloop
	endfacet
	facet normal	-0.753367	0.644879	0.128721
		outer loop
			vertex	-38.8024	30.3465	8.57107
			vertex	-35.9685	33.6571	8.57107
			vertex	-36.3736	34.0361	4.30148
		endloop
	endfacet
	facet normal	-0.693425	0.708938	0.128721
		outer loop
			vertex	-33.2231	37.1176	4.30148
			vertex	-36.3736	34.0361	4.30148
			vertex	-35.9685	33.6571	8.57107
		endloop
	endfacet
	facet normal	-0.698595	0.714224	0.0430127
		outer loop
			vertex	-36.3736	34.0361	4.30148
			vertex	-33.2231	37.1176	4.30148
			vertex	-33.3468	37.2558	2.08167e-015
		endloop
	endfacet
	facet normal	-0.632738	0.773171	0.0430127
		outer loop
			vertex	-29.9236	40.0572	2.08167e-015
			vertex	-33.3468	37.2558	2.08167e-015
			vertex	-33.2231	37.1176	4.30148
		endloop
	endfacet
	facet normal	-0.632738	0.773171	-0.0430128
		outer loop
			vertex	-33.3468	37.2558	2.08167e-015
			vertex	-29.9236	40.0572	2.08167e-015
			vertex	-29.8127	39.9087	-4.30148
		endloop
	endfacet
	facet normal	-0.561929	0.826066	-0.0430128
		outer loop
			vertex	-26.1689	42.3873	-4.30148
			vertex	-29.8127	39.9087	-4.30148
			vertex	-29.9236	40.0572	2.08167e-015
		endloop
	endfacet
	facet normal	-0.557771	0.819953	-0.128721
		outer loop
			vertex	-29.8127	39.9087	-4.30148
			vertex	-26.1689	42.3873	-4.30148
			vertex	-25.8775	41.9153	-8.57107
		endloop
	endfacet
	facet normal	-0.483120	0.866040	-0.128722
		outer loop
			vertex	-22.0717	44.0383	-8.57107
			vertex	-25.8775	41.9153	-8.57107
			vertex	-26.1689	42.3873	-4.30148
		endloop
	endfacet
	facet normal	-0.475942	0.853174	-0.213480
		outer loop
			vertex	-25.8775	41.9153	-8.57107
			vertex	-22.0717	44.0383	-8.57107
			vertex	-21.6595	43.2159	-12.7771
		endloop
	endfacet
	facet normal	-0.401390	0.890674	-0.213507
		outer loop
			vertex	-19.9405	45.0000	-8.56604
			vertex	-21.6595	43.2159	-12.7771
			vertex	-22.0717	44.0383	-8.57107
		endloop
	endfacet
	facet normal	-0.456326	0.870857	-0.182685
		outer loop
			vertex	-21.6595	43.2159	-12.7771
			vertex	-19.9405	45.0000	-8.56604
			vertex	-19.3717	45.0000	-9.98682
		endloop
	endfacet
	facet normal	0.432017	0.873932	-0.222720
		outer loop
			vertex	20.1165	45.0000	-8.32679
			vertex	20.2333	45.0000	-8.10020
			vertex	23.9981	43.0189	-8.57107
		endloop
	endfacet
	facet normal	0.449140	0.884136	-0.128750
		outer loop
			vertex	24.2683	43.5034	-4.30148
			vertex	23.9981	43.0189	-8.57107
			vertex	20.2333	45.0000	-8.10020
		endloop
	endfacet
	facet normal	0.520955	0.843823	-0.128721
		outer loop
			vertex	23.9981	43.0189	-8.57107
			vertex	24.2683	43.5034	-4.30148
			vertex	27.7062	40.7296	-8.57107
		endloop
	endfacet
	facet normal	0.520955	0.843823	-0.128722
		outer loop
			vertex	28.0182	41.1883	-4.30148
			vertex	27.7062	40.7296	-8.57107
			vertex	24.2683	43.5034	-4.30148
		endloop
	endfacet
	facet normal	0.593493	0.794479	-0.128722
		outer loop
			vertex	27.7062	40.7296	-8.57107
			vertex	28.0182	41.1883	-4.30148
			vertex	31.1975	38.1216	-8.57107
		endloop
	endfacet
	facet normal	0.593494	0.794478	-0.128721
		outer loop
			vertex	31.5488	38.5509	-4.30148
			vertex	31.1975	38.1216	-8.57107
			vertex	28.0182	41.1883	-4.30148
		endloop
	endfacet
	facet normal	0.661387	0.738917	-0.128721
		outer loop
			vertex	31.1975	38.1216	-8.57107
			vertex	31.5488	38.5509	-4.30148
			vertex	34.4446	35.2152	-8.57107
		endloop
	endfacet
	facet normal	0.661387	0.738917	-0.128721
		outer loop
			vertex	34.8325	35.6117	-4.30148
			vertex	34.4446	35.2152	-8.57107
			vertex	31.5488	38.5509	-4.30148
		endloop
	endfacet
	facet normal	0.724104	0.677572	-0.128721
		outer loop
			vertex	34.4446	35.2152	-8.57107
			vertex	34.8325	35.6117	-4.30148
			vertex	37.4221	32.0332	-8.57107
		endloop
	endfacet
	facet normal	0.781155	0.610923	-0.128721
		outer loop
			vertex	40.1068	28.6004	-8.57107
			vertex	37.4221	32.0332	-8.57107
			vertex	37.8435	32.3939	-4.30148
		endloop
	endfacet
	facet normal	0.724105	0.677572	-0.128721
		outer loop
			vertex	34.8325	35.6117	-4.30148
			vertex	37.8435	32.3939	-4.30148
			vertex	37.4221	32.0332	-8.57107
		endloop
	endfacet
	facet normal	0.729503	0.682623	-0.0430127
		outer loop
			vertex	37.8435	32.3939	-4.30148
			vertex	34.8325	35.6117	-4.30148
			vertex	34.9621	35.7443	2.08167e-015
		endloop
	endfacet
	facet normal	0.666318	0.744426	-0.0430127
		outer loop
			vertex	31.6662	38.6943	2.08167e-015
			vertex	34.9621	35.7443	2.08167e-015
			vertex	34.8325	35.6117	-4.30148
		endloop
	endfacet
	facet normal	0.666318	0.744426	0.0430124
		outer loop
			vertex	34.9621	35.7443	2.08167e-015
			vertex	31.6662	38.6943	2.08167e-015
			vertex	31.5488	38.5509	4.30148
		endloop
	endfacet
	facet normal	0.597919	0.800402	0.0430124
		outer loop
			vertex	28.0182	41.1883	4.30148
			vertex	31.5488	38.5509	4.30148
			vertex	31.6662	38.6943	2.08167e-015
		endloop
	endfacet
	facet normal	0.593494	0.794478	0.128722
		outer loop
			vertex	31.5488	38.5509	4.30148
			vertex	28.0182	41.1883	4.30148
			vertex	27.7062	40.7296	8.57107
		endloop
	endfacet
	facet normal	0.520955	0.843823	0.128722
		outer loop
			vertex	23.9981	43.0189	8.57107
			vertex	27.7062	40.7296	8.57107
			vertex	28.0182	41.1883	4.30148
		endloop
	endfacet
	facet normal	0.513215	0.831286	0.213480
		outer loop
			vertex	27.7062	40.7296	8.57107
			vertex	23.9981	43.0189	8.57107
			vertex	23.5499	42.2155	12.7771
		endloop
	endfacet
	facet normal	0.437738	0.873391	0.213480
		outer loop
			vertex	19.7267	44.1316	12.7771
			vertex	23.5499	42.2155	12.7771
			vertex	23.9981	43.0189	8.57107
		endloop
	endfacet
	facet normal	0.427896	0.853754	0.296665
		outer loop
			vertex	23.5499	42.2155	12.7771
			vertex	19.7267	44.1316	12.7771
			vertex	19.2050	42.9645	16.8884
		endloop
	endfacet
	facet normal	0.354224	0.886842	0.296709
		outer loop
			vertex	17.5564	45.0000	12.7727
			vertex	19.2050	42.9645	16.8884
			vertex	19.7267	44.1316	12.7771
		endloop
	endfacet
	facet normal	0.368139	0.883549	0.289507
		outer loop
			vertex	19.2050	42.9645	16.8884
			vertex	17.5564	45.0000	12.7727
			vertex	15.7734	45.0000	15.0399
		endloop
	endfacet
	facet normal	-0.114362	0.460610	0.880204
		outer loop
			vertex	-6.18227	20.8993	45.0000
			vertex	-4.31099	21.3639	45.0000
			vertex	-5.06077	25.0795	42.9582
		endloop
	endfacet
	facet normal	-0.0732058	0.468915	0.880204
		outer loop
			vertex	-2.82443	25.4286	42.9582
			vertex	-5.06077	25.0795	42.9582
			vertex	-4.31099	21.3639	45.0000
		endloop
	endfacet
	facet normal	-0.0846198	0.542027	0.836090
		outer loop
			vertex	-5.06077	25.0795	42.9582
			vertex	-2.82443	25.4286	42.9582
			vertex	-3.22194	29.0075	40.5979
		endloop
	endfacet
	facet normal	-0.0363842	0.547385	0.836090
		outer loop
			vertex	-0.645652	29.1787	40.5979
			vertex	-3.22194	29.0075	40.5979
			vertex	-2.82443	25.4286	42.9582
		endloop
	endfacet
	facet normal	-0.0410212	0.617146	0.785778
		outer loop
			vertex	-3.22194	29.0075	40.5979
			vertex	-0.645652	29.1787	40.5979
			vertex	-0.720522	32.5623	37.9365
		endloop
	endfacet
	facet normal	0.0136826	0.618357	0.785778
		outer loop
			vertex	2.16016	32.4986	37.9365
			vertex	-0.720522	32.5623	37.9365
			vertex	-0.645652	29.1787	40.5979
		endloop
	endfacet
	facet normal	0.0151275	0.683657	0.729646
		outer loop
			vertex	-0.720522	32.5623	37.9365
			vertex	2.16016	32.4986	37.9365
			vertex	2.36860	35.6345	34.9938
		endloop
	endfacet
	facet normal	0.0754905	0.679645	0.729646
		outer loop
			vertex	5.50872	35.2858	34.9938
			vertex	2.36860	35.6345	34.9938
			vertex	2.16016	32.4986	37.9365
		endloop
	endfacet
	facet normal	0.0821401	0.739512	0.668113
		outer loop
			vertex	2.36860	35.6345	34.9938
			vertex	5.50872	35.2858	34.9938
			vertex	5.95266	38.1294	31.7917
		endloop
	endfacet
	facet normal	0.147176	0.729358	0.668113
		outer loop
			vertex	9.29925	37.4541	31.7917
			vertex	5.95266	38.1294	31.7917
			vertex	5.50872	35.2858	34.9938
		endloop
	endfacet
	facet normal	0.157998	0.782987	0.601638
		outer loop
			vertex	5.95266	38.1294	31.7917
			vertex	9.29925	37.4541	31.7917
			vertex	9.92383	39.9697	28.3539
		endloop
	endfacet
	facet normal	0.226580	0.765959	0.601638
		outer loop
			vertex	13.4175	38.9362	28.3539
			vertex	9.92383	39.9697	28.3539
			vertex	9.29925	37.4541	31.7917
		endloop
	endfacet
	facet normal	0.240418	0.812737	0.530715
		outer loop
			vertex	9.92383	39.9697	28.3539
			vertex	13.4175	38.9362	28.3539
			vertex	14.1625	41.0980	24.7058
		endloop
	endfacet
	facet normal	0.311306	0.788308	0.530715
		outer loop
			vertex	17.7393	39.6855	24.7058
			vertex	14.1625	41.0980	24.7058
			vertex	13.4175	38.9362	28.3539
		endloop
	endfacet
	facet normal	0.326915	0.827833	0.455871
		outer loop
			vertex	14.1625	41.0980	24.7058
			vertex	17.7393	39.6855	24.7058
			vertex	18.5409	41.4788	20.8745
		endloop
	endfacet
	facet normal	0.398800	0.795701	0.455871
		outer loop
			vertex	22.1343	39.6778	20.8745
			vertex	18.5409	41.4788	20.8745
			vertex	17.7393	39.6855	24.7058
		endloop
	endfacet
	facet normal	0.414885	0.827794	0.377662
		outer loop
			vertex	18.5409	41.4788	20.8745
			vertex	22.1343	39.6778	20.8745
			vertex	22.9271	41.0990	16.8884
		endloop
	endfacet
	facet normal	0.486421	0.787887	0.377662
		outer loop
			vertex	26.4697	38.9119	16.8884
			vertex	22.9271	41.0990	16.8884
			vertex	22.1343	39.6778	20.8745
		endloop
	endfacet
	facet normal	0.501676	0.812595	0.296665
		outer loop
			vertex	22.9271	41.0990	16.8884
			vertex	26.4697	38.9119	16.8884
			vertex	27.1887	39.9690	12.7771
		endloop
	endfacet
	facet normal	0.571530	0.765077	0.296665
		outer loop
			vertex	30.6148	37.4096	12.7771
			vertex	27.1887	39.9690	12.7771
			vertex	26.4697	38.9119	16.8884
		endloop
	endfacet
	facet normal	0.584676	0.782675	0.213480
		outer loop
			vertex	27.1887	39.9690	12.7771
			vertex	30.6148	37.4096	12.7771
			vertex	31.1975	38.1216	8.57107
		endloop
	endfacet
	facet normal	0.651561	0.727939	0.213480
		outer loop
			vertex	34.4446	35.2152	8.57107
			vertex	31.1975	38.1216	8.57107
			vertex	30.6148	37.4096	12.7771
		endloop
	endfacet
	facet normal	0.661387	0.738917	0.128721
		outer loop
			vertex	31.1975	38.1216	8.57107
			vertex	34.4446	35.2152	8.57107
			vertex	34.8325	35.6117	4.30148
		endloop
	endfacet
	facet normal	0.724105	0.677572	0.128721
		outer loop
			vertex	37.8435	32.3939	4.30148
			vertex	34.8325	35.6117	4.30148
			vertex	34.4446	35.2152	8.57107
		endloop
	endfacet
	facet normal	0.729503	0.682623	0.0430127
		outer loop
			vertex	34.8325	35.6117	4.30148
			vertex	37.8435	32.3939	4.30148
			vertex	37.9844	32.5144	2.08167e-015
		endloop
	endfacet
	facet normal	0.786979	0.615479	0.0430127
		outer loop
			vertex	40.7093	29.0301	2.08167e-015
			vertex	37.9844	32.5144	2.08167e-015
			vertex	37.8435	32.3939	4.30148
		endloop
	endfacet
	facet normal	0.786979	0.615479	-0.0430125
		outer loop
			vertex	37.9844	32.5144	2.08167e-015
			vertex	40.7093	29.0301	2.08167e-015
			vertex	40.5584	28.9225	-4.30148
		endloop
	endfacet
	facet normal	0.838295	0.543517	-0.0430125
		outer loop
			vertex	42.9559	25.2248	-4.30148
			vertex	40.5584	28.9225	-4.30148
			vertex	40.7093	29.0301	2.08167e-015
		endloop
	endfacet
	facet normal	0.832092	0.539495	-0.128721
		outer loop
			vertex	40.5584	28.9225	-4.30148
			vertex	42.9559	25.2248	-4.30148
			vertex	42.4775	24.9439	-8.57107
		endloop
	endfacet
	facet normal	0.876516	0.463843	-0.128721
		outer loop
			vertex	44.5158	21.0921	-8.57107
			vertex	42.4775	24.9439	-8.57107
			vertex	42.9559	25.2248	-4.30148
		endloop
	endfacet
	facet normal	0.863494	0.456951	-0.213480
		outer loop
			vertex	42.4775	24.9439	-8.57107
			vertex	44.5158	21.0921	-8.57107
			vertex	43.6845	20.6982	-12.7771
		endloop
	endfacet
	facet normal	0.900925	0.377842	-0.213470
		outer loop
			vertex	45.0000	19.9405	-8.56604
			vertex	43.6845	20.6982	-12.7771
			vertex	44.5158	21.0921	-8.57107
		endloop
	endfacet
	facet normal	0.865060	0.465734	-0.186452
		outer loop
			vertex	43.6845	20.6982	-12.7771
			vertex	45.0000	19.9405	-8.56604
			vertex	45.0000	19.3717	-9.98682
		endloop
	endfacet
	facet normal	0.882802	-0.369245	-0.290377
		outer loop
			vertex	45.0000	-17.5564	-12.7727
			vertex	45.0000	-18.3347	-11.7830
			vertex	43.6845	-20.6982	-12.7771
		endloop
	endfacet
	facet normal	0.889015	-0.404973	-0.213657
		outer loop
			vertex	44.5158	-21.0921	-8.57107
			vertex	43.6845	-20.6982	-12.7771
			vertex	45.0000	-18.3347	-11.7830
		endloop
	endfacet
	facet normal	0.863494	-0.456952	-0.213480
		outer loop
			vertex	43.6845	-20.6982	-12.7771
			vertex	44.5158	-21.0921	-8.57107
			vertex	41.6842	-24.4780	-12.7771
		endloop
	endfacet
	facet normal	0.863494	-0.456951	-0.213480
		outer loop
			vertex	42.4775	-24.9439	-8.57107
			vertex	41.6842	-24.4780	-12.7771
			vertex	44.5158	-21.0921	-8.57107
		endloop
	endfacet
	facet normal	0.819729	-0.531480	-0.213480
		outer loop
			vertex	41.6842	-24.4780	-12.7771
			vertex	42.4775	-24.9439	-8.57107
			vertex	39.3577	-28.0663	-12.7771
		endloop
	endfacet
	facet normal	0.819729	-0.531480	-0.213480
		outer loop
			vertex	40.1068	-28.6004	-8.57107
			vertex	39.3577	-28.0663	-12.7771
			vertex	42.4775	-24.9439	-8.57107
		endloop
	endfacet
	facet normal	0.769549	-0.601847	-0.213480
		outer loop
			vertex	39.3577	-28.0663	-12.7771
			vertex	40.1068	-28.6004	-8.57107
			vertex	36.7232	-31.4349	-12.7771
		endloop
	endfacet
	facet normal	0.769549	-0.601847	-0.213480
		outer loop
			vertex	37.4221	-32.0332	-8.57107
			vertex	36.7232	-31.4349	-12.7771
			vertex	40.1068	-28.6004	-8.57107
		endloop
	endfacet
	facet normal	0.713346	-0.667505	-0.213480
		outer loop
			vertex	36.7232	-31.4349	-12.7771
			vertex	37.4221	-32.0332	-8.57107
			vertex	33.8013	-34.5575	-12.7771
		endloop
	endfacet
	facet normal	0.713346	-0.667505	-0.213480
		outer loop
			vertex	34.4446	-35.2152	-8.57107
			vertex	33.8013	-34.5575	-12.7771
			vertex	37.4221	-32.0332	-8.57107
		endloop
	endfacet
	facet normal	0.651561	-0.727938	-0.213480
		outer loop
			vertex	33.8013	-34.5575	-12.7771
			vertex	34.4446	-35.2152	-8.57107
			vertex	30.6148	-37.4096	-12.7771
		endloop
	endfacet
	facet normal	0.651561	-0.727939	-0.213480
		outer loop
			vertex	31.1975	-38.1216	-8.57107
			vertex	30.6148	-37.4096	-12.7771
			vertex	34.4446	-35.2152	-8.57107
		endloop
	endfacet
	facet normal	0.584676	-0.782675	-0.213480
		outer loop
			vertex	30.6148	-37.4096	-12.7771
			vertex	31.1975	-38.1216	-8.57107
			vertex	27.1887	-39.9690	-12.7771
		endloop
	endfacet
	facet normal	0.513215	-0.831286	-0.213480
		outer loop
			vertex	23.5499	-42.2155	-12.7771
			vertex	27.1887	-39.9690	-12.7771
			vertex	27.7062	-40.7296	-8.57107
		endloop
	endfacet
	facet normal	0.584676	-0.782675	-0.213480
		outer loop
			vertex	31.1975	-38.1216	-8.57107
			vertex	27.7062	-40.7296	-8.57107
			vertex	27.1887	-39.9690	-12.7771
		endloop
	endfacet
	facet normal	0.593493	-0.794479	-0.128721
		outer loop
			vertex	27.7062	-40.7296	-8.57107
			vertex	31.1975	-38.1216	-8.57107
			vertex	31.5488	-38.5509	-4.30148
		endloop
	endfacet
	facet normal	0.661387	-0.738917	-0.128721
		outer loop
			vertex	34.8325	-35.6117	-4.30148
			vertex	31.5488	-38.5509	-4.30148
			vertex	31.1975	-38.1216	-8.57107
		endloop
	endfacet
	facet normal	0.666318	-0.744426	-0.0430127
		outer loop
			vertex	31.5488	-38.5509	-4.30148
			vertex	34.8325	-35.6117	-4.30148
			vertex	34.9621	-35.7443	2.08167e-015
		endloop
	endfacet
	facet normal	0.729503	-0.682623	-0.0430127
		outer loop
			vertex	37.9844	-32.5144	2.08167e-015
			vertex	34.9621	-35.7443	2.08167e-015
			vertex	34.8325	-35.6117	-4.30148
		endloop
	endfacet
	facet normal	0.729503	-0.682623	0.0430127
		outer loop
			vertex	34.9621	-35.7443	2.08167e-015
			vertex	37.9844	-32.5144	2.08167e-015
			vertex	37.8435	-32.3939	4.30148
		endloop
	endfacet
	facet normal	0.786979	-0.615479	0.0430127
		outer loop
			vertex	40.5584	-28.9225	4.30148
			vertex	37.8435	-32.3939	4.30148
			vertex	37.9844	-32.5144	2.08167e-015
		endloop
	endfacet
	facet normal	0.781155	-0.610924	0.128721
		outer loop
			vertex	37.8435	-32.3939	4.30148
			vertex	40.5584	-28.9225	4.30148
			vertex	40.1068	-28.6004	8.57107
		endloop
	endfacet
	facet normal	0.832091	-0.539495	0.128721
		outer loop
			vertex	42.4775	-24.9439	8.57107
			vertex	40.1068	-28.6004	8.57107
			vertex	40.5584	-28.9225	4.30148
		endloop
	endfacet
	facet normal	0.819729	-0.531480	0.213480
		outer loop
			vertex	40.1068	-28.6004	8.57107
			vertex	42.4775	-24.9439	8.57107
			vertex	41.6842	-24.4780	12.7771
		endloop
	endfacet
	facet normal	0.863494	-0.456952	0.213480
		outer loop
			vertex	43.6845	-20.6982	12.7771
			vertex	41.6842	-24.4780	12.7771
			vertex	42.4775	-24.9439	8.57107
		endloop
	endfacet
	facet normal	0.844079	-0.446677	0.296666
		outer loop
			vertex	41.6842	-24.4780	12.7771
			vertex	43.6845	-20.6982	12.7771
			vertex	42.5291	-20.1508	16.8884
		endloop
	endfacet
	facet normal	0.880294	-0.370233	0.296664
		outer loop
			vertex	45.0000	-16.6384	13.9400
			vertex	42.5291	-20.1508	16.8884
			vertex	43.6845	-20.6982	12.7771
		endloop
	endfacet
	facet normal	0.880292	-0.370346	0.296528
		outer loop
			vertex	42.5291	-20.1508	16.8884
			vertex	45.0000	-16.6384	13.9400
			vertex	44.1436	-16.3132	16.8884
		endloop
	endfacet
	facet normal	0.877505	-0.376965	0.296449
		outer loop
			vertex	45.0000	-15.7734	15.0399
			vertex	44.1436	-16.3132	16.8884
			vertex	45.0000	-16.6384	13.9400
		endloop
	endfacet
	facet normal	0.898268	-0.287777	0.332112
		outer loop
			vertex	44.1436	-16.3132	16.8884
			vertex	45.0000	-15.7734	15.0399
			vertex	45.0000	-13.6433	16.8857
		endloop
	endfacet
	facet normal	0.452011	0.144659	0.880204
		outer loop
			vertex	20.4432	7.55475	45.0000
			vertex	21.0309	5.71842	45.0000
			vertex	24.6887	6.71297	42.9582
		endloop
	endfacet
	facet normal	0.463027	0.104144	0.880204
		outer loop
			vertex	25.1853	4.50472	42.9582
			vertex	24.6887	6.71297	42.9582
			vertex	21.0309	5.71842	45.0000
		endloop
	endfacet
	facet normal	0.535221	0.120382	0.836090
		outer loop
			vertex	24.6887	6.71297	42.9582
			vertex	25.1853	4.50472	42.9582
			vertex	28.7299	5.13871	40.5979
		endloop
	endfacet
	facet normal	0.543766	0.0726088	0.836090
		outer loop
			vertex	29.0716	2.57945	40.5979
			vertex	28.7299	5.13871	40.5979
			vertex	25.1853	4.50472	42.9582
		endloop
	endfacet
	facet normal	0.613067	0.0818624	0.785778
		outer loop
			vertex	28.7299	5.13871	40.5979
			vertex	29.0716	2.57945	40.5979
			vertex	32.4428	2.87856	37.9365
		endloop
	endfacet
	facet normal	0.617903	0.0273587	0.785778
		outer loop
			vertex	32.5703	0.000000	37.9365
			vertex	32.4428	2.87856	37.9365
			vertex	29.0716	2.57945	40.5979
		endloop
	endfacet
	facet normal	0.683156	0.0302478	0.729646
		outer loop
			vertex	32.4428	2.87856	37.9365
			vertex	32.5703	0.000000	37.9365
			vertex	35.7132	0.000000	34.9938
		endloop
	endfacet
	facet normal	0.683156	-0.0302478	0.729646
		outer loop
			vertex	35.5734	-3.15633	34.9938
			vertex	35.7132	0.000000	34.9938
			vertex	32.5703	0.000000	37.9365
		endloop
	endfacet
	facet normal	0.743331	-0.0329122	0.668113
		outer loop
			vertex	35.7132	0.000000	34.9938
			vertex	35.5734	-3.15633	34.9938
			vertex	38.4403	-3.41070	31.7917
		endloop
	endfacet
	facet normal	0.737514	-0.0984792	0.668113
		outer loop
			vertex	37.9884	-6.79471	31.7917
			vertex	38.4403	-3.41070	31.7917
			vertex	35.5734	-3.15633	34.9938
		endloop
	endfacet
	facet normal	0.791742	-0.105720	0.601638
		outer loop
			vertex	38.4403	-3.41070	31.7917
			vertex	37.9884	-6.79471	31.7917
			vertex	40.5399	-7.25107	28.3539
		endloop
	endfacet
	facet normal	0.779300	-0.175281	0.601638
		outer loop
			vertex	39.7404	-10.8056	28.3539
			vertex	40.5399	-7.25107	28.3539
			vertex	37.9884	-6.79471	31.7917
		endloop
	endfacet
	facet normal	0.826892	-0.185985	0.530715
		outer loop
			vertex	40.5399	-7.25107	28.3539
			vertex	39.7404	-10.8056	28.3539
			vertex	41.9469	-11.4056	24.7058
		endloop
	endfacet
	facet normal	0.807219	-0.258339	0.530715
		outer loop
			vertex	40.7747	-15.0682	24.7058
			vertex	41.9469	-11.4056	24.7058
			vertex	39.7404	-10.8056	28.3539
		endloop
	endfacet
	facet normal	0.847692	-0.271292	0.455872
		outer loop
			vertex	41.9469	-11.4056	24.7058
			vertex	40.7747	-15.0682	24.7058
			vertex	42.6172	-15.7491	20.8745
		endloop
	endfacet
	facet normal	0.820398	-0.345149	0.455872
		outer loop
			vertex	41.0585	-19.4540	20.8745
			vertex	42.6172	-15.7491	20.8745
			vertex	40.7747	-15.0682	24.7058
		endloop
	endfacet
	facet normal	0.853487	-0.359070	0.377662
		outer loop
			vertex	42.6172	-15.7491	20.8745
			vertex	41.0585	-19.4540	20.8745
			vertex	42.5291	-20.1508	16.8884
		endloop
	endfacet
	facet normal	0.818413	-0.433095	0.377662
		outer loop
			vertex	40.5818	-23.8307	16.8884
			vertex	42.5291	-20.1508	16.8884
			vertex	41.0585	-19.4540	20.8745
		endloop
	endfacet
	facet normal	0.844079	-0.446677	0.296665
		outer loop
			vertex	42.5291	-20.1508	16.8884
			vertex	40.5818	-23.8307	16.8884
			vertex	41.6842	-24.4780	12.7771
		endloop
	endfacet
	facet normal	0.801298	-0.519530	0.296665
		outer loop
			vertex	39.3577	-28.0663	12.7771
			vertex	41.6842	-24.4780	12.7771
			vertex	40.5818	-23.8307	16.8884
		endloop
	endfacet
	facet normal	0.819729	-0.531480	0.213480
		outer loop
			vertex	41.6842	-24.4780	12.7771
			vertex	39.3577	-28.0663	12.7771
			vertex	40.1068	-28.6004	8.57107
		endloop
	endfacet
	facet normal	0.769550	-0.601847	0.213480
		outer loop
			vertex	37.4221	-32.0332	8.57107
			vertex	40.1068	-28.6004	8.57107
			vertex	39.3577	-28.0663	12.7771
		endloop
	endfacet
	facet normal	0.781155	-0.610923	0.128721
		outer loop
			vertex	40.1068	-28.6004	8.57107
			vertex	37.4221	-32.0332	8.57107
			vertex	37.8435	-32.3939	4.30148
		endloop
	endfacet
	facet normal	0.724105	-0.677572	0.128721
		outer loop
			vertex	34.8325	-35.6117	4.30148
			vertex	37.8435	-32.3939	4.30148
			vertex	37.4221	-32.0332	8.57107
		endloop
	endfacet
	facet normal	0.729503	-0.682623	0.0430127
		outer loop
			vertex	37.8435	-32.3939	4.30148
			vertex	34.8325	-35.6117	4.30148
			vertex	34.9621	-35.7443	2.08167e-015
		endloop
	endfacet
	facet normal	0.666318	-0.744426	0.0430127
		outer loop
			vertex	31.6662	-38.6943	2.08167e-015
			vertex	34.9621	-35.7443	2.08167e-015
			vertex	34.8325	-35.6117	4.30148
		endloop
	endfacet
	facet normal	0.666318	-0.744426	-0.0430124
		outer loop
			vertex	34.9621	-35.7443	2.08167e-015
			vertex	31.6662	-38.6943	2.08167e-015
			vertex	31.5488	-38.5509	-4.30148
		endloop
	endfacet
	facet normal	0.597919	-0.800402	-0.0430124
		outer loop
			vertex	28.0182	-41.1883	-4.30148
			vertex	31.5488	-38.5509	-4.30148
			vertex	31.6662	-38.6943	2.08167e-015
		endloop
	endfacet
	facet normal	0.593494	-0.794478	-0.128722
		outer loop
			vertex	31.5488	-38.5509	-4.30148
			vertex	28.0182	-41.1883	-4.30148
			vertex	27.7062	-40.7296	-8.57107
		endloop
	endfacet
	facet normal	0.520955	-0.843823	-0.128722
		outer loop
			vertex	23.9981	-43.0189	-8.57107
			vertex	27.7062	-40.7296	-8.57107
			vertex	28.0182	-41.1883	-4.30148
		endloop
	endfacet
	facet normal	0.513215	-0.831286	-0.213480
		outer loop
			vertex	27.7062	-40.7296	-8.57107
			vertex	23.9981	-43.0189	-8.57107
			vertex	23.5499	-42.2155	-12.7771
		endloop
	endfacet
	facet normal	0.437738	-0.873391	-0.213480
		outer loop
			vertex	19.7267	-44.1316	-12.7771
			vertex	23.5499	-42.2155	-12.7771
			vertex	23.9981	-43.0189	-8.57107
		endloop
	endfacet
	facet normal	-0.231210	-0.414466	0.880204
		outer loop
			vertex	-9.76539	-19.4843	45.0000
			vertex	-13.4405	-21.7703	42.9582
			vertex	-11.4638	-22.8730	42.9582
		endloop
	endfacet
	facet normal	-0.267260	-0.479089	0.836090
		outer loop
			vertex	-15.3321	-24.8343	40.5979
			vertex	-11.4638	-22.8730	42.9582
			vertex	-13.4405	-21.7703	42.9582
		endloop
	endfacet
	facet normal	-0.267260	-0.479089	0.836090
		outer loop
			vertex	-11.4638	-22.8730	42.9582
			vertex	-15.3321	-24.8343	40.5979
			vertex	-13.0772	-26.0922	40.5979
		endloop
	endfacet
	facet normal	-0.301321	-0.540147	0.785778
		outer loop
			vertex	-17.1100	-27.7141	37.9365
			vertex	-13.0772	-26.0922	40.5979
			vertex	-15.3321	-24.8343	40.5979
		endloop
	endfacet
	facet normal	-0.301320	-0.540147	0.785778
		outer loop
			vertex	-13.0772	-26.0922	40.5979
			vertex	-17.1100	-27.7141	37.9365
			vertex	-14.5937	-29.1178	37.9365
		endloop
	endfacet
	facet normal	-0.333141	-0.597188	0.729646
		outer loop
			vertex	-18.7610	-30.3884	34.9938
			vertex	-14.5937	-29.1178	37.9365
			vertex	-17.1100	-27.7141	37.9365
		endloop
	endfacet
	facet normal	-0.333141	-0.597188	0.729646
		outer loop
			vertex	-14.5937	-29.1178	37.9365
			vertex	-18.7610	-30.3884	34.9938
			vertex	-16.0019	-31.9276	34.9938
		endloop
	endfacet
	facet normal	-0.362486	-0.649791	0.668113
		outer loop
			vertex	-20.2730	-32.8374	31.7917
			vertex	-16.0019	-31.9276	34.9938
			vertex	-18.7610	-30.3884	34.9938
		endloop
	endfacet
	facet normal	-0.362486	-0.649791	0.668113
		outer loop
			vertex	-16.0019	-31.9276	34.9938
			vertex	-20.2730	-32.8374	31.7917
			vertex	-17.2915	-34.5006	31.7917
		endloop
	endfacet
	facet normal	-0.389139	-0.697569	0.601638
		outer loop
			vertex	-21.6346	-35.0429	28.3539
			vertex	-17.2915	-34.5006	31.7917
			vertex	-20.2730	-32.8374	31.7917
		endloop
	endfacet
	facet normal	-0.389138	-0.697569	0.601638
		outer loop
			vertex	-17.2915	-34.5006	31.7917
			vertex	-21.6346	-35.0429	28.3539
			vertex	-18.4528	-36.8178	28.3539
		endloop
	endfacet
	facet normal	-0.412903	-0.740170	0.530715
		outer loop
			vertex	-22.8358	-36.9885	24.7058
			vertex	-18.4528	-36.8178	28.3539
			vertex	-21.6346	-35.0429	28.3539
		endloop
	endfacet
	facet normal	-0.412903	-0.740170	0.530715
		outer loop
			vertex	-18.4528	-36.8178	28.3539
			vertex	-22.8358	-36.9885	24.7058
			vertex	-19.4774	-38.8620	24.7058
		endloop
	endfacet
	facet normal	-0.433606	-0.777282	0.455871
		outer loop
			vertex	-23.8677	-38.6599	20.8745
			vertex	-19.4774	-38.8620	24.7058
			vertex	-22.8358	-36.9885	24.7058
		endloop
	endfacet
	facet normal	-0.433606	-0.777282	0.455872
		outer loop
			vertex	-19.4774	-38.8620	24.7058
			vertex	-23.8677	-38.6599	20.8745
			vertex	-20.3575	-40.6181	20.8745
		endloop
	endfacet
	facet normal	-0.451095	-0.808632	0.377662
		outer loop
			vertex	-24.7226	-40.0447	16.8884
			vertex	-20.3575	-40.6181	20.8745
			vertex	-23.8677	-38.6599	20.8745
		endloop
	endfacet
	facet normal	-0.451094	-0.808632	0.377662
		outer loop
			vertex	-20.3575	-40.6181	20.8745
			vertex	-24.7226	-40.0447	16.8884
			vertex	-21.0867	-42.0730	16.8884
		endloop
	endfacet
	facet normal	-0.465241	-0.833991	0.296665
		outer loop
			vertex	-25.3942	-41.1325	12.7771
			vertex	-21.0867	-42.0730	16.8884
			vertex	-24.7226	-40.0447	16.8884
		endloop
	endfacet
	facet normal	-0.465242	-0.833990	0.296666
		outer loop
			vertex	-21.0867	-42.0730	16.8884
			vertex	-25.3942	-41.1325	12.7771
			vertex	-21.6595	-43.2159	12.7771
		endloop
	endfacet
	facet normal	-0.475943	-0.853173	0.213481
		outer loop
			vertex	-25.8775	-41.9153	8.57107
			vertex	-21.6595	-43.2159	12.7771
			vertex	-25.3942	-41.1325	12.7771
		endloop
	endfacet
	facet normal	-0.475942	-0.853174	0.213480
		outer loop
			vertex	-21.6595	-43.2159	12.7771
			vertex	-25.8775	-41.9153	8.57107
			vertex	-22.0717	-44.0383	8.57107
		endloop
	endfacet
	facet normal	-0.483120	-0.866040	0.128722
		outer loop
			vertex	-26.1689	-42.3873	4.30148
			vertex	-22.0717	-44.0383	8.57107
			vertex	-25.8775	-41.9153	8.57107
		endloop
	endfacet
	facet normal	-0.483119	-0.866041	0.128721
		outer loop
			vertex	-22.0717	-44.0383	8.57107
			vertex	-26.1689	-42.3873	4.30148
			vertex	-22.3203	-44.5343	4.30148
		endloop
	endfacet
	facet normal	-0.486721	-0.872498	0.0430126
		outer loop
			vertex	-26.2663	-42.5451	2.08167e-015
			vertex	-22.3203	-44.5343	4.30148
			vertex	-26.1689	-42.3873	4.30148
		endloop
	endfacet
	facet normal	-0.486722	-0.872497	0.0430133
		outer loop
			vertex	-22.3203	-44.5343	4.30148
			vertex	-26.2663	-42.5451	2.08167e-015
			vertex	-22.4033	-44.7000	2.08167e-015
		endloop
	endfacet
	facet normal	-0.486722	-0.872497	-0.0430126
		outer loop
			vertex	-26.1689	-42.3873	-4.30148
			vertex	-22.4033	-44.7000	2.08167e-015
			vertex	-26.2663	-42.5451	2.08167e-015
		endloop
	endfacet
	facet normal	-0.486721	-0.872498	-0.0430133
		outer loop
			vertex	-22.4033	-44.7000	2.08167e-015
			vertex	-26.1689	-42.3873	-4.30148
			vertex	-22.3203	-44.5343	-4.30148
		endloop
	endfacet
	facet normal	-0.483119	-0.866041	-0.128721
		outer loop
			vertex	-25.8775	-41.9153	-8.57107
			vertex	-22.3203	-44.5343	-4.30148
			vertex	-26.1689	-42.3873	-4.30148
		endloop
	endfacet
	facet normal	-0.483120	-0.866040	-0.128721
		outer loop
			vertex	-22.3203	-44.5343	-4.30148
			vertex	-25.8775	-41.9153	-8.57107
			vertex	-22.0717	-44.0383	-8.57107
		endloop
	endfacet
	facet normal	-0.475942	-0.853173	-0.213481
		outer loop
			vertex	-25.3942	-41.1325	-12.7771
			vertex	-22.0717	-44.0383	-8.57107
			vertex	-25.8775	-41.9153	-8.57107
		endloop
	endfacet
	facet normal	-0.475943	-0.853173	-0.213480
		outer loop
			vertex	-22.0717	-44.0383	-8.57107
			vertex	-25.3942	-41.1325	-12.7771
			vertex	-21.6595	-43.2159	-12.7771
		endloop
	endfacet
	facet normal	-0.266936	-0.392410	0.880204
		outer loop
			vertex	-11.4492	-18.5450	45.0000
			vertex	-15.3119	-20.4973	42.9582
			vertex	-13.4405	-21.7703	42.9582
		endloop
	endfacet
	facet normal	-0.308556	-0.453594	0.836090
		outer loop
			vertex	-17.4669	-23.3821	40.5979
			vertex	-13.4405	-21.7703	42.9582
			vertex	-15.3119	-20.4973	42.9582
		endloop
	endfacet
	facet normal	-0.308555	-0.453594	0.836090
		outer loop
			vertex	-13.4405	-21.7703	42.9582
			vertex	-17.4669	-23.3821	40.5979
			vertex	-15.3321	-24.8343	40.5979
		endloop
	endfacet
	facet normal	-0.347879	-0.511403	0.785778
		outer loop
			vertex	-19.4924	-26.0935	37.9365
			vertex	-15.3321	-24.8343	40.5979
			vertex	-17.4669	-23.3821	40.5979
		endloop
	endfacet
	facet normal	-0.347879	-0.511402	0.785778
		outer loop
			vertex	-15.3321	-24.8343	40.5979
			vertex	-19.4924	-26.0935	37.9365
			vertex	-17.1100	-27.7141	37.9365
		endloop
	endfacet
	facet normal	-0.384617	-0.565408	0.729646
		outer loop
			vertex	-21.3733	-28.6114	34.9938
			vertex	-17.1100	-27.7141	37.9365
			vertex	-19.4924	-26.0935	37.9365
		endloop
	endfacet
	facet normal	-0.384617	-0.565408	0.729646
		outer loop
			vertex	-17.1100	-27.7141	37.9365
			vertex	-21.3733	-28.6114	34.9938
			vertex	-18.7610	-30.3884	34.9938
		endloop
	endfacet
	facet normal	-0.418496	-0.615212	0.668113
		outer loop
			vertex	-23.0958	-30.9172	31.7917
			vertex	-18.7610	-30.3884	34.9938
			vertex	-21.3733	-28.6114	34.9938
		endloop
	endfacet
	facet normal	-0.418496	-0.615212	0.668113
		outer loop
			vertex	-18.7610	-30.3884	34.9938
			vertex	-23.0958	-30.9172	31.7917
			vertex	-20.2730	-32.8374	31.7917
		endloop
	endfacet
	facet normal	-0.449267	-0.660448	0.601638
		outer loop
			vertex	-24.6470	-32.9937	28.3539
			vertex	-20.2730	-32.8374	31.7917
			vertex	-23.0958	-30.9172	31.7917
		endloop
	endfacet
	facet normal	-0.449267	-0.660447	0.601638
		outer loop
			vertex	-20.2730	-32.8374	31.7917
			vertex	-24.6470	-32.9937	28.3539
			vertex	-21.6346	-35.0429	28.3539
		endloop
	endfacet
	facet normal	-0.476704	-0.700782	0.530715
		outer loop
			vertex	-26.0155	-34.8256	24.7058
			vertex	-21.6346	-35.0429	28.3539
			vertex	-24.6470	-32.9937	28.3539
		endloop
	endfacet
	facet normal	-0.476704	-0.700781	0.530715
		outer loop
			vertex	-21.6346	-35.0429	28.3539
			vertex	-26.0155	-34.8256	24.7058
			vertex	-22.8358	-36.9885	24.7058
		endloop
	endfacet
	facet normal	-0.500606	-0.735918	0.455871
		outer loop
			vertex	-27.1910	-36.3992	20.8745
			vertex	-22.8358	-36.9885	24.7058
			vertex	-26.0155	-34.8256	24.7058
		endloop
	endfacet
	facet normal	-0.500606	-0.735918	0.455871
		outer loop
			vertex	-22.8358	-36.9885	24.7058
			vertex	-27.1910	-36.3992	20.8745
			vertex	-23.8677	-38.6599	20.8745
		endloop
	endfacet
	facet normal	-0.520796	-0.765599	0.377662
		outer loop
			vertex	-28.1650	-37.7030	16.8884
			vertex	-23.8677	-38.6599	20.8745
			vertex	-27.1910	-36.3992	20.8745
		endloop
	endfacet
	facet normal	-0.520796	-0.765600	0.377662
		outer loop
			vertex	-23.8677	-38.6599	20.8745
			vertex	-28.1650	-37.7030	16.8884
			vertex	-24.7226	-40.0447	16.8884
		endloop
	endfacet
	facet normal	-0.537129	-0.789609	0.296665
		outer loop
			vertex	-28.9301	-38.7272	12.7771
			vertex	-24.7226	-40.0447	16.8884
			vertex	-28.1650	-37.7030	16.8884
		endloop
	endfacet
	facet normal	-0.537128	-0.789609	0.296665
		outer loop
			vertex	-24.7226	-40.0447	16.8884
			vertex	-28.9301	-38.7272	12.7771
			vertex	-25.3942	-41.1325	12.7771
		endloop
	endfacet
	facet normal	-0.549483	-0.807771	0.213480
		outer loop
			vertex	-29.4807	-39.4642	8.57107
			vertex	-25.3942	-41.1325	12.7771
			vertex	-28.9301	-38.7272	12.7771
		endloop
	endfacet
	facet normal	-0.549483	-0.807771	0.213481
		outer loop
			vertex	-25.3942	-41.1325	12.7771
			vertex	-29.4807	-39.4642	8.57107
			vertex	-25.8775	-41.9153	8.57107
		endloop
	endfacet
	facet normal	-0.557770	-0.819953	0.128721
		outer loop
			vertex	-29.8127	-39.9087	4.30148
			vertex	-25.8775	-41.9153	8.57107
			vertex	-29.4807	-39.4642	8.57107
		endloop
	endfacet
	facet normal	-0.557771	-0.819953	0.128721
		outer loop
			vertex	-25.8775	-41.9153	8.57107
			vertex	-29.8127	-39.9087	4.30148
			vertex	-26.1689	-42.3873	4.30148
		endloop
	endfacet
	facet normal	-0.561929	-0.826066	0.0430128
		outer loop
			vertex	-29.9236	-40.0572	2.08167e-015
			vertex	-26.1689	-42.3873	4.30148
			vertex	-29.8127	-39.9087	4.30148
		endloop
	endfacet
	facet normal	-0.561929	-0.826066	0.0430126
		outer loop
			vertex	-26.1689	-42.3873	4.30148
			vertex	-29.9236	-40.0572	2.08167e-015
			vertex	-26.2663	-42.5451	2.08167e-015
		endloop
	endfacet
	facet normal	-0.561929	-0.826066	-0.0430128
		outer loop
			vertex	-29.8127	-39.9087	-4.30148
			vertex	-26.2663	-42.5451	2.08167e-015
			vertex	-29.9236	-40.0572	2.08167e-015
		endloop
	endfacet
	facet normal	-0.561929	-0.826066	-0.0430126
		outer loop
			vertex	-26.2663	-42.5451	2.08167e-015
			vertex	-29.8127	-39.9087	-4.30148
			vertex	-26.1689	-42.3873	-4.30148
		endloop
	endfacet
	facet normal	-0.557771	-0.819953	-0.128721
		outer loop
			vertex	-29.4807	-39.4642	-8.57107
			vertex	-26.1689	-42.3873	-4.30148
			vertex	-29.8127	-39.9087	-4.30148
		endloop
	endfacet
	facet normal	-0.557770	-0.819953	-0.128721
		outer loop
			vertex	-26.1689	-42.3873	-4.30148
			vertex	-29.4807	-39.4642	-8.57107
			vertex	-25.8775	-41.9153	-8.57107
		endloop
	endfacet
	facet normal	-0.549483	-0.807771	-0.213480
		outer loop
			vertex	-28.9301	-38.7272	-12.7771
			vertex	-25.8775	-41.9153	-8.57107
			vertex	-29.4807	-39.4642	-8.57107
		endloop
	endfacet
	facet normal	-0.549483	-0.807771	-0.213481
		outer loop
			vertex	-25.8775	-41.9153	-8.57107
			vertex	-28.9301	-38.7272	-12.7771
			vertex	-25.3942	-41.1325	-12.7771
		endloop
	endfacet
	facet normal	-0.300572	-0.367283	0.880204
		outer loop
			vertex	-13.0434	-17.4605	45.0000
			vertex	-17.0636	-19.0638	42.9582
			vertex	-15.3119	-20.4973	42.9582
		endloop
	endfacet
	facet normal	-0.347437	-0.424549	0.836090
		outer loop
			vertex	-19.4651	-21.7468	40.5979
			vertex	-15.3119	-20.4973	42.9582
			vertex	-17.0636	-19.0638	42.9582
		endloop
	endfacet
	facet normal	-0.347437	-0.424548	0.836090
		outer loop
			vertex	-15.3119	-20.4973	42.9582
			vertex	-19.4651	-21.7468	40.5979
			vertex	-17.4669	-23.3821	40.5979
		endloop
	endfacet
	facet normal	-0.391716	-0.478655	0.785778
		outer loop
			vertex	-21.7223	-24.2686	37.9365
			vertex	-17.4669	-23.3821	40.5979
			vertex	-19.4651	-21.7468	40.5979
		endloop
	endfacet
	facet normal	-0.391716	-0.478656	0.785778
		outer loop
			vertex	-17.4669	-23.3821	40.5979
			vertex	-21.7223	-24.2686	37.9365
			vertex	-19.4924	-26.0935	37.9365
		endloop
	endfacet
	facet normal	-0.433082	-0.529203	0.729646
		outer loop
			vertex	-23.8184	-26.6104	34.9938
			vertex	-19.4924	-26.0935	37.9365
			vertex	-21.7223	-24.2686	37.9365
		endloop
	endfacet
	facet normal	-0.433083	-0.529203	0.729646
		outer loop
			vertex	-19.4924	-26.0935	37.9365
			vertex	-23.8184	-26.6104	34.9938
			vertex	-21.3733	-28.6114	34.9938
		endloop
	endfacet
	facet normal	-0.471231	-0.575818	0.668113
		outer loop
			vertex	-25.7379	-28.7550	31.7917
			vertex	-21.3733	-28.6114	34.9938
			vertex	-23.8184	-26.6104	34.9938
		endloop
	endfacet
	facet normal	-0.471231	-0.575818	0.668113
		outer loop
			vertex	-21.3733	-28.6114	34.9938
			vertex	-25.7379	-28.7550	31.7917
			vertex	-23.0958	-30.9172	31.7917
		endloop
	endfacet
	facet normal	-0.505880	-0.618156	0.601638
		outer loop
			vertex	-27.4666	-30.6863	28.3539
			vertex	-23.0958	-30.9172	31.7917
			vertex	-25.7379	-28.7550	31.7917
		endloop
	endfacet
	facet normal	-0.505879	-0.618157	0.601638
		outer loop
			vertex	-23.0958	-30.9172	31.7917
			vertex	-27.4666	-30.6863	28.3539
			vertex	-24.6470	-32.9937	28.3539
		endloop
	endfacet
	facet normal	-0.536774	-0.655908	0.530715
		outer loop
			vertex	-28.9916	-32.3900	24.7058
			vertex	-24.6470	-32.9937	28.3539
			vertex	-27.4666	-30.6863	28.3539
		endloop
	endfacet
	facet normal	-0.536774	-0.655908	0.530715
		outer loop
			vertex	-24.6470	-32.9937	28.3539
			vertex	-28.9916	-32.3900	24.7058
			vertex	-26.0155	-34.8256	24.7058
		endloop
	endfacet
	facet normal	-0.563687	-0.688794	0.455872
		outer loop
			vertex	-30.3016	-33.8536	20.8745
			vertex	-26.0155	-34.8256	24.7058
			vertex	-28.9916	-32.3900	24.7058
		endloop
	endfacet
	facet normal	-0.563687	-0.688795	0.455871
		outer loop
			vertex	-26.0155	-34.8256	24.7058
			vertex	-30.3016	-33.8536	20.8745
			vertex	-27.1910	-36.3992	20.8745
		endloop
	endfacet
	facet normal	-0.586422	-0.716576	0.377662
		outer loop
			vertex	-31.3870	-35.0662	16.8884
			vertex	-27.1910	-36.3992	20.8745
			vertex	-30.3016	-33.8536	20.8745
		endloop
	endfacet
	facet normal	-0.586422	-0.716575	0.377662
		outer loop
			vertex	-27.1910	-36.3992	20.8745
			vertex	-31.3870	-35.0662	16.8884
			vertex	-28.1650	-37.7030	16.8884
		endloop
	endfacet
	facet normal	-0.604813	-0.739047	0.296666
		outer loop
			vertex	-32.2396	-36.0188	12.7771
			vertex	-28.1650	-37.7030	16.8884
			vertex	-31.3870	-35.0662	16.8884
		endloop
	endfacet
	facet normal	-0.604813	-0.739048	0.296665
		outer loop
			vertex	-28.1650	-37.7030	16.8884
			vertex	-32.2396	-36.0188	12.7771
			vertex	-28.9301	-38.7272	12.7771
		endloop
	endfacet
	facet normal	-0.618724	-0.756047	0.213480
		outer loop
			vertex	-32.8532	-36.7043	8.57107
			vertex	-28.9301	-38.7272	12.7771
			vertex	-32.2396	-36.0188	12.7771
		endloop
	endfacet
	facet normal	-0.618724	-0.756047	0.213480
		outer loop
			vertex	-28.9301	-38.7272	12.7771
			vertex	-32.8532	-36.7043	8.57107
			vertex	-29.4807	-39.4642	8.57107
		endloop
	endfacet
	facet normal	-0.628055	-0.767449	0.128721
		outer loop
			vertex	-33.2231	-37.1176	4.30148
			vertex	-29.4807	-39.4642	8.57107
			vertex	-32.8532	-36.7043	8.57107
		endloop
	endfacet
	facet normal	-0.628055	-0.767449	0.128721
		outer loop
			vertex	-29.4807	-39.4642	8.57107
			vertex	-33.2231	-37.1176	4.30148
			vertex	-29.8127	-39.9087	4.30148
		endloop
	endfacet
	facet normal	-0.632738	-0.773171	0.0430127
		outer loop
			vertex	-33.3468	-37.2558	2.08167e-015
			vertex	-29.8127	-39.9087	4.30148
			vertex	-33.2231	-37.1176	4.30148
		endloop
	endfacet
	facet normal	-0.632738	-0.773171	0.0430128
		outer loop
			vertex	-29.8127	-39.9087	4.30148
			vertex	-33.3468	-37.2558	2.08167e-015
			vertex	-29.9236	-40.0572	2.08167e-015
		endloop
	endfacet
	facet normal	-0.632738	-0.773171	-0.0430127
		outer loop
			vertex	-33.2231	-37.1176	-4.30148
			vertex	-29.9236	-40.0572	2.08167e-015
			vertex	-33.3468	-37.2558	2.08167e-015
		endloop
	endfacet
	facet normal	-0.632738	-0.773171	-0.0430128
		outer loop
			vertex	-29.9236	-40.0572	2.08167e-015
			vertex	-33.2231	-37.1176	-4.30148
			vertex	-29.8127	-39.9087	-4.30148
		endloop
	endfacet
	facet normal	-0.628055	-0.767449	-0.128721
		outer loop
			vertex	-32.8532	-36.7043	-8.57107
			vertex	-29.8127	-39.9087	-4.30148
			vertex	-33.2231	-37.1176	-4.30148
		endloop
	endfacet
	facet normal	-0.628055	-0.767449	-0.128721
		outer loop
			vertex	-29.8127	-39.9087	-4.30148
			vertex	-32.8532	-36.7043	-8.57107
			vertex	-29.4807	-39.4642	-8.57107
		endloop
	endfacet
	facet normal	-0.618724	-0.756047	-0.213480
		outer loop
			vertex	-32.2396	-36.0188	-12.7771
			vertex	-29.4807	-39.4642	-8.57107
			vertex	-32.8532	-36.7043	-8.57107
		endloop
	endfacet
	facet normal	-0.618724	-0.756047	-0.213480
		outer loop
			vertex	-29.4807	-39.4642	-8.57107
			vertex	-32.2396	-36.0188	-12.7771
			vertex	-28.9301	-38.7272	-12.7771
		endloop
	endfacet
	facet normal	-0.331857	-0.339281	0.880204
		outer loop
			vertex	-14.5355	-16.2394	45.0000
			vertex	-18.6817	-17.4811	42.9582
			vertex	-17.0636	-19.0638	42.9582
		endloop
	endfacet
	facet normal	-0.383599	-0.392181	0.836090
		outer loop
			vertex	-21.3109	-19.9414	40.5979
			vertex	-17.0636	-19.0638	42.9582
			vertex	-18.6817	-17.4811	42.9582
		endloop
	endfacet
	facet normal	-0.383599	-0.392181	0.836090
		outer loop
			vertex	-17.0636	-19.0638	42.9582
			vertex	-21.3109	-19.9414	40.5979
			vertex	-19.4651	-21.7468	40.5979
		endloop
	endfacet
	facet normal	-0.432487	-0.442163	0.785778
		outer loop
			vertex	-23.7821	-22.2538	37.9365
			vertex	-19.4651	-21.7468	40.5979
			vertex	-21.3109	-19.9414	40.5979
		endloop
	endfacet
	facet normal	-0.432487	-0.442162	0.785778
		outer loop
			vertex	-19.4651	-21.7468	40.5979
			vertex	-23.7821	-22.2538	37.9365
			vertex	-21.7223	-24.2686	37.9365
		endloop
	endfacet
	facet normal	-0.478159	-0.488856	0.729646
		outer loop
			vertex	-26.0770	-24.4012	34.9938
			vertex	-21.7223	-24.2686	37.9365
			vertex	-23.7821	-22.2538	37.9365
		endloop
	endfacet
	facet normal	-0.478159	-0.488856	0.729646
		outer loop
			vertex	-21.7223	-24.2686	37.9365
			vertex	-26.0770	-24.4012	34.9938
			vertex	-23.8184	-26.6104	34.9938
		endloop
	endfacet
	facet normal	-0.520278	-0.531917	0.668113
		outer loop
			vertex	-28.1785	-26.3677	31.7917
			vertex	-23.8184	-26.6104	34.9938
			vertex	-26.0770	-24.4012	34.9938
		endloop
	endfacet
	facet normal	-0.520278	-0.531918	0.668113
		outer loop
			vertex	-23.8184	-26.6104	34.9938
			vertex	-28.1785	-26.3677	31.7917
			vertex	-25.7379	-28.7550	31.7917
		endloop
	endfacet
	facet normal	-0.558532	-0.571028	0.601638
		outer loop
			vertex	-30.0711	-28.1387	28.3539
			vertex	-25.7379	-28.7550	31.7917
			vertex	-28.1785	-26.3677	31.7917
		endloop
	endfacet
	facet normal	-0.558532	-0.571028	0.601638
		outer loop
			vertex	-25.7379	-28.7550	31.7917
			vertex	-30.0711	-28.1387	28.3539
			vertex	-27.4666	-30.6863	28.3539
		endloop
	endfacet
	facet normal	-0.592642	-0.605901	0.530715
		outer loop
			vertex	-31.7408	-29.7010	24.7058
			vertex	-27.4666	-30.6863	28.3539
			vertex	-30.0711	-28.1387	28.3539
		endloop
	endfacet
	facet normal	-0.592642	-0.605901	0.530715
		outer loop
			vertex	-27.4666	-30.6863	28.3539
			vertex	-31.7408	-29.7010	24.7058
			vertex	-28.9916	-32.3900	24.7058
		endloop
	endfacet
	facet normal	-0.622357	-0.636281	0.455872
		outer loop
			vertex	-33.1750	-31.0431	20.8745
			vertex	-28.9916	-32.3900	24.7058
			vertex	-31.7408	-29.7010	24.7058
		endloop
	endfacet
	facet normal	-0.622357	-0.636280	0.455872
		outer loop
			vertex	-28.9916	-32.3900	24.7058
			vertex	-33.1750	-31.0431	20.8745
			vertex	-30.3016	-33.8536	20.8745
		endloop
	endfacet
	facet normal	-0.647458	-0.661944	0.377662
		outer loop
			vertex	-34.3633	-32.1550	16.8884
			vertex	-30.3016	-33.8536	20.8745
			vertex	-33.1750	-31.0431	20.8745
		endloop
	endfacet
	facet normal	-0.647458	-0.661944	0.377662
		outer loop
			vertex	-30.3016	-33.8536	20.8745
			vertex	-34.3633	-32.1550	16.8884
			vertex	-31.3870	-35.0662	16.8884
		endloop
	endfacet
	facet normal	-0.667763	-0.682702	0.296666
		outer loop
			vertex	-35.2968	-33.0285	12.7771
			vertex	-31.3870	-35.0662	16.8884
			vertex	-34.3633	-32.1550	16.8884
		endloop
	endfacet
	facet normal	-0.667763	-0.682702	0.296666
		outer loop
			vertex	-31.3870	-35.0662	16.8884
			vertex	-35.2968	-33.0285	12.7771
			vertex	-32.2396	-36.0188	12.7771
		endloop
	endfacet
	facet normal	-0.683122	-0.698405	0.213480
		outer loop
			vertex	-35.9685	-33.6571	8.57107
			vertex	-32.2396	-36.0188	12.7771
			vertex	-35.2968	-33.0285	12.7771
		endloop
	endfacet
	facet normal	-0.683122	-0.698405	0.213480
		outer loop
			vertex	-32.2396	-36.0188	12.7771
			vertex	-35.9685	-33.6571	8.57107
			vertex	-32.8532	-36.7043	8.57107
		endloop
	endfacet
	facet normal	-0.693425	-0.708938	0.128721
		outer loop
			vertex	-36.3736	-34.0361	4.30148
			vertex	-32.8532	-36.7043	8.57107
			vertex	-35.9685	-33.6571	8.57107
		endloop
	endfacet
	facet normal	-0.693425	-0.708938	0.128721
		outer loop
			vertex	-32.8532	-36.7043	8.57107
			vertex	-36.3736	-34.0361	4.30148
			vertex	-33.2231	-37.1176	4.30148
		endloop
	endfacet
	facet normal	-0.698595	-0.714224	0.0430130
		outer loop
			vertex	-36.5090	-34.1628	2.08167e-015
			vertex	-33.2231	-37.1176	4.30148
			vertex	-36.3736	-34.0361	4.30148
		endloop
	endfacet
	facet normal	-0.698594	-0.714224	0.0430127
		outer loop
			vertex	-33.2231	-37.1176	4.30148
			vertex	-36.5090	-34.1628	2.08167e-015
			vertex	-33.3468	-37.2558	2.08167e-015
		endloop
	endfacet
	facet normal	-0.698594	-0.714224	-0.0430130
		outer loop
			vertex	-36.3736	-34.0361	-4.30148
			vertex	-33.3468	-37.2558	2.08167e-015
			vertex	-36.5090	-34.1628	2.08167e-015
		endloop
	endfacet
	facet normal	-0.698595	-0.714224	-0.0430127
		outer loop
			vertex	-33.3468	-37.2558	2.08167e-015
			vertex	-36.3736	-34.0361	-4.30148
			vertex	-33.2231	-37.1176	-4.30148
		endloop
	endfacet
	facet normal	-0.693425	-0.708938	-0.128721
		outer loop
			vertex	-35.9685	-33.6571	-8.57107
			vertex	-33.2231	-37.1176	-4.30148
			vertex	-36.3736	-34.0361	-4.30148
		endloop
	endfacet
	facet normal	-0.693425	-0.708938	-0.128721
		outer loop
			vertex	-33.2231	-37.1176	-4.30148
			vertex	-35.9685	-33.6571	-8.57107
			vertex	-32.8532	-36.7043	-8.57107
		endloop
	endfacet
	facet normal	-0.683122	-0.698405	-0.213480
		outer loop
			vertex	-35.2968	-33.0285	-12.7771
			vertex	-32.8532	-36.7043	-8.57107
			vertex	-35.9685	-33.6571	-8.57107
		endloop
	endfacet
	facet normal	-0.683122	-0.698405	-0.213480
		outer loop
			vertex	-32.8532	-36.7043	-8.57107
			vertex	-35.2968	-33.0285	-12.7771
			vertex	-32.2396	-36.0188	-12.7771
		endloop
	endfacet
	facet normal	-0.360544	-0.308624	0.880204
		outer loop
			vertex	-15.9139	-14.8912	45.0000
			vertex	-20.1535	-15.7616	42.9582
			vertex	-18.6817	-17.4811	42.9582
		endloop
	endfacet
	facet normal	-0.416759	-0.356744	0.836090
		outer loop
			vertex	-22.9899	-17.9799	40.5979
			vertex	-18.6817	-17.4811	42.9582
			vertex	-20.1535	-15.7616	42.9582
		endloop
	endfacet
	facet normal	-0.416759	-0.356744	0.836090
		outer loop
			vertex	-18.6817	-17.4811	42.9582
			vertex	-22.9899	-17.9799	40.5979
			vertex	-21.3109	-19.9414	40.5979
		endloop
	endfacet
	facet normal	-0.469873	-0.402209	0.785778
		outer loop
			vertex	-25.6559	-20.0649	37.9365
			vertex	-21.3109	-19.9414	40.5979
			vertex	-22.9899	-17.9799	40.5979
		endloop
	endfacet
	facet normal	-0.469873	-0.402209	0.785778
		outer loop
			vertex	-21.3109	-19.9414	40.5979
			vertex	-25.6559	-20.0649	37.9365
			vertex	-23.7821	-22.2538	37.9365
		endloop
	endfacet
	facet normal	-0.519493	-0.444683	0.729646
		outer loop
			vertex	-28.1316	-22.0011	34.9938
			vertex	-23.7821	-22.2538	37.9365
			vertex	-25.6559	-20.0649	37.9365
		endloop
	endfacet
	facet normal	-0.519493	-0.444684	0.729646
		outer loop
			vertex	-23.7821	-22.2538	37.9365
			vertex	-28.1316	-22.0011	34.9938
			vertex	-26.0770	-24.4012	34.9938
		endloop
	endfacet
	facet normal	-0.565253	-0.483854	0.668113
		outer loop
			vertex	-30.3987	-23.7741	31.7917
			vertex	-26.0770	-24.4012	34.9938
			vertex	-28.1316	-22.0011	34.9938
		endloop
	endfacet
	facet normal	-0.565253	-0.483854	0.668113
		outer loop
			vertex	-26.0770	-24.4012	34.9938
			vertex	-30.3987	-23.7741	31.7917
			vertex	-28.1785	-26.3677	31.7917
		endloop
	endfacet
	facet normal	-0.606814	-0.519430	0.601638
		outer loop
			vertex	-32.4404	-25.3709	28.3539
			vertex	-28.1785	-26.3677	31.7917
			vertex	-30.3987	-23.7741	31.7917
		endloop
	endfacet
	facet normal	-0.606814	-0.519430	0.601638
		outer loop
			vertex	-28.1785	-26.3677	31.7917
			vertex	-32.4404	-25.3709	28.3539
			vertex	-30.0711	-28.1387	28.3539
		endloop
	endfacet
	facet normal	-0.643873	-0.551152	0.530715
		outer loop
			vertex	-34.2415	-26.7795	24.7058
			vertex	-30.0711	-28.1387	28.3539
			vertex	-32.4404	-25.3709	28.3539
		endloop
	endfacet
	facet normal	-0.643873	-0.551152	0.530715
		outer loop
			vertex	-30.0711	-28.1387	28.3539
			vertex	-34.2415	-26.7795	24.7058
			vertex	-31.7408	-29.7010	24.7058
		endloop
	endfacet
	facet normal	-0.676156	-0.578787	0.455872
		outer loop
			vertex	-35.7888	-27.9896	20.8745
			vertex	-31.7408	-29.7010	24.7058
			vertex	-34.2415	-26.7795	24.7058
		endloop
	endfacet
	facet normal	-0.676156	-0.578787	0.455872
		outer loop
			vertex	-31.7408	-29.7010	24.7058
			vertex	-35.7888	-27.9896	20.8745
			vertex	-33.1750	-31.0431	20.8745
		endloop
	endfacet
	facet normal	-0.703427	-0.602131	0.377662
		outer loop
			vertex	-37.0707	-28.9922	16.8884
			vertex	-33.1750	-31.0431	20.8745
			vertex	-35.7888	-27.9896	20.8745
		endloop
	endfacet
	facet normal	-0.703427	-0.602131	0.377662
		outer loop
			vertex	-33.1750	-31.0431	20.8745
			vertex	-37.0707	-28.9922	16.8884
			vertex	-34.3633	-32.1550	16.8884
		endloop
	endfacet
	facet normal	-0.725487	-0.621014	0.296665
		outer loop
			vertex	-38.0777	-29.7797	12.7771
			vertex	-34.3633	-32.1550	16.8884
			vertex	-37.0707	-28.9922	16.8884
		endloop
	endfacet
	facet normal	-0.725487	-0.621014	0.296666
		outer loop
			vertex	-34.3633	-32.1550	16.8884
			vertex	-38.0777	-29.7797	12.7771
			vertex	-35.2968	-33.0285	12.7771
		endloop
	endfacet
	facet normal	-0.742174	-0.635298	0.213480
		outer loop
			vertex	-38.8024	-30.3465	8.57107
			vertex	-35.2968	-33.0285	12.7771
			vertex	-38.0777	-29.7797	12.7771
		endloop
	endfacet
	facet normal	-0.742174	-0.635298	0.213480
		outer loop
			vertex	-35.2968	-33.0285	12.7771
			vertex	-38.8024	-30.3465	8.57107
			vertex	-35.9685	-33.6571	8.57107
		endloop
	endfacet
	facet normal	-0.753367	-0.644879	0.128721
		outer loop
			vertex	-39.2394	-30.6882	4.30148
			vertex	-35.9685	-33.6571	8.57107
			vertex	-38.8024	-30.3465	8.57107
		endloop
	endfacet
	facet normal	-0.753367	-0.644879	0.128721
		outer loop
			vertex	-35.9685	-33.6571	8.57107
			vertex	-39.2394	-30.6882	4.30148
			vertex	-36.3736	-34.0361	4.30148
		endloop
	endfacet
	facet normal	-0.758984	-0.649687	0.0430127
		outer loop
			vertex	-39.3854	-30.8024	2.08167e-015
			vertex	-36.3736	-34.0361	4.30148
			vertex	-39.2394	-30.6882	4.30148
		endloop
	endfacet
	facet normal	-0.758984	-0.649687	0.0430129
		outer loop
			vertex	-36.3736	-34.0361	4.30148
			vertex	-39.3854	-30.8024	2.08167e-015
			vertex	-36.5090	-34.1628	2.08167e-015
		endloop
	endfacet
	facet normal	-0.758984	-0.649687	-0.0430127
		outer loop
			vertex	-39.2394	-30.6882	-4.30148
			vertex	-36.5090	-34.1628	2.08167e-015
			vertex	-39.3854	-30.8024	2.08167e-015
		endloop
	endfacet
	facet normal	-0.758984	-0.649687	-0.0430129
		outer loop
			vertex	-36.5090	-34.1628	2.08167e-015
			vertex	-39.2394	-30.6882	-4.30148
			vertex	-36.3736	-34.0361	-4.30148
		endloop
	endfacet
	facet normal	-0.753367	-0.644879	-0.128721
		outer loop
			vertex	-38.8024	-30.3465	-8.57107
			vertex	-36.3736	-34.0361	-4.30148
			vertex	-39.2394	-30.6882	-4.30148
		endloop
	endfacet
	facet normal	-0.753367	-0.644879	-0.128721
		outer loop
			vertex	-36.3736	-34.0361	-4.30148
			vertex	-38.8024	-30.3465	-8.57107
			vertex	-35.9685	-33.6571	-8.57107
		endloop
	endfacet
	facet normal	-0.742174	-0.635298	-0.213480
		outer loop
			vertex	-38.0777	-29.7797	-12.7771
			vertex	-35.9685	-33.6571	-8.57107
			vertex	-38.8024	-30.3465	-8.57107
		endloop
	endfacet
	facet normal	-0.742175	-0.635298	-0.213480
		outer loop
			vertex	-35.9685	-33.6571	-8.57107
			vertex	-38.0777	-29.7797	-12.7771
			vertex	-35.2968	-33.0285	-12.7771
		endloop
	endfacet
	facet normal	-0.386409	-0.275551	0.880204
		outer loop
			vertex	-17.1677	-13.4265	45.0000
			vertex	-21.4677	-13.9188	42.9582
			vertex	-20.1535	-15.7616	42.9582
		endloop
	endfacet
	facet normal	-0.446657	-0.318515	0.836090
		outer loop
			vertex	-24.4890	-15.8777	40.5979
			vertex	-20.1535	-15.7616	42.9582
			vertex	-21.4677	-13.9188	42.9582
		endloop
	endfacet
	facet normal	-0.446657	-0.318515	0.836090
		outer loop
			vertex	-20.1535	-15.7616	42.9582
			vertex	-24.4890	-15.8777	40.5979
			vertex	-22.9899	-17.9799	40.5979
		endloop
	endfacet
	facet normal	-0.503581	-0.359108	0.785778
		outer loop
			vertex	-27.3288	-17.7189	37.9365
			vertex	-22.9899	-17.9799	40.5979
			vertex	-24.4890	-15.8777	40.5979
		endloop
	endfacet
	facet normal	-0.503581	-0.359108	0.785778
		outer loop
			vertex	-22.9899	-17.9799	40.5979
			vertex	-27.3288	-17.7189	37.9365
			vertex	-25.6559	-20.0649	37.9365
		endloop
	endfacet
	facet normal	-0.556761	-0.397031	0.729646
		outer loop
			vertex	-29.9659	-19.4287	34.9938
			vertex	-25.6559	-20.0649	37.9365
			vertex	-27.3288	-17.7189	37.9365
		endloop
	endfacet
	facet normal	-0.556761	-0.397031	0.729646
		outer loop
			vertex	-25.6559	-20.0649	37.9365
			vertex	-29.9659	-19.4287	34.9938
			vertex	-28.1316	-22.0011	34.9938
		endloop
	endfacet
	facet normal	-0.605804	-0.432004	0.668113
		outer loop
			vertex	-32.3809	-20.9944	31.7917
			vertex	-28.1316	-22.0011	34.9938
			vertex	-29.9659	-19.4287	34.9938
		endloop
	endfacet
	facet normal	-0.605804	-0.432003	0.668113
		outer loop
			vertex	-28.1316	-22.0011	34.9938
			vertex	-32.3809	-20.9944	31.7917
			vertex	-30.3987	-23.7741	31.7917
		endloop
	endfacet
	facet normal	-0.650347	-0.463767	0.601638
		outer loop
			vertex	-34.5557	-22.4045	28.3539
			vertex	-30.3987	-23.7741	31.7917
			vertex	-32.3809	-20.9944	31.7917
		endloop
	endfacet
	facet normal	-0.650347	-0.463768	0.601638
		outer loop
			vertex	-30.3987	-23.7741	31.7917
			vertex	-34.5557	-22.4045	28.3539
			vertex	-32.4404	-25.3709	28.3539
		endloop
	endfacet
	facet normal	-0.690064	-0.492091	0.530715
		outer loop
			vertex	-36.4743	-23.6485	24.7058
			vertex	-32.4404	-25.3709	28.3539
			vertex	-34.5557	-22.4045	28.3539
		endloop
	endfacet
	facet normal	-0.690064	-0.492090	0.530715
		outer loop
			vertex	-32.4404	-25.3709	28.3539
			vertex	-36.4743	-23.6485	24.7058
			vertex	-34.2415	-26.7795	24.7058
		endloop
	endfacet
	facet normal	-0.724664	-0.516763	0.455872
		outer loop
			vertex	-38.1225	-24.7171	20.8745
			vertex	-34.2415	-26.7795	24.7058
			vertex	-36.4743	-23.6485	24.7058
		endloop
	endfacet
	facet normal	-0.724663	-0.516763	0.455872
		outer loop
			vertex	-34.2415	-26.7795	24.7058
			vertex	-38.1225	-24.7171	20.8745
			vertex	-35.7888	-27.9896	20.8745
		endloop
	endfacet
	facet normal	-0.753891	-0.537605	0.377662
		outer loop
			vertex	-39.4880	-25.6024	16.8884
			vertex	-35.7888	-27.9896	20.8745
			vertex	-38.1225	-24.7171	20.8745
		endloop
	endfacet
	facet normal	-0.753891	-0.537605	0.377662
		outer loop
			vertex	-35.7888	-27.9896	20.8745
			vertex	-39.4880	-25.6024	16.8884
			vertex	-37.0707	-28.9922	16.8884
		endloop
	endfacet
	facet normal	-0.777533	-0.554465	0.296666
		outer loop
			vertex	-40.5607	-26.2979	12.7771
			vertex	-37.0707	-28.9922	16.8884
			vertex	-39.4880	-25.6024	16.8884
		endloop
	endfacet
	facet normal	-0.777533	-0.554466	0.296665
		outer loop
			vertex	-37.0707	-28.9922	16.8884
			vertex	-40.5607	-26.2979	12.7771
			vertex	-38.0777	-29.7797	12.7771
		endloop
	endfacet
	facet normal	-0.795417	-0.567219	0.213479
		outer loop
			vertex	-41.3326	-26.7984	8.57107
			vertex	-38.0777	-29.7797	12.7771
			vertex	-40.5607	-26.2979	12.7771
		endloop
	endfacet
	facet normal	-0.795418	-0.567218	0.213480
		outer loop
			vertex	-38.0777	-29.7797	12.7771
			vertex	-41.3326	-26.7984	8.57107
			vertex	-38.8024	-30.3465	8.57107
		endloop
	endfacet
	facet normal	-0.807414	-0.575773	0.128721
		outer loop
			vertex	-41.7981	-27.1002	4.30148
			vertex	-38.8024	-30.3465	8.57107
			vertex	-41.3326	-26.7984	8.57107
		endloop
	endfacet
	facet normal	-0.807414	-0.575773	0.128721
		outer loop
			vertex	-38.8024	-30.3465	8.57107
			vertex	-41.7981	-27.1002	4.30148
			vertex	-39.2394	-30.6882	4.30148
		endloop
	endfacet
	facet normal	-0.813434	-0.580065	0.0430129
		outer loop
			vertex	-41.9536	-27.2010	2.08167e-015
			vertex	-39.2394	-30.6882	4.30148
			vertex	-41.7981	-27.1002	4.30148
		endloop
	endfacet
	facet normal	-0.813433	-0.580065	0.0430127
		outer loop
			vertex	-39.2394	-30.6882	4.30148
			vertex	-41.9536	-27.2010	2.08167e-015
			vertex	-39.3854	-30.8024	2.08167e-015
		endloop
	endfacet
	facet normal	-0.813433	-0.580065	-0.0430129
		outer loop
			vertex	-41.7981	-27.1002	-4.30148
			vertex	-39.3854	-30.8024	2.08167e-015
			vertex	-41.9536	-27.2010	2.08167e-015
		endloop
	endfacet
	facet normal	-0.813434	-0.580065	-0.0430127
		outer loop
			vertex	-39.3854	-30.8024	2.08167e-015
			vertex	-41.7981	-27.1002	-4.30148
			vertex	-39.2394	-30.6882	-4.30148
		endloop
	endfacet
	facet normal	-0.807414	-0.575773	-0.128721
		outer loop
			vertex	-41.3326	-26.7984	-8.57107
			vertex	-39.2394	-30.6882	-4.30148
			vertex	-41.7981	-27.1002	-4.30148
		endloop
	endfacet
	facet normal	-0.807414	-0.575773	-0.128721
		outer loop
			vertex	-39.2394	-30.6882	-4.30148
			vertex	-41.3326	-26.7984	-8.57107
			vertex	-38.8024	-30.3465	-8.57107
		endloop
	endfacet
	facet normal	-0.795418	-0.567218	-0.213479
		outer loop
			vertex	-40.5607	-26.2979	-12.7771
			vertex	-38.8024	-30.3465	-8.57107
			vertex	-41.3326	-26.7984	-8.57107
		endloop
	endfacet
	facet normal	-0.795417	-0.567219	-0.213480
		outer loop
			vertex	-38.8024	-30.3465	-8.57107
			vertex	-40.5607	-26.2979	-12.7771
			vertex	-38.0777	-29.7797	-12.7771
		endloop
	endfacet
	facet normal	-0.409250	-0.240322	0.880204
		outer loop
			vertex	-18.2871	-11.8566	45.0000
			vertex	-22.6138	-11.9670	42.9582
			vertex	-21.4677	-13.9188	42.9582
		endloop
	endfacet
	facet normal	-0.473059	-0.277793	0.836090
		outer loop
			vertex	-25.7965	-13.6512	40.5979
			vertex	-21.4677	-13.9188	42.9582
			vertex	-22.6138	-11.9670	42.9582
		endloop
	endfacet
	facet normal	-0.473059	-0.277792	0.836090
		outer loop
			vertex	-21.4677	-13.9188	42.9582
			vertex	-25.7965	-13.6512	40.5979
			vertex	-24.4890	-15.8777	40.5979
		endloop
	endfacet
	facet normal	-0.533349	-0.313196	0.785778
		outer loop
			vertex	-28.7879	-15.2342	37.9365
			vertex	-24.4890	-15.8777	40.5979
			vertex	-25.7965	-13.6512	40.5979
		endloop
	endfacet
	facet normal	-0.533349	-0.313196	0.785778
		outer loop
			vertex	-24.4890	-15.8777	40.5979
			vertex	-28.7879	-15.2342	37.9365
			vertex	-27.3288	-17.7189	37.9365
		endloop
	endfacet
	facet normal	-0.589672	-0.346271	0.729646
		outer loop
			vertex	-31.5658	-16.7043	34.9938
			vertex	-27.3288	-17.7189	37.9365
			vertex	-28.7879	-15.2342	37.9365
		endloop
	endfacet
	facet normal	-0.589672	-0.346270	0.729646
		outer loop
			vertex	-27.3288	-17.7189	37.9365
			vertex	-31.5658	-16.7043	34.9938
			vertex	-29.9659	-19.4287	34.9938
		endloop
	endfacet
	facet normal	-0.641614	-0.376771	0.668113
		outer loop
			vertex	-34.1096	-18.0505	31.7917
			vertex	-29.9659	-19.4287	34.9938
			vertex	-31.5658	-16.7043	34.9938
		endloop
	endfacet
	facet normal	-0.641614	-0.376772	0.668113
		outer loop
			vertex	-29.9659	-19.4287	34.9938
			vertex	-34.1096	-18.0505	31.7917
			vertex	-32.3809	-20.9944	31.7917
		endloop
	endfacet
	facet normal	-0.688790	-0.404475	0.601638
		outer loop
			vertex	-36.4006	-19.2628	28.3539
			vertex	-32.3809	-20.9944	31.7917
			vertex	-34.1096	-18.0505	31.7917
		endloop
	endfacet
	facet normal	-0.688790	-0.404475	0.601638
		outer loop
			vertex	-32.3809	-20.9944	31.7917
			vertex	-36.4006	-19.2628	28.3539
			vertex	-34.5557	-22.4045	28.3539
		endloop
	endfacet
	facet normal	-0.730855	-0.429177	0.530715
		outer loop
			vertex	-38.4216	-20.3323	24.7058
			vertex	-34.5557	-22.4045	28.3539
			vertex	-36.4006	-19.2628	28.3539
		endloop
	endfacet
	facet normal	-0.730855	-0.429177	0.530715
		outer loop
			vertex	-34.5557	-22.4045	28.3539
			vertex	-38.4216	-20.3323	24.7058
			vertex	-36.4743	-23.6485	24.7058
		endloop
	endfacet
	facet normal	-0.767499	-0.450695	0.455871
		outer loop
			vertex	-40.1578	-21.2511	20.8745
			vertex	-36.4743	-23.6485	24.7058
			vertex	-38.4216	-20.3323	24.7058
		endloop
	endfacet
	facet normal	-0.767499	-0.450695	0.455872
		outer loop
			vertex	-36.4743	-23.6485	24.7058
			vertex	-40.1578	-21.2511	20.8745
			vertex	-38.1225	-24.7171	20.8745
		endloop
	endfacet
	facet normal	-0.798455	-0.468872	0.377662
		outer loop
			vertex	-41.5962	-22.0123	16.8884
			vertex	-38.1225	-24.7171	20.8745
			vertex	-40.1578	-21.2511	20.8745
		endloop
	endfacet
	facet normal	-0.798455	-0.468873	0.377662
		outer loop
			vertex	-38.1225	-24.7171	20.8745
			vertex	-41.5962	-22.0123	16.8884
			vertex	-39.4880	-25.6024	16.8884
		endloop
	endfacet
	facet normal	-0.823494	-0.483577	0.296666
		outer loop
			vertex	-42.7261	-22.6102	12.7771
			vertex	-39.4880	-25.6024	16.8884
			vertex	-41.5962	-22.0123	16.8884
		endloop
	endfacet
	facet normal	-0.823494	-0.483576	0.296666
		outer loop
			vertex	-39.4880	-25.6024	16.8884
			vertex	-42.7261	-22.6102	12.7771
			vertex	-40.5607	-26.2979	12.7771
		endloop
	endfacet
	facet normal	-0.842436	-0.494699	0.213480
		outer loop
			vertex	-43.5393	-23.0405	8.57107
			vertex	-40.5607	-26.2979	12.7771
			vertex	-42.7261	-22.6102	12.7771
		endloop
	endfacet
	facet normal	-0.842436	-0.494700	0.213479
		outer loop
			vertex	-40.5607	-26.2979	12.7771
			vertex	-43.5393	-23.0405	8.57107
			vertex	-41.3326	-26.7984	8.57107
		endloop
	endfacet
	facet normal	-0.855141	-0.502161	0.128721
		outer loop
			vertex	-44.0296	-23.3000	4.30148
			vertex	-41.3326	-26.7984	8.57107
			vertex	-43.5393	-23.0405	8.57107
		endloop
	endfacet
	facet normal	-0.855141	-0.502161	0.128721
		outer loop
			vertex	-41.3326	-26.7984	8.57107
			vertex	-44.0296	-23.3000	4.30148
			vertex	-41.7981	-27.1002	4.30148
		endloop
	endfacet
	facet normal	-0.861516	-0.505905	0.0430123
		outer loop
			vertex	-44.1935	-23.3867	2.08167e-015
			vertex	-41.7981	-27.1002	4.30148
			vertex	-44.0296	-23.3000	4.30148
		endloop
	endfacet
	facet normal	-0.861517	-0.505904	0.0430129
		outer loop
			vertex	-41.7981	-27.1002	4.30148
			vertex	-44.1935	-23.3867	2.08167e-015
			vertex	-41.9536	-27.2010	2.08167e-015
		endloop
	endfacet
	facet normal	-0.861517	-0.505904	-0.0430123
		outer loop
			vertex	-44.0296	-23.3000	-4.30148
			vertex	-41.9536	-27.2010	2.08167e-015
			vertex	-44.1935	-23.3867	2.08167e-015
		endloop
	endfacet
	facet normal	-0.861516	-0.505905	-0.0430129
		outer loop
			vertex	-41.9536	-27.2010	2.08167e-015
			vertex	-44.0296	-23.3000	-4.30148
			vertex	-41.7981	-27.1002	-4.30148
		endloop
	endfacet
	facet normal	-0.855141	-0.502161	-0.128721
		outer loop
			vertex	-43.5393	-23.0405	-8.57107
			vertex	-41.7981	-27.1002	-4.30148
			vertex	-44.0296	-23.3000	-4.30148
		endloop
	endfacet
	facet normal	-0.855141	-0.502161	-0.128721
		outer loop
			vertex	-41.7981	-27.1002	-4.30148
			vertex	-43.5393	-23.0405	-8.57107
			vertex	-41.3326	-26.7984	-8.57107
		endloop
	endfacet
	facet normal	-0.842436	-0.494700	-0.213480
		outer loop
			vertex	-42.7261	-22.6102	-12.7771
			vertex	-41.3326	-26.7984	-8.57107
			vertex	-43.5393	-23.0405	-8.57107
		endloop
	endfacet
	facet normal	-0.842436	-0.494700	-0.213479
		outer loop
			vertex	-41.3326	-26.7984	-8.57107
			vertex	-42.7261	-22.6102	-12.7771
			vertex	-40.5607	-26.2979	-12.7771
		endloop
	endfacet
	facet normal	-0.904233	0.335676	-0.263979
		outer loop
			vertex	-45.0000	17.5564	-12.7727
			vertex	-45.0000	18.3347	-11.7830
			vertex	-44.5572	18.7456	-12.7771
		endloop
	endfacet
	facet normal	-0.880108	0.421996	-0.217554
		outer loop
			vertex	-45.0000	18.9375	-10.6138
			vertex	-44.5572	18.7456	-12.7771
			vertex	-45.0000	18.3347	-11.7830
		endloop
	endfacet
	facet normal	-0.882042	0.417921	-0.217588
		outer loop
			vertex	-44.5572	18.7456	-12.7771
			vertex	-45.0000	18.9375	-10.6138
			vertex	-42.7261	22.6102	-12.7771
		endloop
	endfacet
	facet normal	-0.881930	0.420260	-0.213500
		outer loop
			vertex	-43.5393	23.0405	-8.57107
			vertex	-42.7261	22.6102	-12.7771
			vertex	-45.0000	18.9375	-10.6138
		endloop
	endfacet
	facet normal	-0.842436	0.494699	-0.213480
		outer loop
			vertex	-42.7261	22.6102	-12.7771
			vertex	-43.5393	23.0405	-8.57107
			vertex	-40.5607	26.2979	-12.7771
		endloop
	endfacet
	facet normal	-0.842436	0.494700	-0.213479
		outer loop
			vertex	-41.3326	26.7984	-8.57107
			vertex	-40.5607	26.2979	-12.7771
			vertex	-43.5393	23.0405	-8.57107
		endloop
	endfacet
	facet normal	-0.795417	0.567219	-0.213479
		outer loop
			vertex	-40.5607	26.2979	-12.7771
			vertex	-41.3326	26.7984	-8.57107
			vertex	-38.0777	29.7797	-12.7771
		endloop
	endfacet
	facet normal	-0.795418	0.567218	-0.213480
		outer loop
			vertex	-38.8024	30.3465	-8.57107
			vertex	-38.0777	29.7797	-12.7771
			vertex	-41.3326	26.7984	-8.57107
		endloop
	endfacet
	facet normal	-0.742174	0.635298	-0.213480
		outer loop
			vertex	-38.0777	29.7797	-12.7771
			vertex	-38.8024	30.3465	-8.57107
			vertex	-35.2968	33.0285	-12.7771
		endloop
	endfacet
	facet normal	-0.742174	0.635298	-0.213480
		outer loop
			vertex	-35.9685	33.6571	-8.57107
			vertex	-35.2968	33.0285	-12.7771
			vertex	-38.8024	30.3465	-8.57107
		endloop
	endfacet
	facet normal	-0.683122	0.698405	-0.213480
		outer loop
			vertex	-35.2968	33.0285	-12.7771
			vertex	-35.9685	33.6571	-8.57107
			vertex	-32.2396	36.0188	-12.7771
		endloop
	endfacet
	facet normal	-0.683122	0.698405	-0.213480
		outer loop
			vertex	-32.8532	36.7043	-8.57107
			vertex	-32.2396	36.0188	-12.7771
			vertex	-35.9685	33.6571	-8.57107
		endloop
	endfacet
	facet normal	-0.618724	0.756047	-0.213480
		outer loop
			vertex	-32.2396	36.0188	-12.7771
			vertex	-32.8532	36.7043	-8.57107
			vertex	-28.9301	38.7272	-12.7771
		endloop
	endfacet
	facet normal	-0.618724	0.756047	-0.213480
		outer loop
			vertex	-29.4807	39.4642	-8.57107
			vertex	-28.9301	38.7272	-12.7771
			vertex	-32.8532	36.7043	-8.57107
		endloop
	endfacet
	facet normal	-0.549483	0.807771	-0.213480
		outer loop
			vertex	-28.9301	38.7272	-12.7771
			vertex	-29.4807	39.4642	-8.57107
			vertex	-25.3942	41.1325	-12.7771
		endloop
	endfacet
	facet normal	0.356117	0.891488	-0.280054
		outer loop
			vertex	17.5564	45.0000	-12.7727
			vertex	18.3347	45.0000	-11.7830
			vertex	19.7267	44.1316	-12.7771
		endloop
	endfacet
	facet normal	0.402635	0.890071	-0.213678
		outer loop
			vertex	20.1022	44.9715	-8.57107
			vertex	19.7267	44.1316	-12.7771
			vertex	18.3347	45.0000	-11.7830
		endloop
	endfacet
	facet normal	0.437738	0.873391	-0.213481
		outer loop
			vertex	19.7267	44.1316	-12.7771
			vertex	20.1022	44.9715	-8.57107
			vertex	23.5499	42.2155	-12.7771
		endloop
	endfacet
	facet normal	0.437738	0.873391	-0.213480
		outer loop
			vertex	23.9981	43.0189	-8.57107
			vertex	23.5499	42.2155	-12.7771
			vertex	20.1022	44.9715	-8.57107
		endloop
	endfacet
	facet normal	0.513215	0.831286	-0.213480
		outer loop
			vertex	23.5499	42.2155	-12.7771
			vertex	23.9981	43.0189	-8.57107
			vertex	27.1887	39.9690	-12.7771
		endloop
	endfacet
	facet normal	0.513215	0.831286	-0.213480
		outer loop
			vertex	27.7062	40.7296	-8.57107
			vertex	27.1887	39.9690	-12.7771
			vertex	23.9981	43.0189	-8.57107
		endloop
	endfacet
	facet normal	0.584676	0.782675	-0.213480
		outer loop
			vertex	27.1887	39.9690	-12.7771
			vertex	27.7062	40.7296	-8.57107
			vertex	30.6148	37.4096	-12.7771
		endloop
	endfacet
	facet normal	0.584676	0.782675	-0.213480
		outer loop
			vertex	31.1975	38.1216	-8.57107
			vertex	30.6148	37.4096	-12.7771
			vertex	27.7062	40.7296	-8.57107
		endloop
	endfacet
	facet normal	0.651561	0.727938	-0.213480
		outer loop
			vertex	30.6148	37.4096	-12.7771
			vertex	31.1975	38.1216	-8.57107
			vertex	33.8013	34.5575	-12.7771
		endloop
	endfacet
	facet normal	0.651561	0.727939	-0.213480
		outer loop
			vertex	34.4446	35.2152	-8.57107
			vertex	33.8013	34.5575	-12.7771
			vertex	31.1975	38.1216	-8.57107
		endloop
	endfacet
	facet normal	0.713346	0.667505	-0.213480
		outer loop
			vertex	33.8013	34.5575	-12.7771
			vertex	34.4446	35.2152	-8.57107
			vertex	36.7232	31.4349	-12.7771
		endloop
	endfacet
	facet normal	0.713346	0.667505	-0.213480
		outer loop
			vertex	37.4221	32.0332	-8.57107
			vertex	36.7232	31.4349	-12.7771
			vertex	34.4446	35.2152	-8.57107
		endloop
	endfacet
	facet normal	0.769549	0.601847	-0.213480
		outer loop
			vertex	36.7232	31.4349	-12.7771
			vertex	37.4221	32.0332	-8.57107
			vertex	39.3577	28.0663	-12.7771
		endloop
	endfacet
	facet normal	0.769550	0.601847	-0.213480
		outer loop
			vertex	40.1068	28.6004	-8.57107
			vertex	39.3577	28.0663	-12.7771
			vertex	37.4221	32.0332	-8.57107
		endloop
	endfacet
	facet normal	0.819729	0.531480	-0.213480
		outer loop
			vertex	39.3577	28.0663	-12.7771
			vertex	40.1068	28.6004	-8.57107
			vertex	41.6842	24.4780	-12.7771
		endloop
	endfacet
	facet normal	-0.154623	0.448700	0.880204
		outer loop
			vertex	-8.00515	20.2711	45.0000
			vertex	-6.18227	20.8993	45.0000
			vertex	-7.25749	24.5341	42.9582
		endloop
	endfacet
	facet normal	-0.114362	0.460610	0.880204
		outer loop
			vertex	-5.06077	25.0795	42.9582
			vertex	-7.25749	24.5341	42.9582
			vertex	-6.18227	20.8993	45.0000
		endloop
	endfacet
	facet normal	-0.132193	0.532427	0.836090
		outer loop
			vertex	-7.25749	24.5341	42.9582
			vertex	-5.06077	25.0795	42.9582
			vertex	-5.77302	28.6092	40.5979
		endloop
	endfacet
	facet normal	-0.0846198	0.542027	0.836090
		outer loop
			vertex	-3.22194	29.0075	40.5979
			vertex	-5.77302	28.6092	40.5979
			vertex	-5.06077	25.0795	42.9582
		endloop
	endfacet
	facet normal	-0.0954042	0.611106	0.785778
		outer loop
			vertex	-5.77302	28.6092	40.5979
			vertex	-3.22194	29.0075	40.5979
			vertex	-3.59556	32.3712	37.9365
		endloop
	endfacet
	facet normal	-0.0410211	0.617146	0.785778
		outer loop
			vertex	-0.720522	32.5623	37.9365
			vertex	-3.59556	32.3712	37.9365
			vertex	-3.22194	29.0075	40.5979
		endloop
	endfacet
	facet normal	-0.0453531	0.682319	0.729646
		outer loop
			vertex	-3.59556	32.3712	37.9365
			vertex	-0.720522	32.5623	37.9365
			vertex	-0.790050	35.7044	34.9938
		endloop
	endfacet
	facet normal	0.0151275	0.683657	0.729646
		outer loop
			vertex	2.36860	35.6345	34.9938
			vertex	-0.790050	35.7044	34.9938
			vertex	-0.720522	32.5623	37.9365
		endloop
	endfacet
	facet normal	0.0164600	0.743878	0.668113
		outer loop
			vertex	-0.790050	35.7044	34.9938
			vertex	2.36860	35.6345	34.9938
			vertex	2.55949	38.5063	31.7917
		endloop
	endfacet
	facet normal	0.0821396	0.739512	0.668113
		outer loop
			vertex	5.95266	38.1294	31.7917
			vertex	2.55949	38.5063	31.7917
			vertex	2.36860	35.6345	34.9938
		endloop
	endfacet
	facet normal	0.0881791	0.793887	0.601638
		outer loop
			vertex	2.55949	38.5063	31.7917
			vertex	5.95266	38.1294	31.7917
			vertex	6.35247	40.6904	28.3539
		endloop
	endfacet
	facet normal	0.157997	0.782987	0.601638
		outer loop
			vertex	9.92383	39.9697	28.3539
			vertex	6.35247	40.6904	28.3539
			vertex	5.95266	38.1294	31.7917
		endloop
	endfacet
	facet normal	0.167646	0.830805	0.530715
		outer loop
			vertex	6.35247	40.6904	28.3539
			vertex	9.92383	39.9697	28.3539
			vertex	10.4748	42.1889	24.7058
		endloop
	endfacet
	facet normal	0.240418	0.812737	0.530715
		outer loop
			vertex	14.1625	41.0980	24.7058
			vertex	10.4748	42.1889	24.7058
			vertex	9.92383	39.9697	28.3539
		endloop
	endfacet
	facet normal	0.252472	0.853486	0.455872
		outer loop
			vertex	10.4748	42.1889	24.7058
			vertex	14.1625	41.0980	24.7058
			vertex	14.8025	42.9551	20.8745
		endloop
	endfacet
	facet normal	0.326915	0.827833	0.455872
		outer loop
			vertex	18.5409	41.4788	20.8745
			vertex	14.8025	42.9551	20.8745
			vertex	14.1625	41.0980	24.7058
		endloop
	endfacet
	facet normal	0.340100	0.861222	0.377662
		outer loop
			vertex	14.8025	42.9551	20.8745
			vertex	18.5409	41.4788	20.8745
			vertex	19.2050	42.9645	16.8884
		endloop
	endfacet
	facet normal	0.414885	0.827793	0.377662
		outer loop
			vertex	22.9271	41.0990	16.8884
			vertex	19.2050	42.9645	16.8884
			vertex	18.5409	41.4788	20.8745
		endloop
	endfacet
	facet normal	0.427896	0.853753	0.296665
		outer loop
			vertex	19.2050	42.9645	16.8884
			vertex	22.9271	41.0990	16.8884
			vertex	23.5499	42.2155	12.7771
		endloop
	endfacet
	facet normal	0.501676	0.812595	0.296665
		outer loop
			vertex	27.1887	39.9690	12.7771
			vertex	23.5499	42.2155	12.7771
			vertex	22.9271	41.0990	16.8884
		endloop
	endfacet
	facet normal	0.513215	0.831286	0.213480
		outer loop
			vertex	23.5499	42.2155	12.7771
			vertex	27.1887	39.9690	12.7771
			vertex	27.7062	40.7296	8.57107
		endloop
	endfacet
	facet normal	0.584676	0.782675	0.213480
		outer loop
			vertex	31.1975	38.1216	8.57107
			vertex	27.7062	40.7296	8.57107
			vertex	27.1887	39.9690	12.7771
		endloop
	endfacet
	facet normal	0.593493	0.794479	0.128721
		outer loop
			vertex	27.7062	40.7296	8.57107
			vertex	31.1975	38.1216	8.57107
			vertex	31.5488	38.5509	4.30148
		endloop
	endfacet
	facet normal	0.661387	0.738917	0.128721
		outer loop
			vertex	34.8325	35.6117	4.30148
			vertex	31.5488	38.5509	4.30148
			vertex	31.1975	38.1216	8.57107
		endloop
	endfacet
	facet normal	0.666318	0.744426	0.0430127
		outer loop
			vertex	31.5488	38.5509	4.30148
			vertex	34.8325	35.6117	4.30148
			vertex	34.9621	35.7443	2.08167e-015
		endloop
	endfacet
	facet normal	0.729503	0.682623	0.0430127
		outer loop
			vertex	37.9844	32.5144	2.08167e-015
			vertex	34.9621	35.7443	2.08167e-015
			vertex	34.8325	35.6117	4.30148
		endloop
	endfacet
	facet normal	0.729503	0.682623	-0.0430127
		outer loop
			vertex	34.9621	35.7443	2.08167e-015
			vertex	37.9844	32.5144	2.08167e-015
			vertex	37.8435	32.3939	-4.30148
		endloop
	endfacet
	facet normal	0.786979	0.615479	-0.0430127
		outer loop
			vertex	40.5584	28.9225	-4.30148
			vertex	37.8435	32.3939	-4.30148
			vertex	37.9844	32.5144	2.08167e-015
		endloop
	endfacet
	facet normal	0.781155	0.610924	-0.128721
		outer loop
			vertex	37.8435	32.3939	-4.30148
			vertex	40.5584	28.9225	-4.30148
			vertex	40.1068	28.6004	-8.57107
		endloop
	endfacet
	facet normal	0.832091	0.539495	-0.128721
		outer loop
			vertex	42.4775	24.9439	-8.57107
			vertex	40.1068	28.6004	-8.57107
			vertex	40.5584	28.9225	-4.30148
		endloop
	endfacet
	facet normal	0.819729	0.531480	-0.213480
		outer loop
			vertex	40.1068	28.6004	-8.57107
			vertex	42.4775	24.9439	-8.57107
			vertex	41.6842	24.4780	-12.7771
		endloop
	endfacet
	facet normal	0.863494	0.456952	-0.213480
		outer loop
			vertex	43.6845	20.6982	-12.7771
			vertex	41.6842	24.4780	-12.7771
			vertex	42.4775	24.9439	-8.57107
		endloop
	endfacet
	facet normal	0.364345	-0.901347	-0.234150
		outer loop
			vertex	19.3717	-45.0000	-9.98682
			vertex	17.5808	-45.0000	-12.7736
			vertex	19.7267	-44.1316	-12.7771
		endloop
	endfacet
	facet normal	0.357787	-0.885397	-0.296751
		outer loop
			vertex	19.2050	-42.9645	-16.8884
			vertex	19.7267	-44.1316	-12.7771
			vertex	17.5808	-45.0000	-12.7736
		endloop
	endfacet
	facet normal	0.427896	-0.853754	-0.296665
		outer loop
			vertex	19.7267	-44.1316	-12.7771
			vertex	19.2050	-42.9645	-16.8884
			vertex	23.5499	-42.2155	-12.7771
		endloop
	endfacet
	facet normal	0.427896	-0.853753	-0.296665
		outer loop
			vertex	22.9271	-41.0990	-16.8884
			vertex	23.5499	-42.2155	-12.7771
			vertex	19.2050	-42.9645	-16.8884
		endloop
	endfacet
	facet normal	0.501676	-0.812595	-0.296665
		outer loop
			vertex	23.5499	-42.2155	-12.7771
			vertex	22.9271	-41.0990	-16.8884
			vertex	27.1887	-39.9690	-12.7771
		endloop
	endfacet
	facet normal	0.501676	-0.812595	-0.296665
		outer loop
			vertex	26.4697	-38.9119	-16.8884
			vertex	27.1887	-39.9690	-12.7771
			vertex	22.9271	-41.0990	-16.8884
		endloop
	endfacet
	facet normal	0.571530	-0.765077	-0.296665
		outer loop
			vertex	27.1887	-39.9690	-12.7771
			vertex	26.4697	-38.9119	-16.8884
			vertex	30.6148	-37.4096	-12.7771
		endloop
	endfacet
	facet normal	0.571530	-0.765077	-0.296665
		outer loop
			vertex	29.8052	-36.4203	-16.8884
			vertex	30.6148	-37.4096	-12.7771
			vertex	26.4697	-38.9119	-16.8884
		endloop
	endfacet
	facet normal	0.636911	-0.711571	-0.296665
		outer loop
			vertex	30.6148	-37.4096	-12.7771
			vertex	29.8052	-36.4203	-16.8884
			vertex	33.8013	-34.5575	-12.7771
		endloop
	endfacet
	facet normal	0.636911	-0.711571	-0.296665
		outer loop
			vertex	32.9073	-33.6436	-16.8884
			vertex	33.8013	-34.5575	-12.7771
			vertex	29.8052	-36.4203	-16.8884
		endloop
	endfacet
	facet normal	0.697307	-0.652497	-0.296665
		outer loop
			vertex	33.8013	-34.5575	-12.7771
			vertex	32.9073	-33.6436	-16.8884
			vertex	36.7232	-31.4349	-12.7771
		endloop
	endfacet
	facet normal	0.697307	-0.652497	-0.296665
		outer loop
			vertex	35.7520	-30.6035	-16.8884
			vertex	36.7232	-31.4349	-12.7771
			vertex	32.9073	-33.6436	-16.8884
		endloop
	endfacet
	facet normal	0.752247	-0.588315	-0.296665
		outer loop
			vertex	36.7232	-31.4349	-12.7771
			vertex	35.7520	-30.6035	-16.8884
			vertex	39.3577	-28.0663	-12.7771
		endloop
	endfacet
	facet normal	0.752247	-0.588315	-0.296665
		outer loop
			vertex	38.3168	-27.3240	-16.8884
			vertex	39.3577	-28.0663	-12.7771
			vertex	35.7520	-30.6035	-16.8884
		endloop
	endfacet
	facet normal	0.801298	-0.519530	-0.296665
		outer loop
			vertex	39.3577	-28.0663	-12.7771
			vertex	38.3168	-27.3240	-16.8884
			vertex	41.6842	-24.4780	-12.7771
		endloop
	endfacet
	facet normal	0.801298	-0.519530	-0.296665
		outer loop
			vertex	40.5818	-23.8307	-16.8884
			vertex	41.6842	-24.4780	-12.7771
			vertex	38.3168	-27.3240	-16.8884
		endloop
	endfacet
	facet normal	0.844079	-0.446677	-0.296665
		outer loop
			vertex	41.6842	-24.4780	-12.7771
			vertex	40.5818	-23.8307	-16.8884
			vertex	43.6845	-20.6982	-12.7771
		endloop
	endfacet
	facet normal	0.844079	-0.446677	-0.296666
		outer loop
			vertex	42.5291	-20.1508	-16.8884
			vertex	43.6845	-20.6982	-12.7771
			vertex	40.5818	-23.8307	-16.8884
		endloop
	endfacet
	facet normal	0.880294	-0.370233	-0.296664
		outer loop
			vertex	43.6845	-20.6982	-12.7771
			vertex	42.5291	-20.1508	-16.8884
			vertex	45.0000	-16.6384	-13.9400
		endloop
	endfacet
	facet normal	0.880292	-0.370346	-0.296528
		outer loop
			vertex	44.1436	-16.3132	-16.8884
			vertex	45.0000	-16.6384	-13.9400
			vertex	42.5291	-20.1508	-16.8884
		endloop
	endfacet
	facet normal	0.877505	-0.376965	-0.296449
		outer loop
			vertex	45.0000	-16.6384	-13.9400
			vertex	44.1436	-16.3132	-16.8884
			vertex	45.0000	-15.7734	-15.0399
		endloop
	endfacet
	facet normal	0.898268	-0.287777	-0.332112
		outer loop
			vertex	45.0000	-13.6433	-16.8857
			vertex	45.0000	-15.7734	-15.0399
			vertex	44.1436	-16.3132	-16.8884
		endloop
	endfacet
	facet normal	-0.911595	-0.345830	-0.222251
		outer loop
			vertex	-45.0000	-18.9374	-10.6626
			vertex	-45.0000	-17.5808	-12.7736
			vertex	-44.5572	-18.7456	-12.7771
		endloop
	endfacet
	facet normal	-0.892942	-0.338513	-0.296756
		outer loop
			vertex	-43.3789	-18.2498	-16.8884
			vertex	-44.5572	-18.7456	-12.7771
			vertex	-45.0000	-17.5808	-12.7736
		endloop
	endfacet
	facet normal	-0.863011	-0.408904	-0.296666
		outer loop
			vertex	-44.5572	-18.7456	-12.7771
			vertex	-43.3789	-18.2498	-16.8884
			vertex	-42.7261	-22.6102	-12.7771
		endloop
	endfacet
	facet normal	-0.863011	-0.408904	-0.296666
		outer loop
			vertex	-41.5962	-22.0123	-16.8884
			vertex	-42.7261	-22.6102	-12.7771
			vertex	-43.3789	-18.2498	-16.8884
		endloop
	endfacet
	facet normal	-0.823495	-0.483577	-0.296666
		outer loop
			vertex	-42.7261	-22.6102	-12.7771
			vertex	-41.5962	-22.0123	-16.8884
			vertex	-40.5607	-26.2979	-12.7771
		endloop
	endfacet
	facet normal	-0.823494	-0.483577	-0.296666
		outer loop
			vertex	-39.4880	-25.6024	-16.8884
			vertex	-40.5607	-26.2979	-12.7771
			vertex	-41.5962	-22.0123	-16.8884
		endloop
	endfacet
	facet normal	-0.777533	-0.554466	-0.296666
		outer loop
			vertex	-40.5607	-26.2979	-12.7771
			vertex	-39.4880	-25.6024	-16.8884
			vertex	-38.0777	-29.7797	-12.7771
		endloop
	endfacet
	facet normal	-0.777534	-0.554465	-0.296665
		outer loop
			vertex	-37.0707	-28.9922	-16.8884
			vertex	-38.0777	-29.7797	-12.7771
			vertex	-39.4880	-25.6024	-16.8884
		endloop
	endfacet
	facet normal	-0.725487	-0.621014	-0.296665
		outer loop
			vertex	-38.0777	-29.7797	-12.7771
			vertex	-37.0707	-28.9922	-16.8884
			vertex	-35.2968	-33.0285	-12.7771
		endloop
	endfacet
	facet normal	-0.725487	-0.621014	-0.296666
		outer loop
			vertex	-34.3633	-32.1550	-16.8884
			vertex	-35.2968	-33.0285	-12.7771
			vertex	-37.0707	-28.9922	-16.8884
		endloop
	endfacet
	facet normal	-0.667763	-0.682702	-0.296666
		outer loop
			vertex	-35.2968	-33.0285	-12.7771
			vertex	-34.3633	-32.1550	-16.8884
			vertex	-32.2396	-36.0188	-12.7771
		endloop
	endfacet
	facet normal	-0.667763	-0.682702	-0.296666
		outer loop
			vertex	-31.3870	-35.0662	-16.8884
			vertex	-32.2396	-36.0188	-12.7771
			vertex	-34.3633	-32.1550	-16.8884
		endloop
	endfacet
	facet normal	-0.604813	-0.739048	-0.296666
		outer loop
			vertex	-32.2396	-36.0188	-12.7771
			vertex	-31.3870	-35.0662	-16.8884
			vertex	-28.9301	-38.7272	-12.7771
		endloop
	endfacet
	facet normal	-0.604813	-0.739047	-0.296665
		outer loop
			vertex	-28.1650	-37.7030	-16.8884
			vertex	-28.9301	-38.7272	-12.7771
			vertex	-31.3870	-35.0662	-16.8884
		endloop
	endfacet
	facet normal	-0.537128	-0.789609	-0.296665
		outer loop
			vertex	-28.9301	-38.7272	-12.7771
			vertex	-28.1650	-37.7030	-16.8884
			vertex	-25.3942	-41.1325	-12.7771
		endloop
	endfacet
	facet normal	-0.537129	-0.789609	-0.296665
		outer loop
			vertex	-24.7226	-40.0447	-16.8884
			vertex	-25.3942	-41.1325	-12.7771
			vertex	-28.1650	-37.7030	-16.8884
		endloop
	endfacet
	facet normal	-0.465242	-0.833990	-0.296665
		outer loop
			vertex	-25.3942	-41.1325	-12.7771
			vertex	-24.7226	-40.0447	-16.8884
			vertex	-21.6595	-43.2159	-12.7771
		endloop
	endfacet
	facet normal	-0.465241	-0.833991	-0.296666
		outer loop
			vertex	-21.0867	-42.0730	-16.8884
			vertex	-21.6595	-43.2159	-12.7771
			vertex	-24.7226	-40.0447	-16.8884
		endloop
	endfacet
	facet normal	-0.389712	-0.871845	-0.296666
		outer loop
			vertex	-21.6595	-43.2159	-12.7771
			vertex	-21.0867	-42.0730	-16.8884
			vertex	-17.7553	-44.9610	-12.7771
		endloop
	endfacet
	facet normal	-0.389712	-0.871845	-0.296666
		outer loop
			vertex	-17.2858	-43.7720	-16.8884
			vertex	-17.7553	-44.9610	-12.7771
			vertex	-21.0867	-42.0730	-16.8884
		endloop
	endfacet
	facet normal	-0.356430	-0.885885	-0.296926
		outer loop
			vertex	-17.7553	-44.9610	-12.7771
			vertex	-17.2858	-43.7720	-16.8884
			vertex	-15.7734	-45.0000	-15.0399
		endloop
	endfacet
	facet normal	-0.299549	-0.889249	-0.345698
		outer loop
			vertex	-13.6433	-45.0000	-16.8857
			vertex	-15.7734	-45.0000	-15.0399
			vertex	-17.2858	-43.7720	-16.8884
		endloop
	endfacet
	facet normal	-0.880995	0.309831	-0.357564
		outer loop
			vertex	-45.0000	14.4131	-16.2187
			vertex	-45.0000	15.7734	-15.0399
			vertex	-43.3789	18.2498	-16.8884
		endloop
	endfacet
	facet normal	-0.885291	0.357922	-0.296904
		outer loop
			vertex	-44.5572	18.7456	-12.7771
			vertex	-43.3789	18.2498	-16.8884
			vertex	-45.0000	15.7734	-15.0399
		endloop
	endfacet
	facet normal	-0.863011	0.408904	-0.296666
		outer loop
			vertex	-43.3789	18.2498	-16.8884
			vertex	-44.5572	18.7456	-12.7771
			vertex	-41.5962	22.0123	-16.8884
		endloop
	endfacet
	facet normal	-0.863011	0.408904	-0.296666
		outer loop
			vertex	-42.7261	22.6102	-12.7771
			vertex	-41.5962	22.0123	-16.8884
			vertex	-44.5572	18.7456	-12.7771
		endloop
	endfacet
	facet normal	-0.823494	0.483577	-0.296666
		outer loop
			vertex	-41.5962	22.0123	-16.8884
			vertex	-42.7261	22.6102	-12.7771
			vertex	-39.4880	25.6024	-16.8884
		endloop
	endfacet
	facet normal	-0.823494	0.483576	-0.296666
		outer loop
			vertex	-40.5607	26.2979	-12.7771
			vertex	-39.4880	25.6024	-16.8884
			vertex	-42.7261	22.6102	-12.7771
		endloop
	endfacet
	facet normal	-0.777533	0.554465	-0.296666
		outer loop
			vertex	-39.4880	25.6024	-16.8884
			vertex	-40.5607	26.2979	-12.7771
			vertex	-37.0707	28.9922	-16.8884
		endloop
	endfacet
	facet normal	-0.777533	0.554466	-0.296665
		outer loop
			vertex	-38.0777	29.7797	-12.7771
			vertex	-37.0707	28.9922	-16.8884
			vertex	-40.5607	26.2979	-12.7771
		endloop
	endfacet
	facet normal	-0.725487	0.621014	-0.296665
		outer loop
			vertex	-37.0707	28.9922	-16.8884
			vertex	-38.0777	29.7797	-12.7771
			vertex	-34.3633	32.1550	-16.8884
		endloop
	endfacet
	facet normal	-0.725487	0.621014	-0.296666
		outer loop
			vertex	-35.2968	33.0285	-12.7771
			vertex	-34.3633	32.1550	-16.8884
			vertex	-38.0777	29.7797	-12.7771
		endloop
	endfacet
	facet normal	-0.667763	0.682702	-0.296666
		outer loop
			vertex	-34.3633	32.1550	-16.8884
			vertex	-35.2968	33.0285	-12.7771
			vertex	-31.3870	35.0662	-16.8884
		endloop
	endfacet
	facet normal	-0.667763	0.682702	-0.296666
		outer loop
			vertex	-32.2396	36.0188	-12.7771
			vertex	-31.3870	35.0662	-16.8884
			vertex	-35.2968	33.0285	-12.7771
		endloop
	endfacet
	facet normal	-0.604813	0.739047	-0.296666
		outer loop
			vertex	-31.3870	35.0662	-16.8884
			vertex	-32.2396	36.0188	-12.7771
			vertex	-28.1650	37.7030	-16.8884
		endloop
	endfacet
	facet normal	-0.604813	0.739048	-0.296665
		outer loop
			vertex	-28.9301	38.7272	-12.7771
			vertex	-28.1650	37.7030	-16.8884
			vertex	-32.2396	36.0188	-12.7771
		endloop
	endfacet
	facet normal	-0.537129	0.789609	-0.296665
		outer loop
			vertex	-28.1650	37.7030	-16.8884
			vertex	-28.9301	38.7272	-12.7771
			vertex	-24.7226	40.0447	-16.8884
		endloop
	endfacet
	facet normal	-0.537128	0.789609	-0.296665
		outer loop
			vertex	-25.3942	41.1325	-12.7771
			vertex	-24.7226	40.0447	-16.8884
			vertex	-28.9301	38.7272	-12.7771
		endloop
	endfacet
	facet normal	-0.465241	0.833991	-0.296665
		outer loop
			vertex	-24.7226	40.0447	-16.8884
			vertex	-25.3942	41.1325	-12.7771
			vertex	-21.0867	42.0730	-16.8884
		endloop
	endfacet
	facet normal	-0.445170	-0.164512	0.880204
		outer loop
			vertex	-20.0890	-8.45163	45.0000
			vertex	-20.7574	-6.64309	45.0000
			vertex	-24.3676	-7.79846	42.9582
		endloop
	endfacet
	facet normal	-0.457967	-0.124523	0.880204
		outer loop
			vertex	-24.9614	-5.61434	42.9582
			vertex	-24.3676	-7.79846	42.9582
			vertex	-20.7574	-6.64309	45.0000
		endloop
	endfacet
	facet normal	-0.529373	-0.143939	0.836090
		outer loop
			vertex	-24.3676	-7.79846	42.9582
			vertex	-24.9614	-5.61434	42.9582
			vertex	-28.4745	-6.40450	40.5979
		endloop
	endfacet
	facet normal	-0.540022	-0.0965900	0.836090
		outer loop
			vertex	-28.9291	-3.86286	40.5979
			vertex	-28.4745	-6.40450	40.5979
			vertex	-24.9614	-5.61434	42.9582
		endloop
	endfacet
	facet normal	-0.608846	-0.108900	0.785778
		outer loop
			vertex	-28.4745	-6.40450	40.5979
			vertex	-28.9291	-3.86286	40.5979
			vertex	-32.2837	-4.31080	37.9365
		endloop
	endfacet
	facet normal	-0.616088	-0.0546639	0.785778
		outer loop
			vertex	-32.5384	-1.44069	37.9365
			vertex	-32.2837	-4.31080	37.9365
			vertex	-28.9291	-3.86286	40.5979
		endloop
	endfacet
	facet normal	-0.681149	-0.0604366	0.729646
		outer loop
			vertex	-32.2837	-4.31080	37.9365
			vertex	-32.5384	-1.44069	37.9365
			vertex	-35.6782	-1.57971	34.9938
		endloop
	endfacet
	facet normal	-0.683825	0.000000	0.729646
		outer loop
			vertex	-35.6782	1.57971	34.9938
			vertex	-35.6782	-1.57971	34.9938
			vertex	-32.5384	-1.44069	37.9365
		endloop
	endfacet
	facet normal	-0.744060	0.000000	0.668113
		outer loop
			vertex	-35.6782	-1.57971	34.9938
			vertex	-35.6782	1.57971	34.9938
			vertex	-38.5535	1.70702	31.7917
		endloop
	endfacet
	facet normal	-0.741148	0.0657600	0.668113
		outer loop
			vertex	-38.2518	5.10771	31.7917
			vertex	-38.5535	1.70702	31.7917
			vertex	-35.6782	1.57971	34.9938
		endloop
	endfacet
	facet normal	-0.795643	0.0705952	0.601638
		outer loop
			vertex	-38.5535	1.70702	31.7917
			vertex	-38.2518	5.10771	31.7917
			vertex	-40.8209	5.45076	28.3539
		endloop
	endfacet
	facet normal	-0.786291	0.140638	0.601638
		outer loop
			vertex	-40.1794	9.03719	28.3539
			vertex	-40.8209	5.45076	28.3539
			vertex	-38.2518	5.10771	31.7917
		endloop
	endfacet
	facet normal	-0.834310	0.149227	0.530715
		outer loop
			vertex	-40.8209	5.45076	28.3539
			vertex	-40.1794	9.03719	28.3539
			vertex	-42.4103	9.53895	24.7058
		endloop
	endfacet
	facet normal	-0.817856	0.222379	0.530715
		outer loop
			vertex	-41.4013	13.2499	24.7058
			vertex	-42.4103	9.53895	24.7058
			vertex	-40.1794	9.03719	28.3539
		endloop
	endfacet
	facet normal	-0.858863	0.233529	0.455872
		outer loop
			vertex	-42.4103	9.53895	24.7058
			vertex	-41.4013	13.2499	24.7058
			vertex	-43.2721	13.8486	20.8745
		endloop
	endfacet
	facet normal	-0.834862	0.308522	0.455872
		outer loop
			vertex	-41.8788	17.6188	20.8745
			vertex	-43.2721	13.8486	20.8745
			vertex	-41.4013	13.2499	24.7058
		endloop
	endfacet
	facet normal	-0.868535	0.320966	0.377662
		outer loop
			vertex	-43.2721	13.8486	20.8745
			vertex	-41.8788	17.6188	20.8745
			vertex	-43.3789	18.2498	16.8884
		endloop
	endfacet
	facet normal	-0.836769	0.396470	0.377662
		outer loop
			vertex	-41.5962	22.0123	16.8884
			vertex	-43.3789	18.2498	16.8884
			vertex	-41.8788	17.6188	20.8745
		endloop
	endfacet
	facet normal	-0.863011	0.408904	0.296666
		outer loop
			vertex	-43.3789	18.2498	16.8884
			vertex	-41.5962	22.0123	16.8884
			vertex	-42.7261	22.6102	12.7771
		endloop
	endfacet
	facet normal	-0.823495	0.483577	0.296666
		outer loop
			vertex	-40.5607	26.2979	12.7771
			vertex	-42.7261	22.6102	12.7771
			vertex	-41.5962	22.0123	16.8884
		endloop
	endfacet
	facet normal	-0.842436	0.494700	0.213479
		outer loop
			vertex	-42.7261	22.6102	12.7771
			vertex	-40.5607	26.2979	12.7771
			vertex	-41.3326	26.7984	8.57107
		endloop
	endfacet
	facet normal	-0.795418	0.567218	0.213479
		outer loop
			vertex	-38.8024	30.3465	8.57107
			vertex	-41.3326	26.7984	8.57107
			vertex	-40.5607	26.2979	12.7771
		endloop
	endfacet
	facet normal	-0.807414	0.575773	0.128721
		outer loop
			vertex	-41.3326	26.7984	8.57107
			vertex	-38.8024	30.3465	8.57107
			vertex	-39.2394	30.6882	4.30148
		endloop
	endfacet
	facet normal	-0.753367	0.644879	0.128721
		outer loop
			vertex	-36.3736	34.0361	4.30148
			vertex	-39.2394	30.6882	4.30148
			vertex	-38.8024	30.3465	8.57107
		endloop
	endfacet
	facet normal	-0.758984	0.649687	0.0430129
		outer loop
			vertex	-39.2394	30.6882	4.30148
			vertex	-36.3736	34.0361	4.30148
			vertex	-36.5090	34.1628	2.08167e-015
		endloop
	endfacet
	facet normal	-0.698594	0.714224	0.0430130
		outer loop
			vertex	-33.3468	37.2558	2.08167e-015
			vertex	-36.5090	34.1628	2.08167e-015
			vertex	-36.3736	34.0361	4.30148
		endloop
	endfacet
	facet normal	-0.698594	0.714224	-0.0430127
		outer loop
			vertex	-36.5090	34.1628	2.08167e-015
			vertex	-33.3468	37.2558	2.08167e-015
			vertex	-33.2231	37.1176	-4.30148
		endloop
	endfacet
	facet normal	-0.632738	0.773171	-0.0430127
		outer loop
			vertex	-29.8127	39.9087	-4.30148
			vertex	-33.2231	37.1176	-4.30148
			vertex	-33.3468	37.2558	2.08167e-015
		endloop
	endfacet
	facet normal	-0.628055	0.767449	-0.128721
		outer loop
			vertex	-33.2231	37.1176	-4.30148
			vertex	-29.8127	39.9087	-4.30148
			vertex	-29.4807	39.4642	-8.57107
		endloop
	endfacet
	facet normal	-0.557770	0.819953	-0.128721
		outer loop
			vertex	-25.8775	41.9153	-8.57107
			vertex	-29.4807	39.4642	-8.57107
			vertex	-29.8127	39.9087	-4.30148
		endloop
	endfacet
	facet normal	-0.549483	0.807771	-0.213481
		outer loop
			vertex	-29.4807	39.4642	-8.57107
			vertex	-25.8775	41.9153	-8.57107
			vertex	-25.3942	41.1325	-12.7771
		endloop
	endfacet
	facet normal	-0.475943	0.853173	-0.213481
		outer loop
			vertex	-21.6595	43.2159	-12.7771
			vertex	-25.3942	41.1325	-12.7771
			vertex	-25.8775	41.9153	-8.57107
		endloop
	endfacet
	facet normal	-0.465242	0.833990	-0.296666
		outer loop
			vertex	-25.3942	41.1325	-12.7771
			vertex	-21.6595	43.2159	-12.7771
			vertex	-21.0867	42.0730	-16.8884
		endloop
	endfacet
	facet normal	-0.389712	0.871845	-0.296666
		outer loop
			vertex	-17.2858	43.7720	-16.8884
			vertex	-21.0867	42.0730	-16.8884
			vertex	-21.6595	43.2159	-12.7771
		endloop
	endfacet
	facet normal	0.893972	0.376984	-0.242273
		outer loop
			vertex	45.0000	19.3717	-9.98682
			vertex	45.0000	17.5808	-12.7736
			vertex	43.6845	20.6982	-12.7771
		endloop
	endfacet
	facet normal	0.879963	0.371011	-0.296675
		outer loop
			vertex	42.5291	20.1508	-16.8884
			vertex	43.6845	20.6982	-12.7771
			vertex	45.0000	17.5808	-12.7736
		endloop
	endfacet
	facet normal	0.844079	0.446677	-0.296666
		outer loop
			vertex	43.6845	20.6982	-12.7771
			vertex	42.5291	20.1508	-16.8884
			vertex	41.6842	24.4780	-12.7771
		endloop
	endfacet
	facet normal	0.844079	0.446677	-0.296665
		outer loop
			vertex	40.5818	23.8307	-16.8884
			vertex	41.6842	24.4780	-12.7771
			vertex	42.5291	20.1508	-16.8884
		endloop
	endfacet
	facet normal	0.801298	0.519530	-0.296665
		outer loop
			vertex	41.6842	24.4780	-12.7771
			vertex	40.5818	23.8307	-16.8884
			vertex	39.3577	28.0663	-12.7771
		endloop
	endfacet
	facet normal	0.801298	0.519530	-0.296665
		outer loop
			vertex	38.3168	27.3240	-16.8884
			vertex	39.3577	28.0663	-12.7771
			vertex	40.5818	23.8307	-16.8884
		endloop
	endfacet
	facet normal	0.752247	0.588315	-0.296665
		outer loop
			vertex	39.3577	28.0663	-12.7771
			vertex	38.3168	27.3240	-16.8884
			vertex	36.7232	31.4349	-12.7771
		endloop
	endfacet
	facet normal	0.752247	0.588315	-0.296665
		outer loop
			vertex	35.7520	30.6035	-16.8884
			vertex	36.7232	31.4349	-12.7771
			vertex	38.3168	27.3240	-16.8884
		endloop
	endfacet
	facet normal	0.697307	0.652497	-0.296665
		outer loop
			vertex	36.7232	31.4349	-12.7771
			vertex	35.7520	30.6035	-16.8884
			vertex	33.8013	34.5575	-12.7771
		endloop
	endfacet
	facet normal	0.697307	0.652497	-0.296665
		outer loop
			vertex	32.9073	33.6436	-16.8884
			vertex	33.8013	34.5575	-12.7771
			vertex	35.7520	30.6035	-16.8884
		endloop
	endfacet
	facet normal	0.636911	0.711571	-0.296665
		outer loop
			vertex	33.8013	34.5575	-12.7771
			vertex	32.9073	33.6436	-16.8884
			vertex	30.6148	37.4096	-12.7771
		endloop
	endfacet
	facet normal	0.636911	0.711571	-0.296665
		outer loop
			vertex	29.8052	36.4203	-16.8884
			vertex	30.6148	37.4096	-12.7771
			vertex	32.9073	33.6436	-16.8884
		endloop
	endfacet
	facet normal	0.571530	0.765077	-0.296665
		outer loop
			vertex	30.6148	37.4096	-12.7771
			vertex	29.8052	36.4203	-16.8884
			vertex	27.1887	39.9690	-12.7771
		endloop
	endfacet
	facet normal	0.571530	0.765077	-0.296665
		outer loop
			vertex	26.4697	38.9119	-16.8884
			vertex	27.1887	39.9690	-12.7771
			vertex	29.8052	36.4203	-16.8884
		endloop
	endfacet
	facet normal	0.501676	0.812595	-0.296665
		outer loop
			vertex	27.1887	39.9690	-12.7771
			vertex	26.4697	38.9119	-16.8884
			vertex	23.5499	42.2155	-12.7771
		endloop
	endfacet
	facet normal	0.501676	0.812595	-0.296665
		outer loop
			vertex	22.9271	41.0990	-16.8884
			vertex	23.5499	42.2155	-12.7771
			vertex	26.4697	38.9119	-16.8884
		endloop
	endfacet
	facet normal	0.427896	0.853754	-0.296665
		outer loop
			vertex	23.5499	42.2155	-12.7771
			vertex	22.9271	41.0990	-16.8884
			vertex	19.7267	44.1316	-12.7771
		endloop
	endfacet
	facet normal	0.427896	0.853754	-0.296665
		outer loop
			vertex	19.2050	42.9645	-16.8884
			vertex	19.7267	44.1316	-12.7771
			vertex	22.9271	41.0990	-16.8884
		endloop
	endfacet
	facet normal	0.363826	0.882912	-0.296812
		outer loop
			vertex	19.7267	44.1316	-12.7771
			vertex	19.2050	42.9645	-16.8884
			vertex	15.7734	45.0000	-15.0399
		endloop
	endfacet
	facet normal	0.319337	0.873043	-0.368536
		outer loop
			vertex	15.5110	45.0000	-15.2673
			vertex	15.7734	45.0000	-15.0399
			vertex	19.2050	42.9645	-16.8884
		endloop
	endfacet
	facet normal	0.271714	-0.883503	-0.381569
		outer loop
			vertex	14.2724	-45.0000	-16.4712
			vertex	13.6884	-45.0000	-16.8870
			vertex	15.3327	-44.4937	-16.8884
		endloop
	endfacet
	facet normal	0.272172	-0.884981	-0.377798
		outer loop
			vertex	14.8025	-42.9551	-20.8745
			vertex	15.3327	-44.4937	-16.8884
			vertex	13.6884	-45.0000	-16.8870
		endloop
	endfacet
	facet normal	0.340100	-0.861222	-0.377662
		outer loop
			vertex	15.3327	-44.4937	-16.8884
			vertex	14.8025	-42.9551	-20.8745
			vertex	19.2050	-42.9645	-16.8884
		endloop
	endfacet
	facet normal	0.340100	-0.861222	-0.377662
		outer loop
			vertex	18.5409	-41.4788	-20.8745
			vertex	19.2050	-42.9645	-16.8884
			vertex	14.8025	-42.9551	-20.8745
		endloop
	endfacet
	facet normal	0.414885	-0.827793	-0.377662
		outer loop
			vertex	19.2050	-42.9645	-16.8884
			vertex	18.5409	-41.4788	-20.8745
			vertex	22.9271	-41.0990	-16.8884
		endloop
	endfacet
	facet normal	0.414885	-0.827794	-0.377662
		outer loop
			vertex	22.1343	-39.6778	-20.8745
			vertex	22.9271	-41.0990	-16.8884
			vertex	18.5409	-41.4788	-20.8745
		endloop
	endfacet
	facet normal	0.486421	-0.787887	-0.377662
		outer loop
			vertex	22.9271	-41.0990	-16.8884
			vertex	22.1343	-39.6778	-20.8745
			vertex	26.4697	-38.9119	-16.8884
		endloop
	endfacet
	facet normal	0.486422	-0.787887	-0.377662
		outer loop
			vertex	25.5544	-37.5664	-20.8745
			vertex	26.4697	-38.9119	-16.8884
			vertex	22.1343	-39.6778	-20.8745
		endloop
	endfacet
	facet normal	0.554152	-0.741814	-0.377662
		outer loop
			vertex	26.4697	-38.9119	-16.8884
			vertex	25.5544	-37.5664	-20.8745
			vertex	29.8052	-36.4203	-16.8884
		endloop
	endfacet
	facet normal	0.554152	-0.741814	-0.377662
		outer loop
			vertex	28.7745	-35.1608	-20.8745
			vertex	29.8052	-36.4203	-16.8884
			vertex	25.5544	-37.5664	-20.8745
		endloop
	endfacet
	facet normal	0.617545	-0.689935	-0.377662
		outer loop
			vertex	29.8052	-36.4203	-16.8884
			vertex	28.7745	-35.1608	-20.8745
			vertex	32.9073	-33.6436	-16.8884
		endloop
	endfacet
	facet normal	0.617544	-0.689935	-0.377662
		outer loop
			vertex	31.7694	-32.4802	-20.8745
			vertex	32.9073	-33.6436	-16.8884
			vertex	28.7745	-35.1608	-20.8745
		endloop
	endfacet
	facet normal	0.676105	-0.632657	-0.377662
		outer loop
			vertex	32.9073	-33.6436	-16.8884
			vertex	31.7694	-32.4802	-20.8745
			vertex	35.7520	-30.6035	-16.8884
		endloop
	endfacet
	facet normal	0.676105	-0.632656	-0.377662
		outer loop
			vertex	34.5157	-29.5453	-20.8745
			vertex	35.7520	-30.6035	-16.8884
			vertex	31.7694	-32.4802	-20.8745
		endloop
	endfacet
	facet normal	0.729373	-0.570426	-0.377662
		outer loop
			vertex	35.7520	-30.6035	-16.8884
			vertex	34.5157	-29.5453	-20.8745
			vertex	38.3168	-27.3240	-16.8884
		endloop
	endfacet
	facet normal	0.729373	-0.570426	-0.377662
		outer loop
			vertex	36.9918	-26.3792	-20.8745
			vertex	38.3168	-27.3240	-16.8884
			vertex	34.5157	-29.5453	-20.8745
		endloop
	endfacet
	facet normal	0.776933	-0.503733	-0.377662
		outer loop
			vertex	38.3168	-27.3240	-16.8884
			vertex	36.9918	-26.3792	-20.8745
			vertex	40.5818	-23.8307	-16.8884
		endloop
	endfacet
	facet normal	0.776933	-0.503732	-0.377663
		outer loop
			vertex	39.1785	-23.0066	-20.8745
			vertex	40.5818	-23.8307	-16.8884
			vertex	36.9918	-26.3792	-20.8745
		endloop
	endfacet
	facet normal	0.818413	-0.433095	-0.377663
		outer loop
			vertex	40.5818	-23.8307	-16.8884
			vertex	39.1785	-23.0066	-20.8745
			vertex	42.5291	-20.1508	-16.8884
		endloop
	endfacet
	facet normal	0.818413	-0.433095	-0.377662
		outer loop
			vertex	41.0585	-19.4540	-20.8745
			vertex	42.5291	-20.1508	-16.8884
			vertex	39.1785	-23.0066	-20.8745
		endloop
	endfacet
	facet normal	0.853487	-0.359069	-0.377662
		outer loop
			vertex	42.5291	-20.1508	-16.8884
			vertex	41.0585	-19.4540	-20.8745
			vertex	44.1436	-16.3132	-16.8884
		endloop
	endfacet
	facet normal	0.853487	-0.359070	-0.377662
		outer loop
			vertex	42.6172	-15.7491	-20.8745
			vertex	44.1436	-16.3132	-16.8884
			vertex	41.0585	-19.4540	-20.8745
		endloop
	endfacet
	facet normal	0.878020	-0.293822	-0.377823
		outer loop
			vertex	44.1436	-16.3132	-16.8884
			vertex	42.6172	-15.7491	-20.8745
			vertex	45.0000	-12.6420	-17.7533
		endloop
	endfacet
	facet normal	0.872579	-0.244236	-0.423030
		outer loop
			vertex	45.0000	-12.2404	-17.9852
			vertex	45.0000	-12.6420	-17.7533
			vertex	42.6172	-15.7491	-20.8745
		endloop
	endfacet
	facet normal	-0.906349	-0.245091	-0.344183
		outer loop
			vertex	-45.0000	-14.2724	-16.4712
			vertex	-45.0000	-13.6884	-16.8870
			vertex	-44.8220	-14.3446	-16.8884
		endloop
	endfacet
	facet normal	-0.893869	-0.241634	-0.377640
		outer loop
			vertex	-43.2721	-13.8486	-20.8745
			vertex	-44.8220	-14.3446	-16.8884
			vertex	-45.0000	-13.6884	-16.8870
		endloop
	endfacet
	facet normal	-0.868535	-0.320965	-0.377661
		outer loop
			vertex	-44.8220	-14.3446	-16.8884
			vertex	-43.2721	-13.8486	-20.8745
			vertex	-43.3789	-18.2498	-16.8884
		endloop
	endfacet
	facet normal	-0.868535	-0.320966	-0.377662
		outer loop
			vertex	-41.8788	-17.6188	-20.8745
			vertex	-43.3789	-18.2498	-16.8884
			vertex	-43.2721	-13.8486	-20.8745
		endloop
	endfacet
	facet normal	-0.836769	-0.396470	-0.377662
		outer loop
			vertex	-43.3789	-18.2498	-16.8884
			vertex	-41.8788	-17.6188	-20.8745
			vertex	-41.5962	-22.0123	-16.8884
		endloop
	endfacet
	facet normal	-0.836769	-0.396471	-0.377662
		outer loop
			vertex	-40.1578	-21.2511	-20.8745
			vertex	-41.5962	-22.0123	-16.8884
			vertex	-41.8788	-17.6188	-20.8745
		endloop
	endfacet
	facet normal	-0.798454	-0.468873	-0.377662
		outer loop
			vertex	-41.5962	-22.0123	-16.8884
			vertex	-40.1578	-21.2511	-20.8745
			vertex	-39.4880	-25.6024	-16.8884
		endloop
	endfacet
	facet normal	-0.798455	-0.468872	-0.377662
		outer loop
			vertex	-38.1225	-24.7171	-20.8745
			vertex	-39.4880	-25.6024	-16.8884
			vertex	-40.1578	-21.2511	-20.8745
		endloop
	endfacet
	facet normal	-0.753891	-0.537605	-0.377662
		outer loop
			vertex	-39.4880	-25.6024	-16.8884
			vertex	-38.1225	-24.7171	-20.8745
			vertex	-37.0707	-28.9922	-16.8884
		endloop
	endfacet
	facet normal	-0.753891	-0.537605	-0.377662
		outer loop
			vertex	-35.7888	-27.9896	-20.8745
			vertex	-37.0707	-28.9922	-16.8884
			vertex	-38.1225	-24.7171	-20.8745
		endloop
	endfacet
	facet normal	-0.703427	-0.602131	-0.377662
		outer loop
			vertex	-37.0707	-28.9922	-16.8884
			vertex	-35.7888	-27.9896	-20.8745
			vertex	-34.3633	-32.1550	-16.8884
		endloop
	endfacet
	facet normal	-0.703427	-0.602131	-0.377662
		outer loop
			vertex	-33.1750	-31.0431	-20.8745
			vertex	-34.3633	-32.1550	-16.8884
			vertex	-35.7888	-27.9896	-20.8745
		endloop
	endfacet
	facet normal	-0.647458	-0.661944	-0.377662
		outer loop
			vertex	-34.3633	-32.1550	-16.8884
			vertex	-33.1750	-31.0431	-20.8745
			vertex	-31.3870	-35.0662	-16.8884
		endloop
	endfacet
	facet normal	-0.647458	-0.661944	-0.377662
		outer loop
			vertex	-30.3016	-33.8536	-20.8745
			vertex	-31.3870	-35.0662	-16.8884
			vertex	-33.1750	-31.0431	-20.8745
		endloop
	endfacet
	facet normal	-0.586422	-0.716576	-0.377662
		outer loop
			vertex	-31.3870	-35.0662	-16.8884
			vertex	-30.3016	-33.8536	-20.8745
			vertex	-28.1650	-37.7030	-16.8884
		endloop
	endfacet
	facet normal	-0.586422	-0.716576	-0.377662
		outer loop
			vertex	-27.1910	-36.3992	-20.8745
			vertex	-28.1650	-37.7030	-16.8884
			vertex	-30.3016	-33.8536	-20.8745
		endloop
	endfacet
	facet normal	-0.520796	-0.765600	-0.377662
		outer loop
			vertex	-28.1650	-37.7030	-16.8884
			vertex	-27.1910	-36.3992	-20.8745
			vertex	-24.7226	-40.0447	-16.8884
		endloop
	endfacet
	facet normal	-0.520796	-0.765600	-0.377662
		outer loop
			vertex	-23.8677	-38.6599	-20.8745
			vertex	-24.7226	-40.0447	-16.8884
			vertex	-27.1910	-36.3992	-20.8745
		endloop
	endfacet
	facet normal	-0.451094	-0.808632	-0.377662
		outer loop
			vertex	-24.7226	-40.0447	-16.8884
			vertex	-23.8677	-38.6599	-20.8745
			vertex	-21.0867	-42.0730	-16.8884
		endloop
	endfacet
	facet normal	-0.451095	-0.808632	-0.377662
		outer loop
			vertex	-20.3575	-40.6181	-20.8745
			vertex	-21.0867	-42.0730	-16.8884
			vertex	-23.8677	-38.6599	-20.8745
		endloop
	endfacet
	facet normal	-0.377862	-0.845335	-0.377662
		outer loop
			vertex	-21.0867	-42.0730	-16.8884
			vertex	-20.3575	-40.6181	-20.8745
			vertex	-17.2858	-43.7720	-16.8884
		endloop
	endfacet
	facet normal	-0.377862	-0.845335	-0.377662
		outer loop
			vertex	-16.6880	-42.2583	-20.8745
			vertex	-17.2858	-43.7720	-16.8884
			vertex	-20.3575	-40.6181	-20.8745
		endloop
	endfacet
	facet normal	-0.295579	-0.877545	-0.377554
		outer loop
			vertex	-17.2858	-43.7720	-16.8884
			vertex	-16.6880	-42.2583	-20.8745
			vertex	-13.6433	-45.0000	-16.8857
		endloop
	endfacet
	facet normal	-0.302379	-0.877469	-0.372311
		outer loop
			vertex	-12.8879	-43.5679	-20.8745
			vertex	-13.6433	-45.0000	-16.8857
			vertex	-16.6880	-42.2583	-20.8745
		endloop
	endfacet
	facet normal	-0.323578	-0.869396	-0.373428
		outer loop
			vertex	-13.6433	-45.0000	-16.8857
			vertex	-12.8879	-43.5679	-20.8745
			vertex	-13.3189	-45.0000	-17.1668
		endloop
	endfacet
	facet normal	-0.323577	-0.869396	-0.373428
		outer loop
			vertex	-12.6420	-45.0000	-17.7533
			vertex	-13.3189	-45.0000	-17.1668
			vertex	-12.8879	-43.5679	-20.8745
		endloop
	endfacet
	facet normal	-0.294087	0.861948	-0.412988
		outer loop
			vertex	-14.2724	45.0000	-16.4712
			vertex	-13.6884	45.0000	-16.8870
			vertex	-17.2858	43.7720	-16.8884
		endloop
	endfacet
	facet normal	-0.299018	0.876352	-0.377617
		outer loop
			vertex	-16.6880	42.2583	-20.8745
			vertex	-17.2858	43.7720	-16.8884
			vertex	-13.6884	45.0000	-16.8870
		endloop
	endfacet
	facet normal	-0.377862	0.845335	-0.377662
		outer loop
			vertex	-17.2858	43.7720	-16.8884
			vertex	-16.6880	42.2583	-20.8745
			vertex	-21.0867	42.0730	-16.8884
		endloop
	endfacet
	facet normal	-0.377862	0.845336	-0.377662
		outer loop
			vertex	-20.3575	40.6181	-20.8745
			vertex	-21.0867	42.0730	-16.8884
			vertex	-16.6880	42.2583	-20.8745
		endloop
	endfacet
	facet normal	-0.451094	0.808632	-0.377662
		outer loop
			vertex	-21.0867	42.0730	-16.8884
			vertex	-20.3575	40.6181	-20.8745
			vertex	-24.7226	40.0447	-16.8884
		endloop
	endfacet
	facet normal	-0.451095	0.808632	-0.377662
		outer loop
			vertex	-23.8677	38.6599	-20.8745
			vertex	-24.7226	40.0447	-16.8884
			vertex	-20.3575	40.6181	-20.8745
		endloop
	endfacet
	facet normal	-0.520796	0.765600	-0.377662
		outer loop
			vertex	-24.7226	40.0447	-16.8884
			vertex	-23.8677	38.6599	-20.8745
			vertex	-28.1650	37.7030	-16.8884
		endloop
	endfacet
	facet normal	-0.520796	0.765599	-0.377662
		outer loop
			vertex	-27.1910	36.3992	-20.8745
			vertex	-28.1650	37.7030	-16.8884
			vertex	-23.8677	38.6599	-20.8745
		endloop
	endfacet
	facet normal	-0.586422	0.716575	-0.377662
		outer loop
			vertex	-28.1650	37.7030	-16.8884
			vertex	-27.1910	36.3992	-20.8745
			vertex	-31.3870	35.0662	-16.8884
		endloop
	endfacet
	facet normal	-0.586422	0.716576	-0.377662
		outer loop
			vertex	-30.3016	33.8536	-20.8745
			vertex	-31.3870	35.0662	-16.8884
			vertex	-27.1910	36.3992	-20.8745
		endloop
	endfacet
	facet normal	-0.647458	0.661944	-0.377662
		outer loop
			vertex	-31.3870	35.0662	-16.8884
			vertex	-30.3016	33.8536	-20.8745
			vertex	-34.3633	32.1550	-16.8884
		endloop
	endfacet
	facet normal	-0.647458	0.661944	-0.377662
		outer loop
			vertex	-33.1750	31.0431	-20.8745
			vertex	-34.3633	32.1550	-16.8884
			vertex	-30.3016	33.8536	-20.8745
		endloop
	endfacet
	facet normal	-0.703427	0.602131	-0.377662
		outer loop
			vertex	-34.3633	32.1550	-16.8884
			vertex	-33.1750	31.0431	-20.8745
			vertex	-37.0707	28.9922	-16.8884
		endloop
	endfacet
	facet normal	-0.703427	0.602131	-0.377662
		outer loop
			vertex	-35.7888	27.9896	-20.8745
			vertex	-37.0707	28.9922	-16.8884
			vertex	-33.1750	31.0431	-20.8745
		endloop
	endfacet
	facet normal	-0.753891	0.537605	-0.377662
		outer loop
			vertex	-37.0707	28.9922	-16.8884
			vertex	-35.7888	27.9896	-20.8745
			vertex	-39.4880	25.6024	-16.8884
		endloop
	endfacet
	facet normal	-0.753891	0.537605	-0.377662
		outer loop
			vertex	-38.1225	24.7171	-20.8745
			vertex	-39.4880	25.6024	-16.8884
			vertex	-35.7888	27.9896	-20.8745
		endloop
	endfacet
	facet normal	-0.798455	0.468873	-0.377662
		outer loop
			vertex	-39.4880	25.6024	-16.8884
			vertex	-38.1225	24.7171	-20.8745
			vertex	-41.5962	22.0123	-16.8884
		endloop
	endfacet
	facet normal	-0.798455	0.468872	-0.377662
		outer loop
			vertex	-40.1578	21.2511	-20.8745
			vertex	-41.5962	22.0123	-16.8884
			vertex	-38.1225	24.7171	-20.8745
		endloop
	endfacet
	facet normal	-0.836769	0.396470	-0.377662
		outer loop
			vertex	-41.5962	22.0123	-16.8884
			vertex	-40.1578	21.2511	-20.8745
			vertex	-43.3789	18.2498	-16.8884
		endloop
	endfacet
	facet normal	-0.836769	0.396471	-0.377662
		outer loop
			vertex	-41.8788	17.6188	-20.8745
			vertex	-43.3789	18.2498	-16.8884
			vertex	-40.1578	21.2511	-20.8745
		endloop
	endfacet
	facet normal	-0.868535	0.320965	-0.377662
		outer loop
			vertex	-43.3789	18.2498	-16.8884
			vertex	-41.8788	17.6188	-20.8745
			vertex	-44.8220	14.3446	-16.8884
		endloop
	endfacet
	facet normal	-0.868535	0.320966	-0.377661
		outer loop
			vertex	-43.2721	13.8486	-20.8745
			vertex	-44.8220	14.3446	-16.8884
			vertex	-41.8788	17.6188	-20.8745
		endloop
	endfacet
	facet normal	-0.881142	0.284115	-0.377978
		outer loop
			vertex	-44.8220	14.3446	-16.8884
			vertex	-43.2721	13.8486	-20.8745
			vertex	-45.0000	12.6420	-17.7533
		endloop
	endfacet
	facet normal	-0.886267	0.231587	-0.401120
		outer loop
			vertex	-45.0000	10.1297	-19.2038
			vertex	-45.0000	12.6420	-17.7533
			vertex	-43.2721	13.8486	-20.8745
		endloop
	endfacet
	facet normal	0.871747	0.284202	-0.399107
		outer loop
			vertex	45.0000	14.2724	-16.4712
			vertex	45.0000	13.6884	-16.8870
			vertex	44.1436	16.3132	-16.8884
		endloop
	endfacet
	facet normal	0.880309	0.287007	-0.377735
		outer loop
			vertex	42.6172	15.7491	-20.8745
			vertex	44.1436	16.3132	-16.8884
			vertex	45.0000	13.6884	-16.8870
		endloop
	endfacet
	facet normal	0.853488	0.359069	-0.377662
		outer loop
			vertex	44.1436	16.3132	-16.8884
			vertex	42.6172	15.7491	-20.8745
			vertex	42.5291	20.1508	-16.8884
		endloop
	endfacet
	facet normal	0.853487	0.359070	-0.377662
		outer loop
			vertex	41.0585	19.4540	-20.8745
			vertex	42.5291	20.1508	-16.8884
			vertex	42.6172	15.7491	-20.8745
		endloop
	endfacet
	facet normal	0.818413	0.433095	-0.377662
		outer loop
			vertex	42.5291	20.1508	-16.8884
			vertex	41.0585	19.4540	-20.8745
			vertex	40.5818	23.8307	-16.8884
		endloop
	endfacet
	facet normal	0.818413	0.433095	-0.377663
		outer loop
			vertex	39.1785	23.0066	-20.8745
			vertex	40.5818	23.8307	-16.8884
			vertex	41.0585	19.4540	-20.8745
		endloop
	endfacet
	facet normal	0.776933	0.503732	-0.377663
		outer loop
			vertex	40.5818	23.8307	-16.8884
			vertex	39.1785	23.0066	-20.8745
			vertex	38.3168	27.3240	-16.8884
		endloop
	endfacet
	facet normal	0.776933	0.503732	-0.377662
		outer loop
			vertex	36.9918	26.3792	-20.8745
			vertex	38.3168	27.3240	-16.8884
			vertex	39.1785	23.0066	-20.8745
		endloop
	endfacet
	facet normal	0.729373	0.570426	-0.377662
		outer loop
			vertex	38.3168	27.3240	-16.8884
			vertex	36.9918	26.3792	-20.8745
			vertex	35.7520	30.6035	-16.8884
		endloop
	endfacet
	facet normal	0.729373	0.570426	-0.377662
		outer loop
			vertex	34.5157	29.5453	-20.8745
			vertex	35.7520	30.6035	-16.8884
			vertex	36.9918	26.3792	-20.8745
		endloop
	endfacet
	facet normal	0.676104	0.632656	-0.377662
		outer loop
			vertex	35.7520	30.6035	-16.8884
			vertex	34.5157	29.5453	-20.8745
			vertex	32.9073	33.6436	-16.8884
		endloop
	endfacet
	facet normal	0.676105	0.632656	-0.377662
		outer loop
			vertex	31.7694	32.4802	-20.8745
			vertex	32.9073	33.6436	-16.8884
			vertex	34.5157	29.5453	-20.8745
		endloop
	endfacet
	facet normal	0.617545	0.689935	-0.377662
		outer loop
			vertex	32.9073	33.6436	-16.8884
			vertex	31.7694	32.4802	-20.8745
			vertex	29.8052	36.4203	-16.8884
		endloop
	endfacet
	facet normal	0.617544	0.689935	-0.377662
		outer loop
			vertex	28.7745	35.1608	-20.8745
			vertex	29.8052	36.4203	-16.8884
			vertex	31.7694	32.4802	-20.8745
		endloop
	endfacet
	facet normal	0.554152	0.741814	-0.377662
		outer loop
			vertex	29.8052	36.4203	-16.8884
			vertex	28.7745	35.1608	-20.8745
			vertex	26.4697	38.9119	-16.8884
		endloop
	endfacet
	facet normal	0.554152	0.741814	-0.377662
		outer loop
			vertex	25.5544	37.5664	-20.8745
			vertex	26.4697	38.9119	-16.8884
			vertex	28.7745	35.1608	-20.8745
		endloop
	endfacet
	facet normal	0.486421	0.787887	-0.377662
		outer loop
			vertex	26.4697	38.9119	-16.8884
			vertex	25.5544	37.5664	-20.8745
			vertex	22.9271	41.0990	-16.8884
		endloop
	endfacet
	facet normal	0.486422	0.787887	-0.377662
		outer loop
			vertex	22.1343	39.6778	-20.8745
			vertex	22.9271	41.0990	-16.8884
			vertex	25.5544	37.5664	-20.8745
		endloop
	endfacet
	facet normal	0.414885	0.827793	-0.377662
		outer loop
			vertex	22.9271	41.0990	-16.8884
			vertex	22.1343	39.6778	-20.8745
			vertex	19.2050	42.9645	-16.8884
		endloop
	endfacet
	facet normal	0.414885	0.827793	-0.377662
		outer loop
			vertex	18.5409	41.4788	-20.8745
			vertex	19.2050	42.9645	-16.8884
			vertex	22.1343	39.6778	-20.8745
		endloop
	endfacet
	facet normal	0.340100	0.861222	-0.377662
		outer loop
			vertex	19.2050	42.9645	-16.8884
			vertex	18.5409	41.4788	-20.8745
			vertex	15.3327	44.4937	-16.8884
		endloop
	endfacet
	facet normal	0.340100	0.861222	-0.377662
		outer loop
			vertex	14.8025	42.9551	-20.8745
			vertex	15.3327	44.4937	-16.8884
			vertex	18.5409	41.4788	-20.8745
		endloop
	endfacet
	facet normal	0.287104	0.880191	-0.377935
		outer loop
			vertex	15.3327	44.4937	-16.8884
			vertex	14.8025	42.9551	-20.8745
			vertex	12.6420	45.0000	-17.7533
		endloop
	endfacet
	facet normal	0.237747	0.879719	-0.411790
		outer loop
			vertex	11.1832	45.0000	-18.5955
			vertex	12.6420	45.0000	-17.7533
			vertex	14.8025	42.9551	-20.8745
		endloop
	endfacet
	facet normal	0.0971512	-0.911149	-0.400462
		outer loop
			vertex	7.02601	-45.0000	-20.6206
			vertex	5.98019	-45.0000	-20.8743
			vertex	7.00816	-44.8903	-20.8745
		endloop
	endfacet
	facet normal	0.0943621	-0.885067	-0.455798
		outer loop
			vertex	6.70517	-42.9496	-24.7058
			vertex	7.00816	-44.8903	-20.8745
			vertex	5.98019	-45.0000	-20.8743
		endloop
	endfacet
	facet normal	0.176053	-0.872460	-0.455872
		outer loop
			vertex	7.00816	-44.8903	-20.8745
			vertex	6.70517	-42.9496	-24.7058
			vertex	10.9481	-44.0953	-20.8745
		endloop
	endfacet
	facet normal	0.176053	-0.872460	-0.455872
		outer loop
			vertex	10.4748	-42.1889	-24.7058
			vertex	10.9481	-44.0953	-20.8745
			vertex	6.70517	-42.9496	-24.7058
		endloop
	endfacet
	facet normal	0.252472	-0.853486	-0.455872
		outer loop
			vertex	10.9481	-44.0953	-20.8745
			vertex	10.4748	-42.1889	-24.7058
			vertex	14.8025	-42.9551	-20.8745
		endloop
	endfacet
	facet normal	0.252472	-0.853486	-0.455872
		outer loop
			vertex	14.1625	-41.0980	-24.7058
			vertex	14.8025	-42.9551	-20.8745
			vertex	10.4748	-42.1889	-24.7058
		endloop
	endfacet
	facet normal	0.326915	-0.827833	-0.455872
		outer loop
			vertex	14.8025	-42.9551	-20.8745
			vertex	14.1625	-41.0980	-24.7058
			vertex	18.5409	-41.4788	-20.8745
		endloop
	endfacet
	facet normal	0.326915	-0.827833	-0.455871
		outer loop
			vertex	17.7393	-39.6855	-24.7058
			vertex	18.5409	-41.4788	-20.8745
			vertex	14.1625	-41.0980	-24.7058
		endloop
	endfacet
	facet normal	0.398800	-0.795701	-0.455871
		outer loop
			vertex	18.5409	-41.4788	-20.8745
			vertex	17.7393	-39.6855	-24.7058
			vertex	22.1343	-39.6778	-20.8745
		endloop
	endfacet
	facet normal	0.398800	-0.795701	-0.455872
		outer loop
			vertex	21.1773	-37.9624	-24.7058
			vertex	22.1343	-39.6778	-20.8745
			vertex	17.7393	-39.6855	-24.7058
		endloop
	endfacet
	facet normal	0.467563	-0.757341	-0.455872
		outer loop
			vertex	22.1343	-39.6778	-20.8745
			vertex	21.1773	-37.9624	-24.7058
			vertex	25.5544	-37.5664	-20.8745
		endloop
	endfacet
	facet normal	0.467564	-0.757341	-0.455872
		outer loop
			vertex	24.4496	-35.9422	-24.7058
			vertex	25.5544	-37.5664	-20.8745
			vertex	21.1773	-37.9624	-24.7058
		endloop
	endfacet
	facet normal	0.532668	-0.713054	-0.455872
		outer loop
			vertex	25.5544	-37.5664	-20.8745
			vertex	24.4496	-35.9422	-24.7058
			vertex	28.7745	-35.1608	-20.8745
		endloop
	endfacet
	facet normal	0.532668	-0.713054	-0.455872
		outer loop
			vertex	27.5305	-33.6407	-24.7058
			vertex	28.7745	-35.1608	-20.8745
			vertex	24.4496	-35.9422	-24.7058
		endloop
	endfacet
	facet normal	0.593603	-0.663187	-0.455872
		outer loop
			vertex	28.7745	-35.1608	-20.8745
			vertex	27.5305	-33.6407	-24.7058
			vertex	31.7694	-32.4802	-20.8745
		endloop
	endfacet
	facet normal	0.593603	-0.663187	-0.455872
		outer loop
			vertex	30.3959	-31.0759	-24.7058
			vertex	31.7694	-32.4802	-20.8745
			vertex	27.5305	-33.6407	-24.7058
		endloop
	endfacet
	facet normal	0.649893	-0.608129	-0.455872
		outer loop
			vertex	31.7694	-32.4802	-20.8745
			vertex	30.3959	-31.0759	-24.7058
			vertex	34.5157	-29.5453	-20.8745
		endloop
	endfacet
	facet normal	0.649892	-0.608129	-0.455871
		outer loop
			vertex	33.0235	-28.2679	-24.7058
			vertex	34.5157	-29.5453	-20.8745
			vertex	30.3959	-31.0759	-24.7058
		endloop
	endfacet
	facet normal	0.701096	-0.548311	-0.455872
		outer loop
			vertex	34.5157	-29.5453	-20.8745
			vertex	33.0235	-28.2679	-24.7058
			vertex	36.9918	-26.3792	-20.8745
		endloop
	endfacet
	facet normal	0.701096	-0.548312	-0.455871
		outer loop
			vertex	35.3926	-25.2387	-24.7058
			vertex	36.9918	-26.3792	-20.8745
			vertex	33.0235	-28.2679	-24.7058
		endloop
	endfacet
	facet normal	0.746813	-0.484203	-0.455871
		outer loop
			vertex	36.9918	-26.3792	-20.8745
			vertex	35.3926	-25.2387	-24.7058
			vertex	39.1785	-23.0066	-20.8745
		endloop
	endfacet
	facet normal	0.746813	-0.484203	-0.455871
		outer loop
			vertex	37.4847	-22.0119	-24.7058
			vertex	39.1785	-23.0066	-20.8745
			vertex	35.3926	-25.2387	-24.7058
		endloop
	endfacet
	facet normal	0.786684	-0.416305	-0.455871
		outer loop
			vertex	39.1785	-23.0066	-20.8745
			vertex	37.4847	-22.0119	-24.7058
			vertex	41.0585	-19.4540	-20.8745
		endloop
	endfacet
	facet normal	0.786684	-0.416305	-0.455872
		outer loop
			vertex	39.2834	-18.6129	-24.7058
			vertex	41.0585	-19.4540	-20.8745
			vertex	37.4847	-22.0119	-24.7058
		endloop
	endfacet
	facet normal	0.820398	-0.345149	-0.455872
		outer loop
			vertex	41.0585	-19.4540	-20.8745
			vertex	39.2834	-18.6129	-24.7058
			vertex	42.6172	-15.7491	-20.8745
		endloop
	endfacet
	facet normal	0.820398	-0.345148	-0.455872
		outer loop
			vertex	40.7747	-15.0682	-24.7058
			vertex	42.6172	-15.7491	-20.8745
			vertex	39.2834	-18.6129	-24.7058
		endloop
	endfacet
	facet normal	0.847692	-0.271291	-0.455872
		outer loop
			vertex	42.6172	-15.7491	-20.8745
			vertex	40.7747	-15.0682	-24.7058
			vertex	43.8423	-11.9209	-20.8745
		endloop
	endfacet
	facet normal	0.847692	-0.271292	-0.455871
		outer loop
			vertex	41.9469	-11.4056	-24.7058
			vertex	43.8423	-11.9209	-20.8745
			vertex	40.7747	-15.0682	-24.7058
		endloop
	endfacet
	facet normal	0.868352	-0.195310	-0.455871
		outer loop
			vertex	43.8423	-11.9209	-20.8745
			vertex	41.9469	-11.4056	-24.7058
			vertex	44.7243	-7.99951	-20.8745
		endloop
	endfacet
	facet normal	0.868352	-0.195310	-0.455871
		outer loop
			vertex	42.7907	-7.65367	-24.7058
			vertex	44.7243	-7.99951	-20.8745
			vertex	41.9469	-11.4056	-24.7058
		endloop
	endfacet
	facet normal	0.879859	-0.133501	-0.456099
		outer loop
			vertex	44.7243	-7.99951	-20.8745
			vertex	42.7907	-7.65367	-24.7058
			vertex	45.0000	-5.13825	-21.1801
		endloop
	endfacet
	facet normal	0.867215	-0.0708634	-0.492866
		outer loop
			vertex	45.0000	-3.99612	-21.3444
			vertex	45.0000	-5.13825	-21.1801
			vertex	42.7907	-7.65367	-24.7058
		endloop
	endfacet
	facet normal	-0.0658370	-0.886549	-0.457927
		outer loop
			vertex	-4.99897	-45.0000	-21.2002
			vertex	-5.13825	-45.0000	-21.1801
			vertex	-4.79881	-43.2041	-24.7058
		endloop
	endfacet
	facet normal	-0.159285	-0.873397	-0.460225
		outer loop
			vertex	-6.02177	-45.0000	-20.8744
			vertex	-4.79881	-43.2041	-24.7058
			vertex	-5.13825	-45.0000	-21.1801
		endloop
	endfacet
	facet normal	-0.137279	-0.879336	-0.455985
		outer loop
			vertex	-4.79881	-43.2041	-24.7058
			vertex	-6.02177	-45.0000	-20.8744
			vertex	-8.59841	-42.6109	-24.7058
		endloop
	endfacet
	facet normal	-0.137469	-0.879364	-0.455875
		outer loop
			vertex	-8.98695	-44.5364	-20.8745
			vertex	-8.59841	-42.6109	-24.7058
			vertex	-6.02177	-45.0000	-20.8744
		endloop
	endfacet
	facet normal	-0.214472	-0.863819	-0.455871
		outer loop
			vertex	-8.59841	-42.6109	-24.7058
			vertex	-8.98695	-44.5364	-20.8745
			vertex	-12.3307	-41.6843	-24.7058
		endloop
	endfacet
	facet normal	-0.214471	-0.863819	-0.455872
		outer loop
			vertex	-12.8879	-43.5679	-20.8745
			vertex	-12.3307	-41.6843	-24.7058
			vertex	-8.98695	-44.5364	-20.8745
		endloop
	endfacet
	facet normal	-0.289977	-0.841483	-0.455872
		outer loop
			vertex	-12.3307	-41.6843	-24.7058
			vertex	-12.8879	-43.5679	-20.8745
			vertex	-15.9665	-40.4314	-24.7058
		endloop
	endfacet
	facet normal	-0.289978	-0.841483	-0.455871
		outer loop
			vertex	-16.6880	-42.2583	-20.8745
			vertex	-15.9665	-40.4314	-24.7058
			vertex	-12.8879	-43.5679	-20.8745
		endloop
	endfacet
	facet normal	-0.363213	-0.812562	-0.455871
		outer loop
			vertex	-15.9665	-40.4314	-24.7058
			vertex	-16.6880	-42.2583	-20.8745
			vertex	-19.4774	-38.8620	-24.7058
		endloop
	endfacet
	facet normal	-0.363212	-0.812562	-0.455872
		outer loop
			vertex	-20.3575	-40.6181	-20.8745
			vertex	-19.4774	-38.8620	-24.7058
			vertex	-16.6880	-42.2583	-20.8745
		endloop
	endfacet
	facet normal	-0.433606	-0.777282	-0.455872
		outer loop
			vertex	-19.4774	-38.8620	-24.7058
			vertex	-20.3575	-40.6181	-20.8745
			vertex	-22.8358	-36.9885	-24.7058
		endloop
	endfacet
	facet normal	-0.433606	-0.777282	-0.455871
		outer loop
			vertex	-23.8677	-38.6599	-20.8745
			vertex	-22.8358	-36.9885	-24.7058
			vertex	-20.3575	-40.6181	-20.8745
		endloop
	endfacet
	facet normal	-0.500606	-0.735918	-0.455871
		outer loop
			vertex	-22.8358	-36.9885	-24.7058
			vertex	-23.8677	-38.6599	-20.8745
			vertex	-26.0155	-34.8256	-24.7058
		endloop
	endfacet
	facet normal	-0.500606	-0.735918	-0.455871
		outer loop
			vertex	-27.1910	-36.3992	-20.8745
			vertex	-26.0155	-34.8256	-24.7058
			vertex	-23.8677	-38.6599	-20.8745
		endloop
	endfacet
	facet normal	-0.563687	-0.688795	-0.455871
		outer loop
			vertex	-26.0155	-34.8256	-24.7058
			vertex	-27.1910	-36.3992	-20.8745
			vertex	-28.9916	-32.3900	-24.7058
		endloop
	endfacet
	facet normal	-0.563687	-0.688795	-0.455872
		outer loop
			vertex	-30.3016	-33.8536	-20.8745
			vertex	-28.9916	-32.3900	-24.7058
			vertex	-27.1910	-36.3992	-20.8745
		endloop
	endfacet
	facet normal	-0.622357	-0.636281	-0.455872
		outer loop
			vertex	-28.9916	-32.3900	-24.7058
			vertex	-30.3016	-33.8536	-20.8745
			vertex	-31.7408	-29.7010	-24.7058
		endloop
	endfacet
	facet normal	-0.622357	-0.636280	-0.455872
		outer loop
			vertex	-33.1750	-31.0431	-20.8745
			vertex	-31.7408	-29.7010	-24.7058
			vertex	-30.3016	-33.8536	-20.8745
		endloop
	endfacet
	facet normal	-0.676156	-0.578787	-0.455872
		outer loop
			vertex	-31.7408	-29.7010	-24.7058
			vertex	-33.1750	-31.0431	-20.8745
			vertex	-34.2415	-26.7795	-24.7058
		endloop
	endfacet
	facet normal	-0.676156	-0.578787	-0.455872
		outer loop
			vertex	-35.7888	-27.9896	-20.8745
			vertex	-34.2415	-26.7795	-24.7058
			vertex	-33.1750	-31.0431	-20.8745
		endloop
	endfacet
	facet normal	-0.724664	-0.516763	-0.455872
		outer loop
			vertex	-34.2415	-26.7795	-24.7058
			vertex	-35.7888	-27.9896	-20.8745
			vertex	-36.4743	-23.6485	-24.7058
		endloop
	endfacet
	facet normal	-0.724663	-0.516763	-0.455872
		outer loop
			vertex	-38.1225	-24.7171	-20.8745
			vertex	-36.4743	-23.6485	-24.7058
			vertex	-35.7888	-27.9896	-20.8745
		endloop
	endfacet
	facet normal	-0.767499	-0.450695	-0.455872
		outer loop
			vertex	-36.4743	-23.6485	-24.7058
			vertex	-38.1225	-24.7171	-20.8745
			vertex	-38.4216	-20.3323	-24.7058
		endloop
	endfacet
	facet normal	-0.767500	-0.450695	-0.455871
		outer loop
			vertex	-40.1578	-21.2511	-20.8745
			vertex	-38.4216	-20.3323	-24.7058
			vertex	-38.1225	-24.7171	-20.8745
		endloop
	endfacet
	facet normal	-0.804329	-0.381100	-0.455871
		outer loop
			vertex	-38.4216	-20.3323	-24.7058
			vertex	-40.1578	-21.2511	-20.8745
			vertex	-40.0683	-16.8571	-24.7058
		endloop
	endfacet
	facet normal	-0.804328	-0.381100	-0.455871
		outer loop
			vertex	-41.8788	-17.6188	-20.8745
			vertex	-40.0683	-16.8571	-24.7058
			vertex	-40.1578	-21.2511	-20.8745
		endloop
	endfacet
	facet normal	-0.834863	-0.308521	-0.455871
		outer loop
			vertex	-40.0683	-16.8571	-24.7058
			vertex	-41.8788	-17.6188	-20.8745
			vertex	-41.4013	-13.2499	-24.7058
		endloop
	endfacet
	facet normal	-0.834862	-0.308522	-0.455872
		outer loop
			vertex	-43.2721	-13.8486	-20.8745
			vertex	-41.4013	-13.2499	-24.7058
			vertex	-41.8788	-17.6188	-20.8745
		endloop
	endfacet
	facet normal	-0.858863	-0.233529	-0.455872
		outer loop
			vertex	-41.4013	-13.2499	-24.7058
			vertex	-43.2721	-13.8486	-20.8745
			vertex	-42.4103	-9.53895	-24.7058
		endloop
	endfacet
	facet normal	-0.858862	-0.233529	-0.455872
		outer loop
			vertex	-44.3267	-9.96999	-20.8745
			vertex	-42.4103	-9.53895	-24.7058
			vertex	-43.2721	-13.8486	-20.8745
		endloop
	endfacet
	facet normal	-0.876141	-0.156709	-0.455872
		outer loop
			vertex	-42.4103	-9.53895	-24.7058
			vertex	-44.3267	-9.96999	-20.8745
			vertex	-43.0874	-5.75340	-24.7058
		endloop
	endfacet
	facet normal	-0.881034	-0.149004	-0.448974
		outer loop
			vertex	-45.0000	-6.01384	-20.8662
			vertex	-43.0874	-5.75340	-24.7058
			vertex	-44.3267	-9.96999	-20.8745
		endloop
	endfacet
	facet normal	-0.886799	-0.108951	-0.449129
		outer loop
			vertex	-43.0874	-5.75340	-24.7058
			vertex	-45.0000	-6.01384	-20.8662
			vertex	-45.0000	-5.98019	-20.8743
		endloop
	endfacet
	facet normal	-0.129024	0.836957	-0.531842
		outer loop
			vertex	-7.12828	45.0000	-20.5958
			vertex	-5.98019	45.0000	-20.8743
			vertex	-8.98695	44.5364	-20.8745
		endloop
	endfacet
	facet normal	-0.135613	0.879670	-0.455840
		outer loop
			vertex	-8.59841	42.6109	-24.7058
			vertex	-8.98695	44.5364	-20.8745
			vertex	-5.98019	45.0000	-20.8743
		endloop
	endfacet
	facet normal	-0.214471	0.863819	-0.455871
		outer loop
			vertex	-8.98695	44.5364	-20.8745
			vertex	-8.59841	42.6109	-24.7058
			vertex	-12.8879	43.5679	-20.8745
		endloop
	endfacet
	facet normal	-0.214472	0.863818	-0.455872
		outer loop
			vertex	-12.3307	41.6843	-24.7058
			vertex	-12.8879	43.5679	-20.8745
			vertex	-8.59841	42.6109	-24.7058
		endloop
	endfacet
	facet normal	-0.289978	0.841483	-0.455872
		outer loop
			vertex	-12.8879	43.5679	-20.8745
			vertex	-12.3307	41.6843	-24.7058
			vertex	-16.6880	42.2583	-20.8745
		endloop
	endfacet
	facet normal	-0.289977	0.841484	-0.455871
		outer loop
			vertex	-15.9665	40.4314	-24.7058
			vertex	-16.6880	42.2583	-20.8745
			vertex	-12.3307	41.6843	-24.7058
		endloop
	endfacet
	facet normal	-0.363212	0.812563	-0.455871
		outer loop
			vertex	-16.6880	42.2583	-20.8745
			vertex	-15.9665	40.4314	-24.7058
			vertex	-20.3575	40.6181	-20.8745
		endloop
	endfacet
	facet normal	-0.363213	0.812562	-0.455872
		outer loop
			vertex	-19.4774	38.8620	-24.7058
			vertex	-20.3575	40.6181	-20.8745
			vertex	-15.9665	40.4314	-24.7058
		endloop
	endfacet
	facet normal	-0.433606	0.777282	-0.455872
		outer loop
			vertex	-20.3575	40.6181	-20.8745
			vertex	-19.4774	38.8620	-24.7058
			vertex	-23.8677	38.6599	-20.8745
		endloop
	endfacet
	facet normal	-0.433606	0.777282	-0.455871
		outer loop
			vertex	-22.8358	36.9885	-24.7058
			vertex	-23.8677	38.6599	-20.8745
			vertex	-19.4774	38.8620	-24.7058
		endloop
	endfacet
	facet normal	-0.500606	0.735918	-0.455871
		outer loop
			vertex	-23.8677	38.6599	-20.8745
			vertex	-22.8358	36.9885	-24.7058
			vertex	-27.1910	36.3992	-20.8745
		endloop
	endfacet
	facet normal	-0.500606	0.735918	-0.455871
		outer loop
			vertex	-26.0155	34.8256	-24.7058
			vertex	-27.1910	36.3992	-20.8745
			vertex	-22.8358	36.9885	-24.7058
		endloop
	endfacet
	facet normal	-0.563687	0.688795	-0.455871
		outer loop
			vertex	-27.1910	36.3992	-20.8745
			vertex	-26.0155	34.8256	-24.7058
			vertex	-30.3016	33.8536	-20.8745
		endloop
	endfacet
	facet normal	-0.563687	0.688794	-0.455872
		outer loop
			vertex	-28.9916	32.3900	-24.7058
			vertex	-30.3016	33.8536	-20.8745
			vertex	-26.0155	34.8256	-24.7058
		endloop
	endfacet
	facet normal	-0.622357	0.636280	-0.455872
		outer loop
			vertex	-30.3016	33.8536	-20.8745
			vertex	-28.9916	32.3900	-24.7058
			vertex	-33.1750	31.0431	-20.8745
		endloop
	endfacet
	facet normal	-0.622357	0.636281	-0.455872
		outer loop
			vertex	-31.7408	29.7010	-24.7058
			vertex	-33.1750	31.0431	-20.8745
			vertex	-28.9916	32.3900	-24.7058
		endloop
	endfacet
	facet normal	-0.676156	0.578787	-0.455872
		outer loop
			vertex	-33.1750	31.0431	-20.8745
			vertex	-31.7408	29.7010	-24.7058
			vertex	-35.7888	27.9896	-20.8745
		endloop
	endfacet
	facet normal	-0.676156	0.578787	-0.455872
		outer loop
			vertex	-34.2415	26.7795	-24.7058
			vertex	-35.7888	27.9896	-20.8745
			vertex	-31.7408	29.7010	-24.7058
		endloop
	endfacet
	facet normal	-0.724663	0.516763	-0.455872
		outer loop
			vertex	-35.7888	27.9896	-20.8745
			vertex	-34.2415	26.7795	-24.7058
			vertex	-38.1225	24.7171	-20.8745
		endloop
	endfacet
	facet normal	-0.724664	0.516763	-0.455872
		outer loop
			vertex	-36.4743	23.6485	-24.7058
			vertex	-38.1225	24.7171	-20.8745
			vertex	-34.2415	26.7795	-24.7058
		endloop
	endfacet
	facet normal	-0.767499	0.450695	-0.455872
		outer loop
			vertex	-38.1225	24.7171	-20.8745
			vertex	-36.4743	23.6485	-24.7058
			vertex	-40.1578	21.2511	-20.8745
		endloop
	endfacet
	facet normal	-0.767499	0.450695	-0.455871
		outer loop
			vertex	-38.4216	20.3323	-24.7058
			vertex	-40.1578	21.2511	-20.8745
			vertex	-36.4743	23.6485	-24.7058
		endloop
	endfacet
	facet normal	-0.804328	0.381100	-0.455871
		outer loop
			vertex	-40.1578	21.2511	-20.8745
			vertex	-38.4216	20.3323	-24.7058
			vertex	-41.8788	17.6188	-20.8745
		endloop
	endfacet
	facet normal	-0.804328	0.381100	-0.455871
		outer loop
			vertex	-40.0683	16.8571	-24.7058
			vertex	-41.8788	17.6188	-20.8745
			vertex	-38.4216	20.3323	-24.7058
		endloop
	endfacet
	facet normal	-0.834863	0.308522	-0.455871
		outer loop
			vertex	-41.8788	17.6188	-20.8745
			vertex	-40.0683	16.8571	-24.7058
			vertex	-43.2721	13.8486	-20.8745
		endloop
	endfacet
	facet normal	-0.834863	0.308521	-0.455872
		outer loop
			vertex	-41.4013	13.2499	-24.7058
			vertex	-43.2721	13.8486	-20.8745
			vertex	-40.0683	16.8571	-24.7058
		endloop
	endfacet
	facet normal	-0.858863	0.233529	-0.455872
		outer loop
			vertex	-43.2721	13.8486	-20.8745
			vertex	-41.4013	13.2499	-24.7058
			vertex	-44.3267	9.96999	-20.8745
		endloop
	endfacet
	facet normal	-0.858863	0.233529	-0.455872
		outer loop
			vertex	-42.4103	9.53895	-24.7058
			vertex	-44.3267	9.96999	-20.8745
			vertex	-41.4013	13.2499	-24.7058
		endloop
	endfacet
	facet normal	-0.877452	0.149622	-0.455731
		outer loop
			vertex	-44.3267	9.96999	-20.8745
			vertex	-42.4103	9.53895	-24.7058
			vertex	-45.0000	6.02177	-20.8744
		endloop
	endfacet
	facet normal	-0.879141	0.157245	-0.449873
		outer loop
			vertex	-43.0874	5.75340	-24.7058
			vertex	-45.0000	6.02177	-20.8744
			vertex	-42.4103	9.53895	-24.7058
		endloop
	endfacet
	facet normal	-0.879420	0.155606	-0.449898
		outer loop
			vertex	-45.0000	6.02177	-20.8744
			vertex	-43.0874	5.75340	-24.7058
			vertex	-45.0000	6.01316	-20.8773
		endloop
	endfacet
	facet normal	-0.879402	0.155711	-0.449896
		outer loop
			vertex	-45.0000	5.13825	-21.1801
			vertex	-45.0000	6.01316	-20.8773
			vertex	-43.0874	5.75340	-24.7058
		endloop
	endfacet
	facet normal	0.865435	0.118121	-0.486899
		outer loop
			vertex	45.0000	7.12828	-20.5958
			vertex	45.0000	5.98019	-20.8743
			vertex	44.7243	7.99951	-20.8745
		endloop
	endfacet
	facet normal	0.881846	0.120363	-0.455916
		outer loop
			vertex	42.7907	7.65367	-24.7058
			vertex	44.7243	7.99951	-20.8745
			vertex	45.0000	5.98019	-20.8743
		endloop
	endfacet
	facet normal	0.868352	0.195310	-0.455871
		outer loop
			vertex	44.7243	7.99951	-20.8745
			vertex	42.7907	7.65367	-24.7058
			vertex	43.8423	11.9209	-20.8745
		endloop
	endfacet
	facet normal	0.868352	0.195310	-0.455871
		outer loop
			vertex	41.9469	11.4056	-24.7058
			vertex	43.8423	11.9209	-20.8745
			vertex	42.7907	7.65367	-24.7058
		endloop
	endfacet
	facet normal	0.847692	0.271291	-0.455871
		outer loop
			vertex	43.8423	11.9209	-20.8745
			vertex	41.9469	11.4056	-24.7058
			vertex	42.6172	15.7491	-20.8745
		endloop
	endfacet
	facet normal	0.847692	0.271292	-0.455872
		outer loop
			vertex	40.7747	15.0682	-24.7058
			vertex	42.6172	15.7491	-20.8745
			vertex	41.9469	11.4056	-24.7058
		endloop
	endfacet
	facet normal	0.820398	0.345149	-0.455872
		outer loop
			vertex	42.6172	15.7491	-20.8745
			vertex	40.7747	15.0682	-24.7058
			vertex	41.0585	19.4540	-20.8745
		endloop
	endfacet
	facet normal	0.820399	0.345148	-0.455872
		outer loop
			vertex	39.2834	18.6129	-24.7058
			vertex	41.0585	19.4540	-20.8745
			vertex	40.7747	15.0682	-24.7058
		endloop
	endfacet
	facet normal	0.786684	0.416305	-0.455872
		outer loop
			vertex	41.0585	19.4540	-20.8745
			vertex	39.2834	18.6129	-24.7058
			vertex	39.1785	23.0066	-20.8745
		endloop
	endfacet
	facet normal	0.786684	0.416305	-0.455871
		outer loop
			vertex	37.4847	22.0119	-24.7058
			vertex	39.1785	23.0066	-20.8745
			vertex	39.2834	18.6129	-24.7058
		endloop
	endfacet
	facet normal	0.746813	0.484203	-0.455871
		outer loop
			vertex	39.1785	23.0066	-20.8745
			vertex	37.4847	22.0119	-24.7058
			vertex	36.9918	26.3792	-20.8745
		endloop
	endfacet
	facet normal	0.746812	0.484203	-0.455871
		outer loop
			vertex	35.3926	25.2387	-24.7058
			vertex	36.9918	26.3792	-20.8745
			vertex	37.4847	22.0119	-24.7058
		endloop
	endfacet
	facet normal	0.701096	0.548311	-0.455871
		outer loop
			vertex	36.9918	26.3792	-20.8745
			vertex	35.3926	25.2387	-24.7058
			vertex	34.5157	29.5453	-20.8745
		endloop
	endfacet
	facet normal	0.701096	0.548312	-0.455872
		outer loop
			vertex	33.0235	28.2679	-24.7058
			vertex	34.5157	29.5453	-20.8745
			vertex	35.3926	25.2387	-24.7058
		endloop
	endfacet
	facet normal	0.649893	0.608129	-0.455871
		outer loop
			vertex	34.5157	29.5453	-20.8745
			vertex	33.0235	28.2679	-24.7058
			vertex	31.7694	32.4802	-20.8745
		endloop
	endfacet
	facet normal	0.649892	0.608129	-0.455872
		outer loop
			vertex	30.3959	31.0759	-24.7058
			vertex	31.7694	32.4802	-20.8745
			vertex	33.0235	28.2679	-24.7058
		endloop
	endfacet
	facet normal	0.593603	0.663187	-0.455872
		outer loop
			vertex	31.7694	32.4802	-20.8745
			vertex	30.3959	31.0759	-24.7058
			vertex	28.7745	35.1608	-20.8745
		endloop
	endfacet
	facet normal	0.593603	0.663187	-0.455872
		outer loop
			vertex	27.5305	33.6407	-24.7058
			vertex	28.7745	35.1608	-20.8745
			vertex	30.3959	31.0759	-24.7058
		endloop
	endfacet
	facet normal	0.532668	0.713054	-0.455872
		outer loop
			vertex	28.7745	35.1608	-20.8745
			vertex	27.5305	33.6407	-24.7058
			vertex	25.5544	37.5664	-20.8745
		endloop
	endfacet
	facet normal	0.532668	0.713054	-0.455872
		outer loop
			vertex	24.4496	35.9422	-24.7058
			vertex	25.5544	37.5664	-20.8745
			vertex	27.5305	33.6407	-24.7058
		endloop
	endfacet
	facet normal	0.467563	0.757341	-0.455872
		outer loop
			vertex	25.5544	37.5664	-20.8745
			vertex	24.4496	35.9422	-24.7058
			vertex	22.1343	39.6778	-20.8745
		endloop
	endfacet
	facet normal	0.467564	0.757341	-0.455872
		outer loop
			vertex	21.1773	37.9624	-24.7058
			vertex	22.1343	39.6778	-20.8745
			vertex	24.4496	35.9422	-24.7058
		endloop
	endfacet
	facet normal	0.398800	0.795701	-0.455872
		outer loop
			vertex	22.1343	39.6778	-20.8745
			vertex	21.1773	37.9624	-24.7058
			vertex	18.5409	41.4788	-20.8745
		endloop
	endfacet
	facet normal	0.398800	0.795701	-0.455871
		outer loop
			vertex	17.7393	39.6855	-24.7058
			vertex	18.5409	41.4788	-20.8745
			vertex	21.1773	37.9624	-24.7058
		endloop
	endfacet
	facet normal	0.326915	0.827833	-0.455871
		outer loop
			vertex	18.5409	41.4788	-20.8745
			vertex	17.7393	39.6855	-24.7058
			vertex	14.8025	42.9551	-20.8745
		endloop
	endfacet
	facet normal	0.326915	0.827833	-0.455872
		outer loop
			vertex	14.1625	41.0980	-24.7058
			vertex	14.8025	42.9551	-20.8745
			vertex	17.7393	39.6855	-24.7058
		endloop
	endfacet
	facet normal	0.252472	0.853486	-0.455872
		outer loop
			vertex	14.8025	42.9551	-20.8745
			vertex	14.1625	41.0980	-24.7058
			vertex	10.9481	44.0953	-20.8745
		endloop
	endfacet
	facet normal	0.252472	0.853486	-0.455872
		outer loop
			vertex	10.4748	42.1889	-24.7058
			vertex	10.9481	44.0953	-20.8745
			vertex	14.1625	41.0980	-24.7058
		endloop
	endfacet
	facet normal	0.176053	0.872460	-0.455872
		outer loop
			vertex	10.9481	44.0953	-20.8745
			vertex	10.4748	42.1889	-24.7058
			vertex	7.00816	44.8903	-20.8745
		endloop
	endfacet
	facet normal	0.176053	0.872460	-0.455872
		outer loop
			vertex	6.70517	42.9496	-24.7058
			vertex	7.00816	44.8903	-20.8745
			vertex	10.4748	42.1889	-24.7058
		endloop
	endfacet
	facet normal	0.126235	0.880880	-0.456197
		outer loop
			vertex	7.00816	44.8903	-20.8745
			vertex	6.70517	42.9496	-24.7058
			vertex	5.13825	45.0000	-21.1801
		endloop
	endfacet
	facet normal	0.0688013	0.875376	-0.478522
		outer loop
			vertex	2.99428	45.0000	-21.4884
			vertex	5.13825	45.0000	-21.1801
			vertex	6.70517	42.9496	-24.7058
		endloop
	endfacet
	facet normal	0.840094	0.112176	-0.530715
		outer loop
			vertex	43.2997	3.84187	-24.7058
			vertex	41.0221	3.63978	-28.3539
			vertex	42.7907	7.65367	-24.7058
		endloop
	endfacet
	facet normal	0.840094	0.112177	-0.530715
		outer loop
			vertex	40.5399	7.25107	-28.3539
			vertex	42.7907	7.65367	-24.7058
			vertex	41.0221	3.63978	-28.3539
		endloop
	endfacet
	facet normal	0.826892	0.185985	-0.530715
		outer loop
			vertex	42.7907	7.65367	-24.7058
			vertex	40.5399	7.25107	-28.3539
			vertex	41.9469	11.4056	-24.7058
		endloop
	endfacet
	facet normal	0.826892	0.185985	-0.530715
		outer loop
			vertex	39.7404	10.8056	-28.3539
			vertex	41.9469	11.4056	-24.7058
			vertex	40.5399	7.25107	-28.3539
		endloop
	endfacet
	facet normal	0.807219	0.258339	-0.530715
		outer loop
			vertex	41.9469	11.4056	-24.7058
			vertex	39.7404	10.8056	-28.3539
			vertex	40.7747	15.0682	-24.7058
		endloop
	endfacet
	facet normal	0.807220	0.258338	-0.530715
		outer loop
			vertex	38.6299	14.2756	-28.3539
			vertex	40.7747	15.0682	-24.7058
			vertex	39.7404	10.8056	-28.3539
		endloop
	endfacet
	facet normal	0.781229	0.328669	-0.530715
		outer loop
			vertex	40.7747	15.0682	-24.7058
			vertex	38.6299	14.2756	-28.3539
			vertex	39.2834	18.6129	-24.7058
		endloop
	endfacet
	facet normal	0.781229	0.328670	-0.530715
		outer loop
			vertex	37.2170	17.6338	-28.3539
			vertex	39.2834	18.6129	-24.7058
			vertex	38.6299	14.2756	-28.3539
		endloop
	endfacet
	facet normal	0.749124	0.396428	-0.530715
		outer loop
			vertex	39.2834	18.6129	-24.7058
			vertex	37.2170	17.6338	-28.3539
			vertex	37.4847	22.0119	-24.7058
		endloop
	endfacet
	facet normal	0.749123	0.396428	-0.530715
		outer loop
			vertex	35.5129	20.8541	-28.3539
			vertex	37.4847	22.0119	-24.7058
			vertex	37.2170	17.6338	-28.3539
		endloop
	endfacet
	facet normal	0.711156	0.461084	-0.530715
		outer loop
			vertex	37.4847	22.0119	-24.7058
			vertex	35.5129	20.8541	-28.3539
			vertex	35.3926	25.2387	-24.7058
		endloop
	endfacet
	facet normal	0.711156	0.461084	-0.530715
		outer loop
			vertex	33.5309	23.9111	-28.3539
			vertex	35.3926	25.2387	-24.7058
			vertex	35.5129	20.8541	-28.3539
		endloop
	endfacet
	facet normal	0.667622	0.522132	-0.530715
		outer loop
			vertex	35.3926	25.2387	-24.7058
			vertex	33.5309	23.9111	-28.3539
			vertex	33.0235	28.2679	-24.7058
		endloop
	endfacet
	facet normal	0.667622	0.522132	-0.530715
		outer loop
			vertex	31.2864	26.7810	-28.3539
			vertex	33.0235	28.2679	-24.7058
			vertex	33.5309	23.9111	-28.3539
		endloop
	endfacet
	facet normal	0.618863	0.579094	-0.530715
		outer loop
			vertex	33.0235	28.2679	-24.7058
			vertex	31.2864	26.7810	-28.3539
			vertex	30.3959	31.0759	-24.7058
		endloop
	endfacet
	facet normal	0.618863	0.579094	-0.530715
		outer loop
			vertex	28.7970	29.4413	-28.3539
			vertex	30.3959	31.0759	-24.7058
			vertex	31.2864	26.7810	-28.3539
		endloop
	endfacet
	facet normal	0.565261	0.631523	-0.530715
		outer loop
			vertex	30.3959	31.0759	-24.7058
			vertex	28.7970	29.4413	-28.3539
			vertex	27.5305	33.6407	-24.7058
		endloop
	endfacet
	facet normal	0.565262	0.631523	-0.530715
		outer loop
			vertex	26.0823	31.8712	-28.3539
			vertex	27.5305	33.6407	-24.7058
			vertex	28.7970	29.4413	-28.3539
		endloop
	endfacet
	facet normal	0.507235	0.679010	-0.530715
		outer loop
			vertex	27.5305	33.6407	-24.7058
			vertex	26.0823	31.8712	-28.3539
			vertex	24.4496	35.9422	-24.7058
		endloop
	endfacet
	facet normal	0.507235	0.679010	-0.530715
		outer loop
			vertex	23.1635	34.0516	-28.3539
			vertex	24.4496	35.9422	-24.7058
			vertex	26.0823	31.8712	-28.3539
		endloop
	endfacet
	facet normal	0.445240	0.721182	-0.530715
		outer loop
			vertex	24.4496	35.9422	-24.7058
			vertex	23.1635	34.0516	-28.3539
			vertex	21.1773	37.9624	-24.7058
		endloop
	endfacet
	facet normal	0.445240	0.721182	-0.530715
		outer loop
			vertex	20.0634	35.9656	-28.3539
			vertex	21.1773	37.9624	-24.7058
			vertex	23.1635	34.0516	-28.3539
		endloop
	endfacet
	facet normal	0.379760	0.757710	-0.530715
		outer loop
			vertex	21.1773	37.9624	-24.7058
			vertex	20.0634	35.9656	-28.3539
			vertex	17.7393	39.6855	-24.7058
		endloop
	endfacet
	facet normal	0.379759	0.757710	-0.530715
		outer loop
			vertex	16.8062	37.5980	-28.3539
			vertex	17.7393	39.6855	-24.7058
			vertex	20.0634	35.9656	-28.3539
		endloop
	endfacet
	facet normal	0.311306	0.788308	-0.530715
		outer loop
			vertex	17.7393	39.6855	-24.7058
			vertex	16.8062	37.5980	-28.3539
			vertex	14.1625	41.0980	-24.7058
		endloop
	endfacet
	facet normal	0.311307	0.788308	-0.530715
		outer loop
			vertex	13.4175	38.9362	-28.3539
			vertex	14.1625	41.0980	-24.7058
			vertex	16.8062	37.5980	-28.3539
		endloop
	endfacet
	facet normal	0.240418	0.812737	-0.530715
		outer loop
			vertex	14.1625	41.0980	-24.7058
			vertex	13.4175	38.9362	-28.3539
			vertex	10.4748	42.1889	-24.7058
		endloop
	endfacet
	facet normal	0.240418	0.812737	-0.530715
		outer loop
			vertex	9.92383	39.9697	-28.3539
			vertex	10.4748	42.1889	-24.7058
			vertex	13.4175	38.9362	-28.3539
		endloop
	endfacet
	facet normal	0.167647	0.830805	-0.530715
		outer loop
			vertex	10.4748	42.1889	-24.7058
			vertex	9.92383	39.9697	-28.3539
			vertex	6.70517	42.9496	-24.7058
		endloop
	endfacet
	facet normal	0.167646	0.830805	-0.530715
		outer loop
			vertex	6.35247	40.6904	-28.3539
			vertex	6.70517	42.9496	-24.7058
			vertex	9.92383	39.9697	-28.3539
		endloop
	endfacet
	facet normal	0.0935646	0.842370	-0.530715
		outer loop
			vertex	6.70517	42.9496	-24.7058
			vertex	6.35247	40.6904	-28.3539
			vertex	2.88305	43.3741	-24.7058
		endloop
	endfacet
	facet normal	0.0935648	0.842370	-0.530715
		outer loop
			vertex	2.73139	41.0926	-28.3539
			vertex	2.88305	43.3741	-24.7058
			vertex	6.35247	40.6904	-28.3539
		endloop
	endfacet
	facet normal	0.0187500	0.847343	-0.530715
		outer loop
			vertex	2.88305	43.3741	-24.7058
			vertex	2.73139	41.0926	-28.3539
			vertex	-0.961643	43.4592	-24.7058
		endloop
	endfacet
	facet normal	0.0187494	0.847343	-0.530715
		outer loop
			vertex	-0.911059	41.1732	-28.3539
			vertex	-0.961643	43.4592	-24.7058
			vertex	2.73139	41.0926	-28.3539
		endloop
	endfacet
	facet normal	-0.0562126	0.845684	-0.530715
		outer loop
			vertex	-0.961643	43.4592	-24.7058
			vertex	-0.911059	41.1732	-28.3539
			vertex	-4.79881	43.2041	-24.7058
		endloop
	endfacet
	facet normal	-0.0562122	0.845684	-0.530715
		outer loop
			vertex	-4.54638	40.9315	-28.3539
			vertex	-4.79881	43.2041	-24.7058
			vertex	-0.911059	41.1732	-28.3539
		endloop
	endfacet
	facet normal	-0.130734	0.837407	-0.530715
		outer loop
			vertex	-4.79881	43.2041	-24.7058
			vertex	-4.54638	40.9315	-28.3539
			vertex	-8.59841	42.6109	-24.7058
		endloop
	endfacet
	facet normal	-0.130733	0.837407	-0.530715
		outer loop
			vertex	-8.14612	40.3695	-28.3539
			vertex	-8.59841	42.6109	-24.7058
			vertex	-4.54638	40.9315	-28.3539
		endloop
	endfacet
	facet normal	-0.204233	0.822576	-0.530715
		outer loop
			vertex	-8.59841	42.6109	-24.7058
			vertex	-8.14612	40.3695	-28.3539
			vertex	-12.3307	41.6843	-24.7058
		endloop
	endfacet
	facet normal	-0.204233	0.822576	-0.530715
		outer loop
			vertex	-11.6821	39.4916	-28.3539
			vertex	-12.3307	41.6843	-24.7058
			vertex	-8.14612	40.3695	-28.3539
		endloop
	endfacet
	facet normal	-0.276132	0.801307	-0.530715
		outer loop
			vertex	-12.3307	41.6843	-24.7058
			vertex	-11.6821	39.4916	-28.3539
			vertex	-15.9665	40.4314	-24.7058
		endloop
	endfacet
	facet normal	-0.276133	0.801307	-0.530715
		outer loop
			vertex	-15.1267	38.3046	-28.3539
			vertex	-15.9665	40.4314	-24.7058
			vertex	-11.6821	39.4916	-28.3539
		endloop
	endfacet
	facet normal	-0.345871	0.773767	-0.530715
		outer loop
			vertex	-15.9665	40.4314	-24.7058
			vertex	-15.1267	38.3046	-28.3539
			vertex	-19.4774	38.8620	-24.7058
		endloop
	endfacet
	facet normal	-0.345871	0.773767	-0.530715
		outer loop
			vertex	-18.4528	36.8178	-28.3539
			vertex	-19.4774	38.8620	-24.7058
			vertex	-15.1267	38.3046	-28.3539
		endloop
	endfacet
	facet normal	-0.412903	0.740170	-0.530715
		outer loop
			vertex	-19.4774	38.8620	-24.7058
			vertex	-18.4528	36.8178	-28.3539
			vertex	-22.8358	36.9885	-24.7058
		endloop
	endfacet
	facet normal	-0.412903	0.740170	-0.530715
		outer loop
			vertex	-21.6346	35.0429	-28.3539
			vertex	-22.8358	36.9885	-24.7058
			vertex	-18.4528	36.8178	-28.3539
		endloop
	endfacet
	facet normal	-0.476704	0.700781	-0.530715
		outer loop
			vertex	-22.8358	36.9885	-24.7058
			vertex	-21.6346	35.0429	-28.3539
			vertex	-26.0155	34.8256	-24.7058
		endloop
	endfacet
	facet normal	-0.476704	0.700782	-0.530715
		outer loop
			vertex	-24.6470	32.9937	-28.3539
			vertex	-26.0155	34.8256	-24.7058
			vertex	-21.6346	35.0429	-28.3539
		endloop
	endfacet
	facet normal	-0.536774	0.655908	-0.530715
		outer loop
			vertex	-26.0155	34.8256	-24.7058
			vertex	-24.6470	32.9937	-28.3539
			vertex	-28.9916	32.3900	-24.7058
		endloop
	endfacet
	facet normal	-0.536774	0.655908	-0.530715
		outer loop
			vertex	-27.4666	30.6863	-28.3539
			vertex	-28.9916	32.3900	-24.7058
			vertex	-24.6470	32.9937	-28.3539
		endloop
	endfacet
	facet normal	-0.592642	0.605901	-0.530715
		outer loop
			vertex	-28.9916	32.3900	-24.7058
			vertex	-27.4666	30.6863	-28.3539
			vertex	-31.7408	29.7010	-24.7058
		endloop
	endfacet
	facet normal	-0.592642	0.605901	-0.530715
		outer loop
			vertex	-30.0711	28.1387	-28.3539
			vertex	-31.7408	29.7010	-24.7058
			vertex	-27.4666	30.6863	-28.3539
		endloop
	endfacet
	facet normal	-0.643873	0.551152	-0.530715
		outer loop
			vertex	-31.7408	29.7010	-24.7058
			vertex	-30.0711	28.1387	-28.3539
			vertex	-34.2415	26.7795	-24.7058
		endloop
	endfacet
	facet normal	-0.643873	0.551152	-0.530715
		outer loop
			vertex	-32.4404	25.3709	-28.3539
			vertex	-34.2415	26.7795	-24.7058
			vertex	-30.0711	28.1387	-28.3539
		endloop
	endfacet
	facet normal	-0.690064	0.492090	-0.530715
		outer loop
			vertex	-34.2415	26.7795	-24.7058
			vertex	-32.4404	25.3709	-28.3539
			vertex	-36.4743	23.6485	-24.7058
		endloop
	endfacet
	facet normal	-0.690064	0.492091	-0.530715
		outer loop
			vertex	-34.5557	22.4045	-28.3539
			vertex	-36.4743	23.6485	-24.7058
			vertex	-32.4404	25.3709	-28.3539
		endloop
	endfacet
	facet normal	-0.730855	0.429177	-0.530715
		outer loop
			vertex	-36.4743	23.6485	-24.7058
			vertex	-34.5557	22.4045	-28.3539
			vertex	-38.4216	20.3323	-24.7058
		endloop
	endfacet
	facet normal	-0.730855	0.429177	-0.530715
		outer loop
			vertex	-36.4006	19.2628	-28.3539
			vertex	-38.4216	20.3323	-24.7058
			vertex	-34.5557	22.4045	-28.3539
		endloop
	endfacet
	facet normal	-0.765926	0.362904	-0.530715
		outer loop
			vertex	-38.4216	20.3323	-24.7058
			vertex	-36.4006	19.2628	-28.3539
			vertex	-40.0683	16.8571	-24.7058
		endloop
	endfacet
	facet normal	-0.765926	0.362904	-0.530715
		outer loop
			vertex	-37.9606	15.9703	-28.3539
			vertex	-40.0683	16.8571	-24.7058
			vertex	-36.4006	19.2628	-28.3539
		endloop
	endfacet
	facet normal	-0.795002	0.293791	-0.530715
		outer loop
			vertex	-40.0683	16.8571	-24.7058
			vertex	-37.9606	15.9703	-28.3539
			vertex	-41.4013	13.2499	-24.7058
		endloop
	endfacet
	facet normal	-0.795002	0.293791	-0.530715
		outer loop
			vertex	-39.2235	12.5529	-28.3539
			vertex	-41.4013	13.2499	-24.7058
			vertex	-37.9606	15.9703	-28.3539
		endloop
	endfacet
	facet normal	-0.817856	0.222379	-0.530715
		outer loop
			vertex	-41.4013	13.2499	-24.7058
			vertex	-39.2235	12.5529	-28.3539
			vertex	-42.4103	9.53895	-24.7058
		endloop
	endfacet
	facet normal	-0.817856	0.222379	-0.530715
		outer loop
			vertex	-40.1794	9.03719	-28.3539
			vertex	-42.4103	9.53895	-24.7058
			vertex	-39.2235	12.5529	-28.3539
		endloop
	endfacet
	facet normal	-0.834310	0.149227	-0.530715
		outer loop
			vertex	-42.4103	9.53895	-24.7058
			vertex	-40.1794	9.03719	-28.3539
			vertex	-43.0874	5.75340	-24.7058
		endloop
	endfacet
	facet normal	-0.834310	0.149227	-0.530715
		outer loop
			vertex	-40.8209	5.45076	-28.3539
			vertex	-43.0874	5.75340	-24.7058
			vertex	-40.1794	9.03719	-28.3539
		endloop
	endfacet
	facet normal	-0.844234	0.0749067	-0.530715
		outer loop
			vertex	-43.0874	5.75340	-24.7058
			vertex	-40.8209	5.45076	-28.3539
			vertex	-43.4273	1.92282	-24.7058
		endloop
	endfacet
	facet normal	-0.844234	0.0749070	-0.530715
		outer loop
			vertex	-41.1429	1.82167	-28.3539
			vertex	-43.4273	1.92282	-24.7058
			vertex	-40.8209	5.45076	-28.3539
		endloop
	endfacet
	facet normal	-0.847550	0.000000	-0.530715
		outer loop
			vertex	-43.4273	1.92282	-24.7058
			vertex	-41.1429	1.82167	-28.3539
			vertex	-43.4273	-1.92282	-24.7058
		endloop
	endfacet
	facet normal	-0.847550	0.000000	-0.530715
		outer loop
			vertex	-41.1429	-1.82167	-28.3539
			vertex	-43.4273	-1.92282	-24.7058
			vertex	-41.1429	1.82167	-28.3539
		endloop
	endfacet
	facet normal	-0.844234	-0.0749067	-0.530715
		outer loop
			vertex	-43.4273	-1.92282	-24.7058
			vertex	-41.1429	-1.82167	-28.3539
			vertex	-43.0874	-5.75340	-24.7058
		endloop
	endfacet
	facet normal	-0.844233	-0.0749070	-0.530715
		outer loop
			vertex	-40.8209	-5.45076	-28.3539
			vertex	-43.0874	-5.75340	-24.7058
			vertex	-41.1429	-1.82167	-28.3539
		endloop
	endfacet
	facet normal	-0.834310	-0.149227	-0.530715
		outer loop
			vertex	-43.0874	-5.75340	-24.7058
			vertex	-40.8209	-5.45076	-28.3539
			vertex	-42.4103	-9.53895	-24.7058
		endloop
	endfacet
	facet normal	-0.834310	-0.149227	-0.530715
		outer loop
			vertex	-40.1794	-9.03719	-28.3539
			vertex	-42.4103	-9.53895	-24.7058
			vertex	-40.8209	-5.45076	-28.3539
		endloop
	endfacet
	facet normal	-0.817856	-0.222379	-0.530715
		outer loop
			vertex	-42.4103	-9.53895	-24.7058
			vertex	-40.1794	-9.03719	-28.3539
			vertex	-41.4013	-13.2499	-24.7058
		endloop
	endfacet
	facet normal	-0.817856	-0.222379	-0.530715
		outer loop
			vertex	-39.2235	-12.5529	-28.3539
			vertex	-41.4013	-13.2499	-24.7058
			vertex	-40.1794	-9.03719	-28.3539
		endloop
	endfacet
	facet normal	-0.795002	-0.293791	-0.530715
		outer loop
			vertex	-41.4013	-13.2499	-24.7058
			vertex	-39.2235	-12.5529	-28.3539
			vertex	-40.0683	-16.8571	-24.7058
		endloop
	endfacet
	facet normal	-0.795002	-0.293791	-0.530715
		outer loop
			vertex	-37.9606	-15.9703	-28.3539
			vertex	-40.0683	-16.8571	-24.7058
			vertex	-39.2235	-12.5529	-28.3539
		endloop
	endfacet
	facet normal	-0.765925	-0.362904	-0.530715
		outer loop
			vertex	-40.0683	-16.8571	-24.7058
			vertex	-37.9606	-15.9703	-28.3539
			vertex	-38.4216	-20.3323	-24.7058
		endloop
	endfacet
	facet normal	-0.765926	-0.362904	-0.530715
		outer loop
			vertex	-36.4006	-19.2628	-28.3539
			vertex	-38.4216	-20.3323	-24.7058
			vertex	-37.9606	-15.9703	-28.3539
		endloop
	endfacet
	facet normal	-0.730855	-0.429177	-0.530715
		outer loop
			vertex	-38.4216	-20.3323	-24.7058
			vertex	-36.4006	-19.2628	-28.3539
			vertex	-36.4743	-23.6485	-24.7058
		endloop
	endfacet
	facet normal	-0.730855	-0.429177	-0.530715
		outer loop
			vertex	-34.5557	-22.4045	-28.3539
			vertex	-36.4743	-23.6485	-24.7058
			vertex	-36.4006	-19.2628	-28.3539
		endloop
	endfacet
	facet normal	-0.690065	-0.492090	-0.530715
		outer loop
			vertex	-36.4743	-23.6485	-24.7058
			vertex	-34.5557	-22.4045	-28.3539
			vertex	-34.2415	-26.7795	-24.7058
		endloop
	endfacet
	facet normal	-0.690064	-0.492090	-0.530715
		outer loop
			vertex	-32.4404	-25.3709	-28.3539
			vertex	-34.2415	-26.7795	-24.7058
			vertex	-34.5557	-22.4045	-28.3539
		endloop
	endfacet
	facet normal	-0.643873	-0.551152	-0.530715
		outer loop
			vertex	-34.2415	-26.7795	-24.7058
			vertex	-32.4404	-25.3709	-28.3539
			vertex	-31.7408	-29.7010	-24.7058
		endloop
	endfacet
	facet normal	-0.643873	-0.551152	-0.530715
		outer loop
			vertex	-30.0711	-28.1387	-28.3539
			vertex	-31.7408	-29.7010	-24.7058
			vertex	-32.4404	-25.3709	-28.3539
		endloop
	endfacet
	facet normal	-0.592642	-0.605901	-0.530715
		outer loop
			vertex	-31.7408	-29.7010	-24.7058
			vertex	-30.0711	-28.1387	-28.3539
			vertex	-28.9916	-32.3900	-24.7058
		endloop
	endfacet
	facet normal	-0.592643	-0.605901	-0.530715
		outer loop
			vertex	-27.4666	-30.6863	-28.3539
			vertex	-28.9916	-32.3900	-24.7058
			vertex	-30.0711	-28.1387	-28.3539
		endloop
	endfacet
	facet normal	-0.536774	-0.655908	-0.530715
		outer loop
			vertex	-28.9916	-32.3900	-24.7058
			vertex	-27.4666	-30.6863	-28.3539
			vertex	-26.0155	-34.8256	-24.7058
		endloop
	endfacet
	facet normal	-0.536774	-0.655908	-0.530715
		outer loop
			vertex	-24.6470	-32.9937	-28.3539
			vertex	-26.0155	-34.8256	-24.7058
			vertex	-27.4666	-30.6863	-28.3539
		endloop
	endfacet
	facet normal	-0.476704	-0.700781	-0.530715
		outer loop
			vertex	-26.0155	-34.8256	-24.7058
			vertex	-24.6470	-32.9937	-28.3539
			vertex	-22.8358	-36.9885	-24.7058
		endloop
	endfacet
	facet normal	-0.476704	-0.700782	-0.530715
		outer loop
			vertex	-21.6346	-35.0429	-28.3539
			vertex	-22.8358	-36.9885	-24.7058
			vertex	-24.6470	-32.9937	-28.3539
		endloop
	endfacet
	facet normal	-0.412903	-0.740170	-0.530715
		outer loop
			vertex	-22.8358	-36.9885	-24.7058
			vertex	-21.6346	-35.0429	-28.3539
			vertex	-19.4774	-38.8620	-24.7058
		endloop
	endfacet
	facet normal	-0.412904	-0.740170	-0.530715
		outer loop
			vertex	-18.4528	-36.8178	-28.3539
			vertex	-19.4774	-38.8620	-24.7058
			vertex	-21.6346	-35.0429	-28.3539
		endloop
	endfacet
	facet normal	-0.345871	-0.773767	-0.530715
		outer loop
			vertex	-19.4774	-38.8620	-24.7058
			vertex	-18.4528	-36.8178	-28.3539
			vertex	-15.9665	-40.4314	-24.7058
		endloop
	endfacet
	facet normal	-0.345871	-0.773767	-0.530715
		outer loop
			vertex	-15.1267	-38.3046	-28.3539
			vertex	-15.9665	-40.4314	-24.7058
			vertex	-18.4528	-36.8178	-28.3539
		endloop
	endfacet
	facet normal	-0.276132	-0.801307	-0.530715
		outer loop
			vertex	-15.9665	-40.4314	-24.7058
			vertex	-15.1267	-38.3046	-28.3539
			vertex	-12.3307	-41.6843	-24.7058
		endloop
	endfacet
	facet normal	-0.276133	-0.801307	-0.530715
		outer loop
			vertex	-11.6821	-39.4916	-28.3539
			vertex	-12.3307	-41.6843	-24.7058
			vertex	-15.1267	-38.3046	-28.3539
		endloop
	endfacet
	facet normal	-0.204233	-0.822576	-0.530715
		outer loop
			vertex	-12.3307	-41.6843	-24.7058
			vertex	-11.6821	-39.4916	-28.3539
			vertex	-8.59841	-42.6109	-24.7058
		endloop
	endfacet
	facet normal	-0.204233	-0.822576	-0.530715
		outer loop
			vertex	-8.14612	-40.3695	-28.3539
			vertex	-8.59841	-42.6109	-24.7058
			vertex	-11.6821	-39.4916	-28.3539
		endloop
	endfacet
	facet normal	-0.130734	-0.837407	-0.530715
		outer loop
			vertex	-8.59841	-42.6109	-24.7058
			vertex	-8.14612	-40.3695	-28.3539
			vertex	-4.79881	-43.2041	-24.7058
		endloop
	endfacet
	facet normal	-0.130733	-0.837407	-0.530715
		outer loop
			vertex	-4.54638	-40.9315	-28.3539
			vertex	-4.79881	-43.2041	-24.7058
			vertex	-8.14612	-40.3695	-28.3539
		endloop
	endfacet
	facet normal	-0.0562126	-0.845684	-0.530715
		outer loop
			vertex	-4.79881	-43.2041	-24.7058
			vertex	-4.54638	-40.9315	-28.3539
			vertex	-0.961643	-43.4592	-24.7058
		endloop
	endfacet
	facet normal	-0.0562122	-0.845684	-0.530715
		outer loop
			vertex	-0.911059	-41.1732	-28.3539
			vertex	-0.961643	-43.4592	-24.7058
			vertex	-4.54638	-40.9315	-28.3539
		endloop
	endfacet
	facet normal	0.0187499	-0.847343	-0.530715
		outer loop
			vertex	-0.961643	-43.4592	-24.7058
			vertex	-0.911059	-41.1732	-28.3539
			vertex	2.88305	-43.3741	-24.7058
		endloop
	endfacet
	facet normal	0.0187494	-0.847343	-0.530715
		outer loop
			vertex	2.73139	-41.0926	-28.3539
			vertex	2.88305	-43.3741	-24.7058
			vertex	-0.911059	-41.1732	-28.3539
		endloop
	endfacet
	facet normal	0.0935646	-0.842370	-0.530715
		outer loop
			vertex	2.88305	-43.3741	-24.7058
			vertex	2.73139	-41.0926	-28.3539
			vertex	6.70517	-42.9496	-24.7058
		endloop
	endfacet
	facet normal	0.0935648	-0.842370	-0.530715
		outer loop
			vertex	6.35247	-40.6904	-28.3539
			vertex	6.70517	-42.9496	-24.7058
			vertex	2.73139	-41.0926	-28.3539
		endloop
	endfacet
	facet normal	0.167647	-0.830804	-0.530715
		outer loop
			vertex	6.70517	-42.9496	-24.7058
			vertex	6.35247	-40.6904	-28.3539
			vertex	10.4748	-42.1889	-24.7058
		endloop
	endfacet
	facet normal	0.167646	-0.830805	-0.530715
		outer loop
			vertex	9.92383	-39.9697	-28.3539
			vertex	10.4748	-42.1889	-24.7058
			vertex	6.35247	-40.6904	-28.3539
		endloop
	endfacet
	facet normal	0.240418	-0.812737	-0.530715
		outer loop
			vertex	10.4748	-42.1889	-24.7058
			vertex	9.92383	-39.9697	-28.3539
			vertex	14.1625	-41.0980	-24.7058
		endloop
	endfacet
	facet normal	0.240418	-0.812737	-0.530715
		outer loop
			vertex	13.4175	-38.9362	-28.3539
			vertex	14.1625	-41.0980	-24.7058
			vertex	9.92383	-39.9697	-28.3539
		endloop
	endfacet
	facet normal	0.311306	-0.788308	-0.530715
		outer loop
			vertex	14.1625	-41.0980	-24.7058
			vertex	13.4175	-38.9362	-28.3539
			vertex	17.7393	-39.6855	-24.7058
		endloop
	endfacet
	facet normal	0.311306	-0.788308	-0.530715
		outer loop
			vertex	16.8062	-37.5980	-28.3539
			vertex	17.7393	-39.6855	-24.7058
			vertex	13.4175	-38.9362	-28.3539
		endloop
	endfacet
	facet normal	0.379759	-0.757710	-0.530715
		outer loop
			vertex	17.7393	-39.6855	-24.7058
			vertex	16.8062	-37.5980	-28.3539
			vertex	21.1773	-37.9624	-24.7058
		endloop
	endfacet
	facet normal	0.379759	-0.757710	-0.530715
		outer loop
			vertex	20.0634	-35.9656	-28.3539
			vertex	21.1773	-37.9624	-24.7058
			vertex	16.8062	-37.5980	-28.3539
		endloop
	endfacet
	facet normal	0.445240	-0.721182	-0.530715
		outer loop
			vertex	21.1773	-37.9624	-24.7058
			vertex	20.0634	-35.9656	-28.3539
			vertex	24.4496	-35.9422	-24.7058
		endloop
	endfacet
	facet normal	0.445240	-0.721182	-0.530715
		outer loop
			vertex	23.1635	-34.0516	-28.3539
			vertex	24.4496	-35.9422	-24.7058
			vertex	20.0634	-35.9656	-28.3539
		endloop
	endfacet
	facet normal	0.507235	-0.679009	-0.530715
		outer loop
			vertex	24.4496	-35.9422	-24.7058
			vertex	23.1635	-34.0516	-28.3539
			vertex	27.5305	-33.6407	-24.7058
		endloop
	endfacet
	facet normal	0.507235	-0.679010	-0.530715
		outer loop
			vertex	26.0823	-31.8712	-28.3539
			vertex	27.5305	-33.6407	-24.7058
			vertex	23.1635	-34.0516	-28.3539
		endloop
	endfacet
	facet normal	0.565261	-0.631523	-0.530715
		outer loop
			vertex	27.5305	-33.6407	-24.7058
			vertex	26.0823	-31.8712	-28.3539
			vertex	30.3959	-31.0759	-24.7058
		endloop
	endfacet
	facet normal	0.565262	-0.631523	-0.530715
		outer loop
			vertex	28.7970	-29.4413	-28.3539
			vertex	30.3959	-31.0759	-24.7058
			vertex	26.0823	-31.8712	-28.3539
		endloop
	endfacet
	facet normal	0.618863	-0.579094	-0.530715
		outer loop
			vertex	30.3959	-31.0759	-24.7058
			vertex	28.7970	-29.4413	-28.3539
			vertex	33.0235	-28.2679	-24.7058
		endloop
	endfacet
	facet normal	0.618863	-0.579094	-0.530715
		outer loop
			vertex	31.2864	-26.7810	-28.3539
			vertex	33.0235	-28.2679	-24.7058
			vertex	28.7970	-29.4413	-28.3539
		endloop
	endfacet
	facet normal	0.667622	-0.522132	-0.530715
		outer loop
			vertex	33.0235	-28.2679	-24.7058
			vertex	31.2864	-26.7810	-28.3539
			vertex	35.3926	-25.2387	-24.7058
		endloop
	endfacet
	facet normal	0.667622	-0.522132	-0.530715
		outer loop
			vertex	33.5309	-23.9111	-28.3539
			vertex	35.3926	-25.2387	-24.7058
			vertex	31.2864	-26.7810	-28.3539
		endloop
	endfacet
	facet normal	0.711156	-0.461084	-0.530715
		outer loop
			vertex	35.3926	-25.2387	-24.7058
			vertex	33.5309	-23.9111	-28.3539
			vertex	37.4847	-22.0119	-24.7058
		endloop
	endfacet
	facet normal	0.711156	-0.461084	-0.530715
		outer loop
			vertex	35.5129	-20.8541	-28.3539
			vertex	37.4847	-22.0119	-24.7058
			vertex	33.5309	-23.9111	-28.3539
		endloop
	endfacet
	facet normal	0.749124	-0.396428	-0.530715
		outer loop
			vertex	37.4847	-22.0119	-24.7058
			vertex	35.5129	-20.8541	-28.3539
			vertex	39.2834	-18.6129	-24.7058
		endloop
	endfacet
	facet normal	0.749124	-0.396429	-0.530715
		outer loop
			vertex	37.2170	-17.6338	-28.3539
			vertex	39.2834	-18.6129	-24.7058
			vertex	35.5129	-20.8541	-28.3539
		endloop
	endfacet
	facet normal	0.781229	-0.328669	-0.530715
		outer loop
			vertex	39.2834	-18.6129	-24.7058
			vertex	37.2170	-17.6338	-28.3539
			vertex	40.7747	-15.0682	-24.7058
		endloop
	endfacet
	facet normal	0.781229	-0.328670	-0.530715
		outer loop
			vertex	38.6299	-14.2756	-28.3539
			vertex	40.7747	-15.0682	-24.7058
			vertex	37.2170	-17.6338	-28.3539
		endloop
	endfacet
	facet normal	0.807219	-0.258339	-0.530715
		outer loop
			vertex	40.7747	-15.0682	-24.7058
			vertex	38.6299	-14.2756	-28.3539
			vertex	41.9469	-11.4056	-24.7058
		endloop
	endfacet
	facet normal	0.807219	-0.258338	-0.530715
		outer loop
			vertex	39.7404	-10.8056	-28.3539
			vertex	41.9469	-11.4056	-24.7058
			vertex	38.6299	-14.2756	-28.3539
		endloop
	endfacet
	facet normal	0.826892	-0.185985	-0.530715
		outer loop
			vertex	41.9469	-11.4056	-24.7058
			vertex	39.7404	-10.8056	-28.3539
			vertex	42.7907	-7.65367	-24.7058
		endloop
	endfacet
	facet normal	0.826892	-0.185985	-0.530715
		outer loop
			vertex	40.5399	-7.25107	-28.3539
			vertex	42.7907	-7.65367	-24.7058
			vertex	39.7404	-10.8056	-28.3539
		endloop
	endfacet
	facet normal	0.840094	-0.112176	-0.530715
		outer loop
			vertex	42.7907	-7.65367	-24.7058
			vertex	40.5399	-7.25107	-28.3539
			vertex	43.2997	-3.84187	-24.7058
		endloop
	endfacet
	facet normal	0.840094	-0.112177	-0.530715
		outer loop
			vertex	41.0221	-3.63978	-28.3539
			vertex	43.2997	-3.84187	-24.7058
			vertex	40.5399	-7.25107	-28.3539
		endloop
	endfacet
	facet normal	0.846721	-0.0374906	-0.530715
		outer loop
			vertex	43.2997	-3.84187	-24.7058
			vertex	41.0221	-3.63978	-28.3539
			vertex	43.4698	0.000000	-24.7058
		endloop
	endfacet
	facet normal	0.846721	-0.0374901	-0.530715
		outer loop
			vertex	41.1832	0.000000	-28.3539
			vertex	43.4698	0.000000	-24.7058
			vertex	41.0221	-3.63978	-28.3539
		endloop
	endfacet
	facet normal	0.846721	0.0374906	-0.530715
		outer loop
			vertex	43.4698	0.000000	-24.7058
			vertex	41.1832	0.000000	-28.3539
			vertex	43.2997	3.84187	-24.7058
		endloop
	endfacet
	facet normal	0.846721	0.0374901	-0.530715
		outer loop
			vertex	41.0221	3.63978	-28.3539
			vertex	43.2997	3.84187	-24.7058
			vertex	41.1832	0.000000	-28.3539
		endloop
	endfacet
	facet normal	0.791742	0.105720	-0.601638
		outer loop
			vertex	41.0221	3.63978	-28.3539
			vertex	38.4403	3.41070	-31.7917
			vertex	40.5399	7.25107	-28.3539
		endloop
	endfacet
	facet normal	0.791742	0.105720	-0.601638
		outer loop
			vertex	37.9884	6.79471	-31.7917
			vertex	40.5399	7.25107	-28.3539
			vertex	38.4403	3.41070	-31.7917
		endloop
	endfacet
	facet normal	0.779300	0.175281	-0.601638
		outer loop
			vertex	40.5399	7.25107	-28.3539
			vertex	37.9884	6.79471	-31.7917
			vertex	39.7404	10.8056	-28.3539
		endloop
	endfacet
	facet normal	0.779300	0.175281	-0.601638
		outer loop
			vertex	37.2392	10.1255	-31.7917
			vertex	39.7404	10.8056	-28.3539
			vertex	37.9884	6.79471	-31.7917
		endloop
	endfacet
	facet normal	0.760759	0.243469	-0.601638
		outer loop
			vertex	39.7404	10.8056	-28.3539
			vertex	37.2392	10.1255	-31.7917
			vertex	38.6299	14.2756	-28.3539
		endloop
	endfacet
	facet normal	0.760759	0.243469	-0.601638
		outer loop
			vertex	36.1986	13.3771	-31.7917
			vertex	38.6299	14.2756	-28.3539
			vertex	37.2392	10.1255	-31.7917
		endloop
	endfacet
	facet normal	0.736264	0.309753	-0.601638
		outer loop
			vertex	38.6299	14.2756	-28.3539
			vertex	36.1986	13.3771	-31.7917
			vertex	37.2170	17.6338	-28.3539
		endloop
	endfacet
	facet normal	0.736264	0.309752	-0.601638
		outer loop
			vertex	34.8747	16.5240	-31.7917
			vertex	37.2170	17.6338	-28.3539
			vertex	36.1986	13.3771	-31.7917
		endloop
	endfacet
	facet normal	0.706007	0.373612	-0.601638
		outer loop
			vertex	37.2170	17.6338	-28.3539
			vertex	34.8747	16.5240	-31.7917
			vertex	35.5129	20.8541	-28.3539
		endloop
	endfacet
	facet normal	0.706007	0.373612	-0.601638
		outer loop
			vertex	33.2778	19.5416	-31.7917
			vertex	35.5129	20.8541	-28.3539
			vertex	34.8747	16.5240	-31.7917
		endloop
	endfacet
	facet normal	0.670225	0.434546	-0.601638
		outer loop
			vertex	35.5129	20.8541	-28.3539
			vertex	33.2778	19.5416	-31.7917
			vertex	33.5309	23.9111	-28.3539
		endloop
	endfacet
	facet normal	0.670225	0.434546	-0.601638
		outer loop
			vertex	31.4205	22.4062	-31.7917
			vertex	33.5309	23.9111	-28.3539
			vertex	33.2778	19.5416	-31.7917
		endloop
	endfacet
	facet normal	0.629196	0.492081	-0.601638
		outer loop
			vertex	33.5309	23.9111	-28.3539
			vertex	31.4205	22.4062	-31.7917
			vertex	31.2864	26.7810	-28.3539
		endloop
	endfacet
	facet normal	0.629196	0.492081	-0.601638
		outer loop
			vertex	29.3173	25.0955	-31.7917
			vertex	31.2864	26.7810	-28.3539
			vertex	31.4205	22.4062	-31.7917
		endloop
	endfacet
	facet normal	0.583244	0.545763	-0.601638
		outer loop
			vertex	31.2864	26.7810	-28.3539
			vertex	29.3173	25.0955	-31.7917
			vertex	28.7970	29.4413	-28.3539
		endloop
	endfacet
	facet normal	0.583244	0.545763	-0.601638
		outer loop
			vertex	26.9846	27.5883	-31.7917
			vertex	28.7970	29.4413	-28.3539
			vertex	29.3173	25.0955	-31.7917
		endloop
	endfacet
	facet normal	0.532727	0.595175	-0.601638
		outer loop
			vertex	28.7970	29.4413	-28.3539
			vertex	26.9846	27.5883	-31.7917
			vertex	26.0823	31.8712	-28.3539
		endloop
	endfacet
	facet normal	0.532727	0.595175	-0.601638
		outer loop
			vertex	24.4408	29.8653	-31.7917
			vertex	26.0823	31.8712	-28.3539
			vertex	26.9846	27.5883	-31.7917
		endloop
	endfacet
	facet normal	0.478041	0.639928	-0.601638
		outer loop
			vertex	26.0823	31.8712	-28.3539
			vertex	24.4408	29.8653	-31.7917
			vertex	23.1635	34.0516	-28.3539
		endloop
	endfacet
	facet normal	0.478041	0.639928	-0.601638
		outer loop
			vertex	21.7056	31.9085	-31.7917
			vertex	23.1635	34.0516	-28.3539
			vertex	24.4408	29.8653	-31.7917
		endloop
	endfacet
	facet normal	0.419614	0.679673	-0.601638
		outer loop
			vertex	23.1635	34.0516	-28.3539
			vertex	21.7056	31.9085	-31.7917
			vertex	20.0634	35.9656	-28.3539
		endloop
	endfacet
	facet normal	0.419613	0.679673	-0.601639
		outer loop
			vertex	18.8006	33.7020	-31.7917
			vertex	20.0634	35.9656	-28.3539
			vertex	21.7056	31.9085	-31.7917
		endloop
	endfacet
	facet normal	0.357901	0.714099	-0.601639
		outer loop
			vertex	20.0634	35.9656	-28.3539
			vertex	18.8006	33.7020	-31.7917
			vertex	16.8062	37.5980	-28.3539
		endloop
	endfacet
	facet normal	0.357902	0.714099	-0.601638
		outer loop
			vertex	15.7485	35.2317	-31.7917
			vertex	16.8062	37.5980	-28.3539
			vertex	18.8006	33.7020	-31.7917
		endloop
	endfacet
	facet normal	0.293389	0.742936	-0.601638
		outer loop
			vertex	16.8062	37.5980	-28.3539
			vertex	15.7485	35.2317	-31.7917
			vertex	13.4175	38.9362	-28.3539
		endloop
	endfacet
	facet normal	0.293389	0.742936	-0.601638
		outer loop
			vertex	12.5731	36.4857	-31.7917
			vertex	13.4175	38.9362	-28.3539
			vertex	15.7485	35.2317	-31.7917
		endloop
	endfacet
	facet normal	0.226580	0.765959	-0.601638
		outer loop
			vertex	13.4175	38.9362	-28.3539
			vertex	12.5731	36.4857	-31.7917
			vertex	9.92383	39.9697	-28.3539
		endloop
	endfacet
	facet normal	0.226580	0.765959	-0.601638
		outer loop
			vertex	9.29925	37.4541	-31.7917
			vertex	9.92383	39.9697	-28.3539
			vertex	12.5731	36.4857	-31.7917
		endloop
	endfacet
	facet normal	0.157997	0.782987	-0.601638
		outer loop
			vertex	9.92383	39.9697	-28.3539
			vertex	9.29925	37.4541	-31.7917
			vertex	6.35247	40.6904	-28.3539
		endloop
	endfacet
	facet normal	0.157998	0.782987	-0.601638
		outer loop
			vertex	5.95266	38.1294	-31.7917
			vertex	6.35247	40.6904	-28.3539
			vertex	9.29925	37.4541	-31.7917
		endloop
	endfacet
	facet normal	0.0881796	0.793887	-0.601638
		outer loop
			vertex	6.35247	40.6904	-28.3539
			vertex	5.95266	38.1294	-31.7917
			vertex	2.73139	41.0926	-28.3539
		endloop
	endfacet
	facet normal	0.0881791	0.793887	-0.601638
		outer loop
			vertex	2.55949	38.5063	-31.7917
			vertex	2.73139	41.0926	-28.3539
			vertex	5.95266	38.1294	-31.7917
		endloop
	endfacet
	facet normal	0.0176703	0.798573	-0.601638
		outer loop
			vertex	2.73139	41.0926	-28.3539
			vertex	2.55949	38.5063	-31.7917
			vertex	-0.911059	41.1732	-28.3539
		endloop
	endfacet
	facet normal	0.0176706	0.798573	-0.601638
		outer loop
			vertex	-0.853720	38.5818	-31.7917
			vertex	-0.911059	41.1732	-28.3539
			vertex	2.55949	38.5063	-31.7917
		endloop
	endfacet
	facet normal	-0.0529769	0.797010	-0.601638
		outer loop
			vertex	-0.911059	41.1732	-28.3539
			vertex	-0.853720	38.5818	-31.7917
			vertex	-4.54638	40.9315	-28.3539
		endloop
	endfacet
	facet normal	-0.0529768	0.797010	-0.601638
		outer loop
			vertex	-4.26025	38.3554	-31.7917
			vertex	-4.54638	40.9315	-28.3539
			vertex	-0.853720	38.5818	-31.7917
		endloop
	endfacet
	facet normal	-0.123208	0.789209	-0.601638
		outer loop
			vertex	-4.54638	40.9315	-28.3539
			vertex	-4.26025	38.3554	-31.7917
			vertex	-8.14612	40.3695	-28.3539
		endloop
	endfacet
	facet normal	-0.123210	0.789209	-0.601639
		outer loop
			vertex	-7.63343	37.8288	-31.7917
			vertex	-8.14612	40.3695	-28.3539
			vertex	-4.26025	38.3554	-31.7917
		endloop
	endfacet
	facet normal	-0.192478	0.775231	-0.601639
		outer loop
			vertex	-8.14612	40.3695	-28.3539
			vertex	-7.63343	37.8288	-31.7917
			vertex	-11.6821	39.4916	-28.3539
		endloop
	endfacet
	facet normal	-0.192477	0.775231	-0.601638
		outer loop
			vertex	-10.9469	37.0061	-31.7917
			vertex	-11.6821	39.4916	-28.3539
			vertex	-7.63343	37.8288	-31.7917
		endloop
	endfacet
	facet normal	-0.260240	0.755187	-0.601638
		outer loop
			vertex	-11.6821	39.4916	-28.3539
			vertex	-10.9469	37.0061	-31.7917
			vertex	-15.1267	38.3046	-28.3539
		endloop
	endfacet
	facet normal	-0.260239	0.755187	-0.601638
		outer loop
			vertex	-14.1746	35.8938	-31.7917
			vertex	-15.1267	38.3046	-28.3539
			vertex	-10.9469	37.0061	-31.7917
		endloop
	endfacet
	facet normal	-0.325964	0.729232	-0.601638
		outer loop
			vertex	-15.1267	38.3046	-28.3539
			vertex	-14.1746	35.8938	-31.7917
			vertex	-18.4528	36.8178	-28.3539
		endloop
	endfacet
	facet normal	-0.325964	0.729232	-0.601638
		outer loop
			vertex	-17.2915	34.5006	-31.7917
			vertex	-18.4528	36.8178	-28.3539
			vertex	-14.1746	35.8938	-31.7917
		endloop
	endfacet
	facet normal	-0.389138	0.697569	-0.601638
		outer loop
			vertex	-18.4528	36.8178	-28.3539
			vertex	-17.2915	34.5006	-31.7917
			vertex	-21.6346	35.0429	-28.3539
		endloop
	endfacet
	facet normal	-0.389139	0.697569	-0.601638
		outer loop
			vertex	-20.2730	32.8374	-31.7917
			vertex	-21.6346	35.0429	-28.3539
			vertex	-17.2915	34.5006	-31.7917
		endloop
	endfacet
	facet normal	-0.449267	0.660447	-0.601638
		outer loop
			vertex	-21.6346	35.0429	-28.3539
			vertex	-20.2730	32.8374	-31.7917
			vertex	-24.6470	32.9937	-28.3539
		endloop
	endfacet
	facet normal	-0.449267	0.660448	-0.601638
		outer loop
			vertex	-23.0958	30.9172	-31.7917
			vertex	-24.6470	32.9937	-28.3539
			vertex	-20.2730	32.8374	-31.7917
		endloop
	endfacet
	facet normal	-0.505879	0.618157	-0.601638
		outer loop
			vertex	-24.6470	32.9937	-28.3539
			vertex	-23.0958	30.9172	-31.7917
			vertex	-27.4666	30.6863	-28.3539
		endloop
	endfacet
	facet normal	-0.505880	0.618156	-0.601638
		outer loop
			vertex	-25.7379	28.7550	-31.7917
			vertex	-27.4666	30.6863	-28.3539
			vertex	-23.0958	30.9172	-31.7917
		endloop
	endfacet
	facet normal	-0.558532	0.571028	-0.601638
		outer loop
			vertex	-27.4666	30.6863	-28.3539
			vertex	-25.7379	28.7550	-31.7917
			vertex	-30.0711	28.1387	-28.3539
		endloop
	endfacet
	facet normal	-0.558532	0.571028	-0.601638
		outer loop
			vertex	-28.1785	26.3677	-31.7917
			vertex	-30.0711	28.1387	-28.3539
			vertex	-25.7379	28.7550	-31.7917
		endloop
	endfacet
	facet normal	-0.606814	0.519430	-0.601638
		outer loop
			vertex	-30.0711	28.1387	-28.3539
			vertex	-28.1785	26.3677	-31.7917
			vertex	-32.4404	25.3709	-28.3539
		endloop
	endfacet
	facet normal	-0.606814	0.519430	-0.601638
		outer loop
			vertex	-30.3987	23.7741	-31.7917
			vertex	-32.4404	25.3709	-28.3539
			vertex	-28.1785	26.3677	-31.7917
		endloop
	endfacet
	facet normal	-0.650347	0.463768	-0.601638
		outer loop
			vertex	-32.4404	25.3709	-28.3539
			vertex	-30.3987	23.7741	-31.7917
			vertex	-34.5557	22.4045	-28.3539
		endloop
	endfacet
	facet normal	-0.650347	0.463767	-0.601638
		outer loop
			vertex	-32.3809	20.9944	-31.7917
			vertex	-34.5557	22.4045	-28.3539
			vertex	-30.3987	23.7741	-31.7917
		endloop
	endfacet
	facet normal	-0.688790	0.404475	-0.601638
		outer loop
			vertex	-34.5557	22.4045	-28.3539
			vertex	-32.3809	20.9944	-31.7917
			vertex	-36.4006	19.2628	-28.3539
		endloop
	endfacet
	facet normal	-0.688790	0.404475	-0.601638
		outer loop
			vertex	-34.1096	18.0505	-31.7917
			vertex	-36.4006	19.2628	-28.3539
			vertex	-32.3809	20.9944	-31.7917
		endloop
	endfacet
	facet normal	-0.721842	0.342016	-0.601638
		outer loop
			vertex	-36.4006	19.2628	-28.3539
			vertex	-34.1096	18.0505	-31.7917
			vertex	-37.9606	15.9703	-28.3539
		endloop
	endfacet
	facet normal	-0.721842	0.342017	-0.601638
		outer loop
			vertex	-35.5715	14.9652	-31.7917
			vertex	-37.9606	15.9703	-28.3539
			vertex	-34.1096	18.0505	-31.7917
		endloop
	endfacet
	facet normal	-0.749245	0.276882	-0.601638
		outer loop
			vertex	-37.9606	15.9703	-28.3539
			vertex	-35.5715	14.9652	-31.7917
			vertex	-39.2235	12.5529	-28.3539
		endloop
	endfacet
	facet normal	-0.749245	0.276882	-0.601638
		outer loop
			vertex	-36.7549	11.7628	-31.7917
			vertex	-39.2235	12.5529	-28.3539
			vertex	-35.5715	14.9652	-31.7917
		endloop
	endfacet
	facet normal	-0.770784	0.209580	-0.601638
		outer loop
			vertex	-39.2235	12.5529	-28.3539
			vertex	-36.7549	11.7628	-31.7917
			vertex	-40.1794	9.03719	-28.3539
		endloop
	endfacet
	facet normal	-0.770784	0.209580	-0.601638
		outer loop
			vertex	-37.6507	8.46841	-31.7917
			vertex	-40.1794	9.03719	-28.3539
			vertex	-36.7549	11.7628	-31.7917
		endloop
	endfacet
	facet normal	-0.786290	0.140638	-0.601638
		outer loop
			vertex	-40.1794	9.03719	-28.3539
			vertex	-37.6507	8.46841	-31.7917
			vertex	-40.8209	5.45076	-28.3539
		endloop
	endfacet
	facet normal	-0.786291	0.140638	-0.601638
		outer loop
			vertex	-38.2518	5.10771	-31.7917
			vertex	-40.8209	5.45076	-28.3539
			vertex	-37.6507	8.46841	-31.7917
		endloop
	endfacet
	facet normal	-0.795643	0.0705957	-0.601638
		outer loop
			vertex	-40.8209	5.45076	-28.3539
			vertex	-38.2518	5.10771	-31.7917
			vertex	-41.1429	1.82167	-28.3539
		endloop
	endfacet
	facet normal	-0.795643	0.0705952	-0.601638
		outer loop
			vertex	-38.5535	1.70702	-31.7917
			vertex	-41.1429	1.82167	-28.3539
			vertex	-38.2518	5.10771	-31.7917
		endloop
	endfacet
	facet normal	-0.798769	0.000000	-0.601638
		outer loop
			vertex	-41.1429	1.82167	-28.3539
			vertex	-38.5535	1.70702	-31.7917
			vertex	-41.1429	-1.82167	-28.3539
		endloop
	endfacet
	facet normal	-0.798769	0.000000	-0.601638
		outer loop
			vertex	-38.5535	-1.70702	-31.7917
			vertex	-41.1429	-1.82167	-28.3539
			vertex	-38.5535	1.70702	-31.7917
		endloop
	endfacet
	facet normal	-0.795643	-0.0705957	-0.601638
		outer loop
			vertex	-41.1429	-1.82167	-28.3539
			vertex	-38.5535	-1.70702	-31.7917
			vertex	-40.8209	-5.45076	-28.3539
		endloop
	endfacet
	facet normal	-0.795643	-0.0705952	-0.601638
		outer loop
			vertex	-38.2518	-5.10771	-31.7917
			vertex	-40.8209	-5.45076	-28.3539
			vertex	-38.5535	-1.70702	-31.7917
		endloop
	endfacet
	facet normal	-0.786291	-0.140638	-0.601638
		outer loop
			vertex	-40.8209	-5.45076	-28.3539
			vertex	-38.2518	-5.10771	-31.7917
			vertex	-40.1794	-9.03719	-28.3539
		endloop
	endfacet
	facet normal	-0.786290	-0.140638	-0.601638
		outer loop
			vertex	-37.6507	-8.46841	-31.7917
			vertex	-40.1794	-9.03719	-28.3539
			vertex	-38.2518	-5.10771	-31.7917
		endloop
	endfacet
	facet normal	-0.770784	-0.209580	-0.601638
		outer loop
			vertex	-40.1794	-9.03719	-28.3539
			vertex	-37.6507	-8.46841	-31.7917
			vertex	-39.2235	-12.5529	-28.3539
		endloop
	endfacet
	facet normal	-0.770784	-0.209580	-0.601638
		outer loop
			vertex	-36.7549	-11.7628	-31.7917
			vertex	-39.2235	-12.5529	-28.3539
			vertex	-37.6507	-8.46841	-31.7917
		endloop
	endfacet
	facet normal	-0.749245	-0.276882	-0.601638
		outer loop
			vertex	-39.2235	-12.5529	-28.3539
			vertex	-36.7549	-11.7628	-31.7917
			vertex	-37.9606	-15.9703	-28.3539
		endloop
	endfacet
	facet normal	-0.749245	-0.276882	-0.601638
		outer loop
			vertex	-35.5715	-14.9652	-31.7917
			vertex	-37.9606	-15.9703	-28.3539
			vertex	-36.7549	-11.7628	-31.7917
		endloop
	endfacet
	facet normal	-0.721842	-0.342017	-0.601638
		outer loop
			vertex	-37.9606	-15.9703	-28.3539
			vertex	-35.5715	-14.9652	-31.7917
			vertex	-36.4006	-19.2628	-28.3539
		endloop
	endfacet
	facet normal	-0.721842	-0.342017	-0.601638
		outer loop
			vertex	-34.1096	-18.0505	-31.7917
			vertex	-36.4006	-19.2628	-28.3539
			vertex	-35.5715	-14.9652	-31.7917
		endloop
	endfacet
	facet normal	-0.688790	-0.404475	-0.601638
		outer loop
			vertex	-36.4006	-19.2628	-28.3539
			vertex	-34.1096	-18.0505	-31.7917
			vertex	-34.5557	-22.4045	-28.3539
		endloop
	endfacet
	facet normal	-0.688790	-0.404475	-0.601638
		outer loop
			vertex	-32.3809	-20.9944	-31.7917
			vertex	-34.5557	-22.4045	-28.3539
			vertex	-34.1096	-18.0505	-31.7917
		endloop
	endfacet
	facet normal	-0.650347	-0.463768	-0.601638
		outer loop
			vertex	-34.5557	-22.4045	-28.3539
			vertex	-32.3809	-20.9944	-31.7917
			vertex	-32.4404	-25.3709	-28.3539
		endloop
	endfacet
	facet normal	-0.650347	-0.463768	-0.601638
		outer loop
			vertex	-30.3987	-23.7741	-31.7917
			vertex	-32.4404	-25.3709	-28.3539
			vertex	-32.3809	-20.9944	-31.7917
		endloop
	endfacet
	facet normal	-0.606814	-0.519430	-0.601638
		outer loop
			vertex	-32.4404	-25.3709	-28.3539
			vertex	-30.3987	-23.7741	-31.7917
			vertex	-30.0711	-28.1387	-28.3539
		endloop
	endfacet
	facet normal	-0.606814	-0.519430	-0.601638
		outer loop
			vertex	-28.1785	-26.3677	-31.7917
			vertex	-30.0711	-28.1387	-28.3539
			vertex	-30.3987	-23.7741	-31.7917
		endloop
	endfacet
	facet normal	-0.558532	-0.571028	-0.601638
		outer loop
			vertex	-30.0711	-28.1387	-28.3539
			vertex	-28.1785	-26.3677	-31.7917
			vertex	-27.4666	-30.6863	-28.3539
		endloop
	endfacet
	facet normal	-0.558532	-0.571028	-0.601638
		outer loop
			vertex	-25.7379	-28.7550	-31.7917
			vertex	-27.4666	-30.6863	-28.3539
			vertex	-28.1785	-26.3677	-31.7917
		endloop
	endfacet
	facet normal	-0.505879	-0.618157	-0.601638
		outer loop
			vertex	-27.4666	-30.6863	-28.3539
			vertex	-25.7379	-28.7550	-31.7917
			vertex	-24.6470	-32.9937	-28.3539
		endloop
	endfacet
	facet normal	-0.505880	-0.618156	-0.601638
		outer loop
			vertex	-23.0958	-30.9172	-31.7917
			vertex	-24.6470	-32.9937	-28.3539
			vertex	-25.7379	-28.7550	-31.7917
		endloop
	endfacet
	facet normal	-0.449267	-0.660447	-0.601638
		outer loop
			vertex	-24.6470	-32.9937	-28.3539
			vertex	-23.0958	-30.9172	-31.7917
			vertex	-21.6346	-35.0429	-28.3539
		endloop
	endfacet
	facet normal	-0.449266	-0.660448	-0.601638
		outer loop
			vertex	-20.2730	-32.8374	-31.7917
			vertex	-21.6346	-35.0429	-28.3539
			vertex	-23.0958	-30.9172	-31.7917
		endloop
	endfacet
	facet normal	-0.389138	-0.697569	-0.601638
		outer loop
			vertex	-21.6346	-35.0429	-28.3539
			vertex	-20.2730	-32.8374	-31.7917
			vertex	-18.4528	-36.8178	-28.3539
		endloop
	endfacet
	facet normal	-0.389139	-0.697569	-0.601638
		outer loop
			vertex	-17.2915	-34.5006	-31.7917
			vertex	-18.4528	-36.8178	-28.3539
			vertex	-20.2730	-32.8374	-31.7917
		endloop
	endfacet
	facet normal	-0.325964	-0.729232	-0.601638
		outer loop
			vertex	-18.4528	-36.8178	-28.3539
			vertex	-17.2915	-34.5006	-31.7917
			vertex	-15.1267	-38.3046	-28.3539
		endloop
	endfacet
	facet normal	-0.325964	-0.729232	-0.601638
		outer loop
			vertex	-14.1746	-35.8938	-31.7917
			vertex	-15.1267	-38.3046	-28.3539
			vertex	-17.2915	-34.5006	-31.7917
		endloop
	endfacet
	facet normal	-0.260240	-0.755187	-0.601638
		outer loop
			vertex	-15.1267	-38.3046	-28.3539
			vertex	-14.1746	-35.8938	-31.7917
			vertex	-11.6821	-39.4916	-28.3539
		endloop
	endfacet
	facet normal	-0.260239	-0.755187	-0.601638
		outer loop
			vertex	-10.9469	-37.0061	-31.7917
			vertex	-11.6821	-39.4916	-28.3539
			vertex	-14.1746	-35.8938	-31.7917
		endloop
	endfacet
	facet normal	-0.192478	-0.775231	-0.601638
		outer loop
			vertex	-11.6821	-39.4916	-28.3539
			vertex	-10.9469	-37.0061	-31.7917
			vertex	-8.14612	-40.3695	-28.3539
		endloop
	endfacet
	facet normal	-0.192477	-0.775231	-0.601639
		outer loop
			vertex	-7.63343	-37.8288	-31.7917
			vertex	-8.14612	-40.3695	-28.3539
			vertex	-10.9469	-37.0061	-31.7917
		endloop
	endfacet
	facet normal	-0.123208	-0.789209	-0.601639
		outer loop
			vertex	-8.14612	-40.3695	-28.3539
			vertex	-7.63343	-37.8288	-31.7917
			vertex	-4.54638	-40.9315	-28.3539
		endloop
	endfacet
	facet normal	-0.123210	-0.789209	-0.601638
		outer loop
			vertex	-4.26025	-38.3554	-31.7917
			vertex	-4.54638	-40.9315	-28.3539
			vertex	-7.63343	-37.8288	-31.7917
		endloop
	endfacet
	facet normal	-0.0529769	-0.797010	-0.601638
		outer loop
			vertex	-4.54638	-40.9315	-28.3539
			vertex	-4.26025	-38.3554	-31.7917
			vertex	-0.911059	-41.1732	-28.3539
		endloop
	endfacet
	facet normal	-0.0529768	-0.797010	-0.601638
		outer loop
			vertex	-0.853720	-38.5818	-31.7917
			vertex	-0.911059	-41.1732	-28.3539
			vertex	-4.26025	-38.3554	-31.7917
		endloop
	endfacet
	facet normal	0.0176703	-0.798573	-0.601638
		outer loop
			vertex	-0.911059	-41.1732	-28.3539
			vertex	-0.853720	-38.5818	-31.7917
			vertex	2.73139	-41.0926	-28.3539
		endloop
	endfacet
	facet normal	0.0176706	-0.798573	-0.601638
		outer loop
			vertex	2.55949	-38.5063	-31.7917
			vertex	2.73139	-41.0926	-28.3539
			vertex	-0.853720	-38.5818	-31.7917
		endloop
	endfacet
	facet normal	0.0881796	-0.793887	-0.601638
		outer loop
			vertex	2.73139	-41.0926	-28.3539
			vertex	2.55949	-38.5063	-31.7917
			vertex	6.35247	-40.6904	-28.3539
		endloop
	endfacet
	facet normal	0.0881791	-0.793887	-0.601638
		outer loop
			vertex	5.95266	-38.1294	-31.7917
			vertex	6.35247	-40.6904	-28.3539
			vertex	2.55949	-38.5063	-31.7917
		endloop
	endfacet
	facet normal	0.157997	-0.782987	-0.601638
		outer loop
			vertex	6.35247	-40.6904	-28.3539
			vertex	5.95266	-38.1294	-31.7917
			vertex	9.92383	-39.9697	-28.3539
		endloop
	endfacet
	facet normal	0.157998	-0.782987	-0.601638
		outer loop
			vertex	9.29925	-37.4541	-31.7917
			vertex	9.92383	-39.9697	-28.3539
			vertex	5.95266	-38.1294	-31.7917
		endloop
	endfacet
	facet normal	0.226580	-0.765959	-0.601638
		outer loop
			vertex	9.92383	-39.9697	-28.3539
			vertex	9.29925	-37.4541	-31.7917
			vertex	13.4175	-38.9362	-28.3539
		endloop
	endfacet
	facet normal	0.226580	-0.765959	-0.601638
		outer loop
			vertex	12.5731	-36.4857	-31.7917
			vertex	13.4175	-38.9362	-28.3539
			vertex	9.29925	-37.4541	-31.7917
		endloop
	endfacet
	facet normal	0.293389	-0.742936	-0.601638
		outer loop
			vertex	13.4175	-38.9362	-28.3539
			vertex	12.5731	-36.4857	-31.7917
			vertex	16.8062	-37.5980	-28.3539
		endloop
	endfacet
	facet normal	0.293389	-0.742936	-0.601638
		outer loop
			vertex	15.7485	-35.2317	-31.7917
			vertex	16.8062	-37.5980	-28.3539
			vertex	12.5731	-36.4857	-31.7917
		endloop
	endfacet
	facet normal	0.357902	-0.714099	-0.601638
		outer loop
			vertex	16.8062	-37.5980	-28.3539
			vertex	15.7485	-35.2317	-31.7917
			vertex	20.0634	-35.9656	-28.3539
		endloop
	endfacet
	facet normal	0.357902	-0.714099	-0.601639
		outer loop
			vertex	18.8006	-33.7020	-31.7917
			vertex	20.0634	-35.9656	-28.3539
			vertex	15.7485	-35.2317	-31.7917
		endloop
	endfacet
	facet normal	0.419614	-0.679673	-0.601639
		outer loop
			vertex	20.0634	-35.9656	-28.3539
			vertex	18.8006	-33.7020	-31.7917
			vertex	23.1635	-34.0516	-28.3539
		endloop
	endfacet
	facet normal	0.419613	-0.679674	-0.601638
		outer loop
			vertex	21.7056	-31.9085	-31.7917
			vertex	23.1635	-34.0516	-28.3539
			vertex	18.8006	-33.7020	-31.7917
		endloop
	endfacet
	facet normal	0.478041	-0.639929	-0.601638
		outer loop
			vertex	23.1635	-34.0516	-28.3539
			vertex	21.7056	-31.9085	-31.7917
			vertex	26.0823	-31.8712	-28.3539
		endloop
	endfacet
	facet normal	0.478041	-0.639928	-0.601638
		outer loop
			vertex	24.4408	-29.8653	-31.7917
			vertex	26.0823	-31.8712	-28.3539
			vertex	21.7056	-31.9085	-31.7917
		endloop
	endfacet
	facet normal	0.532727	-0.595175	-0.601638
		outer loop
			vertex	26.0823	-31.8712	-28.3539
			vertex	24.4408	-29.8653	-31.7917
			vertex	28.7970	-29.4413	-28.3539
		endloop
	endfacet
	facet normal	0.532727	-0.595175	-0.601638
		outer loop
			vertex	26.9846	-27.5883	-31.7917
			vertex	28.7970	-29.4413	-28.3539
			vertex	24.4408	-29.8653	-31.7917
		endloop
	endfacet
	facet normal	0.583244	-0.545763	-0.601638
		outer loop
			vertex	28.7970	-29.4413	-28.3539
			vertex	26.9846	-27.5883	-31.7917
			vertex	31.2864	-26.7810	-28.3539
		endloop
	endfacet
	facet normal	0.583244	-0.545763	-0.601638
		outer loop
			vertex	29.3173	-25.0955	-31.7917
			vertex	31.2864	-26.7810	-28.3539
			vertex	26.9846	-27.5883	-31.7917
		endloop
	endfacet
	facet normal	0.629196	-0.492081	-0.601638
		outer loop
			vertex	31.2864	-26.7810	-28.3539
			vertex	29.3173	-25.0955	-31.7917
			vertex	33.5309	-23.9111	-28.3539
		endloop
	endfacet
	facet normal	0.629196	-0.492081	-0.601638
		outer loop
			vertex	31.4205	-22.4062	-31.7917
			vertex	33.5309	-23.9111	-28.3539
			vertex	29.3173	-25.0955	-31.7917
		endloop
	endfacet
	facet normal	0.670225	-0.434546	-0.601638
		outer loop
			vertex	33.5309	-23.9111	-28.3539
			vertex	31.4205	-22.4062	-31.7917
			vertex	35.5129	-20.8541	-28.3539
		endloop
	endfacet
	facet normal	0.670225	-0.434546	-0.601638
		outer loop
			vertex	33.2778	-19.5416	-31.7917
			vertex	35.5129	-20.8541	-28.3539
			vertex	31.4205	-22.4062	-31.7917
		endloop
	endfacet
	facet normal	0.706007	-0.373612	-0.601638
		outer loop
			vertex	35.5129	-20.8541	-28.3539
			vertex	33.2778	-19.5416	-31.7917
			vertex	37.2170	-17.6338	-28.3539
		endloop
	endfacet
	facet normal	0.706007	-0.373611	-0.601638
		outer loop
			vertex	34.8747	-16.5240	-31.7917
			vertex	37.2170	-17.6338	-28.3539
			vertex	33.2778	-19.5416	-31.7917
		endloop
	endfacet
	facet normal	0.736264	-0.309753	-0.601638
		outer loop
			vertex	37.2170	-17.6338	-28.3539
			vertex	34.8747	-16.5240	-31.7917
			vertex	38.6299	-14.2756	-28.3539
		endloop
	endfacet
	facet normal	0.736264	-0.309752	-0.601638
		outer loop
			vertex	36.1986	-13.3771	-31.7917
			vertex	38.6299	-14.2756	-28.3539
			vertex	34.8747	-16.5240	-31.7917
		endloop
	endfacet
	facet normal	0.760759	-0.243469	-0.601638
		outer loop
			vertex	38.6299	-14.2756	-28.3539
			vertex	36.1986	-13.3771	-31.7917
			vertex	39.7404	-10.8056	-28.3539
		endloop
	endfacet
	facet normal	0.760759	-0.243469	-0.601638
		outer loop
			vertex	37.2392	-10.1255	-31.7917
			vertex	39.7404	-10.8056	-28.3539
			vertex	36.1986	-13.3771	-31.7917
		endloop
	endfacet
	facet normal	0.779300	-0.175281	-0.601638
		outer loop
			vertex	39.7404	-10.8056	-28.3539
			vertex	37.2392	-10.1255	-31.7917
			vertex	40.5399	-7.25107	-28.3539
		endloop
	endfacet
	facet normal	0.779300	-0.175281	-0.601638
		outer loop
			vertex	37.9884	-6.79471	-31.7917
			vertex	40.5399	-7.25107	-28.3539
			vertex	37.2392	-10.1255	-31.7917
		endloop
	endfacet
	facet normal	0.791742	-0.105720	-0.601638
		outer loop
			vertex	40.5399	-7.25107	-28.3539
			vertex	37.9884	-6.79471	-31.7917
			vertex	41.0221	-3.63978	-28.3539
		endloop
	endfacet
	facet normal	0.791742	-0.105720	-0.601638
		outer loop
			vertex	38.4403	-3.41070	-31.7917
			vertex	41.0221	-3.63978	-28.3539
			vertex	37.9884	-6.79471	-31.7917
		endloop
	endfacet
	facet normal	0.797987	-0.0353323	-0.601638
		outer loop
			vertex	41.0221	-3.63978	-28.3539
			vertex	38.4403	-3.41070	-31.7917
			vertex	41.1832	0.000000	-28.3539
		endloop
	endfacet
	facet normal	0.797987	-0.0353319	-0.601639
		outer loop
			vertex	38.5913	0.000000	-31.7917
			vertex	41.1832	0.000000	-28.3539
			vertex	38.4403	-3.41070	-31.7917
		endloop
	endfacet
	facet normal	0.797987	0.0353323	-0.601638
		outer loop
			vertex	41.1832	0.000000	-28.3539
			vertex	38.5913	0.000000	-31.7917
			vertex	41.0221	3.63978	-28.3539
		endloop
	endfacet
	facet normal	0.797987	0.0353319	-0.601638
		outer loop
			vertex	38.4403	3.41070	-31.7917
			vertex	41.0221	3.63978	-28.3539
			vertex	38.5913	0.000000	-31.7917
		endloop
	endfacet
	facet normal	0.737514	0.0984792	-0.668113
		outer loop
			vertex	38.4403	3.41070	-31.7917
			vertex	35.5734	3.15633	-34.9938
			vertex	37.9884	6.79471	-31.7917
		endloop
	endfacet
	facet normal	0.737514	0.0984790	-0.668113
		outer loop
			vertex	35.1553	6.28797	-34.9938
			vertex	37.9884	6.79471	-31.7917
			vertex	35.5734	3.15633	-34.9938
		endloop
	endfacet
	facet normal	0.725924	0.163276	-0.668113
		outer loop
			vertex	37.9884	6.79471	-31.7917
			vertex	35.1553	6.28797	-34.9938
			vertex	37.2392	10.1255	-31.7917
		endloop
	endfacet
	facet normal	0.725924	0.163276	-0.668113
		outer loop
			vertex	34.4620	9.37039	-34.9938
			vertex	37.2392	10.1255	-31.7917
			vertex	35.1553	6.28797	-34.9938
		endloop
	endfacet
	facet normal	0.708653	0.226794	-0.668113
		outer loop
			vertex	37.2392	10.1255	-31.7917
			vertex	34.4620	9.37039	-34.9938
			vertex	36.1986	13.3771	-31.7917
		endloop
	endfacet
	facet normal	0.708653	0.226794	-0.668113
		outer loop
			vertex	33.4990	12.3795	-34.9938
			vertex	36.1986	13.3771	-31.7917
			vertex	34.4620	9.37039	-34.9938
		endloop
	endfacet
	facet normal	0.685836	0.288537	-0.668113
		outer loop
			vertex	36.1986	13.3771	-31.7917
			vertex	33.4990	12.3795	-34.9938
			vertex	34.8747	16.5240	-31.7917
		endloop
	endfacet
	facet normal	0.685836	0.288537	-0.668113
		outer loop
			vertex	32.2738	15.2917	-34.9938
			vertex	34.8747	16.5240	-31.7917
			vertex	33.4990	12.3795	-34.9938
		endloop
	endfacet
	facet normal	0.657651	0.348022	-0.668113
		outer loop
			vertex	34.8747	16.5240	-31.7917
			vertex	32.2738	15.2917	-34.9938
			vertex	33.2778	19.5416	-31.7917
		endloop
	endfacet
	facet normal	0.657651	0.348022	-0.668113
		outer loop
			vertex	30.7960	18.0842	-34.9938
			vertex	33.2778	19.5416	-31.7917
			vertex	32.2738	15.2917	-34.9938
		endloop
	endfacet
	facet normal	0.624320	0.404784	-0.668113
		outer loop
			vertex	33.2778	19.5416	-31.7917
			vertex	30.7960	18.0842	-34.9938
			vertex	31.4205	22.4062	-31.7917
		endloop
	endfacet
	facet normal	0.624320	0.404783	-0.668113
		outer loop
			vertex	29.0772	20.7352	-34.9938
			vertex	31.4205	22.4062	-31.7917
			vertex	30.7960	18.0842	-34.9938
		endloop
	endfacet
	facet normal	0.586102	0.458377	-0.668113
		outer loop
			vertex	31.4205	22.4062	-31.7917
			vertex	29.0772	20.7352	-34.9938
			vertex	29.3173	25.0955	-31.7917
		endloop
	endfacet
	facet normal	0.586102	0.458377	-0.668113
		outer loop
			vertex	27.1308	23.2239	-34.9938
			vertex	29.3173	25.0955	-31.7917
			vertex	29.0772	20.7352	-34.9938
		endloop
	endfacet
	facet normal	0.543297	0.508383	-0.668113
		outer loop
			vertex	29.3173	25.0955	-31.7917
			vertex	27.1308	23.2239	-34.9938
			vertex	26.9846	27.5883	-31.7917
		endloop
	endfacet
	facet normal	0.543297	0.508383	-0.668113
		outer loop
			vertex	24.9721	25.5308	-34.9938
			vertex	26.9846	27.5883	-31.7917
			vertex	27.1308	23.2239	-34.9938
		endloop
	endfacet
	facet normal	0.496240	0.554410	-0.668113
		outer loop
			vertex	26.9846	27.5883	-31.7917
			vertex	24.9721	25.5308	-34.9938
			vertex	24.4408	29.8653	-31.7917
		endloop
	endfacet
	facet normal	0.496240	0.554410	-0.668113
		outer loop
			vertex	22.6180	27.6380	-34.9938
			vertex	24.4408	29.8653	-31.7917
			vertex	24.9721	25.5308	-34.9938
		endloop
	endfacet
	facet normal	0.445299	0.596099	-0.668113
		outer loop
			vertex	24.4408	29.8653	-31.7917
			vertex	22.6180	27.6380	-34.9938
			vertex	21.7056	31.9085	-31.7917
		endloop
	endfacet
	facet normal	0.445300	0.596099	-0.668113
		outer loop
			vertex	20.0869	29.5288	-34.9938
			vertex	21.7056	31.9085	-31.7917
			vertex	22.6180	27.6380	-34.9938
		endloop
	endfacet
	facet normal	0.390873	0.633122	-0.668113
		outer loop
			vertex	21.7056	31.9085	-31.7917
			vertex	20.0869	29.5288	-34.9938
			vertex	18.8006	33.7020	-31.7917
		endloop
	endfacet
	facet normal	0.390873	0.633122	-0.668113
		outer loop
			vertex	17.3985	31.1885	-34.9938
			vertex	18.8006	33.7020	-31.7917
			vertex	20.0869	29.5288	-34.9938
		endloop
	endfacet
	facet normal	0.333389	0.665190	-0.668113
		outer loop
			vertex	18.8006	33.7020	-31.7917
			vertex	17.3985	31.1885	-34.9938
			vertex	15.7485	35.2317	-31.7917
		endloop
	endfacet
	facet normal	0.333388	0.665190	-0.668113
		outer loop
			vertex	14.5740	32.6042	-34.9938
			vertex	15.7485	35.2317	-31.7917
			vertex	17.3985	31.1885	-34.9938
		endloop
	endfacet
	facet normal	0.273294	0.692051	-0.668113
		outer loop
			vertex	15.7485	35.2317	-31.7917
			vertex	14.5740	32.6042	-34.9938
			vertex	12.5731	36.4857	-31.7917
		endloop
	endfacet
	facet normal	0.273294	0.692051	-0.668113
		outer loop
			vertex	11.6354	33.7646	-34.9938
			vertex	12.5731	36.4857	-31.7917
			vertex	14.5740	32.6042	-34.9938
		endloop
	endfacet
	facet normal	0.211062	0.713497	-0.668113
		outer loop
			vertex	12.5731	36.4857	-31.7917
			vertex	11.6354	33.7646	-34.9938
			vertex	9.29925	37.4541	-31.7917
		endloop
	endfacet
	facet normal	0.211061	0.713497	-0.668113
		outer loop
			vertex	8.60572	34.6608	-34.9938
			vertex	9.29925	37.4541	-31.7917
			vertex	11.6354	33.7646	-34.9938
		endloop
	endfacet
	facet normal	0.147176	0.729358	-0.668113
		outer loop
			vertex	9.29925	37.4541	-31.7917
			vertex	8.60572	34.6608	-34.9938
			vertex	5.95266	38.1294	-31.7917
		endloop
	endfacet
	facet normal	0.147176	0.729358	-0.668113
		outer loop
			vertex	5.50872	35.2858	-34.9938
			vertex	5.95266	38.1294	-31.7917
			vertex	8.60572	34.6608	-34.9938
		endloop
	endfacet
	facet normal	0.0821396	0.739512	-0.668113
		outer loop
			vertex	5.95266	38.1294	-31.7917
			vertex	5.50872	35.2858	-34.9938
			vertex	2.55949	38.5063	-31.7917
		endloop
	endfacet
	facet normal	0.0821401	0.739512	-0.668113
		outer loop
			vertex	2.36860	35.6345	-34.9938
			vertex	2.55949	38.5063	-31.7917
			vertex	5.50872	35.2858	-34.9938
		endloop
	endfacet
	facet normal	0.0164603	0.743878	-0.668113
		outer loop
			vertex	2.55949	38.5063	-31.7917
			vertex	2.36860	35.6345	-34.9938
			vertex	-0.853720	38.5818	-31.7917
		endloop
	endfacet
	facet normal	0.0164600	0.743878	-0.668113
		outer loop
			vertex	-0.790050	35.7044	-34.9938
			vertex	-0.853720	38.5818	-31.7917
			vertex	2.36860	35.6345	-34.9938
		endloop
	endfacet
	facet normal	-0.0493483	0.742421	-0.668113
		outer loop
			vertex	-0.853720	38.5818	-31.7917
			vertex	-0.790050	35.7044	-34.9938
			vertex	-4.26025	38.3554	-31.7917
		endloop
	endfacet
	facet normal	-0.0493484	0.742421	-0.668113
		outer loop
			vertex	-3.94252	35.4949	-34.9938
			vertex	-4.26025	38.3554	-31.7917
			vertex	-0.790050	35.7044	-34.9938
		endloop
	endfacet
	facet normal	-0.114771	0.735155	-0.668113
		outer loop
			vertex	-4.26025	38.3554	-31.7917
			vertex	-3.94252	35.4949	-34.9938
			vertex	-7.63343	37.8288	-31.7917
		endloop
	endfacet
	facet normal	-0.114770	0.735155	-0.668113
		outer loop
			vertex	-7.06413	35.0076	-34.9938
			vertex	-7.63343	37.8288	-31.7917
			vertex	-3.94252	35.4949	-34.9938
		endloop
	endfacet
	facet normal	-0.179294	0.722135	-0.668113
		outer loop
			vertex	-7.63343	37.8288	-31.7917
			vertex	-7.06413	35.0076	-34.9938
			vertex	-10.9469	37.0061	-31.7917
		endloop
	endfacet
	facet normal	-0.179294	0.722134	-0.668113
		outer loop
			vertex	-10.1305	34.2462	-34.9938
			vertex	-10.9469	37.0061	-31.7917
			vertex	-7.06413	35.0076	-34.9938
		endloop
	endfacet
	facet normal	-0.242415	0.703463	-0.668113
		outer loop
			vertex	-10.9469	37.0061	-31.7917
			vertex	-10.1305	34.2462	-34.9938
			vertex	-14.1746	35.8938	-31.7917
		endloop
	endfacet
	facet normal	-0.242415	0.703463	-0.668113
		outer loop
			vertex	-13.1175	33.2169	-34.9938
			vertex	-14.1746	35.8938	-31.7917
			vertex	-10.1305	34.2462	-34.9938
		endloop
	endfacet
	facet normal	-0.303638	0.679285	-0.668113
		outer loop
			vertex	-14.1746	35.8938	-31.7917
			vertex	-13.1175	33.2169	-34.9938
			vertex	-17.2915	34.5006	-31.7917
		endloop
	endfacet
	facet normal	-0.303638	0.679285	-0.668113
		outer loop
			vertex	-16.0019	31.9276	-34.9938
			vertex	-17.2915	34.5006	-31.7917
			vertex	-13.1175	33.2169	-34.9938
		endloop
	endfacet
	facet normal	-0.362486	0.649791	-0.668113
		outer loop
			vertex	-17.2915	34.5006	-31.7917
			vertex	-16.0019	31.9276	-34.9938
			vertex	-20.2730	32.8374	-31.7917
		endloop
	endfacet
	facet normal	-0.362486	0.649791	-0.668113
		outer loop
			vertex	-18.7610	30.3884	-34.9938
			vertex	-20.2730	32.8374	-31.7917
			vertex	-16.0019	31.9276	-34.9938
		endloop
	endfacet
	facet normal	-0.418496	0.615212	-0.668113
		outer loop
			vertex	-20.2730	32.8374	-31.7917
			vertex	-18.7610	30.3884	-34.9938
			vertex	-23.0958	30.9172	-31.7917
		endloop
	endfacet
	facet normal	-0.418496	0.615212	-0.668113
		outer loop
			vertex	-21.3733	28.6114	-34.9938
			vertex	-23.0958	30.9172	-31.7917
			vertex	-18.7610	30.3884	-34.9938
		endloop
	endfacet
	facet normal	-0.471231	0.575818	-0.668113
		outer loop
			vertex	-23.0958	30.9172	-31.7917
			vertex	-21.3733	28.6114	-34.9938
			vertex	-25.7379	28.7550	-31.7917
		endloop
	endfacet
	facet normal	-0.471231	0.575818	-0.668113
		outer loop
			vertex	-23.8184	26.6104	-34.9938
			vertex	-25.7379	28.7550	-31.7917
			vertex	-21.3733	28.6114	-34.9938
		endloop
	endfacet
	facet normal	-0.520278	0.531918	-0.668113
		outer loop
			vertex	-25.7379	28.7550	-31.7917
			vertex	-23.8184	26.6104	-34.9938
			vertex	-28.1785	26.3677	-31.7917
		endloop
	endfacet
	facet normal	-0.520278	0.531917	-0.668113
		outer loop
			vertex	-26.0770	24.4012	-34.9938
			vertex	-28.1785	26.3677	-31.7917
			vertex	-23.8184	26.6104	-34.9938
		endloop
	endfacet
	facet normal	-0.565253	0.483854	-0.668113
		outer loop
			vertex	-28.1785	26.3677	-31.7917
			vertex	-26.0770	24.4012	-34.9938
			vertex	-30.3987	23.7741	-31.7917
		endloop
	endfacet
	facet normal	-0.565253	0.483854	-0.668113
		outer loop
			vertex	-28.1316	22.0011	-34.9938
			vertex	-30.3987	23.7741	-31.7917
			vertex	-26.0770	24.4012	-34.9938
		endloop
	endfacet
	facet normal	-0.605804	0.432003	-0.668113
		outer loop
			vertex	-30.3987	23.7741	-31.7917
			vertex	-28.1316	22.0011	-34.9938
			vertex	-32.3809	20.9944	-31.7917
		endloop
	endfacet
	facet normal	-0.605804	0.432004	-0.668113
		outer loop
			vertex	-29.9659	19.4287	-34.9938
			vertex	-32.3809	20.9944	-31.7917
			vertex	-28.1316	22.0011	-34.9938
		endloop
	endfacet
	facet normal	-0.641614	0.376772	-0.668113
		outer loop
			vertex	-32.3809	20.9944	-31.7917
			vertex	-29.9659	19.4287	-34.9938
			vertex	-34.1096	18.0505	-31.7917
		endloop
	endfacet
	facet normal	-0.641614	0.376771	-0.668113
		outer loop
			vertex	-31.5658	16.7043	-34.9938
			vertex	-34.1096	18.0505	-31.7917
			vertex	-29.9659	19.4287	-34.9938
		endloop
	endfacet
	facet normal	-0.672402	0.318591	-0.668113
		outer loop
			vertex	-34.1096	18.0505	-31.7917
			vertex	-31.5658	16.7043	-34.9938
			vertex	-35.5715	14.9652	-31.7917
		endloop
	endfacet
	facet normal	-0.672402	0.318591	-0.668113
		outer loop
			vertex	-32.9186	13.8491	-34.9938
			vertex	-35.5715	14.9652	-31.7917
			vertex	-31.5658	16.7043	-34.9938
		endloop
	endfacet
	facet normal	-0.697928	0.257918	-0.668113
		outer loop
			vertex	-35.5715	14.9652	-31.7917
			vertex	-32.9186	13.8491	-34.9938
			vertex	-36.7549	11.7628	-31.7917
		endloop
	endfacet
	facet normal	-0.697928	0.257918	-0.668113
		outer loop
			vertex	-34.0137	10.8856	-34.9938
			vertex	-36.7549	11.7628	-31.7917
			vertex	-32.9186	13.8491	-34.9938
		endloop
	endfacet
	facet normal	-0.717992	0.195226	-0.668113
		outer loop
			vertex	-36.7549	11.7628	-31.7917
			vertex	-34.0137	10.8856	-34.9938
			vertex	-37.6507	8.46841	-31.7917
		endloop
	endfacet
	facet normal	-0.717992	0.195226	-0.668113
		outer loop
			vertex	-34.8427	7.83685	-34.9938
			vertex	-37.6507	8.46841	-31.7917
			vertex	-34.0137	10.8856	-34.9938
		endloop
	endfacet
	facet normal	-0.732436	0.131006	-0.668113
		outer loop
			vertex	-37.6507	8.46841	-31.7917
			vertex	-34.8427	7.83685	-34.9938
			vertex	-38.2518	5.10771	-31.7917
		endloop
	endfacet
	facet normal	-0.732436	0.131006	-0.668113
		outer loop
			vertex	-35.3990	4.72678	-34.9938
			vertex	-38.2518	5.10771	-31.7917
			vertex	-34.8427	7.83685	-34.9938
		endloop
	endfacet
	facet normal	-0.741148	0.0657600	-0.668113
		outer loop
			vertex	-38.2518	5.10771	-31.7917
			vertex	-35.3990	4.72678	-34.9938
			vertex	-38.5535	1.70702	-31.7917
		endloop
	endfacet
	facet normal	-0.741148	0.0657597	-0.668113
		outer loop
			vertex	-35.6782	1.57971	-34.9938
			vertex	-38.5535	1.70702	-31.7917
			vertex	-35.3990	4.72678	-34.9938
		endloop
	endfacet
	facet normal	-0.744060	0.000000	-0.668113
		outer loop
			vertex	-38.5535	1.70702	-31.7917
			vertex	-35.6782	1.57971	-34.9938
			vertex	-38.5535	-1.70702	-31.7917
		endloop
	endfacet
	facet normal	-0.744060	0.000000	-0.668113
		outer loop
			vertex	-35.6782	-1.57971	-34.9938
			vertex	-38.5535	-1.70702	-31.7917
			vertex	-35.6782	1.57971	-34.9938
		endloop
	endfacet
	facet normal	-0.741148	-0.0657600	-0.668113
		outer loop
			vertex	-38.5535	-1.70702	-31.7917
			vertex	-35.6782	-1.57971	-34.9938
			vertex	-38.2518	-5.10771	-31.7917
		endloop
	endfacet
	facet normal	-0.741148	-0.0657597	-0.668113
		outer loop
			vertex	-35.3990	-4.72678	-34.9938
			vertex	-38.2518	-5.10771	-31.7917
			vertex	-35.6782	-1.57971	-34.9938
		endloop
	endfacet
	facet normal	-0.732436	-0.131006	-0.668113
		outer loop
			vertex	-38.2518	-5.10771	-31.7917
			vertex	-35.3990	-4.72678	-34.9938
			vertex	-37.6507	-8.46841	-31.7917
		endloop
	endfacet
	facet normal	-0.732436	-0.131006	-0.668113
		outer loop
			vertex	-34.8427	-7.83685	-34.9938
			vertex	-37.6507	-8.46841	-31.7917
			vertex	-35.3990	-4.72678	-34.9938
		endloop
	endfacet
	facet normal	-0.717992	-0.195226	-0.668113
		outer loop
			vertex	-37.6507	-8.46841	-31.7917
			vertex	-34.8427	-7.83685	-34.9938
			vertex	-36.7549	-11.7628	-31.7917
		endloop
	endfacet
	facet normal	-0.717992	-0.195226	-0.668113
		outer loop
			vertex	-34.0137	-10.8856	-34.9938
			vertex	-36.7549	-11.7628	-31.7917
			vertex	-34.8427	-7.83685	-34.9938
		endloop
	endfacet
	facet normal	-0.697928	-0.257918	-0.668113
		outer loop
			vertex	-36.7549	-11.7628	-31.7917
			vertex	-34.0137	-10.8856	-34.9938
			vertex	-35.5715	-14.9652	-31.7917
		endloop
	endfacet
	facet normal	-0.697928	-0.257918	-0.668113
		outer loop
			vertex	-32.9186	-13.8491	-34.9938
			vertex	-35.5715	-14.9652	-31.7917
			vertex	-34.0137	-10.8856	-34.9938
		endloop
	endfacet
	facet normal	-0.672402	-0.318591	-0.668113
		outer loop
			vertex	-35.5715	-14.9652	-31.7917
			vertex	-32.9186	-13.8491	-34.9938
			vertex	-34.1096	-18.0505	-31.7917
		endloop
	endfacet
	facet normal	-0.672402	-0.318591	-0.668113
		outer loop
			vertex	-31.5658	-16.7043	-34.9938
			vertex	-34.1096	-18.0505	-31.7917
			vertex	-32.9186	-13.8491	-34.9938
		endloop
	endfacet
	facet normal	-0.641613	-0.376772	-0.668113
		outer loop
			vertex	-34.1096	-18.0505	-31.7917
			vertex	-31.5658	-16.7043	-34.9938
			vertex	-32.3809	-20.9944	-31.7917
		endloop
	endfacet
	facet normal	-0.641614	-0.376772	-0.668113
		outer loop
			vertex	-29.9659	-19.4287	-34.9938
			vertex	-32.3809	-20.9944	-31.7917
			vertex	-31.5658	-16.7043	-34.9938
		endloop
	endfacet
	facet normal	-0.605804	-0.432003	-0.668113
		outer loop
			vertex	-32.3809	-20.9944	-31.7917
			vertex	-29.9659	-19.4287	-34.9938
			vertex	-30.3987	-23.7741	-31.7917
		endloop
	endfacet
	facet normal	-0.605804	-0.432003	-0.668113
		outer loop
			vertex	-28.1316	-22.0011	-34.9938
			vertex	-30.3987	-23.7741	-31.7917
			vertex	-29.9659	-19.4287	-34.9938
		endloop
	endfacet
	facet normal	-0.565253	-0.483854	-0.668113
		outer loop
			vertex	-30.3987	-23.7741	-31.7917
			vertex	-28.1316	-22.0011	-34.9938
			vertex	-28.1785	-26.3677	-31.7917
		endloop
	endfacet
	facet normal	-0.565253	-0.483854	-0.668113
		outer loop
			vertex	-26.0770	-24.4012	-34.9938
			vertex	-28.1785	-26.3677	-31.7917
			vertex	-28.1316	-22.0011	-34.9938
		endloop
	endfacet
	facet normal	-0.520277	-0.531918	-0.668113
		outer loop
			vertex	-28.1785	-26.3677	-31.7917
			vertex	-26.0770	-24.4012	-34.9938
			vertex	-25.7379	-28.7550	-31.7917
		endloop
	endfacet
	facet normal	-0.520278	-0.531917	-0.668113
		outer loop
			vertex	-23.8184	-26.6104	-34.9938
			vertex	-25.7379	-28.7550	-31.7917
			vertex	-26.0770	-24.4012	-34.9938
		endloop
	endfacet
	facet normal	-0.471231	-0.575818	-0.668113
		outer loop
			vertex	-25.7379	-28.7550	-31.7917
			vertex	-23.8184	-26.6104	-34.9938
			vertex	-23.0958	-30.9172	-31.7917
		endloop
	endfacet
	facet normal	-0.471231	-0.575818	-0.668113
		outer loop
			vertex	-21.3733	-28.6114	-34.9938
			vertex	-23.0958	-30.9172	-31.7917
			vertex	-23.8184	-26.6104	-34.9938
		endloop
	endfacet
	facet normal	-0.418495	-0.615212	-0.668113
		outer loop
			vertex	-23.0958	-30.9172	-31.7917
			vertex	-21.3733	-28.6114	-34.9938
			vertex	-20.2730	-32.8374	-31.7917
		endloop
	endfacet
	facet normal	-0.418496	-0.615212	-0.668113
		outer loop
			vertex	-18.7610	-30.3884	-34.9938
			vertex	-20.2730	-32.8374	-31.7917
			vertex	-21.3733	-28.6114	-34.9938
		endloop
	endfacet
	facet normal	-0.362486	-0.649791	-0.668113
		outer loop
			vertex	-20.2730	-32.8374	-31.7917
			vertex	-18.7610	-30.3884	-34.9938
			vertex	-17.2915	-34.5006	-31.7917
		endloop
	endfacet
	facet normal	-0.362486	-0.649791	-0.668113
		outer loop
			vertex	-16.0019	-31.9276	-34.9938
			vertex	-17.2915	-34.5006	-31.7917
			vertex	-18.7610	-30.3884	-34.9938
		endloop
	endfacet
	facet normal	-0.303638	-0.679285	-0.668113
		outer loop
			vertex	-17.2915	-34.5006	-31.7917
			vertex	-16.0019	-31.9276	-34.9938
			vertex	-14.1746	-35.8938	-31.7917
		endloop
	endfacet
	facet normal	-0.303638	-0.679285	-0.668113
		outer loop
			vertex	-13.1175	-33.2169	-34.9938
			vertex	-14.1746	-35.8938	-31.7917
			vertex	-16.0019	-31.9276	-34.9938
		endloop
	endfacet
	facet normal	-0.242415	-0.703463	-0.668113
		outer loop
			vertex	-14.1746	-35.8938	-31.7917
			vertex	-13.1175	-33.2169	-34.9938
			vertex	-10.9469	-37.0061	-31.7917
		endloop
	endfacet
	facet normal	-0.242415	-0.703463	-0.668113
		outer loop
			vertex	-10.1305	-34.2462	-34.9938
			vertex	-10.9469	-37.0061	-31.7917
			vertex	-13.1175	-33.2169	-34.9938
		endloop
	endfacet
	facet normal	-0.179294	-0.722135	-0.668113
		outer loop
			vertex	-10.9469	-37.0061	-31.7917
			vertex	-10.1305	-34.2462	-34.9938
			vertex	-7.63343	-37.8288	-31.7917
		endloop
	endfacet
	facet normal	-0.179294	-0.722135	-0.668113
		outer loop
			vertex	-7.06413	-35.0076	-34.9938
			vertex	-7.63343	-37.8288	-31.7917
			vertex	-10.1305	-34.2462	-34.9938
		endloop
	endfacet
	facet normal	-0.114771	-0.735155	-0.668113
		outer loop
			vertex	-7.63343	-37.8288	-31.7917
			vertex	-7.06413	-35.0076	-34.9938
			vertex	-4.26025	-38.3554	-31.7917
		endloop
	endfacet
	facet normal	-0.114770	-0.735155	-0.668113
		outer loop
			vertex	-3.94252	-35.4949	-34.9938
			vertex	-4.26025	-38.3554	-31.7917
			vertex	-7.06413	-35.0076	-34.9938
		endloop
	endfacet
	facet normal	-0.0493483	-0.742421	-0.668113
		outer loop
			vertex	-4.26025	-38.3554	-31.7917
			vertex	-3.94252	-35.4949	-34.9938
			vertex	-0.853720	-38.5818	-31.7917
		endloop
	endfacet
	facet normal	-0.0493484	-0.742421	-0.668113
		outer loop
			vertex	-0.790050	-35.7044	-34.9938
			vertex	-0.853720	-38.5818	-31.7917
			vertex	-3.94252	-35.4949	-34.9938
		endloop
	endfacet
	facet normal	0.0164603	-0.743878	-0.668113
		outer loop
			vertex	-0.853720	-38.5818	-31.7917
			vertex	-0.790050	-35.7044	-34.9938
			vertex	2.55949	-38.5063	-31.7917
		endloop
	endfacet
	facet normal	0.0164600	-0.743878	-0.668113
		outer loop
			vertex	2.36860	-35.6345	-34.9938
			vertex	2.55949	-38.5063	-31.7917
			vertex	-0.790050	-35.7044	-34.9938
		endloop
	endfacet
	facet normal	0.0821396	-0.739512	-0.668113
		outer loop
			vertex	2.55949	-38.5063	-31.7917
			vertex	2.36860	-35.6345	-34.9938
			vertex	5.95266	-38.1294	-31.7917
		endloop
	endfacet
	facet normal	0.0821401	-0.739512	-0.668113
		outer loop
			vertex	5.50872	-35.2858	-34.9938
			vertex	5.95266	-38.1294	-31.7917
			vertex	2.36860	-35.6345	-34.9938
		endloop
	endfacet
	facet normal	0.147176	-0.729358	-0.668113
		outer loop
			vertex	5.95266	-38.1294	-31.7917
			vertex	5.50872	-35.2858	-34.9938
			vertex	9.29925	-37.4541	-31.7917
		endloop
	endfacet
	facet normal	0.147176	-0.729358	-0.668113
		outer loop
			vertex	8.60572	-34.6608	-34.9938
			vertex	9.29925	-37.4541	-31.7917
			vertex	5.50872	-35.2858	-34.9938
		endloop
	endfacet
	facet normal	0.211062	-0.713497	-0.668113
		outer loop
			vertex	9.29925	-37.4541	-31.7917
			vertex	8.60572	-34.6608	-34.9938
			vertex	12.5731	-36.4857	-31.7917
		endloop
	endfacet
	facet normal	0.211061	-0.713497	-0.668113
		outer loop
			vertex	11.6354	-33.7646	-34.9938
			vertex	12.5731	-36.4857	-31.7917
			vertex	8.60572	-34.6608	-34.9938
		endloop
	endfacet
	facet normal	0.273294	-0.692052	-0.668113
		outer loop
			vertex	12.5731	-36.4857	-31.7917
			vertex	11.6354	-33.7646	-34.9938
			vertex	15.7485	-35.2317	-31.7917
		endloop
	endfacet
	facet normal	0.273294	-0.692051	-0.668113
		outer loop
			vertex	14.5740	-32.6042	-34.9938
			vertex	15.7485	-35.2317	-31.7917
			vertex	11.6354	-33.7646	-34.9938
		endloop
	endfacet
	facet normal	0.333389	-0.665189	-0.668113
		outer loop
			vertex	15.7485	-35.2317	-31.7917
			vertex	14.5740	-32.6042	-34.9938
			vertex	18.8006	-33.7020	-31.7917
		endloop
	endfacet
	facet normal	0.333388	-0.665190	-0.668113
		outer loop
			vertex	17.3985	-31.1885	-34.9938
			vertex	18.8006	-33.7020	-31.7917
			vertex	14.5740	-32.6042	-34.9938
		endloop
	endfacet
	facet normal	0.390873	-0.633122	-0.668113
		outer loop
			vertex	18.8006	-33.7020	-31.7917
			vertex	17.3985	-31.1885	-34.9938
			vertex	21.7056	-31.9085	-31.7917
		endloop
	endfacet
	facet normal	0.390873	-0.633122	-0.668113
		outer loop
			vertex	20.0869	-29.5288	-34.9938
			vertex	21.7056	-31.9085	-31.7917
			vertex	17.3985	-31.1885	-34.9938
		endloop
	endfacet
	facet normal	0.445299	-0.596099	-0.668113
		outer loop
			vertex	21.7056	-31.9085	-31.7917
			vertex	20.0869	-29.5288	-34.9938
			vertex	24.4408	-29.8653	-31.7917
		endloop
	endfacet
	facet normal	0.445299	-0.596098	-0.668113
		outer loop
			vertex	22.6180	-27.6380	-34.9938
			vertex	24.4408	-29.8653	-31.7917
			vertex	20.0869	-29.5288	-34.9938
		endloop
	endfacet
	facet normal	0.496240	-0.554410	-0.668113
		outer loop
			vertex	24.4408	-29.8653	-31.7917
			vertex	22.6180	-27.6380	-34.9938
			vertex	26.9846	-27.5883	-31.7917
		endloop
	endfacet
	facet normal	0.496240	-0.554410	-0.668113
		outer loop
			vertex	24.9721	-25.5308	-34.9938
			vertex	26.9846	-27.5883	-31.7917
			vertex	22.6180	-27.6380	-34.9938
		endloop
	endfacet
	facet normal	0.543297	-0.508383	-0.668113
		outer loop
			vertex	26.9846	-27.5883	-31.7917
			vertex	24.9721	-25.5308	-34.9938
			vertex	29.3173	-25.0955	-31.7917
		endloop
	endfacet
	facet normal	0.543297	-0.508383	-0.668113
		outer loop
			vertex	27.1308	-23.2239	-34.9938
			vertex	29.3173	-25.0955	-31.7917
			vertex	24.9721	-25.5308	-34.9938
		endloop
	endfacet
	facet normal	0.586102	-0.458377	-0.668113
		outer loop
			vertex	29.3173	-25.0955	-31.7917
			vertex	27.1308	-23.2239	-34.9938
			vertex	31.4205	-22.4062	-31.7917
		endloop
	endfacet
	facet normal	0.586102	-0.458377	-0.668113
		outer loop
			vertex	29.0772	-20.7352	-34.9938
			vertex	31.4205	-22.4062	-31.7917
			vertex	27.1308	-23.2239	-34.9938
		endloop
	endfacet
	facet normal	0.624320	-0.404784	-0.668113
		outer loop
			vertex	31.4205	-22.4062	-31.7917
			vertex	29.0772	-20.7352	-34.9938
			vertex	33.2778	-19.5416	-31.7917
		endloop
	endfacet
	facet normal	0.624320	-0.404783	-0.668113
		outer loop
			vertex	30.7960	-18.0842	-34.9938
			vertex	33.2778	-19.5416	-31.7917
			vertex	29.0772	-20.7352	-34.9938
		endloop
	endfacet
	facet normal	0.657651	-0.348022	-0.668113
		outer loop
			vertex	33.2778	-19.5416	-31.7917
			vertex	30.7960	-18.0842	-34.9938
			vertex	34.8747	-16.5240	-31.7917
		endloop
	endfacet
	facet normal	0.657651	-0.348022	-0.668113
		outer loop
			vertex	32.2738	-15.2917	-34.9938
			vertex	34.8747	-16.5240	-31.7917
			vertex	30.7960	-18.0842	-34.9938
		endloop
	endfacet
	facet normal	0.685836	-0.288537	-0.668113
		outer loop
			vertex	34.8747	-16.5240	-31.7917
			vertex	32.2738	-15.2917	-34.9938
			vertex	36.1986	-13.3771	-31.7917
		endloop
	endfacet
	facet normal	0.685836	-0.288537	-0.668113
		outer loop
			vertex	33.4990	-12.3795	-34.9938
			vertex	36.1986	-13.3771	-31.7917
			vertex	32.2738	-15.2917	-34.9938
		endloop
	endfacet
	facet normal	0.708653	-0.226794	-0.668113
		outer loop
			vertex	36.1986	-13.3771	-31.7917
			vertex	33.4990	-12.3795	-34.9938
			vertex	37.2392	-10.1255	-31.7917
		endloop
	endfacet
	facet normal	0.708653	-0.226794	-0.668113
		outer loop
			vertex	34.4620	-9.37039	-34.9938
			vertex	37.2392	-10.1255	-31.7917
			vertex	33.4990	-12.3795	-34.9938
		endloop
	endfacet
	facet normal	0.725924	-0.163276	-0.668113
		outer loop
			vertex	37.2392	-10.1255	-31.7917
			vertex	34.4620	-9.37039	-34.9938
			vertex	37.9884	-6.79471	-31.7917
		endloop
	endfacet
	facet normal	0.725924	-0.163276	-0.668113
		outer loop
			vertex	35.1553	-6.28797	-34.9938
			vertex	37.9884	-6.79471	-31.7917
			vertex	34.4620	-9.37039	-34.9938
		endloop
	endfacet
	facet normal	0.737514	-0.0984792	-0.668113
		outer loop
			vertex	37.9884	-6.79471	-31.7917
			vertex	35.1553	-6.28797	-34.9938
			vertex	38.4403	-3.41070	-31.7917
		endloop
	endfacet
	facet normal	0.737514	-0.0984790	-0.668113
		outer loop
			vertex	35.5734	-3.15633	-34.9938
			vertex	38.4403	-3.41070	-31.7917
			vertex	35.1553	-6.28797	-34.9938
		endloop
	endfacet
	facet normal	0.743331	-0.0329120	-0.668113
		outer loop
			vertex	38.4403	-3.41070	-31.7917
			vertex	35.5734	-3.15633	-34.9938
			vertex	38.5913	0.000000	-31.7917
		endloop
	endfacet
	facet normal	0.743331	-0.0329122	-0.668113
		outer loop
			vertex	35.7132	0.000000	-34.9938
			vertex	38.5913	0.000000	-31.7917
			vertex	35.5734	-3.15633	-34.9938
		endloop
	endfacet
	facet normal	0.743331	0.0329120	-0.668113
		outer loop
			vertex	38.5913	0.000000	-31.7917
			vertex	35.7132	0.000000	-34.9938
			vertex	38.4403	3.41070	-31.7917
		endloop
	endfacet
	facet normal	0.743331	0.0329122	-0.668113
		outer loop
			vertex	35.5734	3.15633	-34.9938
			vertex	38.4403	3.41070	-31.7917
			vertex	35.7132	0.000000	-34.9938
		endloop
	endfacet
	facet normal	0.677809	0.0905068	-0.729646
		outer loop
			vertex	35.5734	3.15633	-34.9938
			vertex	32.4428	2.87856	-37.9365
			vertex	35.1553	6.28797	-34.9938
		endloop
	endfacet
	facet normal	0.677809	0.0905068	-0.729646
		outer loop
			vertex	32.0615	5.73460	-37.9365
			vertex	35.1553	6.28797	-34.9938
			vertex	32.4428	2.87856	-37.9365
		endloop
	endfacet
	facet normal	0.667158	0.150058	-0.729646
		outer loop
			vertex	35.1553	6.28797	-34.9938
			vertex	32.0615	5.73460	-37.9365
			vertex	34.4620	9.37039	-34.9938
		endloop
	endfacet
	facet normal	0.667157	0.150058	-0.729646
		outer loop
			vertex	31.4292	8.54575	-37.9365
			vertex	34.4620	9.37039	-34.9938
			vertex	32.0615	5.73460	-37.9365
		endloop
	endfacet
	facet normal	0.651285	0.208434	-0.729646
		outer loop
			vertex	34.4620	9.37039	-34.9938
			vertex	31.4292	8.54575	-37.9365
			vertex	33.4990	12.3795	-34.9938
		endloop
	endfacet
	facet normal	0.651285	0.208434	-0.729646
		outer loop
			vertex	30.5509	11.2900	-37.9365
			vertex	33.4990	12.3795	-34.9938
			vertex	31.4292	8.54575	-37.9365
		endloop
	endfacet
	facet normal	0.630315	0.265179	-0.729646
		outer loop
			vertex	33.4990	12.3795	-34.9938
			vertex	30.5509	11.2900	-37.9365
			vertex	32.2738	15.2917	-34.9938
		endloop
	endfacet
	facet normal	0.630315	0.265179	-0.729646
		outer loop
			vertex	29.4335	13.9459	-37.9365
			vertex	32.2738	15.2917	-34.9938
			vertex	30.5509	11.2900	-37.9365
		endloop
	endfacet
	facet normal	0.604412	0.319848	-0.729646
		outer loop
			vertex	32.2738	15.2917	-34.9938
			vertex	29.4335	13.9459	-37.9365
			vertex	30.7960	18.0842	-34.9938
		endloop
	endfacet
	facet normal	0.604412	0.319848	-0.729646
		outer loop
			vertex	28.0858	16.4927	-37.9365
			vertex	30.7960	18.0842	-34.9938
			vertex	29.4335	13.9459	-37.9365
		endloop
	endfacet
	facet normal	0.573778	0.372014	-0.729646
		outer loop
			vertex	30.7960	18.0842	-34.9938
			vertex	28.0858	16.4927	-37.9365
			vertex	29.0772	20.7352	-34.9938
		endloop
	endfacet
	facet normal	0.573778	0.372015	-0.729646
		outer loop
			vertex	26.5183	18.9104	-37.9365
			vertex	29.0772	20.7352	-34.9938
			vertex	28.0858	16.4927	-37.9365
		endloop
	endfacet
	facet normal	0.538654	0.421269	-0.729646
		outer loop
			vertex	29.0772	20.7352	-34.9938
			vertex	26.5183	18.9104	-37.9365
			vertex	27.1308	23.2239	-34.9938
		endloop
	endfacet
	facet normal	0.538654	0.421269	-0.729646
		outer loop
			vertex	24.7432	21.1801	-37.9365
			vertex	27.1308	23.2239	-34.9938
			vertex	26.5183	18.9104	-37.9365
		endloop
	endfacet
	facet normal	0.499314	0.467227	-0.729646
		outer loop
			vertex	27.1308	23.2239	-34.9938
			vertex	24.7432	21.1801	-37.9365
			vertex	24.9721	25.5308	-34.9938
		endloop
	endfacet
	facet normal	0.499315	0.467227	-0.729646
		outer loop
			vertex	22.7745	23.2840	-37.9365
			vertex	24.9721	25.5308	-34.9938
			vertex	24.7432	21.1801	-37.9365
		endloop
	endfacet
	facet normal	0.456067	0.509528	-0.729646
		outer loop
			vertex	24.9721	25.5308	-34.9938
			vertex	22.7745	23.2840	-37.9365
			vertex	22.6180	27.6380	-34.9938
		endloop
	endfacet
	facet normal	0.456067	0.509528	-0.729646
		outer loop
			vertex	20.6275	25.2057	-37.9365
			vertex	22.6180	27.6380	-34.9938
			vertex	22.7745	23.2840	-37.9365
		endloop
	endfacet
	facet normal	0.409251	0.547842	-0.729646
		outer loop
			vertex	22.6180	27.6380	-34.9938
			vertex	20.6275	25.2057	-37.9365
			vertex	20.0869	29.5288	-34.9938
		endloop
	endfacet
	facet normal	0.409250	0.547842	-0.729646
		outer loop
			vertex	18.3191	26.9301	-37.9365
			vertex	20.0869	29.5288	-34.9938
			vertex	20.6275	25.2057	-37.9365
		endloop
	endfacet
	facet normal	0.359230	0.581868	-0.729646
		outer loop
			vertex	20.0869	29.5288	-34.9938
			vertex	18.3191	26.9301	-37.9365
			vertex	17.3985	31.1885	-34.9938
		endloop
	endfacet
	facet normal	0.359230	0.581868	-0.729646
		outer loop
			vertex	15.8673	28.4438	-37.9365
			vertex	17.3985	31.1885	-34.9938
			vertex	18.3191	26.9301	-37.9365
		endloop
	endfacet
	facet normal	0.306399	0.611339	-0.729646
		outer loop
			vertex	17.3985	31.1885	-34.9938
			vertex	15.8673	28.4438	-37.9365
			vertex	14.5740	32.6042	-34.9938
		endloop
	endfacet
	facet normal	0.306399	0.611339	-0.729646
		outer loop
			vertex	13.2914	29.7348	-37.9365
			vertex	14.5740	32.6042	-34.9938
			vertex	15.8673	28.4438	-37.9365
		endloop
	endfacet
	facet normal	0.251170	0.636027	-0.729646
		outer loop
			vertex	14.5740	32.6042	-34.9938
			vertex	13.2914	29.7348	-37.9365
			vertex	11.6354	33.7646	-34.9938
		endloop
	endfacet
	facet normal	0.251170	0.636027	-0.729646
		outer loop
			vertex	10.6114	30.7932	-37.9365
			vertex	11.6354	33.7646	-34.9938
			vertex	13.2914	29.7348	-37.9365
		endloop
	endfacet
	facet normal	0.193975	0.655736	-0.729646
		outer loop
			vertex	11.6354	33.7646	-34.9938
			vertex	10.6114	30.7932	-37.9365
			vertex	8.60572	34.6608	-34.9938
		endloop
	endfacet
	facet normal	0.193975	0.655736	-0.729646
		outer loop
			vertex	7.84838	31.6105	-37.9365
			vertex	8.60572	34.6608	-34.9938
			vertex	10.6114	30.7932	-37.9365
		endloop
	endfacet
	facet normal	0.135262	0.670314	-0.729646
		outer loop
			vertex	8.60572	34.6608	-34.9938
			vertex	7.84838	31.6105	-37.9365
			vertex	5.50872	35.2858	-34.9938
		endloop
	endfacet
	facet normal	0.135262	0.670314	-0.729646
		outer loop
			vertex	5.02393	32.1805	-37.9365
			vertex	5.50872	35.2858	-34.9938
			vertex	7.84838	31.6105	-37.9365
		endloop
	endfacet
	facet normal	0.0754905	0.679645	-0.729646
		outer loop
			vertex	5.50872	35.2858	-34.9938
			vertex	5.02393	32.1805	-37.9365
			vertex	2.36860	35.6345	-34.9938
		endloop
	endfacet
	facet normal	0.0754900	0.679645	-0.729646
		outer loop
			vertex	2.16016	32.4986	-37.9365
			vertex	2.36860	35.6345	-34.9938
			vertex	5.02393	32.1805	-37.9365
		endloop
	endfacet
	facet normal	0.0151275	0.683657	-0.729646
		outer loop
			vertex	2.36860	35.6345	-34.9938
			vertex	2.16016	32.4986	-37.9365
			vertex	-0.790050	35.7044	-34.9938
		endloop
	endfacet
	facet normal	0.0151275	0.683657	-0.729646
		outer loop
			vertex	-0.720522	32.5623	-37.9365
			vertex	-0.790050	35.7044	-34.9938
			vertex	2.16016	32.4986	-37.9365
		endloop
	endfacet
	facet normal	-0.0453534	0.682319	-0.729646
		outer loop
			vertex	-0.790050	35.7044	-34.9938
			vertex	-0.720522	32.5623	-37.9365
			vertex	-3.94252	35.4949	-34.9938
		endloop
	endfacet
	facet normal	-0.0453531	0.682319	-0.729646
		outer loop
			vertex	-3.59556	32.3712	-37.9365
			vertex	-3.94252	35.4949	-34.9938
			vertex	-0.720522	32.5623	-37.9365
		endloop
	endfacet
	facet normal	-0.105479	0.675641	-0.729646
		outer loop
			vertex	-3.94252	35.4949	-34.9938
			vertex	-3.59556	32.3712	-37.9365
			vertex	-7.06413	35.0076	-34.9938
		endloop
	endfacet
	facet normal	-0.105479	0.675641	-0.729646
		outer loop
			vertex	-6.44246	31.9267	-37.9365
			vertex	-7.06413	35.0076	-34.9938
			vertex	-3.59556	32.3712	-37.9365
		endloop
	endfacet
	facet normal	-0.164780	0.663675	-0.729646
		outer loop
			vertex	-7.06413	35.0076	-34.9938
			vertex	-6.44246	31.9267	-37.9365
			vertex	-10.1305	34.2462	-34.9938
		endloop
	endfacet
	facet normal	-0.164779	0.663675	-0.729646
		outer loop
			vertex	-9.23894	31.2324	-37.9365
			vertex	-10.1305	34.2462	-34.9938
			vertex	-6.44246	31.9267	-37.9365
		endloop
	endfacet
	facet normal	-0.222790	0.646515	-0.729646
		outer loop
			vertex	-10.1305	34.2462	-34.9938
			vertex	-9.23894	31.2324	-37.9365
			vertex	-13.1175	33.2169	-34.9938
		endloop
	endfacet
	facet normal	-0.222791	0.646514	-0.729646
		outer loop
			vertex	-11.9631	30.2937	-37.9365
			vertex	-13.1175	33.2169	-34.9938
			vertex	-9.23894	31.2324	-37.9365
		endloop
	endfacet
	facet normal	-0.279058	0.624294	-0.729646
		outer loop
			vertex	-13.1175	33.2169	-34.9938
			vertex	-11.9631	30.2937	-37.9365
			vertex	-16.0019	31.9276	-34.9938
		endloop
	endfacet
	facet normal	-0.279058	0.624294	-0.729646
		outer loop
			vertex	-14.5937	29.1178	-37.9365
			vertex	-16.0019	31.9276	-34.9938
			vertex	-11.9631	30.2937	-37.9365
		endloop
	endfacet
	facet normal	-0.333141	0.597188	-0.729646
		outer loop
			vertex	-16.0019	31.9276	-34.9938
			vertex	-14.5937	29.1178	-37.9365
			vertex	-18.7610	30.3884	-34.9938
		endloop
	endfacet
	facet normal	-0.333141	0.597188	-0.729646
		outer loop
			vertex	-17.1100	27.7141	-37.9365
			vertex	-18.7610	30.3884	-34.9938
			vertex	-14.5937	29.1178	-37.9365
		endloop
	endfacet
	facet normal	-0.384617	0.565408	-0.729646
		outer loop
			vertex	-18.7610	30.3884	-34.9938
			vertex	-17.1100	27.7141	-37.9365
			vertex	-21.3733	28.6114	-34.9938
		endloop
	endfacet
	facet normal	-0.384617	0.565408	-0.729646
		outer loop
			vertex	-19.4924	26.0935	-37.9365
			vertex	-21.3733	28.6114	-34.9938
			vertex	-17.1100	27.7141	-37.9365
		endloop
	endfacet
	facet normal	-0.433083	0.529203	-0.729646
		outer loop
			vertex	-21.3733	28.6114	-34.9938
			vertex	-19.4924	26.0935	-37.9365
			vertex	-23.8184	26.6104	-34.9938
		endloop
	endfacet
	facet normal	-0.433082	0.529203	-0.729646
		outer loop
			vertex	-21.7223	24.2686	-37.9365
			vertex	-23.8184	26.6104	-34.9938
			vertex	-19.4924	26.0935	-37.9365
		endloop
	endfacet
	facet normal	-0.478159	0.488856	-0.729646
		outer loop
			vertex	-23.8184	26.6104	-34.9938
			vertex	-21.7223	24.2686	-37.9365
			vertex	-26.0770	24.4012	-34.9938
		endloop
	endfacet
	facet normal	-0.478159	0.488856	-0.729646
		outer loop
			vertex	-23.7821	22.2538	-37.9365
			vertex	-26.0770	24.4012	-34.9938
			vertex	-21.7223	24.2686	-37.9365
		endloop
	endfacet
	facet normal	-0.519493	0.444684	-0.729646
		outer loop
			vertex	-26.0770	24.4012	-34.9938
			vertex	-23.7821	22.2538	-37.9365
			vertex	-28.1316	22.0011	-34.9938
		endloop
	endfacet
	facet normal	-0.519493	0.444683	-0.729646
		outer loop
			vertex	-25.6559	20.0649	-37.9365
			vertex	-28.1316	22.0011	-34.9938
			vertex	-23.7821	22.2538	-37.9365
		endloop
	endfacet
	facet normal	-0.556761	0.397031	-0.729646
		outer loop
			vertex	-28.1316	22.0011	-34.9938
			vertex	-25.6559	20.0649	-37.9365
			vertex	-29.9659	19.4287	-34.9938
		endloop
	endfacet
	facet normal	-0.556761	0.397031	-0.729646
		outer loop
			vertex	-27.3288	17.7189	-37.9365
			vertex	-29.9659	19.4287	-34.9938
			vertex	-25.6559	20.0649	-37.9365
		endloop
	endfacet
	facet normal	-0.589672	0.346270	-0.729646
		outer loop
			vertex	-29.9659	19.4287	-34.9938
			vertex	-27.3288	17.7189	-37.9365
			vertex	-31.5658	16.7043	-34.9938
		endloop
	endfacet
	facet normal	-0.589672	0.346271	-0.729646
		outer loop
			vertex	-28.7879	15.2342	-37.9365
			vertex	-31.5658	16.7043	-34.9938
			vertex	-27.3288	17.7189	-37.9365
		endloop
	endfacet
	facet normal	-0.617968	0.292800	-0.729646
		outer loop
			vertex	-31.5658	16.7043	-34.9938
			vertex	-28.7879	15.2342	-37.9365
			vertex	-32.9186	13.8491	-34.9938
		endloop
	endfacet
	facet normal	-0.617968	0.292800	-0.729646
		outer loop
			vertex	-30.0216	12.6303	-37.9365
			vertex	-32.9186	13.8491	-34.9938
			vertex	-28.7879	15.2342	-37.9365
		endloop
	endfacet
	facet normal	-0.641428	0.237039	-0.729646
		outer loop
			vertex	-32.9186	13.8491	-34.9938
			vertex	-30.0216	12.6303	-37.9365
			vertex	-34.0137	10.8856	-34.9938
		endloop
	endfacet
	facet normal	-0.641428	0.237038	-0.729646
		outer loop
			vertex	-31.0204	9.92761	-37.9365
			vertex	-34.0137	10.8856	-34.9938
			vertex	-30.0216	12.6303	-37.9365
		endloop
	endfacet
	facet normal	-0.659867	0.179421	-0.729646
		outer loop
			vertex	-34.0137	10.8856	-34.9938
			vertex	-31.0204	9.92761	-37.9365
			vertex	-34.8427	7.83685	-34.9938
		endloop
	endfacet
	facet normal	-0.659867	0.179421	-0.729646
		outer loop
			vertex	-31.7764	7.14717	-37.9365
			vertex	-34.8427	7.83685	-34.9938
			vertex	-31.0204	9.92761	-37.9365
		endloop
	endfacet
	facet normal	-0.673142	0.120400	-0.729646
		outer loop
			vertex	-34.8427	7.83685	-34.9938
			vertex	-31.7764	7.14717	-37.9365
			vertex	-35.3990	4.72678	-34.9938
		endloop
	endfacet
	facet normal	-0.673142	0.120400	-0.729646
		outer loop
			vertex	-32.2837	4.31080	-37.9365
			vertex	-35.3990	4.72678	-34.9938
			vertex	-31.7764	7.14717	-37.9365
		endloop
	endfacet
	facet normal	-0.681149	0.0604362	-0.729646
		outer loop
			vertex	-35.3990	4.72678	-34.9938
			vertex	-32.2837	4.31080	-37.9365
			vertex	-35.6782	1.57971	-34.9938
		endloop
	endfacet
	facet normal	-0.681149	0.0604366	-0.729646
		outer loop
			vertex	-32.5384	1.44069	-37.9365
			vertex	-35.6782	1.57971	-34.9938
			vertex	-32.2837	4.31080	-37.9365
		endloop
	endfacet
	facet normal	-0.683825	0.000000	-0.729646
		outer loop
			vertex	-35.6782	1.57971	-34.9938
			vertex	-32.5384	1.44069	-37.9365
			vertex	-35.6782	-1.57971	-34.9938
		endloop
	endfacet
	facet normal	-0.683825	0.000000	-0.729646
		outer loop
			vertex	-32.5384	-1.44069	-37.9365
			vertex	-35.6782	-1.57971	-34.9938
			vertex	-32.5384	1.44069	-37.9365
		endloop
	endfacet
	facet normal	-0.681149	-0.0604362	-0.729646
		outer loop
			vertex	-35.6782	-1.57971	-34.9938
			vertex	-32.5384	-1.44069	-37.9365
			vertex	-35.3990	-4.72678	-34.9938
		endloop
	endfacet
	facet normal	-0.681149	-0.0604366	-0.729646
		outer loop
			vertex	-32.2837	-4.31080	-37.9365
			vertex	-35.3990	-4.72678	-34.9938
			vertex	-32.5384	-1.44069	-37.9365
		endloop
	endfacet
	facet normal	-0.673142	-0.120400	-0.729646
		outer loop
			vertex	-35.3990	-4.72678	-34.9938
			vertex	-32.2837	-4.31080	-37.9365
			vertex	-34.8427	-7.83685	-34.9938
		endloop
	endfacet
	facet normal	-0.673142	-0.120400	-0.729646
		outer loop
			vertex	-31.7764	-7.14717	-37.9365
			vertex	-34.8427	-7.83685	-34.9938
			vertex	-32.2837	-4.31080	-37.9365
		endloop
	endfacet
	facet normal	-0.659867	-0.179421	-0.729646
		outer loop
			vertex	-34.8427	-7.83685	-34.9938
			vertex	-31.7764	-7.14717	-37.9365
			vertex	-34.0137	-10.8856	-34.9938
		endloop
	endfacet
	facet normal	-0.659867	-0.179421	-0.729646
		outer loop
			vertex	-31.0204	-9.92761	-37.9365
			vertex	-34.0137	-10.8856	-34.9938
			vertex	-31.7764	-7.14717	-37.9365
		endloop
	endfacet
	facet normal	-0.641427	-0.237038	-0.729646
		outer loop
			vertex	-34.0137	-10.8856	-34.9938
			vertex	-31.0204	-9.92761	-37.9365
			vertex	-32.9186	-13.8491	-34.9938
		endloop
	endfacet
	facet normal	-0.641428	-0.237038	-0.729646
		outer loop
			vertex	-30.0216	-12.6303	-37.9365
			vertex	-32.9186	-13.8491	-34.9938
			vertex	-31.0204	-9.92761	-37.9365
		endloop
	endfacet
	facet normal	-0.617968	-0.292800	-0.729646
		outer loop
			vertex	-32.9186	-13.8491	-34.9938
			vertex	-30.0216	-12.6303	-37.9365
			vertex	-31.5658	-16.7043	-34.9938
		endloop
	endfacet
	facet normal	-0.617968	-0.292800	-0.729646
		outer loop
			vertex	-28.7879	-15.2342	-37.9365
			vertex	-31.5658	-16.7043	-34.9938
			vertex	-30.0216	-12.6303	-37.9365
		endloop
	endfacet
	facet normal	-0.589672	-0.346270	-0.729646
		outer loop
			vertex	-31.5658	-16.7043	-34.9938
			vertex	-28.7879	-15.2342	-37.9365
			vertex	-29.9659	-19.4287	-34.9938
		endloop
	endfacet
	facet normal	-0.589672	-0.346271	-0.729646
		outer loop
			vertex	-27.3288	-17.7189	-37.9365
			vertex	-29.9659	-19.4287	-34.9938
			vertex	-28.7879	-15.2342	-37.9365
		endloop
	endfacet
	facet normal	-0.556761	-0.397031	-0.729646
		outer loop
			vertex	-29.9659	-19.4287	-34.9938
			vertex	-27.3288	-17.7189	-37.9365
			vertex	-28.1316	-22.0011	-34.9938
		endloop
	endfacet
	facet normal	-0.556761	-0.397031	-0.729646
		outer loop
			vertex	-25.6559	-20.0649	-37.9365
			vertex	-28.1316	-22.0011	-34.9938
			vertex	-27.3288	-17.7189	-37.9365
		endloop
	endfacet
	facet normal	-0.519493	-0.444684	-0.729646
		outer loop
			vertex	-28.1316	-22.0011	-34.9938
			vertex	-25.6559	-20.0649	-37.9365
			vertex	-26.0770	-24.4012	-34.9938
		endloop
	endfacet
	facet normal	-0.519493	-0.444683	-0.729646
		outer loop
			vertex	-23.7821	-22.2538	-37.9365
			vertex	-26.0770	-24.4012	-34.9938
			vertex	-25.6559	-20.0649	-37.9365
		endloop
	endfacet
	facet normal	-0.478159	-0.488856	-0.729646
		outer loop
			vertex	-26.0770	-24.4012	-34.9938
			vertex	-23.7821	-22.2538	-37.9365
			vertex	-23.8184	-26.6104	-34.9938
		endloop
	endfacet
	facet normal	-0.478159	-0.488856	-0.729646
		outer loop
			vertex	-21.7223	-24.2686	-37.9365
			vertex	-23.8184	-26.6104	-34.9938
			vertex	-23.7821	-22.2538	-37.9365
		endloop
	endfacet
	facet normal	-0.433083	-0.529203	-0.729646
		outer loop
			vertex	-23.8184	-26.6104	-34.9938
			vertex	-21.7223	-24.2686	-37.9365
			vertex	-21.3733	-28.6114	-34.9938
		endloop
	endfacet
	facet normal	-0.433082	-0.529203	-0.729646
		outer loop
			vertex	-19.4924	-26.0935	-37.9365
			vertex	-21.3733	-28.6114	-34.9938
			vertex	-21.7223	-24.2686	-37.9365
		endloop
	endfacet
	facet normal	-0.384617	-0.565408	-0.729646
		outer loop
			vertex	-21.3733	-28.6114	-34.9938
			vertex	-19.4924	-26.0935	-37.9365
			vertex	-18.7610	-30.3884	-34.9938
		endloop
	endfacet
	facet normal	-0.384617	-0.565408	-0.729646
		outer loop
			vertex	-17.1100	-27.7141	-37.9365
			vertex	-18.7610	-30.3884	-34.9938
			vertex	-19.4924	-26.0935	-37.9365
		endloop
	endfacet
	facet normal	-0.333141	-0.597188	-0.729646
		outer loop
			vertex	-18.7610	-30.3884	-34.9938
			vertex	-17.1100	-27.7141	-37.9365
			vertex	-16.0019	-31.9276	-34.9938
		endloop
	endfacet
	facet normal	-0.333141	-0.597188	-0.729646
		outer loop
			vertex	-14.5937	-29.1178	-37.9365
			vertex	-16.0019	-31.9276	-34.9938
			vertex	-17.1100	-27.7141	-37.9365
		endloop
	endfacet
	facet normal	-0.279057	-0.624294	-0.729646
		outer loop
			vertex	-16.0019	-31.9276	-34.9938
			vertex	-14.5937	-29.1178	-37.9365
			vertex	-13.1175	-33.2169	-34.9938
		endloop
	endfacet
	facet normal	-0.279058	-0.624294	-0.729646
		outer loop
			vertex	-11.9631	-30.2937	-37.9365
			vertex	-13.1175	-33.2169	-34.9938
			vertex	-14.5937	-29.1178	-37.9365
		endloop
	endfacet
	facet normal	-0.222790	-0.646514	-0.729646
		outer loop
			vertex	-13.1175	-33.2169	-34.9938
			vertex	-11.9631	-30.2937	-37.9365
			vertex	-10.1305	-34.2462	-34.9938
		endloop
	endfacet
	facet normal	-0.222791	-0.646515	-0.729646
		outer loop
			vertex	-9.23894	-31.2324	-37.9365
			vertex	-10.1305	-34.2462	-34.9938
			vertex	-11.9631	-30.2937	-37.9365
		endloop
	endfacet
	facet normal	-0.164780	-0.663675	-0.729646
		outer loop
			vertex	-10.1305	-34.2462	-34.9938
			vertex	-9.23894	-31.2324	-37.9365
			vertex	-7.06413	-35.0076	-34.9938
		endloop
	endfacet
	facet normal	-0.164779	-0.663675	-0.729646
		outer loop
			vertex	-6.44246	-31.9267	-37.9365
			vertex	-7.06413	-35.0076	-34.9938
			vertex	-9.23894	-31.2324	-37.9365
		endloop
	endfacet
	facet normal	-0.105479	-0.675641	-0.729646
		outer loop
			vertex	-7.06413	-35.0076	-34.9938
			vertex	-6.44246	-31.9267	-37.9365
			vertex	-3.94252	-35.4949	-34.9938
		endloop
	endfacet
	facet normal	-0.105479	-0.675641	-0.729646
		outer loop
			vertex	-3.59556	-32.3712	-37.9365
			vertex	-3.94252	-35.4949	-34.9938
			vertex	-6.44246	-31.9267	-37.9365
		endloop
	endfacet
	facet normal	-0.0453534	-0.682319	-0.729646
		outer loop
			vertex	-3.94252	-35.4949	-34.9938
			vertex	-3.59556	-32.3712	-37.9365
			vertex	-0.790050	-35.7044	-34.9938
		endloop
	endfacet
	facet normal	-0.0453531	-0.682319	-0.729646
		outer loop
			vertex	-0.720522	-32.5623	-37.9365
			vertex	-0.790050	-35.7044	-34.9938
			vertex	-3.59556	-32.3712	-37.9365
		endloop
	endfacet
	facet normal	0.0151275	-0.683657	-0.729646
		outer loop
			vertex	-0.790050	-35.7044	-34.9938
			vertex	-0.720522	-32.5623	-37.9365
			vertex	2.36860	-35.6345	-34.9938
		endloop
	endfacet
	facet normal	0.0151275	-0.683657	-0.729646
		outer loop
			vertex	2.16016	-32.4986	-37.9365
			vertex	2.36860	-35.6345	-34.9938
			vertex	-0.720522	-32.5623	-37.9365
		endloop
	endfacet
	facet normal	0.0754905	-0.679645	-0.729646
		outer loop
			vertex	2.36860	-35.6345	-34.9938
			vertex	2.16016	-32.4986	-37.9365
			vertex	5.50872	-35.2858	-34.9938
		endloop
	endfacet
	facet normal	0.0754901	-0.679645	-0.729646
		outer loop
			vertex	5.02393	-32.1805	-37.9365
			vertex	5.50872	-35.2858	-34.9938
			vertex	2.16016	-32.4986	-37.9365
		endloop
	endfacet
	facet normal	0.135262	-0.670314	-0.729646
		outer loop
			vertex	5.50872	-35.2858	-34.9938
			vertex	5.02393	-32.1805	-37.9365
			vertex	8.60572	-34.6608	-34.9938
		endloop
	endfacet
	facet normal	0.135262	-0.670314	-0.729646
		outer loop
			vertex	7.84838	-31.6105	-37.9365
			vertex	8.60572	-34.6608	-34.9938
			vertex	5.02393	-32.1805	-37.9365
		endloop
	endfacet
	facet normal	0.193975	-0.655737	-0.729646
		outer loop
			vertex	8.60572	-34.6608	-34.9938
			vertex	7.84838	-31.6105	-37.9365
			vertex	11.6354	-33.7646	-34.9938
		endloop
	endfacet
	facet normal	0.193975	-0.655736	-0.729646
		outer loop
			vertex	10.6114	-30.7932	-37.9365
			vertex	11.6354	-33.7646	-34.9938
			vertex	7.84838	-31.6105	-37.9365
		endloop
	endfacet
	facet normal	0.251170	-0.636027	-0.729646
		outer loop
			vertex	11.6354	-33.7646	-34.9938
			vertex	10.6114	-30.7932	-37.9365
			vertex	14.5740	-32.6042	-34.9938
		endloop
	endfacet
	facet normal	0.251170	-0.636027	-0.729646
		outer loop
			vertex	13.2914	-29.7348	-37.9365
			vertex	14.5740	-32.6042	-34.9938
			vertex	10.6114	-30.7932	-37.9365
		endloop
	endfacet
	facet normal	0.306399	-0.611340	-0.729646
		outer loop
			vertex	14.5740	-32.6042	-34.9938
			vertex	13.2914	-29.7348	-37.9365
			vertex	17.3985	-31.1885	-34.9938
		endloop
	endfacet
	facet normal	0.306399	-0.611339	-0.729646
		outer loop
			vertex	15.8673	-28.4438	-37.9365
			vertex	17.3985	-31.1885	-34.9938
			vertex	13.2914	-29.7348	-37.9365
		endloop
	endfacet
	facet normal	0.359230	-0.581868	-0.729646
		outer loop
			vertex	17.3985	-31.1885	-34.9938
			vertex	15.8673	-28.4438	-37.9365
			vertex	20.0869	-29.5288	-34.9938
		endloop
	endfacet
	facet normal	0.359230	-0.581868	-0.729646
		outer loop
			vertex	18.3191	-26.9301	-37.9365
			vertex	20.0869	-29.5288	-34.9938
			vertex	15.8673	-28.4438	-37.9365
		endloop
	endfacet
	facet normal	0.409250	-0.547842	-0.729646
		outer loop
			vertex	20.0869	-29.5288	-34.9938
			vertex	18.3191	-26.9301	-37.9365
			vertex	22.6180	-27.6380	-34.9938
		endloop
	endfacet
	facet normal	0.409250	-0.547842	-0.729646
		outer loop
			vertex	20.6275	-25.2057	-37.9365
			vertex	22.6180	-27.6380	-34.9938
			vertex	18.3191	-26.9301	-37.9365
		endloop
	endfacet
	facet normal	0.456067	-0.509528	-0.729646
		outer loop
			vertex	22.6180	-27.6380	-34.9938
			vertex	20.6275	-25.2057	-37.9365
			vertex	24.9721	-25.5308	-34.9938
		endloop
	endfacet
	facet normal	0.456067	-0.509528	-0.729646
		outer loop
			vertex	22.7745	-23.2840	-37.9365
			vertex	24.9721	-25.5308	-34.9938
			vertex	20.6275	-25.2057	-37.9365
		endloop
	endfacet
	facet normal	0.499315	-0.467228	-0.729646
		outer loop
			vertex	24.9721	-25.5308	-34.9938
			vertex	22.7745	-23.2840	-37.9365
			vertex	27.1308	-23.2239	-34.9938
		endloop
	endfacet
	facet normal	0.499315	-0.467227	-0.729646
		outer loop
			vertex	24.7432	-21.1801	-37.9365
			vertex	27.1308	-23.2239	-34.9938
			vertex	22.7745	-23.2840	-37.9365
		endloop
	endfacet
	facet normal	0.538654	-0.421269	-0.729646
		outer loop
			vertex	27.1308	-23.2239	-34.9938
			vertex	24.7432	-21.1801	-37.9365
			vertex	29.0772	-20.7352	-34.9938
		endloop
	endfacet
	facet normal	0.538654	-0.421269	-0.729646
		outer loop
			vertex	26.5183	-18.9104	-37.9365
			vertex	29.0772	-20.7352	-34.9938
			vertex	24.7432	-21.1801	-37.9365
		endloop
	endfacet
	facet normal	0.573778	-0.372014	-0.729646
		outer loop
			vertex	29.0772	-20.7352	-34.9938
			vertex	26.5183	-18.9104	-37.9365
			vertex	30.7960	-18.0842	-34.9938
		endloop
	endfacet
	facet normal	0.573778	-0.372015	-0.729646
		outer loop
			vertex	28.0858	-16.4927	-37.9365
			vertex	30.7960	-18.0842	-34.9938
			vertex	26.5183	-18.9104	-37.9365
		endloop
	endfacet
	facet normal	0.604412	-0.319848	-0.729646
		outer loop
			vertex	30.7960	-18.0842	-34.9938
			vertex	28.0858	-16.4927	-37.9365
			vertex	32.2738	-15.2917	-34.9938
		endloop
	endfacet
	facet normal	0.604412	-0.319848	-0.729646
		outer loop
			vertex	29.4335	-13.9459	-37.9365
			vertex	32.2738	-15.2917	-34.9938
			vertex	28.0858	-16.4927	-37.9365
		endloop
	endfacet
	facet normal	0.630315	-0.265178	-0.729646
		outer loop
			vertex	32.2738	-15.2917	-34.9938
			vertex	29.4335	-13.9459	-37.9365
			vertex	33.4990	-12.3795	-34.9938
		endloop
	endfacet
	facet normal	0.630315	-0.265179	-0.729646
		outer loop
			vertex	30.5509	-11.2900	-37.9365
			vertex	33.4990	-12.3795	-34.9938
			vertex	29.4335	-13.9459	-37.9365
		endloop
	endfacet
	facet normal	0.651285	-0.208434	-0.729646
		outer loop
			vertex	33.4990	-12.3795	-34.9938
			vertex	30.5509	-11.2900	-37.9365
			vertex	34.4620	-9.37039	-34.9938
		endloop
	endfacet
	facet normal	0.651285	-0.208434	-0.729646
		outer loop
			vertex	31.4292	-8.54575	-37.9365
			vertex	34.4620	-9.37039	-34.9938
			vertex	30.5509	-11.2900	-37.9365
		endloop
	endfacet
	facet normal	0.667157	-0.150058	-0.729646
		outer loop
			vertex	34.4620	-9.37039	-34.9938
			vertex	31.4292	-8.54575	-37.9365
			vertex	35.1553	-6.28797	-34.9938
		endloop
	endfacet
	facet normal	0.667158	-0.150058	-0.729646
		outer loop
			vertex	32.0615	-5.73460	-37.9365
			vertex	35.1553	-6.28797	-34.9938
			vertex	31.4292	-8.54575	-37.9365
		endloop
	endfacet
	facet normal	0.677809	-0.0905068	-0.729646
		outer loop
			vertex	35.1553	-6.28797	-34.9938
			vertex	32.0615	-5.73460	-37.9365
			vertex	35.5734	-3.15633	-34.9938
		endloop
	endfacet
	facet normal	0.677809	-0.0905068	-0.729646
		outer loop
			vertex	32.4428	-2.87856	-37.9365
			vertex	35.5734	-3.15633	-34.9938
			vertex	32.0615	-5.73460	-37.9365
		endloop
	endfacet
	facet normal	0.683156	-0.0302478	-0.729646
		outer loop
			vertex	35.5734	-3.15633	-34.9938
			vertex	32.4428	-2.87856	-37.9365
			vertex	35.7132	0.000000	-34.9938
		endloop
	endfacet
	facet normal	0.683156	-0.0302478	-0.729646
		outer loop
			vertex	32.5703	0.000000	-37.9365
			vertex	35.7132	0.000000	-34.9938
			vertex	32.4428	-2.87856	-37.9365
		endloop
	endfacet
	facet normal	0.683156	0.0302478	-0.729646
		outer loop
			vertex	35.7132	0.000000	-34.9938
			vertex	32.5703	0.000000	-37.9365
			vertex	35.5734	3.15633	-34.9938
		endloop
	endfacet
	facet normal	0.683156	0.0302478	-0.729646
		outer loop
			vertex	32.4428	2.87856	-37.9365
			vertex	35.5734	3.15633	-34.9938
			vertex	32.5703	0.000000	-37.9365
		endloop
	endfacet
	facet normal	0.613067	0.0818619	-0.785778
		outer loop
			vertex	32.4428	2.87856	-37.9365
			vertex	29.0716	2.57945	-40.5979
			vertex	32.0615	5.73460	-37.9365
		endloop
	endfacet
	facet normal	0.613067	0.0818624	-0.785778
		outer loop
			vertex	28.7299	5.13871	-40.5979
			vertex	32.0615	5.73460	-37.9365
			vertex	29.0716	2.57945	-40.5979
		endloop
	endfacet
	facet normal	0.603433	0.135725	-0.785778
		outer loop
			vertex	32.0615	5.73460	-37.9365
			vertex	28.7299	5.13871	-40.5979
			vertex	31.4292	8.54575	-37.9365
		endloop
	endfacet
	facet normal	0.603433	0.135724	-0.785778
		outer loop
			vertex	28.1633	7.65775	-40.5979
			vertex	31.4292	8.54575	-37.9365
			vertex	28.7299	5.13871	-40.5979
		endloop
	endfacet
	facet normal	0.589076	0.188525	-0.785778
		outer loop
			vertex	31.4292	8.54575	-37.9365
			vertex	28.1633	7.65775	-40.5979
			vertex	30.5509	11.2900	-37.9365
		endloop
	endfacet
	facet normal	0.589077	0.188525	-0.785778
		outer loop
			vertex	27.3763	10.1169	-40.5979
			vertex	30.5509	11.2900	-37.9365
			vertex	28.1633	7.65775	-40.5979
		endloop
	endfacet
	facet normal	0.570109	0.239850	-0.785778
		outer loop
			vertex	30.5509	11.2900	-37.9365
			vertex	27.3763	10.1169	-40.5979
			vertex	29.4335	13.9459	-37.9365
		endloop
	endfacet
	facet normal	0.570109	0.239850	-0.785778
		outer loop
			vertex	26.3751	12.4968	-40.5979
			vertex	29.4335	13.9459	-37.9365
			vertex	27.3763	10.1169	-40.5979
		endloop
	endfacet
	facet normal	0.546680	0.289298	-0.785778
		outer loop
			vertex	29.4335	13.9459	-37.9365
			vertex	26.3751	12.4968	-40.5979
			vertex	28.0858	16.4927	-37.9365
		endloop
	endfacet
	facet normal	0.546681	0.289297	-0.785778
		outer loop
			vertex	25.1674	14.7789	-40.5979
			vertex	28.0858	16.4927	-37.9365
			vertex	26.3751	12.4968	-40.5979
		endloop
	endfacet
	facet normal	0.518973	0.336481	-0.785778
		outer loop
			vertex	28.0858	16.4927	-37.9365
			vertex	25.1674	14.7789	-40.5979
			vertex	26.5183	18.9104	-37.9365
		endloop
	endfacet
	facet normal	0.518973	0.336481	-0.785778
		outer loop
			vertex	23.7627	16.9454	-40.5979
			vertex	26.5183	18.9104	-37.9365
			vertex	25.1674	14.7789	-40.5979
		endloop
	endfacet
	facet normal	0.487204	0.381031	-0.785778
		outer loop
			vertex	26.5183	18.9104	-37.9365
			vertex	23.7627	16.9454	-40.5979
			vertex	24.7432	21.1801	-37.9365
		endloop
	endfacet
	facet normal	0.487204	0.381031	-0.785778
		outer loop
			vertex	22.1721	18.9792	-40.5979
			vertex	24.7432	21.1801	-37.9365
			vertex	23.7627	16.9454	-40.5979
		endloop
	endfacet
	facet normal	0.451622	0.422599	-0.785778
		outer loop
			vertex	24.7432	21.1801	-37.9365
			vertex	22.1721	18.9792	-40.5979
			vertex	22.7745	23.2840	-37.9365
		endloop
	endfacet
	facet normal	0.451622	0.422599	-0.785778
		outer loop
			vertex	20.4080	20.8645	-40.5979
			vertex	22.7745	23.2840	-37.9365
			vertex	22.1721	18.9792	-40.5979
		endloop
	endfacet
	facet normal	0.412505	0.460860	-0.785778
		outer loop
			vertex	22.7745	23.2840	-37.9365
			vertex	20.4080	20.8645	-40.5979
			vertex	20.6275	25.2057	-37.9365
		endloop
	endfacet
	facet normal	0.412505	0.460860	-0.785778
		outer loop
			vertex	18.4841	22.5865	-40.5979
			vertex	20.6275	25.2057	-37.9365
			vertex	20.4080	20.8645	-40.5979
		endloop
	endfacet
	facet normal	0.370160	0.495514	-0.785778
		outer loop
			vertex	20.6275	25.2057	-37.9365
			vertex	18.4841	22.5865	-40.5979
			vertex	18.3191	26.9301	-37.9365
		endloop
	endfacet
	facet normal	0.370160	0.495514	-0.785778
		outer loop
			vertex	16.4156	24.1318	-40.5979
			vertex	18.3191	26.9301	-37.9365
			vertex	18.4841	22.5865	-40.5979
		endloop
	endfacet
	facet normal	0.324918	0.526290	-0.785778
		outer loop
			vertex	18.3191	26.9301	-37.9365
			vertex	16.4156	24.1318	-40.5979
			vertex	15.8673	28.4438	-37.9365
		endloop
	endfacet
	facet normal	0.324918	0.526290	-0.785778
		outer loop
			vertex	14.2186	25.4882	-40.5979
			vertex	15.8673	28.4438	-37.9365
			vertex	16.4156	24.1318	-40.5979
		endloop
	endfacet
	facet normal	0.277133	0.552946	-0.785778
		outer loop
			vertex	15.8673	28.4438	-37.9365
			vertex	14.2186	25.4882	-40.5979
			vertex	13.2914	29.7348	-37.9365
		endloop
	endfacet
	facet normal	0.277133	0.552946	-0.785778
		outer loop
			vertex	11.9103	26.6451	-40.5979
			vertex	13.2914	29.7348	-37.9365
			vertex	14.2186	25.4882	-40.5979
		endloop
	endfacet
	facet normal	0.227179	0.575276	-0.785778
		outer loop
			vertex	13.2914	29.7348	-37.9365
			vertex	11.9103	26.6451	-40.5979
			vertex	10.6114	30.7932	-37.9365
		endloop
	endfacet
	facet normal	0.227179	0.575276	-0.785778
		outer loop
			vertex	9.50877	27.5934	-40.5979
			vertex	10.6114	30.7932	-37.9365
			vertex	11.9103	26.6451	-40.5979
		endloop
	endfacet
	facet normal	0.175447	0.593103	-0.785778
		outer loop
			vertex	10.6114	30.7932	-37.9365
			vertex	9.50877	27.5934	-40.5979
			vertex	7.84838	31.6105	-37.9365
		endloop
	endfacet
	facet normal	0.175447	0.593103	-0.785778
		outer loop
			vertex	7.03285	28.3258	-40.5979
			vertex	7.84838	31.6105	-37.9365
			vertex	9.50877	27.5934	-40.5979
		endloop
	endfacet
	facet normal	0.122342	0.606288	-0.785778
		outer loop
			vertex	7.84838	31.6105	-37.9365
			vertex	7.03285	28.3258	-40.5979
			vertex	5.02393	32.1805	-37.9365
		endloop
	endfacet
	facet normal	0.122342	0.606288	-0.785778
		outer loop
			vertex	4.50189	28.8366	-40.5979
			vertex	5.02393	32.1805	-37.9365
			vertex	7.03285	28.3258	-40.5979
		endloop
	endfacet
	facet normal	0.0682795	0.614728	-0.785778
		outer loop
			vertex	5.02393	32.1805	-37.9365
			vertex	4.50189	28.8366	-40.5979
			vertex	2.16016	32.4986	-37.9365
		endloop
	endfacet
	facet normal	0.0682796	0.614728	-0.785778
		outer loop
			vertex	1.93569	29.1216	-40.5979
			vertex	2.16016	32.4986	-37.9365
			vertex	4.50189	28.8366	-40.5979
		endloop
	endfacet
	facet normal	0.0136826	0.618357	-0.785778
		outer loop
			vertex	2.16016	32.4986	-37.9365
			vertex	1.93569	29.1216	-40.5979
			vertex	-0.720522	32.5623	-37.9365
		endloop
	endfacet
	facet normal	0.0136823	0.618357	-0.785778
		outer loop
			vertex	-0.645652	29.1787	-40.5979
			vertex	-0.720522	32.5623	-37.9365
			vertex	1.93569	29.1216	-40.5979
		endloop
	endfacet
	facet normal	-0.0410211	0.617147	-0.785778
		outer loop
			vertex	-0.720522	32.5623	-37.9365
			vertex	-0.645652	29.1787	-40.5979
			vertex	-3.59556	32.3712	-37.9365
		endloop
	endfacet
	facet normal	-0.0410212	0.617146	-0.785778
		outer loop
			vertex	-3.22194	29.0075	-40.5979
			vertex	-3.59556	32.3712	-37.9365
			vertex	-0.645652	29.1787	-40.5979
		endloop
	endfacet
	facet normal	-0.0954044	0.611106	-0.785778
		outer loop
			vertex	-3.59556	32.3712	-37.9365
			vertex	-3.22194	29.0075	-40.5979
			vertex	-6.44246	31.9267	-37.9365
		endloop
	endfacet
	facet normal	-0.0954042	0.611106	-0.785778
		outer loop
			vertex	-5.77302	28.6092	-40.5979
			vertex	-6.44246	31.9267	-37.9365
			vertex	-3.22194	29.0075	-40.5979
		endloop
	endfacet
	facet normal	-0.149040	0.600283	-0.785778
		outer loop
			vertex	-6.44246	31.9267	-37.9365
			vertex	-5.77302	28.6092	-40.5979
			vertex	-9.23894	31.2324	-37.9365
		endloop
	endfacet
	facet normal	-0.149040	0.600283	-0.785778
		outer loop
			vertex	-8.27891	27.9870	-40.5979
			vertex	-9.23894	31.2324	-37.9365
			vertex	-5.77302	28.6092	-40.5979
		endloop
	endfacet
	facet normal	-0.201510	0.584762	-0.785778
		outer loop
			vertex	-9.23894	31.2324	-37.9365
			vertex	-8.27891	27.9870	-40.5979
			vertex	-11.9631	30.2937	-37.9365
		endloop
	endfacet
	facet normal	-0.201510	0.584762	-0.785778
		outer loop
			vertex	-10.7200	27.1458	-40.5979
			vertex	-11.9631	30.2937	-37.9365
			vertex	-8.27891	27.9870	-40.5979
		endloop
	endfacet
	facet normal	-0.252403	0.564664	-0.785778
		outer loop
			vertex	-11.9631	30.2937	-37.9365
			vertex	-10.7200	27.1458	-40.5979
			vertex	-14.5937	29.1178	-37.9365
		endloop
	endfacet
	facet normal	-0.252403	0.564664	-0.785778
		outer loop
			vertex	-13.0772	26.0922	-40.5979
			vertex	-14.5937	29.1178	-37.9365
			vertex	-10.7200	27.1458	-40.5979
		endloop
	endfacet
	facet normal	-0.301320	0.540147	-0.785778
		outer loop
			vertex	-14.5937	29.1178	-37.9365
			vertex	-13.0772	26.0922	-40.5979
			vertex	-17.1100	27.7141	-37.9365
		endloop
	endfacet
	facet normal	-0.301321	0.540147	-0.785778
		outer loop
			vertex	-15.3321	24.8343	-40.5979
			vertex	-17.1100	27.7141	-37.9365
			vertex	-13.0772	26.0922	-40.5979
		endloop
	endfacet
	facet normal	-0.347879	0.511402	-0.785778
		outer loop
			vertex	-17.1100	27.7141	-37.9365
			vertex	-15.3321	24.8343	-40.5979
			vertex	-19.4924	26.0935	-37.9365
		endloop
	endfacet
	facet normal	-0.347879	0.511403	-0.785778
		outer loop
			vertex	-17.4669	23.3821	-40.5979
			vertex	-19.4924	26.0935	-37.9365
			vertex	-15.3321	24.8343	-40.5979
		endloop
	endfacet
	facet normal	-0.391716	0.478656	-0.785778
		outer loop
			vertex	-19.4924	26.0935	-37.9365
			vertex	-17.4669	23.3821	-40.5979
			vertex	-21.7223	24.2686	-37.9365
		endloop
	endfacet
	facet normal	-0.391716	0.478655	-0.785778
		outer loop
			vertex	-19.4651	21.7468	-40.5979
			vertex	-21.7223	24.2686	-37.9365
			vertex	-17.4669	23.3821	-40.5979
		endloop
	endfacet
	facet normal	-0.432487	0.442162	-0.785778
		outer loop
			vertex	-21.7223	24.2686	-37.9365
			vertex	-19.4651	21.7468	-40.5979
			vertex	-23.7821	22.2538	-37.9365
		endloop
	endfacet
	facet normal	-0.432487	0.442163	-0.785778
		outer loop
			vertex	-21.3109	19.9414	-40.5979
			vertex	-23.7821	22.2538	-37.9365
			vertex	-19.4651	21.7468	-40.5979
		endloop
	endfacet
	facet normal	-0.469873	0.402209	-0.785778
		outer loop
			vertex	-23.7821	22.2538	-37.9365
			vertex	-21.3109	19.9414	-40.5979
			vertex	-25.6559	20.0649	-37.9365
		endloop
	endfacet
	facet normal	-0.469873	0.402209	-0.785778
		outer loop
			vertex	-22.9899	17.9799	-40.5979
			vertex	-25.6559	20.0649	-37.9365
			vertex	-21.3109	19.9414	-40.5979
		endloop
	endfacet
	facet normal	-0.503581	0.359108	-0.785778
		outer loop
			vertex	-25.6559	20.0649	-37.9365
			vertex	-22.9899	17.9799	-40.5979
			vertex	-27.3288	17.7189	-37.9365
		endloop
	endfacet
	facet normal	-0.503581	0.359108	-0.785778
		outer loop
			vertex	-24.4890	15.8777	-40.5979
			vertex	-27.3288	17.7189	-37.9365
			vertex	-22.9899	17.9799	-40.5979
		endloop
	endfacet
	facet normal	-0.533349	0.313196	-0.785778
		outer loop
			vertex	-27.3288	17.7189	-37.9365
			vertex	-24.4890	15.8777	-40.5979
			vertex	-28.7879	15.2342	-37.9365
		endloop
	endfacet
	facet normal	-0.533349	0.313196	-0.785778
		outer loop
			vertex	-25.7965	13.6512	-40.5979
			vertex	-28.7879	15.2342	-37.9365
			vertex	-24.4890	15.8777	-40.5979
		endloop
	endfacet
	facet normal	-0.558942	0.264833	-0.785778
		outer loop
			vertex	-28.7879	15.2342	-37.9365
			vertex	-25.7965	13.6512	-40.5979
			vertex	-30.0216	12.6303	-37.9365
		endloop
	endfacet
	facet normal	-0.558942	0.264833	-0.785778
		outer loop
			vertex	-26.9020	11.3179	-40.5979
			vertex	-30.0216	12.6303	-37.9365
			vertex	-25.7965	13.6512	-40.5979
		endloop
	endfacet
	facet normal	-0.580161	0.214397	-0.785778
		outer loop
			vertex	-30.0216	12.6303	-37.9365
			vertex	-26.9020	11.3179	-40.5979
			vertex	-31.0204	9.92761	-37.9365
		endloop
	endfacet
	facet normal	-0.580161	0.214397	-0.785778
		outer loop
			vertex	-27.7970	8.89602	-40.5979
			vertex	-31.0204	9.92761	-37.9365
			vertex	-26.9020	11.3179	-40.5979
		endloop
	endfacet
	facet normal	-0.596839	0.162284	-0.785778
		outer loop
			vertex	-31.0204	9.92761	-37.9365
			vertex	-27.7970	8.89602	-40.5979
			vertex	-31.7764	7.14717	-37.9365
		endloop
	endfacet
	facet normal	-0.596839	0.162284	-0.785778
		outer loop
			vertex	-28.4745	6.40450	-40.5979
			vertex	-31.7764	7.14717	-37.9365
			vertex	-27.7970	8.89602	-40.5979
		endloop
	endfacet
	facet normal	-0.608846	0.108900	-0.785778
		outer loop
			vertex	-31.7764	7.14717	-37.9365
			vertex	-28.4745	6.40450	-40.5979
			vertex	-32.2837	4.31080	-37.9365
		endloop
	endfacet
	facet normal	-0.608846	0.108900	-0.785778
		outer loop
			vertex	-28.9291	3.86286	-40.5979
			vertex	-32.2837	4.31080	-37.9365
			vertex	-28.4745	6.40450	-40.5979
		endloop
	endfacet
	facet normal	-0.616088	0.0546639	-0.785778
		outer loop
			vertex	-32.2837	4.31080	-37.9365
			vertex	-28.9291	3.86286	-40.5979
			vertex	-32.5384	1.44069	-37.9365
		endloop
	endfacet
	facet normal	-0.616088	0.0546642	-0.785778
		outer loop
			vertex	-29.1573	1.29099	-40.5979
			vertex	-32.5384	1.44069	-37.9365
			vertex	-28.9291	3.86286	-40.5979
		endloop
	endfacet
	facet normal	-0.618508	0.000000	-0.785778
		outer loop
			vertex	-32.5384	1.44069	-37.9365
			vertex	-29.1573	1.29099	-40.5979
			vertex	-32.5384	-1.44069	-37.9365
		endloop
	endfacet
	facet normal	-0.618508	0.000000	-0.785778
		outer loop
			vertex	-29.1573	-1.29099	-40.5979
			vertex	-32.5384	-1.44069	-37.9365
			vertex	-29.1573	1.29099	-40.5979
		endloop
	endfacet
	facet normal	-0.616088	-0.0546639	-0.785778
		outer loop
			vertex	-32.5384	-1.44069	-37.9365
			vertex	-29.1573	-1.29099	-40.5979
			vertex	-32.2837	-4.31080	-37.9365
		endloop
	endfacet
	facet normal	-0.616088	-0.0546641	-0.785778
		outer loop
			vertex	-28.9291	-3.86286	-40.5979
			vertex	-32.2837	-4.31080	-37.9365
			vertex	-29.1573	-1.29099	-40.5979
		endloop
	endfacet
	facet normal	-0.608846	-0.108900	-0.785778
		outer loop
			vertex	-32.2837	-4.31080	-37.9365
			vertex	-28.9291	-3.86286	-40.5979
			vertex	-31.7764	-7.14717	-37.9365
		endloop
	endfacet
	facet normal	-0.608846	-0.108900	-0.785778
		outer loop
			vertex	-28.4745	-6.40450	-40.5979
			vertex	-31.7764	-7.14717	-37.9365
			vertex	-28.9291	-3.86286	-40.5979
		endloop
	endfacet
	facet normal	-0.596839	-0.162284	-0.785778
		outer loop
			vertex	-31.7764	-7.14717	-37.9365
			vertex	-28.4745	-6.40450	-40.5979
			vertex	-31.0204	-9.92761	-37.9365
		endloop
	endfacet
	facet normal	-0.596839	-0.162284	-0.785778
		outer loop
			vertex	-27.7970	-8.89602	-40.5979
			vertex	-31.0204	-9.92761	-37.9365
			vertex	-28.4745	-6.40450	-40.5979
		endloop
	endfacet
	facet normal	-0.580160	-0.214397	-0.785778
		outer loop
			vertex	-31.0204	-9.92761	-37.9365
			vertex	-27.7970	-8.89602	-40.5979
			vertex	-30.0216	-12.6303	-37.9365
		endloop
	endfacet
	facet normal	-0.580161	-0.214397	-0.785778
		outer loop
			vertex	-26.9020	-11.3179	-40.5979
			vertex	-30.0216	-12.6303	-37.9365
			vertex	-27.7970	-8.89602	-40.5979
		endloop
	endfacet
	facet normal	-0.558942	-0.264833	-0.785778
		outer loop
			vertex	-30.0216	-12.6303	-37.9365
			vertex	-26.9020	-11.3179	-40.5979
			vertex	-28.7879	-15.2342	-37.9365
		endloop
	endfacet
	facet normal	-0.558942	-0.264833	-0.785778
		outer loop
			vertex	-25.7965	-13.6512	-40.5979
			vertex	-28.7879	-15.2342	-37.9365
			vertex	-26.9020	-11.3179	-40.5979
		endloop
	endfacet
	facet normal	-0.533348	-0.313196	-0.785778
		outer loop
			vertex	-28.7879	-15.2342	-37.9365
			vertex	-25.7965	-13.6512	-40.5979
			vertex	-27.3288	-17.7189	-37.9365
		endloop
	endfacet
	facet normal	-0.533349	-0.313196	-0.785778
		outer loop
			vertex	-24.4890	-15.8777	-40.5979
			vertex	-27.3288	-17.7189	-37.9365
			vertex	-25.7965	-13.6512	-40.5979
		endloop
	endfacet
	facet normal	-0.503581	-0.359108	-0.785778
		outer loop
			vertex	-27.3288	-17.7189	-37.9365
			vertex	-24.4890	-15.8777	-40.5979
			vertex	-25.6559	-20.0649	-37.9365
		endloop
	endfacet
	facet normal	-0.503581	-0.359108	-0.785778
		outer loop
			vertex	-22.9899	-17.9799	-40.5979
			vertex	-25.6559	-20.0649	-37.9365
			vertex	-24.4890	-15.8777	-40.5979
		endloop
	endfacet
	facet normal	-0.469873	-0.402209	-0.785778
		outer loop
			vertex	-25.6559	-20.0649	-37.9365
			vertex	-22.9899	-17.9799	-40.5979
			vertex	-23.7821	-22.2538	-37.9365
		endloop
	endfacet
	facet normal	-0.469873	-0.402209	-0.785778
		outer loop
			vertex	-21.3109	-19.9414	-40.5979
			vertex	-23.7821	-22.2538	-37.9365
			vertex	-22.9899	-17.9799	-40.5979
		endloop
	endfacet
	facet normal	-0.432487	-0.442162	-0.785778
		outer loop
			vertex	-23.7821	-22.2538	-37.9365
			vertex	-21.3109	-19.9414	-40.5979
			vertex	-21.7223	-24.2686	-37.9365
		endloop
	endfacet
	facet normal	-0.432487	-0.442162	-0.785778
		outer loop
			vertex	-19.4651	-21.7468	-40.5979
			vertex	-21.7223	-24.2686	-37.9365
			vertex	-21.3109	-19.9414	-40.5979
		endloop
	endfacet
	facet normal	-0.391716	-0.478655	-0.785778
		outer loop
			vertex	-21.7223	-24.2686	-37.9365
			vertex	-19.4651	-21.7468	-40.5979
			vertex	-19.4924	-26.0935	-37.9365
		endloop
	endfacet
	facet normal	-0.391716	-0.478655	-0.785778
		outer loop
			vertex	-17.4669	-23.3821	-40.5979
			vertex	-19.4924	-26.0935	-37.9365
			vertex	-19.4651	-21.7468	-40.5979
		endloop
	endfacet
	facet normal	-0.347879	-0.511403	-0.785778
		outer loop
			vertex	-19.4924	-26.0935	-37.9365
			vertex	-17.4669	-23.3821	-40.5979
			vertex	-17.1100	-27.7141	-37.9365
		endloop
	endfacet
	facet normal	-0.347879	-0.511403	-0.785778
		outer loop
			vertex	-15.3321	-24.8343	-40.5979
			vertex	-17.1100	-27.7141	-37.9365
			vertex	-17.4669	-23.3821	-40.5979
		endloop
	endfacet
	facet normal	-0.301320	-0.540147	-0.785778
		outer loop
			vertex	-17.1100	-27.7141	-37.9365
			vertex	-15.3321	-24.8343	-40.5979
			vertex	-14.5937	-29.1178	-37.9365
		endloop
	endfacet
	facet normal	-0.301321	-0.540147	-0.785778
		outer loop
			vertex	-13.0772	-26.0922	-40.5979
			vertex	-14.5937	-29.1178	-37.9365
			vertex	-15.3321	-24.8343	-40.5979
		endloop
	endfacet
	facet normal	-0.252404	-0.564664	-0.785778
		outer loop
			vertex	-14.5937	-29.1178	-37.9365
			vertex	-13.0772	-26.0922	-40.5979
			vertex	-11.9631	-30.2937	-37.9365
		endloop
	endfacet
	facet normal	-0.252403	-0.564664	-0.785778
		outer loop
			vertex	-10.7200	-27.1458	-40.5979
			vertex	-11.9631	-30.2937	-37.9365
			vertex	-13.0772	-26.0922	-40.5979
		endloop
	endfacet
	facet normal	-0.201510	-0.584762	-0.785778
		outer loop
			vertex	-11.9631	-30.2937	-37.9365
			vertex	-10.7200	-27.1458	-40.5979
			vertex	-9.23894	-31.2324	-37.9365
		endloop
	endfacet
	facet normal	-0.201510	-0.584762	-0.785778
		outer loop
			vertex	-8.27891	-27.9870	-40.5979
			vertex	-9.23894	-31.2324	-37.9365
			vertex	-10.7200	-27.1458	-40.5979
		endloop
	endfacet
	facet normal	-0.149040	-0.600283	-0.785778
		outer loop
			vertex	-9.23894	-31.2324	-37.9365
			vertex	-8.27891	-27.9870	-40.5979
			vertex	-6.44246	-31.9267	-37.9365
		endloop
	endfacet
	facet normal	-0.149040	-0.600283	-0.785778
		outer loop
			vertex	-5.77302	-28.6092	-40.5979
			vertex	-6.44246	-31.9267	-37.9365
			vertex	-8.27891	-27.9870	-40.5979
		endloop
	endfacet
	facet normal	-0.0954044	-0.611106	-0.785778
		outer loop
			vertex	-6.44246	-31.9267	-37.9365
			vertex	-5.77302	-28.6092	-40.5979
			vertex	-3.59556	-32.3712	-37.9365
		endloop
	endfacet
	facet normal	-0.0954042	-0.611106	-0.785778
		outer loop
			vertex	-3.22194	-29.0075	-40.5979
			vertex	-3.59556	-32.3712	-37.9365
			vertex	-5.77302	-28.6092	-40.5979
		endloop
	endfacet
	facet normal	-0.0410211	-0.617146	-0.785778
		outer loop
			vertex	-3.59556	-32.3712	-37.9365
			vertex	-3.22194	-29.0075	-40.5979
			vertex	-0.720522	-32.5623	-37.9365
		endloop
	endfacet
	facet normal	-0.0410212	-0.617146	-0.785778
		outer loop
			vertex	-0.645652	-29.1787	-40.5979
			vertex	-0.720522	-32.5623	-37.9365
			vertex	-3.22194	-29.0075	-40.5979
		endloop
	endfacet
	facet normal	0.0136826	-0.618357	-0.785778
		outer loop
			vertex	-0.720522	-32.5623	-37.9365
			vertex	-0.645652	-29.1787	-40.5979
			vertex	2.16016	-32.4986	-37.9365
		endloop
	endfacet
	facet normal	0.0136823	-0.618357	-0.785778
		outer loop
			vertex	1.93569	-29.1216	-40.5979
			vertex	2.16016	-32.4986	-37.9365
			vertex	-0.645652	-29.1787	-40.5979
		endloop
	endfacet
	facet normal	0.0682795	-0.614728	-0.785778
		outer loop
			vertex	2.16016	-32.4986	-37.9365
			vertex	1.93569	-29.1216	-40.5979
			vertex	5.02393	-32.1805	-37.9365
		endloop
	endfacet
	facet normal	0.0682796	-0.614728	-0.785778
		outer loop
			vertex	4.50189	-28.8366	-40.5979
			vertex	5.02393	-32.1805	-37.9365
			vertex	1.93569	-29.1216	-40.5979
		endloop
	endfacet
	facet normal	0.122342	-0.606288	-0.785778
		outer loop
			vertex	5.02393	-32.1805	-37.9365
			vertex	4.50189	-28.8366	-40.5979
			vertex	7.84838	-31.6105	-37.9365
		endloop
	endfacet
	facet normal	0.122342	-0.606288	-0.785778
		outer loop
			vertex	7.03285	-28.3258	-40.5979
			vertex	7.84838	-31.6105	-37.9365
			vertex	4.50189	-28.8366	-40.5979
		endloop
	endfacet
	facet normal	0.175447	-0.593103	-0.785778
		outer loop
			vertex	7.84838	-31.6105	-37.9365
			vertex	7.03285	-28.3258	-40.5979
			vertex	10.6114	-30.7932	-37.9365
		endloop
	endfacet
	facet normal	0.175447	-0.593103	-0.785778
		outer loop
			vertex	9.50877	-27.5934	-40.5979
			vertex	10.6114	-30.7932	-37.9365
			vertex	7.03285	-28.3258	-40.5979
		endloop
	endfacet
	facet normal	0.227179	-0.575276	-0.785778
		outer loop
			vertex	10.6114	-30.7932	-37.9365
			vertex	9.50877	-27.5934	-40.5979
			vertex	13.2914	-29.7348	-37.9365
		endloop
	endfacet
	facet normal	0.227179	-0.575276	-0.785778
		outer loop
			vertex	11.9103	-26.6451	-40.5979
			vertex	13.2914	-29.7348	-37.9365
			vertex	9.50877	-27.5934	-40.5979
		endloop
	endfacet
	facet normal	0.277133	-0.552946	-0.785778
		outer loop
			vertex	13.2914	-29.7348	-37.9365
			vertex	11.9103	-26.6451	-40.5979
			vertex	15.8673	-28.4438	-37.9365
		endloop
	endfacet
	facet normal	0.277133	-0.552947	-0.785778
		outer loop
			vertex	14.2186	-25.4882	-40.5979
			vertex	15.8673	-28.4438	-37.9365
			vertex	11.9103	-26.6451	-40.5979
		endloop
	endfacet
	facet normal	0.324918	-0.526290	-0.785778
		outer loop
			vertex	15.8673	-28.4438	-37.9365
			vertex	14.2186	-25.4882	-40.5979
			vertex	18.3191	-26.9301	-37.9365
		endloop
	endfacet
	facet normal	0.324918	-0.526290	-0.785778
		outer loop
			vertex	16.4156	-24.1318	-40.5979
			vertex	18.3191	-26.9301	-37.9365
			vertex	14.2186	-25.4882	-40.5979
		endloop
	endfacet
	facet normal	0.370160	-0.495514	-0.785778
		outer loop
			vertex	18.3191	-26.9301	-37.9365
			vertex	16.4156	-24.1318	-40.5979
			vertex	20.6275	-25.2057	-37.9365
		endloop
	endfacet
	facet normal	0.370160	-0.495514	-0.785778
		outer loop
			vertex	18.4841	-22.5865	-40.5979
			vertex	20.6275	-25.2057	-37.9365
			vertex	16.4156	-24.1318	-40.5979
		endloop
	endfacet
	facet normal	0.412505	-0.460860	-0.785778
		outer loop
			vertex	20.6275	-25.2057	-37.9365
			vertex	18.4841	-22.5865	-40.5979
			vertex	22.7745	-23.2840	-37.9365
		endloop
	endfacet
	facet normal	0.412505	-0.460860	-0.785778
		outer loop
			vertex	20.4080	-20.8645	-40.5979
			vertex	22.7745	-23.2840	-37.9365
			vertex	18.4841	-22.5865	-40.5979
		endloop
	endfacet
	facet normal	0.451622	-0.422599	-0.785778
		outer loop
			vertex	22.7745	-23.2840	-37.9365
			vertex	20.4080	-20.8645	-40.5979
			vertex	24.7432	-21.1801	-37.9365
		endloop
	endfacet
	facet normal	0.451622	-0.422599	-0.785778
		outer loop
			vertex	22.1721	-18.9792	-40.5979
			vertex	24.7432	-21.1801	-37.9365
			vertex	20.4080	-20.8645	-40.5979
		endloop
	endfacet
	facet normal	0.487204	-0.381031	-0.785778
		outer loop
			vertex	24.7432	-21.1801	-37.9365
			vertex	22.1721	-18.9792	-40.5979
			vertex	26.5183	-18.9104	-37.9365
		endloop
	endfacet
	facet normal	0.487204	-0.381031	-0.785778
		outer loop
			vertex	23.7627	-16.9454	-40.5979
			vertex	26.5183	-18.9104	-37.9365
			vertex	22.1721	-18.9792	-40.5979
		endloop
	endfacet
	facet normal	0.518973	-0.336481	-0.785778
		outer loop
			vertex	26.5183	-18.9104	-37.9365
			vertex	23.7627	-16.9454	-40.5979
			vertex	28.0858	-16.4927	-37.9365
		endloop
	endfacet
	facet normal	0.518973	-0.336482	-0.785778
		outer loop
			vertex	25.1674	-14.7789	-40.5979
			vertex	28.0858	-16.4927	-37.9365
			vertex	23.7627	-16.9454	-40.5979
		endloop
	endfacet
	facet normal	0.546681	-0.289298	-0.785778
		outer loop
			vertex	28.0858	-16.4927	-37.9365
			vertex	25.1674	-14.7789	-40.5979
			vertex	29.4335	-13.9459	-37.9365
		endloop
	endfacet
	facet normal	0.546681	-0.289297	-0.785778
		outer loop
			vertex	26.3751	-12.4968	-40.5979
			vertex	29.4335	-13.9459	-37.9365
			vertex	25.1674	-14.7789	-40.5979
		endloop
	endfacet
	facet normal	0.570109	-0.239850	-0.785778
		outer loop
			vertex	29.4335	-13.9459	-37.9365
			vertex	26.3751	-12.4968	-40.5979
			vertex	30.5509	-11.2900	-37.9365
		endloop
	endfacet
	facet normal	0.570109	-0.239850	-0.785778
		outer loop
			vertex	27.3763	-10.1169	-40.5979
			vertex	30.5509	-11.2900	-37.9365
			vertex	26.3751	-12.4968	-40.5979
		endloop
	endfacet
	facet normal	0.589076	-0.188525	-0.785778
		outer loop
			vertex	30.5509	-11.2900	-37.9365
			vertex	27.3763	-10.1169	-40.5979
			vertex	31.4292	-8.54575	-37.9365
		endloop
	endfacet
	facet normal	0.589076	-0.188525	-0.785778
		outer loop
			vertex	28.1633	-7.65775	-40.5979
			vertex	31.4292	-8.54575	-37.9365
			vertex	27.3763	-10.1169	-40.5979
		endloop
	endfacet
	facet normal	0.603433	-0.135725	-0.785778
		outer loop
			vertex	31.4292	-8.54575	-37.9365
			vertex	28.1633	-7.65775	-40.5979
			vertex	32.0615	-5.73460	-37.9365
		endloop
	endfacet
	facet normal	0.603433	-0.135724	-0.785778
		outer loop
			vertex	28.7299	-5.13871	-40.5979
			vertex	32.0615	-5.73460	-37.9365
			vertex	28.1633	-7.65775	-40.5979
		endloop
	endfacet
	facet normal	0.613067	-0.0818618	-0.785778
		outer loop
			vertex	32.0615	-5.73460	-37.9365
			vertex	28.7299	-5.13871	-40.5979
			vertex	32.4428	-2.87856	-37.9365
		endloop
	endfacet
	facet normal	0.613067	-0.0818624	-0.785778
		outer loop
			vertex	29.0716	-2.57945	-40.5979
			vertex	32.4428	-2.87856	-37.9365
			vertex	28.7299	-5.13871	-40.5979
		endloop
	endfacet
	facet normal	0.617903	-0.0273587	-0.785778
		outer loop
			vertex	32.4428	-2.87856	-37.9365
			vertex	29.0716	-2.57945	-40.5979
			vertex	32.5703	0.000000	-37.9365
		endloop
	endfacet
	facet normal	0.617903	-0.0273585	-0.785778
		outer loop
			vertex	29.1859	0.000000	-40.5979
			vertex	32.5703	0.000000	-37.9365
			vertex	29.0716	-2.57945	-40.5979
		endloop
	endfacet
	facet normal	0.617903	0.0273586	-0.785778
		outer loop
			vertex	32.5703	0.000000	-37.9365
			vertex	29.1859	0.000000	-40.5979
			vertex	32.4428	2.87856	-37.9365
		endloop
	endfacet
	facet normal	0.617903	0.0273585	-0.785778
		outer loop
			vertex	29.0716	2.57945	-40.5979
			vertex	32.4428	2.87856	-37.9365
			vertex	29.1859	0.000000	-40.5979
		endloop
	endfacet
	facet normal	0.543766	0.0726088	-0.836090
		outer loop
			vertex	29.0716	2.57945	-40.5979
			vertex	25.4849	2.26121	-42.9582
			vertex	28.7299	5.13871	-40.5979
		endloop
	endfacet
	facet normal	0.543766	0.0726087	-0.836090
		outer loop
			vertex	25.1853	4.50472	-42.9582
			vertex	28.7299	5.13871	-40.5979
			vertex	25.4849	2.26121	-42.9582
		endloop
	endfacet
	facet normal	0.535221	0.120382	-0.836090
		outer loop
			vertex	28.7299	5.13871	-40.5979
			vertex	25.1853	4.50472	-42.9582
			vertex	28.1633	7.65775	-40.5979
		endloop
	endfacet
	facet normal	0.535222	0.120382	-0.836090
		outer loop
			vertex	24.6887	6.71297	-42.9582
			vertex	28.1633	7.65775	-40.5979
			vertex	25.1853	4.50472	-42.9582
		endloop
	endfacet
	facet normal	0.522488	0.167214	-0.836090
		outer loop
			vertex	28.1633	7.65775	-40.5979
			vertex	24.6887	6.71297	-42.9582
			vertex	27.3763	10.1169	-40.5979
		endloop
	endfacet
	facet normal	0.522487	0.167214	-0.836090
		outer loop
			vertex	23.9987	8.86869	-42.9582
			vertex	27.3763	10.1169	-40.5979
			vertex	24.6887	6.71297	-42.9582
		endloop
	endfacet
	facet normal	0.505664	0.212738	-0.836090
		outer loop
			vertex	27.3763	10.1169	-40.5979
			vertex	23.9987	8.86869	-42.9582
			vertex	26.3751	12.4968	-40.5979
		endloop
	endfacet
	facet normal	0.505665	0.212737	-0.836090
		outer loop
			vertex	23.1210	10.9550	-42.9582
			vertex	26.3751	12.4968	-40.5979
			vertex	23.9987	8.86869	-42.9582
		endloop
	endfacet
	facet normal	0.484884	0.256595	-0.836090
		outer loop
			vertex	26.3751	12.4968	-40.5979
			vertex	23.1210	10.9550	-42.9582
			vertex	25.1674	14.7789	-40.5979
		endloop
	endfacet
	facet normal	0.484884	0.256595	-0.836090
		outer loop
			vertex	22.0623	12.9556	-42.9582
			vertex	25.1674	14.7789	-40.5979
			vertex	23.1210	10.9550	-42.9582
		endloop
	endfacet
	facet normal	0.460308	0.298446	-0.836090
		outer loop
			vertex	25.1674	14.7789	-40.5979
			vertex	22.0623	12.9556	-42.9582
			vertex	23.7627	16.9454	-40.5979
		endloop
	endfacet
	facet normal	0.460309	0.298446	-0.836090
		outer loop
			vertex	20.8310	14.8547	-42.9582
			vertex	23.7627	16.9454	-40.5979
			vertex	22.0623	12.9556	-42.9582
		endloop
	endfacet
	facet normal	0.432131	0.337960	-0.836090
		outer loop
			vertex	23.7627	16.9454	-40.5979
			vertex	20.8310	14.8547	-42.9582
			vertex	22.1721	18.9792	-40.5979
		endloop
	endfacet
	facet normal	0.432131	0.337960	-0.836090
		outer loop
			vertex	19.4366	16.6377	-42.9582
			vertex	22.1721	18.9792	-40.5979
			vertex	20.8310	14.8547	-42.9582
		endloop
	endfacet
	facet normal	0.400571	0.374829	-0.836090
		outer loop
			vertex	22.1721	18.9792	-40.5979
			vertex	19.4366	16.6377	-42.9582
			vertex	20.4080	20.8645	-40.5979
		endloop
	endfacet
	facet normal	0.400571	0.374829	-0.836090
		outer loop
			vertex	17.8901	18.2904	-42.9582
			vertex	20.4080	20.8645	-40.5979
			vertex	19.4366	16.6377	-42.9582
		endloop
	endfacet
	facet normal	0.365876	0.408765	-0.836090
		outer loop
			vertex	20.4080	20.8645	-40.5979
			vertex	17.8901	18.2904	-42.9582
			vertex	18.4841	22.5865	-40.5979
		endloop
	endfacet
	facet normal	0.365876	0.408765	-0.836090
		outer loop
			vertex	16.2036	19.7999	-42.9582
			vertex	18.4841	22.5865	-40.5979
			vertex	17.8901	18.2904	-42.9582
		endloop
	endfacet
	facet normal	0.328317	0.439501	-0.836090
		outer loop
			vertex	18.4841	22.5865	-40.5979
			vertex	16.2036	19.7999	-42.9582
			vertex	16.4156	24.1318	-40.5979
		endloop
	endfacet
	facet normal	0.328318	0.439501	-0.836090
		outer loop
			vertex	14.3903	21.1545	-42.9582
			vertex	16.4156	24.1318	-40.5979
			vertex	16.2036	19.7999	-42.9582
		endloop
	endfacet
	facet normal	0.288189	0.466798	-0.836090
		outer loop
			vertex	16.4156	24.1318	-40.5979
			vertex	14.3903	21.1545	-42.9582
			vertex	14.2186	25.4882	-40.5979
		endloop
	endfacet
	facet normal	0.288190	0.466798	-0.836090
		outer loop
			vertex	12.4643	22.3435	-42.9582
			vertex	14.2186	25.4882	-40.5979
			vertex	14.3903	21.1545	-42.9582
		endloop
	endfacet
	facet normal	0.245806	0.490442	-0.836090
		outer loop
			vertex	14.2186	25.4882	-40.5979
			vertex	12.4643	22.3435	-42.9582
			vertex	11.9103	26.6451	-40.5979
		endloop
	endfacet
	facet normal	0.245806	0.490442	-0.836090
		outer loop
			vertex	10.4408	23.3577	-42.9582
			vertex	11.9103	26.6451	-40.5979
			vertex	12.4643	22.3435	-42.9582
		endloop
	endfacet
	facet normal	0.201499	0.510247	-0.836090
		outer loop
			vertex	11.9103	26.6451	-40.5979
			vertex	10.4408	23.3577	-42.9582
			vertex	9.50877	27.5934	-40.5979
		endloop
	endfacet
	facet normal	0.201499	0.510247	-0.836090
		outer loop
			vertex	8.33562	24.1891	-42.9582
			vertex	9.50877	27.5934	-40.5979
			vertex	10.4408	23.3577	-42.9582
		endloop
	endfacet
	facet normal	0.155615	0.526059	-0.836090
		outer loop
			vertex	9.50877	27.5934	-40.5979
			vertex	8.33562	24.1891	-42.9582
			vertex	7.03285	28.3258	-40.5979
		endloop
	endfacet
	facet normal	0.155615	0.526059	-0.836090
		outer loop
			vertex	6.16517	24.8311	-42.9582
			vertex	7.03285	28.3258	-40.5979
			vertex	8.33562	24.1891	-42.9582
		endloop
	endfacet
	facet normal	0.108513	0.537753	-0.836090
		outer loop
			vertex	7.03285	28.3258	-40.5979
			vertex	6.16517	24.8311	-42.9582
			vertex	4.50189	28.8366	-40.5979
		endloop
	endfacet
	facet normal	0.108512	0.537753	-0.836090
		outer loop
			vertex	3.94646	25.2788	-42.9582
			vertex	4.50189	28.8366	-40.5979
			vertex	6.16517	24.8311	-42.9582
		endloop
	endfacet
	facet normal	0.0605613	0.545239	-0.836090
		outer loop
			vertex	4.50189	28.8366	-40.5979
			vertex	3.94646	25.2788	-42.9582
			vertex	1.93569	29.1216	-40.5979
		endloop
	endfacet
	facet normal	0.0605618	0.545240	-0.836090
		outer loop
			vertex	1.69687	25.5287	-42.9582
			vertex	1.93569	29.1216	-40.5979
			vertex	3.94646	25.2788	-42.9582
		endloop
	endfacet
	facet normal	0.0121357	0.548458	-0.836090
		outer loop
			vertex	1.93569	29.1216	-40.5979
			vertex	1.69687	25.5287	-42.9582
			vertex	-0.645652	29.1787	-40.5979
		endloop
	endfacet
	facet normal	0.0121357	0.548458	-0.836090
		outer loop
			vertex	-0.565994	25.5788	-42.9582
			vertex	-0.645652	29.1787	-40.5979
			vertex	1.69687	25.5287	-42.9582
		endloop
	endfacet
	facet normal	-0.0363842	0.547385	-0.836090
		outer loop
			vertex	-0.645652	29.1787	-40.5979
			vertex	-0.565994	25.5788	-42.9582
			vertex	-3.22194	29.0075	-40.5979
		endloop
	endfacet
	facet normal	-0.0363843	0.547385	-0.836090
		outer loop
			vertex	-2.82443	25.4286	-42.9582
			vertex	-3.22194	29.0075	-40.5979
			vertex	-0.565994	25.5788	-42.9582
		endloop
	endfacet
	facet normal	-0.0846198	0.542027	-0.836090
		outer loop
			vertex	-3.22194	29.0075	-40.5979
			vertex	-2.82443	25.4286	-42.9582
			vertex	-5.77302	28.6092	-40.5979
		endloop
	endfacet
	facet normal	-0.0846198	0.542027	-0.836090
		outer loop
			vertex	-5.06077	25.0795	-42.9582
			vertex	-5.77302	28.6092	-40.5979
			vertex	-2.82443	25.4286	-42.9582
		endloop
	endfacet
	facet normal	-0.132193	0.532427	-0.836090
		outer loop
			vertex	-5.77302	28.6092	-40.5979
			vertex	-5.06077	25.0795	-42.9582
			vertex	-8.27891	27.9870	-40.5979
		endloop
	endfacet
	facet normal	-0.132193	0.532427	-0.836090
		outer loop
			vertex	-7.25749	24.5341	-42.9582
			vertex	-8.27891	27.9870	-40.5979
			vertex	-5.06077	25.0795	-42.9582
		endloop
	endfacet
	facet normal	-0.178732	0.518660	-0.836090
		outer loop
			vertex	-8.27891	27.9870	-40.5979
			vertex	-7.25749	24.5341	-42.9582
			vertex	-10.7200	27.1458	-40.5979
		endloop
	endfacet
	facet normal	-0.178732	0.518661	-0.836090
		outer loop
			vertex	-9.39742	23.7967	-42.9582
			vertex	-10.7200	27.1458	-40.5979
			vertex	-7.25749	24.5341	-42.9582
		endloop
	endfacet
	facet normal	-0.223872	0.500835	-0.836090
		outer loop
			vertex	-10.7200	27.1458	-40.5979
			vertex	-9.39742	23.7967	-42.9582
			vertex	-13.0772	26.0922	-40.5979
		endloop
	endfacet
	facet normal	-0.223872	0.500835	-0.836090
		outer loop
			vertex	-11.4638	22.8730	-42.9582
			vertex	-13.0772	26.0922	-40.5979
			vertex	-9.39742	23.7967	-42.9582
		endloop
	endfacet
	facet normal	-0.267260	0.479089	-0.836090
		outer loop
			vertex	-13.0772	26.0922	-40.5979
			vertex	-11.4638	22.8730	-42.9582
			vertex	-15.3321	24.8343	-40.5979
		endloop
	endfacet
	facet normal	-0.267260	0.479089	-0.836090
		outer loop
			vertex	-13.4405	21.7703	-42.9582
			vertex	-15.3321	24.8343	-40.5979
			vertex	-11.4638	22.8730	-42.9582
		endloop
	endfacet
	facet normal	-0.308555	0.453594	-0.836090
		outer loop
			vertex	-15.3321	24.8343	-40.5979
			vertex	-13.4405	21.7703	-42.9582
			vertex	-17.4669	23.3821	-40.5979
		endloop
	endfacet
	facet normal	-0.308556	0.453594	-0.836090
		outer loop
			vertex	-15.3119	20.4973	-42.9582
			vertex	-17.4669	23.3821	-40.5979
			vertex	-13.4405	21.7703	-42.9582
		endloop
	endfacet
	facet normal	-0.347437	0.424548	-0.836090
		outer loop
			vertex	-17.4669	23.3821	-40.5979
			vertex	-15.3119	20.4973	-42.9582
			vertex	-19.4651	21.7468	-40.5979
		endloop
	endfacet
	facet normal	-0.347437	0.424549	-0.836090
		outer loop
			vertex	-17.0636	19.0638	-42.9582
			vertex	-19.4651	21.7468	-40.5979
			vertex	-15.3119	20.4973	-42.9582
		endloop
	endfacet
	facet normal	-0.383599	0.392181	-0.836090
		outer loop
			vertex	-19.4651	21.7468	-40.5979
			vertex	-17.0636	19.0638	-42.9582
			vertex	-21.3109	19.9414	-40.5979
		endloop
	endfacet
	facet normal	-0.383599	0.392181	-0.836090
		outer loop
			vertex	-18.6817	17.4811	-42.9582
			vertex	-21.3109	19.9414	-40.5979
			vertex	-17.0636	19.0638	-42.9582
		endloop
	endfacet
	facet normal	-0.416759	0.356744	-0.836090
		outer loop
			vertex	-21.3109	19.9414	-40.5979
			vertex	-18.6817	17.4811	-42.9582
			vertex	-22.9899	17.9799	-40.5979
		endloop
	endfacet
	facet normal	-0.416759	0.356744	-0.836090
		outer loop
			vertex	-20.1535	15.7616	-42.9582
			vertex	-22.9899	17.9799	-40.5979
			vertex	-18.6817	17.4811	-42.9582
		endloop
	endfacet
	facet normal	-0.446657	0.318515	-0.836090
		outer loop
			vertex	-22.9899	17.9799	-40.5979
			vertex	-20.1535	15.7616	-42.9582
			vertex	-24.4890	15.8777	-40.5979
		endloop
	endfacet
	facet normal	-0.446657	0.318515	-0.836090
		outer loop
			vertex	-21.4677	13.9188	-42.9582
			vertex	-24.4890	15.8777	-40.5979
			vertex	-20.1535	15.7616	-42.9582
		endloop
	endfacet
	facet normal	-0.473059	0.277792	-0.836090
		outer loop
			vertex	-24.4890	15.8777	-40.5979
			vertex	-21.4677	13.9188	-42.9582
			vertex	-25.7965	13.6512	-40.5979
		endloop
	endfacet
	facet normal	-0.473059	0.277793	-0.836090
		outer loop
			vertex	-22.6138	11.9670	-42.9582
			vertex	-25.7965	13.6512	-40.5979
			vertex	-21.4677	13.9188	-42.9582
		endloop
	endfacet
	facet normal	-0.495760	0.234897	-0.836090
		outer loop
			vertex	-25.7965	13.6512	-40.5979
			vertex	-22.6138	11.9670	-42.9582
			vertex	-26.9020	11.3179	-40.5979
		endloop
	endfacet
	facet normal	-0.495760	0.234896	-0.836090
		outer loop
			vertex	-23.5830	9.92155	-42.9582
			vertex	-26.9020	11.3179	-40.5979
			vertex	-22.6138	11.9670	-42.9582
		endloop
	endfacet
	facet normal	-0.514580	0.190161	-0.836090
		outer loop
			vertex	-26.9020	11.3179	-40.5979
			vertex	-23.5830	9.92155	-42.9582
			vertex	-27.7970	8.89602	-40.5979
		endloop
	endfacet
	facet normal	-0.514580	0.190162	-0.836090
		outer loop
			vertex	-24.3676	7.79846	-42.9582
			vertex	-27.7970	8.89602	-40.5979
			vertex	-23.5830	9.92155	-42.9582
		endloop
	endfacet
	facet normal	-0.529373	0.143939	-0.836090
		outer loop
			vertex	-27.7970	8.89602	-40.5979
			vertex	-24.3676	7.79846	-42.9582
			vertex	-28.4745	6.40450	-40.5979
		endloop
	endfacet
	facet normal	-0.529373	0.143939	-0.836090
		outer loop
			vertex	-24.9614	5.61434	-42.9582
			vertex	-28.4745	6.40450	-40.5979
			vertex	-24.3676	7.79846	-42.9582
		endloop
	endfacet
	facet normal	-0.540022	0.0965900	-0.836090
		outer loop
			vertex	-28.4745	6.40450	-40.5979
			vertex	-24.9614	5.61434	-42.9582
			vertex	-28.9291	3.86286	-40.5979
		endloop
	endfacet
	facet normal	-0.540022	0.0965900	-0.836090
		outer loop
			vertex	-25.3599	3.38628	-42.9582
			vertex	-28.9291	3.86286	-40.5979
			vertex	-24.9614	5.61434	-42.9582
		endloop
	endfacet
	facet normal	-0.546446	0.0484850	-0.836090
		outer loop
			vertex	-28.9291	3.86286	-40.5979
			vertex	-25.3599	3.38628	-42.9582
			vertex	-29.1573	1.29099	-40.5979
		endloop
	endfacet
	facet normal	-0.546446	0.0484847	-0.836090
		outer loop
			vertex	-25.5600	1.13171	-42.9582
			vertex	-29.1573	1.29099	-40.5979
			vertex	-25.3599	3.38628	-42.9582
		endloop
	endfacet
	facet normal	-0.548593	0.000000	-0.836090
		outer loop
			vertex	-29.1573	1.29099	-40.5979
			vertex	-25.5600	1.13171	-42.9582
			vertex	-29.1573	-1.29099	-40.5979
		endloop
	endfacet
	facet normal	-0.548593	0.000000	-0.836090
		outer loop
			vertex	-25.5600	-1.13171	-42.9582
			vertex	-29.1573	-1.29099	-40.5979
			vertex	-25.5600	1.13171	-42.9582
		endloop
	endfacet
	facet normal	-0.546446	-0.0484849	-0.836090
		outer loop
			vertex	-29.1573	-1.29099	-40.5979
			vertex	-25.5600	-1.13171	-42.9582
			vertex	-28.9291	-3.86286	-40.5979
		endloop
	endfacet
	facet normal	-0.546446	-0.0484847	-0.836090
		outer loop
			vertex	-25.3599	-3.38628	-42.9582
			vertex	-28.9291	-3.86286	-40.5979
			vertex	-25.5600	-1.13171	-42.9582
		endloop
	endfacet
	facet normal	-0.540022	-0.0965900	-0.836090
		outer loop
			vertex	-28.9291	-3.86286	-40.5979
			vertex	-25.3599	-3.38628	-42.9582
			vertex	-28.4745	-6.40450	-40.5979
		endloop
	endfacet
	facet normal	-0.540022	-0.0965900	-0.836090
		outer loop
			vertex	-24.9614	-5.61434	-42.9582
			vertex	-28.4745	-6.40450	-40.5979
			vertex	-25.3599	-3.38628	-42.9582
		endloop
	endfacet
	facet normal	-0.529373	-0.143939	-0.836090
		outer loop
			vertex	-28.4745	-6.40450	-40.5979
			vertex	-24.9614	-5.61434	-42.9582
			vertex	-27.7970	-8.89602	-40.5979
		endloop
	endfacet
	facet normal	-0.529373	-0.143939	-0.836090
		outer loop
			vertex	-24.3676	-7.79846	-42.9582
			vertex	-27.7970	-8.89602	-40.5979
			vertex	-24.9614	-5.61434	-42.9582
		endloop
	endfacet
	facet normal	-0.514580	-0.190162	-0.836090
		outer loop
			vertex	-27.7970	-8.89602	-40.5979
			vertex	-24.3676	-7.79846	-42.9582
			vertex	-26.9020	-11.3179	-40.5979
		endloop
	endfacet
	facet normal	-0.514579	-0.190162	-0.836090
		outer loop
			vertex	-23.5830	-9.92155	-42.9582
			vertex	-26.9020	-11.3179	-40.5979
			vertex	-24.3676	-7.79846	-42.9582
		endloop
	endfacet
	facet normal	-0.495759	-0.234896	-0.836090
		outer loop
			vertex	-26.9020	-11.3179	-40.5979
			vertex	-23.5830	-9.92155	-42.9582
			vertex	-25.7965	-13.6512	-40.5979
		endloop
	endfacet
	facet normal	-0.495760	-0.234896	-0.836090
		outer loop
			vertex	-22.6138	-11.9670	-42.9582
			vertex	-25.7965	-13.6512	-40.5979
			vertex	-23.5830	-9.92155	-42.9582
		endloop
	endfacet
	facet normal	-0.473060	-0.277792	-0.836090
		outer loop
			vertex	-25.7965	-13.6512	-40.5979
			vertex	-22.6138	-11.9670	-42.9582
			vertex	-24.4890	-15.8777	-40.5979
		endloop
	endfacet
	facet normal	-0.473059	-0.277793	-0.836090
		outer loop
			vertex	-21.4677	-13.9188	-42.9582
			vertex	-24.4890	-15.8777	-40.5979
			vertex	-22.6138	-11.9670	-42.9582
		endloop
	endfacet
	facet normal	-0.446657	-0.318515	-0.836090
		outer loop
			vertex	-24.4890	-15.8777	-40.5979
			vertex	-21.4677	-13.9188	-42.9582
			vertex	-22.9899	-17.9799	-40.5979
		endloop
	endfacet
	facet normal	-0.446657	-0.318515	-0.836090
		outer loop
			vertex	-20.1535	-15.7616	-42.9582
			vertex	-22.9899	-17.9799	-40.5979
			vertex	-21.4677	-13.9188	-42.9582
		endloop
	endfacet
	facet normal	-0.416759	-0.356744	-0.836090
		outer loop
			vertex	-22.9899	-17.9799	-40.5979
			vertex	-20.1535	-15.7616	-42.9582
			vertex	-21.3109	-19.9414	-40.5979
		endloop
	endfacet
	facet normal	-0.416759	-0.356744	-0.836090
		outer loop
			vertex	-18.6817	-17.4811	-42.9582
			vertex	-21.3109	-19.9414	-40.5979
			vertex	-20.1535	-15.7616	-42.9582
		endloop
	endfacet
	facet normal	-0.383599	-0.392181	-0.836090
		outer loop
			vertex	-21.3109	-19.9414	-40.5979
			vertex	-18.6817	-17.4811	-42.9582
			vertex	-19.4651	-21.7468	-40.5979
		endloop
	endfacet
	facet normal	-0.383599	-0.392181	-0.836090
		outer loop
			vertex	-17.0636	-19.0638	-42.9582
			vertex	-19.4651	-21.7468	-40.5979
			vertex	-18.6817	-17.4811	-42.9582
		endloop
	endfacet
	facet normal	-0.347437	-0.424548	-0.836090
		outer loop
			vertex	-19.4651	-21.7468	-40.5979
			vertex	-17.0636	-19.0638	-42.9582
			vertex	-17.4669	-23.3821	-40.5979
		endloop
	endfacet
	facet normal	-0.347436	-0.424549	-0.836090
		outer loop
			vertex	-15.3119	-20.4973	-42.9582
			vertex	-17.4669	-23.3821	-40.5979
			vertex	-17.0636	-19.0638	-42.9582
		endloop
	endfacet
	facet normal	-0.308555	-0.453594	-0.836090
		outer loop
			vertex	-17.4669	-23.3821	-40.5979
			vertex	-15.3119	-20.4973	-42.9582
			vertex	-15.3321	-24.8343	-40.5979
		endloop
	endfacet
	facet normal	-0.308556	-0.453594	-0.836090
		outer loop
			vertex	-13.4405	-21.7703	-42.9582
			vertex	-15.3321	-24.8343	-40.5979
			vertex	-15.3119	-20.4973	-42.9582
		endloop
	endfacet
	facet normal	-0.267259	-0.479089	-0.836090
		outer loop
			vertex	-15.3321	-24.8343	-40.5979
			vertex	-13.4405	-21.7703	-42.9582
			vertex	-13.0772	-26.0922	-40.5979
		endloop
	endfacet
	facet normal	-0.267260	-0.479089	-0.836090
		outer loop
			vertex	-11.4638	-22.8730	-42.9582
			vertex	-13.0772	-26.0922	-40.5979
			vertex	-13.4405	-21.7703	-42.9582
		endloop
	endfacet
	facet normal	-0.223872	-0.500835	-0.836090
		outer loop
			vertex	-13.0772	-26.0922	-40.5979
			vertex	-11.4638	-22.8730	-42.9582
			vertex	-10.7200	-27.1458	-40.5979
		endloop
	endfacet
	facet normal	-0.223872	-0.500835	-0.836090
		outer loop
			vertex	-9.39742	-23.7967	-42.9582
			vertex	-10.7200	-27.1458	-40.5979
			vertex	-11.4638	-22.8730	-42.9582
		endloop
	endfacet
	facet normal	-0.178732	-0.518661	-0.836090
		outer loop
			vertex	-10.7200	-27.1458	-40.5979
			vertex	-9.39742	-23.7967	-42.9582
			vertex	-8.27891	-27.9870	-40.5979
		endloop
	endfacet
	facet normal	-0.178732	-0.518661	-0.836090
		outer loop
			vertex	-7.25749	-24.5341	-42.9582
			vertex	-8.27891	-27.9870	-40.5979
			vertex	-9.39742	-23.7967	-42.9582
		endloop
	endfacet
	facet normal	-0.132193	-0.532427	-0.836090
		outer loop
			vertex	-8.27891	-27.9870	-40.5979
			vertex	-7.25749	-24.5341	-42.9582
			vertex	-5.77302	-28.6092	-40.5979
		endloop
	endfacet
	facet normal	-0.132193	-0.532427	-0.836090
		outer loop
			vertex	-5.06077	-25.0795	-42.9582
			vertex	-5.77302	-28.6092	-40.5979
			vertex	-7.25749	-24.5341	-42.9582
		endloop
	endfacet
	facet normal	-0.0846198	-0.542027	-0.836090
		outer loop
			vertex	-5.77302	-28.6092	-40.5979
			vertex	-5.06077	-25.0795	-42.9582
			vertex	-3.22194	-29.0075	-40.5979
		endloop
	endfacet
	facet normal	-0.0846198	-0.542027	-0.836090
		outer loop
			vertex	-2.82443	-25.4286	-42.9582
			vertex	-3.22194	-29.0075	-40.5979
			vertex	-5.06077	-25.0795	-42.9582
		endloop
	endfacet
	facet normal	-0.0363842	-0.547385	-0.836090
		outer loop
			vertex	-3.22194	-29.0075	-40.5979
			vertex	-2.82443	-25.4286	-42.9582
			vertex	-0.645652	-29.1787	-40.5979
		endloop
	endfacet
	facet normal	-0.0363843	-0.547385	-0.836090
		outer loop
			vertex	-0.565994	-25.5788	-42.9582
			vertex	-0.645652	-29.1787	-40.5979
			vertex	-2.82443	-25.4286	-42.9582
		endloop
	endfacet
	facet normal	0.0121357	-0.548458	-0.836090
		outer loop
			vertex	-0.645652	-29.1787	-40.5979
			vertex	-0.565994	-25.5788	-42.9582
			vertex	1.93569	-29.1216	-40.5979
		endloop
	endfacet
	facet normal	0.0121357	-0.548458	-0.836090
		outer loop
			vertex	1.69687	-25.5287	-42.9582
			vertex	1.93569	-29.1216	-40.5979
			vertex	-0.565994	-25.5788	-42.9582
		endloop
	endfacet
	facet normal	0.0605613	-0.545240	-0.836090
		outer loop
			vertex	1.93569	-29.1216	-40.5979
			vertex	1.69687	-25.5287	-42.9582
			vertex	4.50189	-28.8366	-40.5979
		endloop
	endfacet
	facet normal	0.0605618	-0.545239	-0.836090
		outer loop
			vertex	3.94646	-25.2788	-42.9582
			vertex	4.50189	-28.8366	-40.5979
			vertex	1.69687	-25.5287	-42.9582
		endloop
	endfacet
	facet normal	0.108513	-0.537753	-0.836090
		outer loop
			vertex	4.50189	-28.8366	-40.5979
			vertex	3.94646	-25.2788	-42.9582
			vertex	7.03285	-28.3258	-40.5979
		endloop
	endfacet
	facet normal	0.108512	-0.537754	-0.836090
		outer loop
			vertex	6.16517	-24.8311	-42.9582
			vertex	7.03285	-28.3258	-40.5979
			vertex	3.94646	-25.2788	-42.9582
		endloop
	endfacet
	facet normal	0.155615	-0.526059	-0.836090
		outer loop
			vertex	7.03285	-28.3258	-40.5979
			vertex	6.16517	-24.8311	-42.9582
			vertex	9.50877	-27.5934	-40.5979
		endloop
	endfacet
	facet normal	0.155615	-0.526059	-0.836090
		outer loop
			vertex	8.33562	-24.1891	-42.9582
			vertex	9.50877	-27.5934	-40.5979
			vertex	6.16517	-24.8311	-42.9582
		endloop
	endfacet
	facet normal	0.201499	-0.510247	-0.836090
		outer loop
			vertex	9.50877	-27.5934	-40.5979
			vertex	8.33562	-24.1891	-42.9582
			vertex	11.9103	-26.6451	-40.5979
		endloop
	endfacet
	facet normal	0.201499	-0.510247	-0.836090
		outer loop
			vertex	10.4408	-23.3577	-42.9582
			vertex	11.9103	-26.6451	-40.5979
			vertex	8.33562	-24.1891	-42.9582
		endloop
	endfacet
	facet normal	0.245806	-0.490442	-0.836090
		outer loop
			vertex	11.9103	-26.6451	-40.5979
			vertex	10.4408	-23.3577	-42.9582
			vertex	14.2186	-25.4882	-40.5979
		endloop
	endfacet
	facet normal	0.245806	-0.490442	-0.836090
		outer loop
			vertex	12.4643	-22.3435	-42.9582
			vertex	14.2186	-25.4882	-40.5979
			vertex	10.4408	-23.3577	-42.9582
		endloop
	endfacet
	facet normal	0.288189	-0.466798	-0.836090
		outer loop
			vertex	14.2186	-25.4882	-40.5979
			vertex	12.4643	-22.3435	-42.9582
			vertex	16.4156	-24.1318	-40.5979
		endloop
	endfacet
	facet normal	0.288190	-0.466798	-0.836090
		outer loop
			vertex	14.3903	-21.1545	-42.9582
			vertex	16.4156	-24.1318	-40.5979
			vertex	12.4643	-22.3435	-42.9582
		endloop
	endfacet
	facet normal	0.328318	-0.439501	-0.836090
		outer loop
			vertex	16.4156	-24.1318	-40.5979
			vertex	14.3903	-21.1545	-42.9582
			vertex	18.4841	-22.5865	-40.5979
		endloop
	endfacet
	facet normal	0.328318	-0.439501	-0.836090
		outer loop
			vertex	16.2036	-19.7999	-42.9582
			vertex	18.4841	-22.5865	-40.5979
			vertex	14.3903	-21.1545	-42.9582
		endloop
	endfacet
	facet normal	0.365876	-0.408765	-0.836090
		outer loop
			vertex	18.4841	-22.5865	-40.5979
			vertex	16.2036	-19.7999	-42.9582
			vertex	20.4080	-20.8645	-40.5979
		endloop
	endfacet
	facet normal	0.365876	-0.408765	-0.836090
		outer loop
			vertex	17.8901	-18.2904	-42.9582
			vertex	20.4080	-20.8645	-40.5979
			vertex	16.2036	-19.7999	-42.9582
		endloop
	endfacet
	facet normal	0.400571	-0.374829	-0.836090
		outer loop
			vertex	20.4080	-20.8645	-40.5979
			vertex	17.8901	-18.2904	-42.9582
			vertex	22.1721	-18.9792	-40.5979
		endloop
	endfacet
	facet normal	0.400571	-0.374829	-0.836090
		outer loop
			vertex	19.4366	-16.6377	-42.9582
			vertex	22.1721	-18.9792	-40.5979
			vertex	17.8901	-18.2904	-42.9582
		endloop
	endfacet
	facet normal	0.432131	-0.337960	-0.836090
		outer loop
			vertex	22.1721	-18.9792	-40.5979
			vertex	19.4366	-16.6377	-42.9582
			vertex	23.7627	-16.9454	-40.5979
		endloop
	endfacet
	facet normal	0.432131	-0.337960	-0.836090
		outer loop
			vertex	20.8310	-14.8547	-42.9582
			vertex	23.7627	-16.9454	-40.5979
			vertex	19.4366	-16.6377	-42.9582
		endloop
	endfacet
	facet normal	0.460308	-0.298446	-0.836090
		outer loop
			vertex	23.7627	-16.9454	-40.5979
			vertex	20.8310	-14.8547	-42.9582
			vertex	25.1674	-14.7789	-40.5979
		endloop
	endfacet
	facet normal	0.460309	-0.298446	-0.836090
		outer loop
			vertex	22.0623	-12.9556	-42.9582
			vertex	25.1674	-14.7789	-40.5979
			vertex	20.8310	-14.8547	-42.9582
		endloop
	endfacet
	facet normal	0.484884	-0.256595	-0.836090
		outer loop
			vertex	25.1674	-14.7789	-40.5979
			vertex	22.0623	-12.9556	-42.9582
			vertex	26.3751	-12.4968	-40.5979
		endloop
	endfacet
	facet normal	0.484884	-0.256595	-0.836090
		outer loop
			vertex	23.1210	-10.9550	-42.9582
			vertex	26.3751	-12.4968	-40.5979
			vertex	22.0623	-12.9556	-42.9582
		endloop
	endfacet
	facet normal	0.505664	-0.212738	-0.836090
		outer loop
			vertex	26.3751	-12.4968	-40.5979
			vertex	23.1210	-10.9550	-42.9582
			vertex	27.3763	-10.1169	-40.5979
		endloop
	endfacet
	facet normal	0.505664	-0.212737	-0.836090
		outer loop
			vertex	23.9987	-8.86869	-42.9582
			vertex	27.3763	-10.1169	-40.5979
			vertex	23.1210	-10.9550	-42.9582
		endloop
	endfacet
	facet normal	0.522488	-0.167214	-0.836090
		outer loop
			vertex	27.3763	-10.1169	-40.5979
			vertex	23.9987	-8.86869	-42.9582
			vertex	28.1633	-7.65775	-40.5979
		endloop
	endfacet
	facet normal	0.522488	-0.167214	-0.836090
		outer loop
			vertex	24.6887	-6.71297	-42.9582
			vertex	28.1633	-7.65775	-40.5979
			vertex	23.9987	-8.86869	-42.9582
		endloop
	endfacet
	facet normal	0.535222	-0.120382	-0.836090
		outer loop
			vertex	28.1633	-7.65775	-40.5979
			vertex	24.6887	-6.71297	-42.9582
			vertex	28.7299	-5.13871	-40.5979
		endloop
	endfacet
	facet normal	0.535221	-0.120382	-0.836090
		outer loop
			vertex	25.1853	-4.50472	-42.9582
			vertex	28.7299	-5.13871	-40.5979
			vertex	24.6887	-6.71297	-42.9582
		endloop
	endfacet
	facet normal	0.543766	-0.0726088	-0.836090
		outer loop
			vertex	28.7299	-5.13871	-40.5979
			vertex	25.1853	-4.50472	-42.9582
			vertex	29.0716	-2.57945	-40.5979
		endloop
	endfacet
	facet normal	0.543766	-0.0726087	-0.836090
		outer loop
			vertex	25.4849	-2.26121	-42.9582
			vertex	29.0716	-2.57945	-40.5979
			vertex	25.1853	-4.50472	-42.9582
		endloop
	endfacet
	facet normal	0.548056	-0.0242659	-0.836090
		outer loop
			vertex	29.0716	-2.57945	-40.5979
			vertex	25.4849	-2.26121	-42.9582
			vertex	29.1859	0.000000	-40.5979
		endloop
	endfacet
	facet normal	0.548056	-0.0242657	-0.836090
		outer loop
			vertex	25.5850	0.000000	-42.9582
			vertex	29.1859	0.000000	-40.5979
			vertex	25.4849	-2.26121	-42.9582
		endloop
	endfacet
	facet normal	0.548056	0.0242659	-0.836090
		outer loop
			vertex	29.1859	0.000000	-40.5979
			vertex	25.5850	0.000000	-42.9582
			vertex	29.0716	2.57945	-40.5979
		endloop
	endfacet
	facet normal	0.548056	0.0242657	-0.836090
		outer loop
			vertex	25.4849	2.26121	-42.9582
			vertex	29.0716	2.57945	-40.5979
			vertex	25.5850	0.000000	-42.9582
		endloop
	endfacet
	facet normal	0.470420	0.0628148	-0.880204
		outer loop
			vertex	25.4849	2.26121	-42.9582
			vertex	21.7092	1.92620	-45.0000
			vertex	25.1853	4.50472	-42.9582
		endloop
	endfacet
	facet normal	0.470420	0.0628145	-0.880204
		outer loop
			vertex	21.4540	3.83732	-45.0000
			vertex	25.1853	4.50472	-42.9582
			vertex	21.7092	1.92620	-45.0000
		endloop
	endfacet
	facet normal	0.463027	0.104144	-0.880204
		outer loop
			vertex	25.1853	4.50472	-42.9582
			vertex	21.4540	3.83732	-45.0000
			vertex	24.6887	6.71297	-42.9582
		endloop
	endfacet
	facet normal	0.463027	0.104144	-0.880204
		outer loop
			vertex	21.0309	5.71842	-45.0000
			vertex	24.6887	6.71297	-42.9582
			vertex	21.4540	3.83732	-45.0000
		endloop
	endfacet
	facet normal	0.452011	0.144659	-0.880204
		outer loop
			vertex	24.6887	6.71297	-42.9582
			vertex	21.0309	5.71842	-45.0000
			vertex	23.9987	8.86869	-42.9582
		endloop
	endfacet
	facet normal	0.452011	0.144659	-0.880204
		outer loop
			vertex	20.4432	7.55475	-45.0000
			vertex	23.9987	8.86869	-42.9582
			vertex	21.0309	5.71842	-45.0000
		endloop
	endfacet
	facet normal	0.437457	0.184042	-0.880204
		outer loop
			vertex	23.9987	8.86869	-42.9582
			vertex	20.4432	7.55475	-45.0000
			vertex	23.1210	10.9550	-42.9582
		endloop
	endfacet
	facet normal	0.437457	0.184042	-0.880204
		outer loop
			vertex	19.6955	9.33197	-45.0000
			vertex	23.1210	10.9550	-42.9582
			vertex	20.4432	7.55475	-45.0000
		endloop
	endfacet
	facet normal	0.419480	0.221984	-0.880204
		outer loop
			vertex	23.1210	10.9550	-42.9582
			vertex	19.6955	9.33197	-45.0000
			vertex	22.0623	12.9556	-42.9582
		endloop
	endfacet
	facet normal	0.419480	0.221984	-0.880204
		outer loop
			vertex	18.7937	11.0361	-45.0000
			vertex	22.0623	12.9556	-42.9582
			vertex	19.6955	9.33197	-45.0000
		endloop
	endfacet
	facet normal	0.398219	0.258189	-0.880204
		outer loop
			vertex	22.0623	12.9556	-42.9582
			vertex	18.7937	11.0361	-45.0000
			vertex	20.8310	14.8547	-42.9582
		endloop
	endfacet
	facet normal	0.398219	0.258189	-0.880204
		outer loop
			vertex	17.7448	12.6539	-45.0000
			vertex	20.8310	14.8547	-42.9582
			vertex	18.7937	11.0361	-45.0000
		endloop
	endfacet
	facet normal	0.373842	0.292374	-0.880204
		outer loop
			vertex	20.8310	14.8547	-42.9582
			vertex	17.7448	12.6539	-45.0000
			vertex	19.4366	16.6377	-42.9582
		endloop
	endfacet
	facet normal	0.373842	0.292374	-0.880204
		outer loop
			vertex	16.5570	14.1727	-45.0000
			vertex	19.4366	16.6377	-42.9582
			vertex	17.7448	12.6539	-45.0000
		endloop
	endfacet
	facet normal	0.346539	0.324270	-0.880204
		outer loop
			vertex	19.4366	16.6377	-42.9582
			vertex	16.5570	14.1727	-45.0000
			vertex	17.8901	18.2904	-42.9582
		endloop
	endfacet
	facet normal	0.346539	0.324270	-0.880204
		outer loop
			vertex	15.2396	15.5806	-45.0000
			vertex	17.8901	18.2904	-42.9582
			vertex	16.5570	14.1727	-45.0000
		endloop
	endfacet
	facet normal	0.316524	0.353628	-0.880204
		outer loop
			vertex	17.8901	18.2904	-42.9582
			vertex	15.2396	15.5806	-45.0000
			vertex	16.2036	19.7999	-42.9582
		endloop
	endfacet
	facet normal	0.316524	0.353628	-0.880204
		outer loop
			vertex	13.8030	16.8665	-45.0000
			vertex	16.2036	19.7999	-42.9582
			vertex	15.2396	15.5806	-45.0000
		endloop
	endfacet
	facet normal	0.284032	0.380219	-0.880204
		outer loop
			vertex	16.2036	19.7999	-42.9582
			vertex	13.8030	16.8665	-45.0000
			vertex	14.3903	21.1545	-42.9582
		endloop
	endfacet
	facet normal	0.284032	0.380219	-0.880204
		outer loop
			vertex	12.2583	18.0204	-45.0000
			vertex	14.3903	21.1545	-42.9582
			vertex	13.8030	16.8665	-45.0000
		endloop
	endfacet
	facet normal	0.249317	0.403834	-0.880204
		outer loop
			vertex	14.3903	21.1545	-42.9582
			vertex	12.2583	18.0204	-45.0000
			vertex	12.4643	22.3435	-42.9582
		endloop
	endfacet
	facet normal	0.249317	0.403834	-0.880204
		outer loop
			vertex	10.6177	19.0333	-45.0000
			vertex	12.4643	22.3435	-42.9582
			vertex	12.2583	18.0204	-45.0000
		endloop
	endfacet
	facet normal	0.212650	0.424288	-0.880204
		outer loop
			vertex	12.4643	22.3435	-42.9582
			vertex	10.6177	19.0333	-45.0000
			vertex	10.4408	23.3577	-42.9582
		endloop
	endfacet
	facet normal	0.212651	0.424288	-0.880204
		outer loop
			vertex	8.89398	19.8972	-45.0000
			vertex	10.4408	23.3577	-42.9582
			vertex	10.6177	19.0333	-45.0000
		endloop
	endfacet
	facet normal	0.174319	0.441422	-0.880204
		outer loop
			vertex	10.4408	23.3577	-42.9582
			vertex	8.89398	19.8972	-45.0000
			vertex	8.33562	24.1891	-42.9582
		endloop
	endfacet
	facet normal	0.174319	0.441422	-0.880204
		outer loop
			vertex	7.10066	20.6054	-45.0000
			vertex	8.33562	24.1891	-42.9582
			vertex	8.89398	19.8972	-45.0000
		endloop
	endfacet
	facet normal	0.134625	0.455101	-0.880204
		outer loop
			vertex	8.33562	24.1891	-42.9582
			vertex	7.10066	20.6054	-45.0000
			vertex	6.16517	24.8311	-42.9582
		endloop
	endfacet
	facet normal	0.134625	0.455101	-0.880204
		outer loop
			vertex	5.25177	21.1523	-45.0000
			vertex	6.16517	24.8311	-42.9582
			vertex	7.10066	20.6054	-45.0000
		endloop
	endfacet
	facet normal	0.0938756	0.465218	-0.880204
		outer loop
			vertex	6.16517	24.8311	-42.9582
			vertex	5.25177	21.1523	-45.0000
			vertex	3.94646	25.2788	-42.9582
		endloop
	endfacet
	facet normal	0.0938756	0.465218	-0.880204
		outer loop
			vertex	3.36178	21.5337	-45.0000
			vertex	3.94646	25.2788	-42.9582
			vertex	5.25177	21.1523	-45.0000
		endloop
	endfacet
	facet normal	0.0523928	0.471694	-0.880204
		outer loop
			vertex	3.94646	25.2788	-42.9582
			vertex	3.36178	21.5337	-45.0000
			vertex	1.69687	25.5287	-42.9582
		endloop
	endfacet
	facet normal	0.0523925	0.471694	-0.880204
		outer loop
			vertex	1.44548	21.7465	-45.0000
			vertex	1.69687	25.5287	-42.9582
			vertex	3.36178	21.5337	-45.0000
		endloop
	endfacet
	facet normal	0.0104987	0.474479	-0.880204
		outer loop
			vertex	1.69687	25.5287	-42.9582
			vertex	1.44548	21.7465	-45.0000
			vertex	-0.565994	25.5788	-42.9582
		endloop
	endfacet
	facet normal	0.0104988	0.474479	-0.880204
		outer loop
			vertex	-0.482140	21.7892	-45.0000
			vertex	-0.565994	25.5788	-42.9582
			vertex	1.44548	21.7465	-45.0000
		endloop
	endfacet
	facet normal	-0.0314765	0.473550	-0.880204
		outer loop
			vertex	-0.565994	25.5788	-42.9582
			vertex	-0.482140	21.7892	-45.0000
			vertex	-2.82443	25.4286	-42.9582
		endloop
	endfacet
	facet normal	-0.0314763	0.473550	-0.880204
		outer loop
			vertex	-2.40598	21.6613	-45.0000
			vertex	-2.82443	25.4286	-42.9582
			vertex	-0.482140	21.7892	-45.0000
		endloop
	endfacet
	facet normal	-0.0732058	0.468915	-0.880204
		outer loop
			vertex	-2.82443	25.4286	-42.9582
			vertex	-2.40598	21.6613	-45.0000
			vertex	-5.06077	25.0795	-42.9582
		endloop
	endfacet
	facet normal	-0.0732059	0.468915	-0.880204
		outer loop
			vertex	-4.31099	21.3639	-45.0000
			vertex	-5.06077	25.0795	-42.9582
			vertex	-2.40598	21.6613	-45.0000
		endloop
	endfacet
	facet normal	-0.114362	0.460610	-0.880204
		outer loop
			vertex	-5.06077	25.0795	-42.9582
			vertex	-4.31099	21.3639	-45.0000
			vertex	-7.25749	24.5341	-42.9582
		endloop
	endfacet
	facet normal	-0.114362	0.460610	-0.880204
		outer loop
			vertex	-6.18227	20.8993	-45.0000
			vertex	-7.25749	24.5341	-42.9582
			vertex	-4.31099	21.3639	-45.0000
		endloop
	endfacet
	facet normal	-0.154623	0.448700	-0.880204
		outer loop
			vertex	-7.25749	24.5341	-42.9582
			vertex	-6.18227	20.8993	-45.0000
			vertex	-9.39742	23.7967	-42.9582
		endloop
	endfacet
	facet normal	-0.154623	0.448700	-0.880204
		outer loop
			vertex	-8.00515	20.2711	-45.0000
			vertex	-9.39742	23.7967	-42.9582
			vertex	-6.18227	20.8993	-45.0000
		endloop
	endfacet
	facet normal	-0.193674	0.433279	-0.880204
		outer loop
			vertex	-9.39742	23.7967	-42.9582
			vertex	-8.00515	20.2711	-45.0000
			vertex	-11.4638	22.8730	-42.9582
		endloop
	endfacet
	facet normal	-0.193674	0.433279	-0.880204
		outer loop
			vertex	-9.76539	19.4843	-45.0000
			vertex	-11.4638	22.8730	-42.9582
			vertex	-8.00515	20.2711	-45.0000
		endloop
	endfacet
	facet normal	-0.231210	0.414466	-0.880204
		outer loop
			vertex	-11.4638	22.8730	-42.9582
			vertex	-9.76539	19.4843	-45.0000
			vertex	-13.4405	21.7703	-42.9582
		endloop
	endfacet
	facet normal	-0.231210	0.414467	-0.880204
		outer loop
			vertex	-11.4492	18.5450	-45.0000
			vertex	-13.4405	21.7703	-42.9582
			vertex	-9.76539	19.4843	-45.0000
		endloop
	endfacet
	facet normal	-0.266936	0.392410	-0.880204
		outer loop
			vertex	-13.4405	21.7703	-42.9582
			vertex	-11.4492	18.5450	-45.0000
			vertex	-15.3119	20.4973	-42.9582
		endloop
	endfacet
	facet normal	-0.266936	0.392410	-0.880204
		outer loop
			vertex	-13.0434	17.4605	-45.0000
			vertex	-15.3119	20.4973	-42.9582
			vertex	-11.4492	18.5450	-45.0000
		endloop
	endfacet
	facet normal	-0.300572	0.367283	-0.880204
		outer loop
			vertex	-15.3119	20.4973	-42.9582
			vertex	-13.0434	17.4605	-45.0000
			vertex	-17.0636	19.0638	-42.9582
		endloop
	endfacet
	facet normal	-0.300572	0.367283	-0.880204
		outer loop
			vertex	-14.5355	16.2394	-45.0000
			vertex	-17.0636	19.0638	-42.9582
			vertex	-13.0434	17.4605	-45.0000
		endloop
	endfacet
	facet normal	-0.331857	0.339281	-0.880204
		outer loop
			vertex	-17.0636	19.0638	-42.9582
			vertex	-14.5355	16.2394	-45.0000
			vertex	-18.6817	17.4811	-42.9582
		endloop
	endfacet
	facet normal	-0.331857	0.339281	-0.880204
		outer loop
			vertex	-15.9139	14.8912	-45.0000
			vertex	-18.6817	17.4811	-42.9582
			vertex	-14.5355	16.2394	-45.0000
		endloop
	endfacet
	facet normal	-0.360544	0.308624	-0.880204
		outer loop
			vertex	-18.6817	17.4811	-42.9582
			vertex	-15.9139	14.8912	-45.0000
			vertex	-20.1535	15.7616	-42.9582
		endloop
	endfacet
	facet normal	-0.360544	0.308624	-0.880204
		outer loop
			vertex	-17.1677	13.4265	-45.0000
			vertex	-20.1535	15.7616	-42.9582
			vertex	-15.9139	14.8912	-45.0000
		endloop
	endfacet
	facet normal	-0.386409	0.275551	-0.880204
		outer loop
			vertex	-20.1535	15.7616	-42.9582
			vertex	-17.1677	13.4265	-45.0000
			vertex	-21.4677	13.9188	-42.9582
		endloop
	endfacet
	facet normal	-0.386409	0.275551	-0.880204
		outer loop
			vertex	-18.2871	11.8566	-45.0000
			vertex	-21.4677	13.9188	-42.9582
			vertex	-17.1677	13.4265	-45.0000
		endloop
	endfacet
	facet normal	-0.409250	0.240322	-0.880204
		outer loop
			vertex	-21.4677	13.9188	-42.9582
			vertex	-18.2871	11.8566	-45.0000
			vertex	-22.6138	11.9670	-42.9582
		endloop
	endfacet
	facet normal	-0.409250	0.240322	-0.880204
		outer loop
			vertex	-19.2635	10.1940	-45.0000
			vertex	-22.6138	11.9670	-42.9582
			vertex	-18.2871	11.8566	-45.0000
		endloop
	endfacet
	facet normal	-0.428888	0.203212	-0.880204
		outer loop
			vertex	-22.6138	11.9670	-42.9582
			vertex	-19.2635	10.1940	-45.0000
			vertex	-23.5830	9.92155	-42.9582
		endloop
	endfacet
	facet normal	-0.428888	0.203212	-0.880204
		outer loop
			vertex	-20.0890	8.45163	-45.0000
			vertex	-23.5830	9.92155	-42.9582
			vertex	-19.2635	10.1940	-45.0000
		endloop
	endfacet
	facet normal	-0.445170	0.164512	-0.880204
		outer loop
			vertex	-23.5830	9.92155	-42.9582
			vertex	-20.0890	8.45163	-45.0000
			vertex	-24.3676	7.79846	-42.9582
		endloop
	endfacet
	facet normal	-0.445170	0.164512	-0.880204
		outer loop
			vertex	-20.7574	6.64309	-45.0000
			vertex	-24.3676	7.79846	-42.9582
			vertex	-20.0890	8.45163	-45.0000
		endloop
	endfacet
	facet normal	-0.457967	0.124523	-0.880204
		outer loop
			vertex	-24.3676	7.79846	-42.9582
			vertex	-20.7574	6.64309	-45.0000
			vertex	-24.9614	5.61434	-42.9582
		endloop
	endfacet
	facet normal	-0.457968	0.124524	-0.880204
		outer loop
			vertex	-21.2633	4.78255	-45.0000
			vertex	-24.9614	5.61434	-42.9582
			vertex	-20.7574	6.64309	-45.0000
		endloop
	endfacet
	facet normal	-0.467181	0.0835614	-0.880204
		outer loop
			vertex	-24.9614	5.61434	-42.9582
			vertex	-21.2633	4.78255	-45.0000
			vertex	-25.3599	3.38628	-42.9582
		endloop
	endfacet
	facet normal	-0.467181	0.0835609	-0.880204
		outer loop
			vertex	-21.6028	2.88459	-45.0000
			vertex	-25.3599	3.38628	-42.9582
			vertex	-21.2633	4.78255	-45.0000
		endloop
	endfacet
	facet normal	-0.472738	0.0419448	-0.880204
		outer loop
			vertex	-25.3599	3.38628	-42.9582
			vertex	-21.6028	2.88459	-45.0000
			vertex	-25.5600	1.13171	-42.9582
		endloop
	endfacet
	facet normal	-0.472738	0.0419451	-0.880204
		outer loop
			vertex	-21.7732	0.964043	-45.0000
			vertex	-25.5600	1.13171	-42.9582
			vertex	-21.6028	2.88459	-45.0000
		endloop
	endfacet
	facet normal	-0.474595	0.000000	-0.880204
		outer loop
			vertex	-25.5600	1.13171	-42.9582
			vertex	-21.7732	0.964043	-45.0000
			vertex	-25.5600	-1.13171	-42.9582
		endloop
	endfacet
	facet normal	-0.474595	0.000000	-0.880204
		outer loop
			vertex	-21.7732	-0.964043	-45.0000
			vertex	-25.5600	-1.13171	-42.9582
			vertex	-21.7732	0.964043	-45.0000
		endloop
	endfacet
	facet normal	-0.472738	-0.0419448	-0.880204
		outer loop
			vertex	-25.5600	-1.13171	-42.9582
			vertex	-21.7732	-0.964043	-45.0000
			vertex	-25.3599	-3.38628	-42.9582
		endloop
	endfacet
	facet normal	-0.472738	-0.0419451	-0.880204
		outer loop
			vertex	-21.6028	-2.88459	-45.0000
			vertex	-25.3599	-3.38628	-42.9582
			vertex	-21.7732	-0.964043	-45.0000
		endloop
	endfacet
	facet normal	-0.467181	-0.0835613	-0.880204
		outer loop
			vertex	-25.3599	-3.38628	-42.9582
			vertex	-21.6028	-2.88459	-45.0000
			vertex	-24.9614	-5.61434	-42.9582
		endloop
	endfacet
	facet normal	-0.467181	-0.0835610	-0.880204
		outer loop
			vertex	-21.2633	-4.78255	-45.0000
			vertex	-24.9614	-5.61434	-42.9582
			vertex	-21.6028	-2.88459	-45.0000
		endloop
	endfacet
	facet normal	-0.457968	-0.124524	-0.880204
		outer loop
			vertex	-24.9614	-5.61434	-42.9582
			vertex	-21.2633	-4.78255	-45.0000
			vertex	-24.3676	-7.79846	-42.9582
		endloop
	endfacet
	facet normal	-0.457967	-0.124524	-0.880204
		outer loop
			vertex	-20.7574	-6.64309	-45.0000
			vertex	-24.3676	-7.79846	-42.9582
			vertex	-21.2633	-4.78255	-45.0000
		endloop
	endfacet
	facet normal	-0.445170	-0.164512	-0.880204
		outer loop
			vertex	-24.3676	-7.79846	-42.9582
			vertex	-20.7574	-6.64309	-45.0000
			vertex	-23.5830	-9.92155	-42.9582
		endloop
	endfacet
	facet normal	-0.445170	-0.164512	-0.880204
		outer loop
			vertex	-20.0890	-8.45163	-45.0000
			vertex	-23.5830	-9.92155	-42.9582
			vertex	-20.7574	-6.64309	-45.0000
		endloop
	endfacet
	facet normal	-0.428889	-0.203212	-0.880204
		outer loop
			vertex	-23.5830	-9.92155	-42.9582
			vertex	-20.0890	-8.45163	-45.0000
			vertex	-22.6138	-11.9670	-42.9582
		endloop
	endfacet
	facet normal	-0.428888	-0.203212	-0.880204
		outer loop
			vertex	-19.2635	-10.1940	-45.0000
			vertex	-22.6138	-11.9670	-42.9582
			vertex	-20.0890	-8.45163	-45.0000
		endloop
	endfacet
	facet normal	-0.409250	-0.240322	-0.880204
		outer loop
			vertex	-22.6138	-11.9670	-42.9582
			vertex	-19.2635	-10.1940	-45.0000
			vertex	-21.4677	-13.9188	-42.9582
		endloop
	endfacet
	facet normal	-0.409250	-0.240322	-0.880204
		outer loop
			vertex	-18.2871	-11.8566	-45.0000
			vertex	-21.4677	-13.9188	-42.9582
			vertex	-19.2635	-10.1940	-45.0000
		endloop
	endfacet
	facet normal	-0.386409	-0.275551	-0.880204
		outer loop
			vertex	-21.4677	-13.9188	-42.9582
			vertex	-18.2871	-11.8566	-45.0000
			vertex	-20.1535	-15.7616	-42.9582
		endloop
	endfacet
	facet normal	-0.386409	-0.275551	-0.880204
		outer loop
			vertex	-17.1677	-13.4265	-45.0000
			vertex	-20.1535	-15.7616	-42.9582
			vertex	-18.2871	-11.8566	-45.0000
		endloop
	endfacet
	facet normal	-0.360544	-0.308624	-0.880204
		outer loop
			vertex	-20.1535	-15.7616	-42.9582
			vertex	-17.1677	-13.4265	-45.0000
			vertex	-18.6817	-17.4811	-42.9582
		endloop
	endfacet
	facet normal	-0.360544	-0.308624	-0.880204
		outer loop
			vertex	-15.9139	-14.8912	-45.0000
			vertex	-18.6817	-17.4811	-42.9582
			vertex	-17.1677	-13.4265	-45.0000
		endloop
	endfacet
	facet normal	-0.331857	-0.339281	-0.880204
		outer loop
			vertex	-18.6817	-17.4811	-42.9582
			vertex	-15.9139	-14.8912	-45.0000
			vertex	-17.0636	-19.0638	-42.9582
		endloop
	endfacet
	facet normal	-0.331857	-0.339281	-0.880204
		outer loop
			vertex	-14.5355	-16.2394	-45.0000
			vertex	-17.0636	-19.0638	-42.9582
			vertex	-15.9139	-14.8912	-45.0000
		endloop
	endfacet
	facet normal	-0.300572	-0.367283	-0.880204
		outer loop
			vertex	-17.0636	-19.0638	-42.9582
			vertex	-14.5355	-16.2394	-45.0000
			vertex	-15.3119	-20.4973	-42.9582
		endloop
	endfacet
	facet normal	-0.300572	-0.367283	-0.880204
		outer loop
			vertex	-13.0434	-17.4605	-45.0000
			vertex	-15.3119	-20.4973	-42.9582
			vertex	-14.5355	-16.2394	-45.0000
		endloop
	endfacet
	facet normal	-0.266936	-0.392410	-0.880204
		outer loop
			vertex	-15.3119	-20.4973	-42.9582
			vertex	-13.0434	-17.4605	-45.0000
			vertex	-13.4405	-21.7703	-42.9582
		endloop
	endfacet
	facet normal	-0.266936	-0.392410	-0.880204
		outer loop
			vertex	-11.4492	-18.5450	-45.0000
			vertex	-13.4405	-21.7703	-42.9582
			vertex	-13.0434	-17.4605	-45.0000
		endloop
	endfacet
	facet normal	-0.231210	-0.414466	-0.880204
		outer loop
			vertex	-13.4405	-21.7703	-42.9582
			vertex	-11.4492	-18.5450	-45.0000
			vertex	-11.4638	-22.8730	-42.9582
		endloop
	endfacet
	facet normal	-0.231210	-0.414466	-0.880204
		outer loop
			vertex	-9.76539	-19.4843	-45.0000
			vertex	-11.4638	-22.8730	-42.9582
			vertex	-11.4492	-18.5450	-45.0000
		endloop
	endfacet
	facet normal	-0.193674	-0.433279	-0.880204
		outer loop
			vertex	-11.4638	-22.8730	-42.9582
			vertex	-9.76539	-19.4843	-45.0000
			vertex	-9.39742	-23.7967	-42.9582
		endloop
	endfacet
	facet normal	-0.193674	-0.433279	-0.880204
		outer loop
			vertex	-8.00515	-20.2711	-45.0000
			vertex	-9.39742	-23.7967	-42.9582
			vertex	-9.76539	-19.4843	-45.0000
		endloop
	endfacet
	facet normal	-0.154623	-0.448700	-0.880204
		outer loop
			vertex	-9.39742	-23.7967	-42.9582
			vertex	-8.00515	-20.2711	-45.0000
			vertex	-7.25749	-24.5341	-42.9582
		endloop
	endfacet
	facet normal	-0.154623	-0.448700	-0.880204
		outer loop
			vertex	-6.18227	-20.8993	-45.0000
			vertex	-7.25749	-24.5341	-42.9582
			vertex	-8.00515	-20.2711	-45.0000
		endloop
	endfacet
	facet normal	-0.114362	-0.460610	-0.880204
		outer loop
			vertex	-7.25749	-24.5341	-42.9582
			vertex	-6.18227	-20.8993	-45.0000
			vertex	-5.06077	-25.0795	-42.9582
		endloop
	endfacet
	facet normal	-0.114362	-0.460610	-0.880204
		outer loop
			vertex	-4.31099	-21.3639	-45.0000
			vertex	-5.06077	-25.0795	-42.9582
			vertex	-6.18227	-20.8993	-45.0000
		endloop
	endfacet
	facet normal	-0.0732058	-0.468915	-0.880204
		outer loop
			vertex	-5.06077	-25.0795	-42.9582
			vertex	-4.31099	-21.3639	-45.0000
			vertex	-2.82443	-25.4286	-42.9582
		endloop
	endfacet
	facet normal	-0.0732060	-0.468915	-0.880204
		outer loop
			vertex	-2.40598	-21.6613	-45.0000
			vertex	-2.82443	-25.4286	-42.9582
			vertex	-4.31099	-21.3639	-45.0000
		endloop
	endfacet
	facet normal	-0.0314765	-0.473550	-0.880204
		outer loop
			vertex	-2.82443	-25.4286	-42.9582
			vertex	-2.40598	-21.6613	-45.0000
			vertex	-0.565994	-25.5788	-42.9582
		endloop
	endfacet
	facet normal	-0.0314763	-0.473550	-0.880204
		outer loop
			vertex	-0.482140	-21.7892	-45.0000
			vertex	-0.565994	-25.5788	-42.9582
			vertex	-2.40598	-21.6613	-45.0000
		endloop
	endfacet
	facet normal	0.0104987	-0.474479	-0.880204
		outer loop
			vertex	-0.565994	-25.5788	-42.9582
			vertex	-0.482140	-21.7892	-45.0000
			vertex	1.69687	-25.5287	-42.9582
		endloop
	endfacet
	facet normal	0.0104988	-0.474479	-0.880204
		outer loop
			vertex	1.44548	-21.7465	-45.0000
			vertex	1.69687	-25.5287	-42.9582
			vertex	-0.482140	-21.7892	-45.0000
		endloop
	endfacet
	facet normal	0.0523928	-0.471694	-0.880204
		outer loop
			vertex	1.69687	-25.5287	-42.9582
			vertex	1.44548	-21.7465	-45.0000
			vertex	3.94646	-25.2788	-42.9582
		endloop
	endfacet
	facet normal	0.0523925	-0.471694	-0.880204
		outer loop
			vertex	3.36178	-21.5337	-45.0000
			vertex	3.94646	-25.2788	-42.9582
			vertex	1.44548	-21.7465	-45.0000
		endloop
	endfacet
	facet normal	0.0938756	-0.465218	-0.880204
		outer loop
			vertex	3.94646	-25.2788	-42.9582
			vertex	3.36178	-21.5337	-45.0000
			vertex	6.16517	-24.8311	-42.9582
		endloop
	endfacet
	facet normal	0.0938756	-0.465218	-0.880204
		outer loop
			vertex	5.25177	-21.1523	-45.0000
			vertex	6.16517	-24.8311	-42.9582
			vertex	3.36178	-21.5337	-45.0000
		endloop
	endfacet
	facet normal	0.134625	-0.455101	-0.880204
		outer loop
			vertex	6.16517	-24.8311	-42.9582
			vertex	5.25177	-21.1523	-45.0000
			vertex	8.33562	-24.1891	-42.9582
		endloop
	endfacet
	facet normal	0.134625	-0.455101	-0.880204
		outer loop
			vertex	7.10066	-20.6054	-45.0000
			vertex	8.33562	-24.1891	-42.9582
			vertex	5.25177	-21.1523	-45.0000
		endloop
	endfacet
	facet normal	0.174319	-0.441422	-0.880204
		outer loop
			vertex	8.33562	-24.1891	-42.9582
			vertex	7.10066	-20.6054	-45.0000
			vertex	10.4408	-23.3577	-42.9582
		endloop
	endfacet
	facet normal	0.174319	-0.441422	-0.880204
		outer loop
			vertex	8.89398	-19.8972	-45.0000
			vertex	10.4408	-23.3577	-42.9582
			vertex	7.10066	-20.6054	-45.0000
		endloop
	endfacet
	facet normal	0.212650	-0.424288	-0.880204
		outer loop
			vertex	10.4408	-23.3577	-42.9582
			vertex	8.89398	-19.8972	-45.0000
			vertex	12.4643	-22.3435	-42.9582
		endloop
	endfacet
	facet normal	0.212650	-0.424288	-0.880204
		outer loop
			vertex	10.6177	-19.0333	-45.0000
			vertex	12.4643	-22.3435	-42.9582
			vertex	8.89398	-19.8972	-45.0000
		endloop
	endfacet
	facet normal	0.249317	-0.403833	-0.880204
		outer loop
			vertex	12.4643	-22.3435	-42.9582
			vertex	10.6177	-19.0333	-45.0000
			vertex	14.3903	-21.1545	-42.9582
		endloop
	endfacet
	facet normal	0.249317	-0.403834	-0.880204
		outer loop
			vertex	12.2583	-18.0204	-45.0000
			vertex	14.3903	-21.1545	-42.9582
			vertex	10.6177	-19.0333	-45.0000
		endloop
	endfacet
	facet normal	0.284032	-0.380219	-0.880204
		outer loop
			vertex	14.3903	-21.1545	-42.9582
			vertex	12.2583	-18.0204	-45.0000
			vertex	16.2036	-19.7999	-42.9582
		endloop
	endfacet
	facet normal	0.284032	-0.380219	-0.880204
		outer loop
			vertex	13.8030	-16.8665	-45.0000
			vertex	16.2036	-19.7999	-42.9582
			vertex	12.2583	-18.0204	-45.0000
		endloop
	endfacet
	facet normal	0.316524	-0.353628	-0.880204
		outer loop
			vertex	16.2036	-19.7999	-42.9582
			vertex	13.8030	-16.8665	-45.0000
			vertex	17.8901	-18.2904	-42.9582
		endloop
	endfacet
	facet normal	0.316524	-0.353628	-0.880204
		outer loop
			vertex	15.2396	-15.5806	-45.0000
			vertex	17.8901	-18.2904	-42.9582
			vertex	13.8030	-16.8665	-45.0000
		endloop
	endfacet
	facet normal	0.346539	-0.324270	-0.880204
		outer loop
			vertex	17.8901	-18.2904	-42.9582
			vertex	15.2396	-15.5806	-45.0000
			vertex	19.4366	-16.6377	-42.9582
		endloop
	endfacet
	facet normal	0.346539	-0.324270	-0.880204
		outer loop
			vertex	16.5570	-14.1727	-45.0000
			vertex	19.4366	-16.6377	-42.9582
			vertex	15.2396	-15.5806	-45.0000
		endloop
	endfacet
	facet normal	0.373842	-0.292374	-0.880204
		outer loop
			vertex	19.4366	-16.6377	-42.9582
			vertex	16.5570	-14.1727	-45.0000
			vertex	20.8310	-14.8547	-42.9582
		endloop
	endfacet
	facet normal	0.373842	-0.292374	-0.880204
		outer loop
			vertex	17.7448	-12.6539	-45.0000
			vertex	20.8310	-14.8547	-42.9582
			vertex	16.5570	-14.1727	-45.0000
		endloop
	endfacet
	facet normal	0.398219	-0.258190	-0.880204
		outer loop
			vertex	20.8310	-14.8547	-42.9582
			vertex	17.7448	-12.6539	-45.0000
			vertex	22.0623	-12.9556	-42.9582
		endloop
	endfacet
	facet normal	0.398219	-0.258189	-0.880204
		outer loop
			vertex	18.7937	-11.0361	-45.0000
			vertex	22.0623	-12.9556	-42.9582
			vertex	17.7448	-12.6539	-45.0000
		endloop
	endfacet
	facet normal	0.419480	-0.221984	-0.880204
		outer loop
			vertex	22.0623	-12.9556	-42.9582
			vertex	18.7937	-11.0361	-45.0000
			vertex	23.1210	-10.9550	-42.9582
		endloop
	endfacet
	facet normal	0.419480	-0.221984	-0.880204
		outer loop
			vertex	19.6955	-9.33197	-45.0000
			vertex	23.1210	-10.9550	-42.9582
			vertex	18.7937	-11.0361	-45.0000
		endloop
	endfacet
	facet normal	0.437457	-0.184042	-0.880204
		outer loop
			vertex	23.1210	-10.9550	-42.9582
			vertex	19.6955	-9.33197	-45.0000
			vertex	23.9987	-8.86869	-42.9582
		endloop
	endfacet
	facet normal	0.437457	-0.184042	-0.880204
		outer loop
			vertex	20.4432	-7.55475	-45.0000
			vertex	23.9987	-8.86869	-42.9582
			vertex	19.6955	-9.33197	-45.0000
		endloop
	endfacet
	facet normal	0.452011	-0.144659	-0.880204
		outer loop
			vertex	23.9987	-8.86869	-42.9582
			vertex	20.4432	-7.55475	-45.0000
			vertex	24.6887	-6.71297	-42.9582
		endloop
	endfacet
	facet normal	0.452011	-0.144659	-0.880204
		outer loop
			vertex	21.0309	-5.71842	-45.0000
			vertex	24.6887	-6.71297	-42.9582
			vertex	20.4432	-7.55475	-45.0000
		endloop
	endfacet
	facet normal	0.463027	-0.104144	-0.880204
		outer loop
			vertex	24.6887	-6.71297	-42.9582
			vertex	21.0309	-5.71842	-45.0000
			vertex	25.1853	-4.50472	-42.9582
		endloop
	endfacet
	facet normal	0.463027	-0.104144	-0.880204
		outer loop
			vertex	21.4540	-3.83732	-45.0000
			vertex	25.1853	-4.50472	-42.9582
			vertex	21.0309	-5.71842	-45.0000
		endloop
	endfacet
	facet normal	0.470420	-0.0628148	-0.880204
		outer loop
			vertex	25.1853	-4.50472	-42.9582
			vertex	21.4540	-3.83732	-45.0000
			vertex	25.4849	-2.26121	-42.9582
		endloop
	endfacet
	facet normal	0.470420	-0.0628145	-0.880204
		outer loop
			vertex	21.7092	-1.92620	-45.0000
			vertex	25.4849	-2.26121	-42.9582
			vertex	21.4540	-3.83732	-45.0000
		endloop
	endfacet
	facet normal	0.474130	-0.0209926	-0.880204
		outer loop
			vertex	25.4849	-2.26121	-42.9582
			vertex	21.7092	-1.92620	-45.0000
			vertex	25.5850	0.000000	-42.9582
		endloop
	endfacet
	facet normal	0.474131	-0.0209931	-0.880204
		outer loop
			vertex	21.7945	0.000000	-45.0000
			vertex	25.5850	0.000000	-42.9582
			vertex	21.7092	-1.92620	-45.0000
		endloop
	endfacet
	facet normal	0.474131	0.0209926	-0.880204
		outer loop
			vertex	25.5850	0.000000	-42.9582
			vertex	21.7945	0.000000	-45.0000
			vertex	25.4849	2.26121	-42.9582
		endloop
	endfacet
	facet normal	0.474130	0.0209930	-0.880204
		outer loop
			vertex	21.7092	1.92620	-45.0000
			vertex	25.4849	2.26121	-42.9582
			vertex	21.7945	0.000000	-45.0000
		endloop
	endfacet
	facet normal	1.00000	0.000000	0.000000
		outer loop
			vertex	45.0000	17.5808	-12.7736
			vertex	45.0000	19.3717	-9.98682
			vertex	45.0000	19.9405	-8.56604
		endloop
	endfacet
	facet normal	1.00000	0.000000	0.000000
		outer loop
			vertex	45.0000	21.3228	4.00703
			vertex	45.0000	21.2667	4.29819
			vertex	45.0000	-21.3222	4.39163
		endloop
	endfacet
	facet normal	1.00000	0.000000	0.000000
		outer loop
			vertex	45.0000	-21.3222	4.39163
			vertex	45.0000	17.5808	12.7736
			vertex	45.0000	17.1316	13.4725
		endloop
	endfacet
	facet normal	1.00000	0.000000	0.000000
		outer loop
			vertex	45.0000	-21.3489	4.30069
			vertex	45.0000	-21.4006	4.12464
			vertex	45.0000	-21.7945	0.000000
		endloop
	endfacet
	facet normal	1.00000	0.000000	0.000000
		outer loop
			vertex	45.0000	-21.3489	4.30069
			vertex	45.0000	-21.7945	0.000000
			vertex	45.0000	-21.3222	4.39163
		endloop
	endfacet
	facet normal	1.00000	0.000000	0.000000
		outer loop
			vertex	45.0000	-13.6433	-16.8857
			vertex	45.0000	-12.6420	-17.7533
			vertex	45.0000	-12.2404	-17.9852
		endloop
	endfacet
	facet normal	1.00000	0.000000	0.000000
		outer loop
			vertex	45.0000	-21.3222	-4.39163
			vertex	45.0000	16.6364	-13.9918
			vertex	45.0000	17.1316	-13.4725
		endloop
	endfacet
	facet normal	1.00000	0.000000	0.000000
		outer loop
			vertex	45.0000	21.3228	-4.00703
			vertex	45.0000	-21.3222	4.39163
			vertex	45.0000	21.2667	-4.29819
		endloop
	endfacet
	facet normal	1.00000	0.000000	0.000000
		outer loop
			vertex	45.0000	19.9405	-8.56604
			vertex	45.0000	21.2667	-4.29819
			vertex	45.0000	-21.3222	4.39163
		endloop
	endfacet
	facet normal	1.00000	0.000000	0.000000
		outer loop
			vertex	45.0000	21.2667	-4.29819
			vertex	45.0000	19.9405	-8.56604
			vertex	45.0000	20.9117	-6.14022
		endloop
	endfacet
	facet normal	1.00000	0.000000	0.000000
		outer loop
			vertex	45.0000	19.3717	9.98682
			vertex	45.0000	17.5808	12.7736
			vertex	45.0000	19.9405	8.56604
		endloop
	endfacet
	facet normal	1.00000	0.000000	0.000000
		outer loop
			vertex	45.0000	-21.3222	4.39163
			vertex	45.0000	19.9405	8.56604
			vertex	45.0000	17.5808	12.7736
		endloop
	endfacet
	facet normal	1.00000	0.000000	0.000000
		outer loop
			vertex	45.0000	19.9405	8.56604
			vertex	45.0000	-21.3222	4.39163
			vertex	45.0000	20.9117	6.14022
		endloop
	endfacet
	facet normal	1.00000	0.000000	0.000000
		outer loop
			vertex	45.0000	21.2667	4.29819
			vertex	45.0000	20.9117	6.14022
			vertex	45.0000	-21.3222	4.39163
		endloop
	endfacet
	facet normal	1.00000	0.000000	0.000000
		outer loop
			vertex	45.0000	17.1316	13.4725
			vertex	45.0000	16.6364	13.9918
			vertex	45.0000	-21.3222	4.39163
		endloop
	endfacet
	facet normal	1.00000	0.000000	0.000000
		outer loop
			vertex	45.0000	14.2724	16.4712
			vertex	45.0000	-21.3222	4.39163
			vertex	45.0000	16.6364	13.9918
		endloop
	endfacet
	facet normal	1.00000	0.000000	0.000000
		outer loop
			vertex	45.0000	-21.3222	4.39163
			vertex	45.0000	14.2724	16.4712
			vertex	45.0000	13.6884	16.8870
		endloop
	endfacet
	facet normal	1.00000	0.000000	0.000000
		outer loop
			vertex	45.0000	-3.99612	-21.3444
			vertex	45.0000	-1.03702	-21.7698
			vertex	45.0000	6.16153e-007	-21.7204
		endloop
	endfacet
	facet normal	1.00000	0.000000	0.000000
		outer loop
			vertex	45.0000	17.1316	-13.4725
			vertex	45.0000	17.5808	-12.7736
			vertex	45.0000	-21.3222	-4.39163
		endloop
	endfacet
	facet normal	1.00000	0.000000	0.000000
		outer loop
			vertex	45.0000	19.9405	-8.56604
			vertex	45.0000	-21.3222	-4.39163
			vertex	45.0000	17.5808	-12.7736
		endloop
	endfacet
	facet normal	1.00000	0.000000	0.000000
		outer loop
			vertex	45.0000	-21.3222	-4.39163
			vertex	45.0000	19.9405	-8.56604
			vertex	45.0000	-21.3489	-4.30069
		endloop
	endfacet
	facet normal	1.00000	0.000000	0.000000
		outer loop
			vertex	45.0000	-21.3222	4.39163
			vertex	45.0000	-21.3489	-4.30069
			vertex	45.0000	19.9405	-8.56604
		endloop
	endfacet
	facet normal	1.00000	0.000000	0.000000
		outer loop
			vertex	45.0000	-21.3489	-4.30069
			vertex	45.0000	-21.3222	4.39163
			vertex	45.0000	-21.4006	-4.12464
		endloop
	endfacet
	facet normal	1.00000	0.000000	0.000000
		outer loop
			vertex	45.0000	-21.7945	0.000000
			vertex	45.0000	-21.4006	-4.12464
			vertex	45.0000	-21.3222	4.39163
		endloop
	endfacet
	facet normal	1.00000	0.000000	0.000000
		outer loop
			vertex	45.0000	21.6958	2.07170
			vertex	45.0000	21.3228	4.00703
			vertex	45.0000	21.6958	1.63911e-015
		endloop
	endfacet
	facet normal	1.00000	0.000000	0.000000
		outer loop
			vertex	45.0000	-21.3222	4.39163
			vertex	45.0000	21.6958	1.63911e-015
			vertex	45.0000	21.3228	4.00703
		endloop
	endfacet
	facet normal	1.00000	0.000000	0.000000
		outer loop
			vertex	45.0000	21.6958	1.63911e-015
			vertex	45.0000	-21.3222	4.39163
			vertex	45.0000	21.6958	-2.07170
		endloop
	endfacet
	facet normal	1.00000	0.000000	0.000000
		outer loop
			vertex	45.0000	21.3228	-4.00703
			vertex	45.0000	21.6958	-2.07170
			vertex	45.0000	-21.3222	4.39163
		endloop
	endfacet
	facet normal	1.00000	0.000000	0.000000
		outer loop
			vertex	45.0000	-21.3222	4.39163
			vertex	45.0000	6.16154e-007	21.7204
			vertex	45.0000	-1.03702	21.7698
		endloop
	endfacet
	facet normal	1.00000	0.000000	0.000000
		outer loop
			vertex	45.0000	-21.3222	-4.39163
			vertex	45.0000	-20.2333	-8.10020
			vertex	45.0000	-19.9919	-8.56845
		endloop
	endfacet
	facet normal	1.00000	0.000000	0.000000
		outer loop
			vertex	45.0000	-19.9919	-8.56845
			vertex	45.0000	-18.3347	-11.7830
			vertex	45.0000	-21.3222	-4.39163
		endloop
	endfacet
	facet normal	1.00000	0.000000	0.000000
		outer loop
			vertex	45.0000	-17.5564	-12.7727
			vertex	45.0000	-21.3222	-4.39163
			vertex	45.0000	-18.3347	-11.7830
		endloop
	endfacet
	facet normal	1.00000	0.000000	0.000000
		outer loop
			vertex	45.0000	-21.3222	-4.39163
			vertex	45.0000	-17.5564	-12.7727
			vertex	45.0000	16.6364	-13.9918
		endloop
	endfacet
	facet normal	1.00000	0.000000	0.000000
		outer loop
			vertex	45.0000	-16.6384	-13.9400
			vertex	45.0000	16.6364	-13.9918
			vertex	45.0000	-17.5564	-12.7727
		endloop
	endfacet
	facet normal	1.00000	0.000000	0.000000
		outer loop
			vertex	45.0000	16.6364	-13.9918
			vertex	45.0000	-16.6384	-13.9400
			vertex	45.0000	-15.7734	-15.0399
		endloop
	endfacet
	facet normal	1.00000	0.000000	0.000000
		outer loop
			vertex	45.0000	8.05492	-20.1726
			vertex	45.0000	10.8972	-18.8746
			vertex	45.0000	12.2463	-17.9139
		endloop
	endfacet
	facet normal	1.00000	0.000000	0.000000
		outer loop
			vertex	45.0000	-9.05376	-19.8250
			vertex	45.0000	-8.05517	-20.1706
			vertex	45.0000	-12.2404	-17.9852
		endloop
	endfacet
	facet normal	1.00000	0.000000	0.000000
		outer loop
			vertex	45.0000	16.6364	-13.9918
			vertex	45.0000	-12.2404	-17.9852
			vertex	45.0000	-8.05517	-20.1706
		endloop
	endfacet
	facet normal	1.00000	0.000000	0.000000
		outer loop
			vertex	45.0000	-12.2404	-17.9852
			vertex	45.0000	16.6364	-13.9918
			vertex	45.0000	-13.6433	-16.8857
		endloop
	endfacet
	facet normal	1.00000	0.000000	0.000000
		outer loop
			vertex	45.0000	-15.7734	-15.0399
			vertex	45.0000	-13.6433	-16.8857
			vertex	45.0000	16.6364	-13.9918
		endloop
	endfacet
	facet normal	1.00000	0.000000	0.000000
		outer loop
			vertex	45.0000	6.16153e-007	-21.7204
			vertex	45.0000	12.2463	-17.9139
			vertex	45.0000	13.6884	-16.8870
		endloop
	endfacet
	facet normal	1.00000	0.000000	0.000000
		outer loop
			vertex	45.0000	-1.03702	21.7698
			vertex	45.0000	-3.99612	21.3444
			vertex	45.0000	-21.3222	4.39163
		endloop
	endfacet
	facet normal	1.00000	0.000000	0.000000
		outer loop
			vertex	45.0000	-19.9919	8.56845
			vertex	45.0000	-21.3222	4.39163
			vertex	45.0000	-3.99612	21.3444
		endloop
	endfacet
	facet normal	1.00000	0.000000	0.000000
		outer loop
			vertex	45.0000	-21.3222	4.39163
			vertex	45.0000	-19.9919	8.56845
			vertex	45.0000	-20.2333	8.10020
		endloop
	endfacet
	facet normal	1.00000	0.000000	0.000000
		outer loop
			vertex	45.0000	-8.05517	-20.1706
			vertex	45.0000	-6.02177	-20.8744
			vertex	45.0000	16.6364	-13.9918
		endloop
	endfacet
	facet normal	1.00000	0.000000	0.000000
		outer loop
			vertex	45.0000	-5.13825	-21.1801
			vertex	45.0000	16.6364	-13.9918
			vertex	45.0000	-6.02177	-20.8744
		endloop
	endfacet
	facet normal	1.00000	0.000000	0.000000
		outer loop
			vertex	45.0000	16.6364	-13.9918
			vertex	45.0000	-5.13825	-21.1801
			vertex	45.0000	-3.99612	-21.3444
		endloop
	endfacet
	facet normal	1.00000	0.000000	0.000000
		outer loop
			vertex	45.0000	-3.99612	-21.3444
			vertex	45.0000	6.16153e-007	-21.7204
			vertex	45.0000	16.6364	-13.9918
		endloop
	endfacet
	facet normal	1.00000	0.000000	0.000000
		outer loop
			vertex	45.0000	13.6884	-16.8870
			vertex	45.0000	16.6364	-13.9918
			vertex	45.0000	6.16153e-007	-21.7204
		endloop
	endfacet
	facet normal	1.00000	0.000000	0.000000
		outer loop
			vertex	45.0000	16.6364	-13.9918
			vertex	45.0000	13.6884	-16.8870
			vertex	45.0000	14.2724	-16.4712
		endloop
	endfacet
	facet normal	1.00000	0.000000	0.000000
		outer loop
			vertex	45.0000	13.6884	16.8870
			vertex	45.0000	12.2463	17.9139
			vertex	45.0000	-21.3222	4.39163
		endloop
	endfacet
	facet normal	1.00000	0.000000	0.000000
		outer loop
			vertex	45.0000	10.8972	18.8746
			vertex	45.0000	-21.3222	4.39163
			vertex	45.0000	12.2463	17.9139
		endloop
	endfacet
	facet normal	1.00000	0.000000	0.000000
		outer loop
			vertex	45.0000	-21.3222	4.39163
			vertex	45.0000	10.8972	18.8746
			vertex	45.0000	8.05492	20.1726
		endloop
	endfacet
	facet normal	1.00000	0.000000	0.000000
		outer loop
			vertex	45.0000	3.10168	21.5727
			vertex	45.0000	6.16154e-007	21.7204
			vertex	45.0000	3.99565	21.3558
		endloop
	endfacet
	facet normal	1.00000	0.000000	0.000000
		outer loop
			vertex	45.0000	-21.3222	4.39163
			vertex	45.0000	3.99565	21.3558
			vertex	45.0000	6.16154e-007	21.7204
		endloop
	endfacet
	facet normal	1.00000	0.000000	0.000000
		outer loop
			vertex	45.0000	3.99565	21.3558
			vertex	45.0000	-21.3222	4.39163
			vertex	45.0000	5.98019	20.8743
		endloop
	endfacet
	facet normal	1.00000	0.000000	0.000000
		outer loop
			vertex	45.0000	8.05492	20.1726
			vertex	45.0000	5.98019	20.8743
			vertex	45.0000	-21.3222	4.39163
		endloop
	endfacet
	facet normal	1.00000	0.000000	0.000000
		outer loop
			vertex	45.0000	5.98019	20.8743
			vertex	45.0000	8.05492	20.1726
			vertex	45.0000	7.12828	20.5958
		endloop
	endfacet
	facet normal	1.00000	0.000000	0.000000
		outer loop
			vertex	45.0000	-3.99612	21.3444
			vertex	45.0000	-5.13825	21.1801
			vertex	45.0000	-19.9919	8.56845
		endloop
	endfacet
	facet normal	1.00000	0.000000	0.000000
		outer loop
			vertex	45.0000	-6.02177	20.8744
			vertex	45.0000	-19.9919	8.56845
			vertex	45.0000	-5.13825	21.1801
		endloop
	endfacet
	facet normal	1.00000	0.000000	0.000000
		outer loop
			vertex	45.0000	-19.9919	8.56845
			vertex	45.0000	-6.02177	20.8744
			vertex	45.0000	-8.05517	20.1706
		endloop
	endfacet
	facet normal	1.00000	0.000000	0.000000
		outer loop
			vertex	45.0000	7.12828	-20.5958
			vertex	45.0000	8.05492	-20.1726
			vertex	45.0000	5.98019	-20.8743
		endloop
	endfacet
	facet normal	1.00000	0.000000	0.000000
		outer loop
			vertex	45.0000	12.2463	-17.9139
			vertex	45.0000	5.98019	-20.8743
			vertex	45.0000	8.05492	-20.1726
		endloop
	endfacet
	facet normal	1.00000	0.000000	0.000000
		outer loop
			vertex	45.0000	5.98019	-20.8743
			vertex	45.0000	12.2463	-17.9139
			vertex	45.0000	3.99565	-21.3558
		endloop
	endfacet
	facet normal	1.00000	0.000000	0.000000
		outer loop
			vertex	45.0000	6.16153e-007	-21.7204
			vertex	45.0000	3.99565	-21.3558
			vertex	45.0000	12.2463	-17.9139
		endloop
	endfacet
	facet normal	1.00000	0.000000	0.000000
		outer loop
			vertex	45.0000	3.99565	-21.3558
			vertex	45.0000	6.16153e-007	-21.7204
			vertex	45.0000	3.10168	-21.5727
		endloop
	endfacet
	facet normal	1.00000	0.000000	0.000000
		outer loop
			vertex	45.0000	-12.6420	17.7533
			vertex	45.0000	-13.6433	16.8857
			vertex	45.0000	-12.2404	17.9852
		endloop
	endfacet
	facet normal	1.00000	0.000000	0.000000
		outer loop
			vertex	45.0000	-8.05517	20.1706
			vertex	45.0000	-12.2404	17.9852
			vertex	45.0000	-13.6433	16.8857
		endloop
	endfacet
	facet normal	1.00000	0.000000	0.000000
		outer loop
			vertex	45.0000	-12.2404	17.9852
			vertex	45.0000	-8.05517	20.1706
			vertex	45.0000	-9.05376	19.8250
		endloop
	endfacet
	facet normal	1.00000	0.000000	0.000000
		outer loop
			vertex	45.0000	-18.3347	11.7830
			vertex	45.0000	-19.9919	8.56845
			vertex	45.0000	-17.5564	12.7727
		endloop
	endfacet
	facet normal	1.00000	0.000000	0.000000
		outer loop
			vertex	45.0000	-8.05517	20.1706
			vertex	45.0000	-17.5564	12.7727
			vertex	45.0000	-19.9919	8.56845
		endloop
	endfacet
	facet normal	1.00000	0.000000	0.000000
		outer loop
			vertex	45.0000	-17.5564	12.7727
			vertex	45.0000	-8.05517	20.1706
			vertex	45.0000	-16.6384	13.9400
		endloop
	endfacet
	facet normal	1.00000	0.000000	0.000000
		outer loop
			vertex	45.0000	-13.6433	16.8857
			vertex	45.0000	-16.6384	13.9400
			vertex	45.0000	-8.05517	20.1706
		endloop
	endfacet
	facet normal	1.00000	0.000000	0.000000
		outer loop
			vertex	45.0000	-16.6384	13.9400
			vertex	45.0000	-13.6433	16.8857
			vertex	45.0000	-15.7734	15.0399
		endloop
	endfacet
endsolid Sphere1^Extrude4
