// MilkShape 3D ASCII File
Frames: 30
Frame: 1
Meshes: 1
"dummyname0" 0 -1
4380
1 -37.985001 -5.000000 -0.000000 0.000000 1.000000 -1
1 -25.495001 -5.000000 -0.000000 0.000000 1.000000 -1
1 -25.931999 -5.501600 -0.000000 0.000000 1.000000 -1
1 -37.985001 -5.000000 -0.000000 0.000000 1.000000 -1
1 -25.931999 -5.501600 -0.000000 0.000000 1.000000 -1
1 -36.919102 -6.097300 -0.000000 0.000000 1.000000 -1
1 -27.250500 -6.621510 -0.000000 0.000000 1.000000 -1
1 -36.919102 -6.097300 -0.000000 0.000000 1.000000 -1
1 -25.931999 -5.501600 -0.000000 0.000000 1.000000 -1
1 -36.919102 -6.097300 -0.000000 0.000000 1.000000 -1
1 -27.250500 -6.621510 -0.000000 0.000000 1.000000 -1
1 -35.487301 -7.068100 -0.000000 0.000000 1.000000 -1
1 -28.778900 -7.431810 -0.000000 0.000000 1.000000 -1
1 -35.487301 -7.068100 -0.000000 0.000000 1.000000 -1
1 -27.250500 -6.621510 -0.000000 0.000000 1.000000 -1
1 -35.487301 -7.068100 -0.000000 0.000000 1.000000 -1
1 -28.778900 -7.431810 -0.000000 0.000000 1.000000 -1
1 -33.880199 -7.708400 -0.000000 0.000000 1.000000 -1
1 -30.445700 -7.894610 -0.000000 0.000000 1.000000 -1
1 -33.880199 -7.708400 -0.000000 0.000000 1.000000 -1
1 -28.778900 -7.431810 -0.000000 0.000000 1.000000 -1
1 -33.880199 -7.708400 -0.000000 0.000000 1.000000 -1
1 -30.445700 -7.894610 -0.000000 0.000000 1.000000 -1
1 -32.173100 -7.988270 -0.000000 0.000000 1.000000 -1
1 -25.640800 -5.000000 -0.826998 0.000000 1.000000 -1
1 -25.495001 -5.000000 -0.000000 0.000000 1.000000 -1
1 -37.985001 -5.000000 -0.000000 0.000000 1.000000 -1
1 -28.322001 -5.000000 -5.160400 0.000000 1.000000 -1
1 -26.956100 -5.000000 -4.014210 0.000000 1.000000 -1
1 -26.947500 -5.000000 -3.999320 0.000000 1.000000 -1
1 -26.947500 -5.000000 -3.999320 0.000000 1.000000 -1
1 -37.985001 -5.000000 -0.000000 0.000000 1.000000 -1
1 -37.839199 -5.000000 -0.826998 0.000000 1.000000 -1
1 -29.704300 -5.000000 -5.803890 0.000000 1.000000 -1
1 -28.617500 -5.000000 -5.408330 0.000000 1.000000 -1
1 -28.548599 -5.000000 -5.350500 0.000000 1.000000 -1
1 -25.871599 -5.000000 -2.135920 0.000000 1.000000 -1
1 -25.640800 -5.000000 -0.826998 0.000000 1.000000 -1
1 -26.058300 -5.000000 -2.459190 0.000000 1.000000 -1
1 -37.985001 -5.000000 -0.000000 0.000000 1.000000 -1
1 -26.058300 -5.000000 -2.459190 0.000000 1.000000 -1
1 -25.640800 -5.000000 -0.826998 0.000000 1.000000 -1
1 -26.058300 -5.000000 -2.459190 0.000000 1.000000 -1
1 -37.985001 -5.000000 -0.000000 0.000000 1.000000 -1
1 -26.434200 -5.000000 -3.110340 0.000000 1.000000 -1
1 -26.947500 -5.000000 -3.999320 0.000000 1.000000 -1
1 -26.434200 -5.000000 -3.110340 0.000000 1.000000 -1
1 -37.985001 -5.000000 -0.000000 0.000000 1.000000 -1
1 -28.548599 -5.000000 -5.350500 0.000000 1.000000 -1
1 -28.322001 -5.000000 -5.160400 0.000000 1.000000 -1
1 -36.532501 -5.000000 -3.999320 0.000000 1.000000 -1
1 -26.947500 -5.000000 -3.999320 0.000000 1.000000 -1
1 -36.532501 -5.000000 -3.999320 0.000000 1.000000 -1
1 -28.322001 -5.000000 -5.160400 0.000000 1.000000 -1
1 -36.532501 -5.000000 -3.999320 0.000000 1.000000 -1
1 -26.947500 -5.000000 -3.999320 0.000000 1.000000 -1
1 -37.421700 -5.000000 -2.459190 0.000000 1.000000 -1
1 -37.839199 -5.000000 -0.826998 0.000000 1.000000 -1
1 -37.421700 -5.000000 -2.459190 0.000000 1.000000 -1
1 -26.947500 -5.000000 -3.999320 0.000000 1.000000 -1
1 -37.421700 -5.000000 -2.459190 0.000000 1.000000 -1
1 -37.839199 -5.000000 -0.826998 0.000000 1.000000 -1
1 -37.608398 -5.000000 -2.135920 0.000000 1.000000 -1
1 -34.429100 -5.000000 -5.566060 0.000000 1.000000 -1
1 -33.144901 -5.000000 -6.033490 0.000000 1.000000 -1
1 -28.548599 -5.000000 -5.350500 0.000000 1.000000 -1
1 -34.862499 -5.000000 -5.408330 0.000000 1.000000 -1
1 -34.429100 -5.000000 -5.566060 0.000000 1.000000 -1
1 -34.931400 -5.000000 -5.350500 0.000000 1.000000 -1
1 -28.548599 -5.000000 -5.350500 0.000000 1.000000 -1
1 -34.931400 -5.000000 -5.350500 0.000000 1.000000 -1
1 -34.429100 -5.000000 -5.566060 0.000000 1.000000 -1
1 -34.931400 -5.000000 -5.350500 0.000000 1.000000 -1
1 -28.548599 -5.000000 -5.350500 0.000000 1.000000 -1
1 -36.035999 -5.000000 -4.423620 0.000000 1.000000 -1
1 -36.532501 -5.000000 -3.999320 0.000000 1.000000 -1
1 -36.035999 -5.000000 -4.423620 0.000000 1.000000 -1
1 -28.548599 -5.000000 -5.350500 0.000000 1.000000 -1
1 -36.035999 -5.000000 -4.423620 0.000000 1.000000 -1
1 -36.532501 -5.000000 -3.999320 0.000000 1.000000 -1
1 -36.523899 -5.000000 -4.014210 0.000000 1.000000 -1
1 -30.655600 -5.000000 -6.150120 0.000000 1.000000 -1
1 -29.704300 -5.000000 -5.803890 0.000000 1.000000 -1
1 -30.912300 -5.000000 -6.150120 0.000000 1.000000 -1
1 -28.548599 -5.000000 -5.350500 0.000000 1.000000 -1
1 -30.912300 -5.000000 -6.150120 0.000000 1.000000 -1
1 -29.704300 -5.000000 -5.803890 0.000000 1.000000 -1
1 -30.912300 -5.000000 -6.150120 0.000000 1.000000 -1
1 -28.548599 -5.000000 -5.350500 0.000000 1.000000 -1
1 -32.016998 -5.000000 -6.150120 0.000000 1.000000 -1
1 -33.144901 -5.000000 -6.033490 0.000000 1.000000 -1
1 -32.016998 -5.000000 -6.150120 0.000000 1.000000 -1
1 -28.548599 -5.000000 -5.350500 0.000000 1.000000 -1
1 -32.016998 -5.000000 -6.150120 0.000000 1.000000 -1
1 -33.144901 -5.000000 -6.033490 0.000000 1.000000 -1
1 -32.824402 -5.000000 -6.150120 0.000000 1.000000 -1
1 -37.985001 5.000000 0.000000 0.000000 1.000000 -1
1 -25.495001 5.000000 0.000000 0.000000 1.000000 -1
1 -25.931999 5.501600 0.000000 0.000000 1.000000 -1
1 -37.985001 5.000000 0.000000 0.000000 1.000000 -1
1 -25.931999 5.501600 0.000000 0.000000 1.000000 -1
1 -36.919102 6.097300 0.000000 0.000000 1.000000 -1
1 -27.250500 6.621510 0.000000 0.000000 1.000000 -1
1 -36.919102 6.097300 0.000000 0.000000 1.000000 -1
1 -25.931999 5.501600 0.000000 0.000000 1.000000 -1
1 -36.919102 6.097300 0.000000 0.000000 1.000000 -1
1 -27.250500 6.621510 0.000000 0.000000 1.000000 -1
1 -35.487301 7.068100 0.000000 0.000000 1.000000 -1
1 -28.778900 7.431810 0.000000 0.000000 1.000000 -1
1 -35.487301 7.068100 0.000000 0.000000 1.000000 -1
1 -27.250500 6.621510 0.000000 0.000000 1.000000 -1
1 -35.487301 7.068100 0.000000 0.000000 1.000000 -1
1 -28.778900 7.431810 0.000000 0.000000 1.000000 -1
1 -33.880199 7.708400 0.000000 0.000000 1.000000 -1
1 -30.445700 7.894610 0.000000 0.000000 1.000000 -1
1 -33.880199 7.708400 0.000000 0.000000 1.000000 -1
1 -28.778900 7.431810 0.000000 0.000000 1.000000 -1
1 -33.880199 7.708400 0.000000 0.000000 1.000000 -1
1 -30.445700 7.894610 0.000000 0.000000 1.000000 -1
1 -32.173100 7.988270 0.000000 0.000000 1.000000 -1
1 -25.640800 5.000000 0.826998 0.000000 1.000000 -1
1 -25.495001 5.000000 0.000000 0.000000 1.000000 -1
1 -37.985001 5.000000 0.000000 0.000000 1.000000 -1
1 -29.704300 5.000000 5.803890 0.000000 1.000000 -1
1 -28.617500 5.000000 5.408330 0.000000 1.000000 -1
1 -28.548599 5.000000 5.350500 0.000000 1.000000 -1
1 -25.871599 5.000000 2.135920 0.000000 1.000000 -1
1 -25.640800 5.000000 0.826998 0.000000 1.000000 -1
1 -26.058300 5.000000 2.459190 0.000000 1.000000 -1
1 -37.985001 5.000000 0.000000 0.000000 1.000000 -1
1 -26.058300 5.000000 2.459190 0.000000 1.000000 -1
1 -25.640800 5.000000 0.826998 0.000000 1.000000 -1
1 -26.058300 5.000000 2.459190 0.000000 1.000000 -1
1 -37.985001 5.000000 0.000000 0.000000 1.000000 -1
1 -26.434200 5.000000 3.110340 0.000000 1.000000 -1
1 -26.947500 5.000000 3.999320 0.000000 1.000000 -1
1 -26.434200 5.000000 3.110340 0.000000 1.000000 -1
1 -37.985001 5.000000 0.000000 0.000000 1.000000 -1
1 -37.608398 5.000000 2.135920 0.000000 1.000000 -1
1 -37.421700 5.000000 2.459190 0.000000 1.000000 -1
1 -37.839199 5.000000 0.826998 0.000000 1.000000 -1
1 -28.548599 5.000000 5.350500 0.000000 1.000000 -1
1 -37.839199 5.000000 0.826998 0.000000 1.000000 -1
1 -37.421700 5.000000 2.459190 0.000000 1.000000 -1
1 -37.839199 5.000000 0.826998 0.000000 1.000000 -1
1 -28.548599 5.000000 5.350500 0.000000 1.000000 -1
1 -37.985001 5.000000 0.000000 0.000000 1.000000 -1
1 -28.322001 5.000000 5.160400 0.000000 1.000000 -1
1 -37.985001 5.000000 0.000000 0.000000 1.000000 -1
1 -28.548599 5.000000 5.350500 0.000000 1.000000 -1
1 -37.985001 5.000000 0.000000 0.000000 1.000000 -1
1 -28.322001 5.000000 5.160400 0.000000 1.000000 -1
1 -26.947500 5.000000 3.999320 0.000000 1.000000 -1
1 -26.956100 5.000000 4.014210 0.000000 1.000000 -1
1 -26.947500 5.000000 3.999320 0.000000 1.000000 -1
1 -28.322001 5.000000 5.160400 0.000000 1.000000 -1
1 -36.532501 5.000000 3.999320 0.000000 1.000000 -1
1 -36.523899 5.000000 4.014210 0.000000 1.000000 -1
1 -36.035999 5.000000 4.423620 0.000000 1.000000 -1
1 -34.429100 5.000000 5.566060 0.000000 1.000000 -1
1 -33.144901 5.000000 6.033490 0.000000 1.000000 -1
1 -28.548599 5.000000 5.350500 0.000000 1.000000 -1
1 -34.862499 5.000000 5.408330 0.000000 1.000000 -1
1 -34.429100 5.000000 5.566060 0.000000 1.000000 -1
1 -34.931400 5.000000 5.350500 0.000000 1.000000 -1
1 -28.548599 5.000000 5.350500 0.000000 1.000000 -1
1 -34.931400 5.000000 5.350500 0.000000 1.000000 -1
1 -34.429100 5.000000 5.566060 0.000000 1.000000 -1
1 -34.931400 5.000000 5.350500 0.000000 1.000000 -1
1 -28.548599 5.000000 5.350500 0.000000 1.000000 -1
1 -36.035999 5.000000 4.423620 0.000000 1.000000 -1
1 -37.421700 5.000000 2.459190 0.000000 1.000000 -1
1 -36.035999 5.000000 4.423620 0.000000 1.000000 -1
1 -28.548599 5.000000 5.350500 0.000000 1.000000 -1
1 -36.035999 5.000000 4.423620 0.000000 1.000000 -1
1 -37.421700 5.000000 2.459190 0.000000 1.000000 -1
1 -36.532501 5.000000 3.999320 0.000000 1.000000 -1
1 -30.655600 5.000000 6.150120 0.000000 1.000000 -1
1 -29.704300 5.000000 5.803890 0.000000 1.000000 -1
1 -30.912300 5.000000 6.150120 0.000000 1.000000 -1
1 -28.548599 5.000000 5.350500 0.000000 1.000000 -1
1 -30.912300 5.000000 6.150120 0.000000 1.000000 -1
1 -29.704300 5.000000 5.803890 0.000000 1.000000 -1
1 -30.912300 5.000000 6.150120 0.000000 1.000000 -1
1 -28.548599 5.000000 5.350500 0.000000 1.000000 -1
1 -32.016998 5.000000 6.150120 0.000000 1.000000 -1
1 -33.144901 5.000000 6.033490 0.000000 1.000000 -1
1 -32.016998 5.000000 6.150120 0.000000 1.000000 -1
1 -28.548599 5.000000 5.350500 0.000000 1.000000 -1
1 -32.016998 5.000000 6.150120 0.000000 1.000000 -1
1 -33.144901 5.000000 6.033490 0.000000 1.000000 -1
1 -32.824402 5.000000 6.150120 0.000000 1.000000 -1
1 -37.647400 0.000000 5.312230 0.000000 1.000000 -1
1 -37.985001 0.000000 5.000000 0.000000 1.000000 -1
1 -25.495001 0.000000 5.000000 0.000000 1.000000 -1
1 -27.060301 -0.000000 6.447710 0.000000 1.000000 -1
1 -27.242001 0.000000 6.615710 0.000000 1.000000 -1
1 -28.523199 -0.000000 7.231190 0.000000 1.000000 -1
1 -37.647400 0.000000 5.312230 0.000000 1.000000 -1
1 -25.495001 0.000000 5.000000 0.000000 1.000000 -1
1 -36.419701 0.000000 6.447710 0.000000 1.000000 -1
1 -25.832600 -0.000000 5.312230 0.000000 1.000000 -1
1 -36.419701 0.000000 6.447710 0.000000 1.000000 -1
1 -25.495001 0.000000 5.000000 0.000000 1.000000 -1
1 -36.419701 0.000000 6.447710 0.000000 1.000000 -1
1 -25.832600 -0.000000 5.312230 0.000000 1.000000 -1
1 -27.060301 -0.000000 6.447710 0.000000 1.000000 -1
1 -27.060301 -0.000000 6.447710 0.000000 1.000000 -1
1 -28.523199 -0.000000 7.231190 0.000000 1.000000 -1
1 -36.419701 0.000000 6.447710 0.000000 1.000000 -1
1 -29.386900 0.000000 7.646100 0.000000 1.000000 -1
1 -36.419701 0.000000 6.447710 0.000000 1.000000 -1
1 -28.523199 -0.000000 7.231190 0.000000 1.000000 -1
1 -36.419701 0.000000 6.447710 0.000000 1.000000 -1
1 -29.386900 0.000000 7.646100 0.000000 1.000000 -1
1 -30.081499 -0.000000 7.804280 0.000000 1.000000 -1
1 -36.237999 0.000000 6.615710 0.000000 1.000000 -1
1 -36.419701 0.000000 6.447710 0.000000 1.000000 -1
1 -34.956799 0.000000 7.231190 0.000000 1.000000 -1
1 -33.392200 0.000000 7.751510 0.000000 1.000000 -1
1 -34.956799 0.000000 7.231190 0.000000 1.000000 -1
1 -36.419701 0.000000 6.447710 0.000000 1.000000 -1
1 -34.956799 0.000000 7.231190 0.000000 1.000000 -1
1 -33.392200 0.000000 7.751510 0.000000 1.000000 -1
1 -34.093102 0.000000 7.646100 0.000000 1.000000 -1
1 -31.740000 0.000000 8.000000 0.000000 1.000000 -1
1 -33.392200 0.000000 7.751510 0.000000 1.000000 -1
1 -31.441500 0.000000 7.994430 0.000000 1.000000 -1
1 -36.419701 0.000000 6.447710 0.000000 1.000000 -1
1 -31.441500 0.000000 7.994430 0.000000 1.000000 -1
1 -33.392200 0.000000 7.751510 0.000000 1.000000 -1
1 -31.441500 0.000000 7.994430 0.000000 1.000000 -1
1 -36.419701 0.000000 6.447710 0.000000 1.000000 -1
1 -31.143400 0.000000 7.977730 0.000000 1.000000 -1
1 -30.081499 -0.000000 7.804280 0.000000 1.000000 -1
1 -31.143400 0.000000 7.977730 0.000000 1.000000 -1
1 -36.419701 0.000000 6.447710 0.000000 1.000000 -1
1 -31.143400 0.000000 7.977730 0.000000 1.000000 -1
1 -30.081499 -0.000000 7.804280 0.000000 1.000000 -1
1 -30.550200 0.000000 7.911030 0.000000 1.000000 -1
1 -25.495001 -0.000000 5.000000 0.000000 1.000000 -1
1 -37.985001 0.000000 5.000000 0.000000 1.000000 -1
1 -25.531601 -0.675203 5.000000 0.000000 1.000000 -1
1 -37.839001 -1.342490 5.000000 0.000000 1.000000 -1
1 -25.531601 -0.675203 5.000000 0.000000 1.000000 -1
1 -37.985001 0.000000 5.000000 0.000000 1.000000 -1
1 -25.531601 -0.675203 5.000000 0.000000 1.000000 -1
1 -37.839001 -1.342490 5.000000 0.000000 1.000000 -1
1 -25.821899 -1.994040 5.000000 0.000000 1.000000 -1
1 -37.407799 -2.622210 5.000000 0.000000 1.000000 -1
1 -25.821899 -1.994040 5.000000 0.000000 1.000000 -1
1 -37.839001 -1.342490 5.000000 0.000000 1.000000 -1
1 -25.821899 -1.994040 5.000000 0.000000 1.000000 -1
1 -37.407799 -2.622210 5.000000 0.000000 1.000000 -1
1 -26.388901 -3.219630 5.000000 0.000000 1.000000 -1
1 -36.711601 -3.779310 5.000000 0.000000 1.000000 -1
1 -26.388901 -3.219630 5.000000 0.000000 1.000000 -1
1 -37.407799 -2.622210 5.000000 0.000000 1.000000 -1
1 -26.388901 -3.219630 5.000000 0.000000 1.000000 -1
1 -36.711601 -3.779310 5.000000 0.000000 1.000000 -1
1 -27.206200 -4.294680 5.000000 0.000000 1.000000 -1
1 -35.782902 -4.759700 5.000000 0.000000 1.000000 -1
1 -27.206200 -4.294680 5.000000 0.000000 1.000000 -1
1 -36.711601 -3.779310 5.000000 0.000000 1.000000 -1
1 -27.206200 -4.294680 5.000000 0.000000 1.000000 -1
1 -35.782902 -4.759700 5.000000 0.000000 1.000000 -1
1 -28.235399 -5.168920 5.000000 0.000000 1.000000 -1
1 -34.665199 -5.517530 5.000000 0.000000 1.000000 -1
1 -28.235399 -5.168920 5.000000 0.000000 1.000000 -1
1 -35.782902 -4.759700 5.000000 0.000000 1.000000 -1
1 -28.235399 -5.168920 5.000000 0.000000 1.000000 -1
1 -34.665199 -5.517530 5.000000 0.000000 1.000000 -1
1 -29.428499 -5.801460 5.000000 0.000000 1.000000 -1
1 -33.410702 -6.017370 5.000000 0.000000 1.000000 -1
1 -29.428499 -5.801460 5.000000 0.000000 1.000000 -1
1 -34.665199 -5.517530 5.000000 0.000000 1.000000 -1
1 -29.428499 -5.801460 5.000000 0.000000 1.000000 -1
1 -33.410702 -6.017370 5.000000 0.000000 1.000000 -1
1 -30.729700 -6.162730 5.000000 0.000000 1.000000 -1
1 -32.078098 -6.235840 5.000000 0.000000 1.000000 -1
1 -30.729700 -6.162730 5.000000 0.000000 1.000000 -1
1 -33.410702 -6.017370 5.000000 0.000000 1.000000 -1
1 -25.495001 0.000000 -5.000000 0.000000 1.000000 -1
1 -25.832600 -0.000000 -5.312230 0.000000 1.000000 -1
1 -37.985001 0.000000 -5.000000 0.000000 1.000000 -1
1 -27.060301 -0.000000 -6.447710 0.000000 1.000000 -1
1 -37.985001 0.000000 -5.000000 0.000000 1.000000 -1
1 -25.832600 -0.000000 -5.312230 0.000000 1.000000 -1
1 -37.985001 0.000000 -5.000000 0.000000 1.000000 -1
1 -27.060301 -0.000000 -6.447710 0.000000 1.000000 -1
1 -37.647400 0.000000 -5.312230 0.000000 1.000000 -1
1 -37.647400 0.000000 -5.312230 0.000000 1.000000 -1
1 -27.060301 -0.000000 -6.447710 0.000000 1.000000 -1
1 -36.419701 0.000000 -6.447710 0.000000 1.000000 -1
1 -27.242001 0.000000 -6.615710 0.000000 1.000000 -1
1 -36.419701 0.000000 -6.447710 0.000000 1.000000 -1
1 -27.060301 -0.000000 -6.447710 0.000000 1.000000 -1
1 -36.419701 0.000000 -6.447710 0.000000 1.000000 -1
1 -27.242001 0.000000 -6.615710 0.000000 1.000000 -1
1 -28.523199 0.000000 -7.231190 0.000000 1.000000 -1
1 -33.392200 0.000000 -7.751510 0.000000 1.000000 -1
1 -34.093102 0.000000 -7.646100 0.000000 1.000000 -1
1 -34.956799 0.000000 -7.231190 0.000000 1.000000 -1
1 -36.237999 0.000000 -6.615710 0.000000 1.000000 -1
1 -36.419701 0.000000 -6.447710 0.000000 1.000000 -1
1 -34.956799 0.000000 -7.231190 0.000000 1.000000 -1
1 -28.523199 0.000000 -7.231190 0.000000 1.000000 -1
1 -34.956799 0.000000 -7.231190 0.000000 1.000000 -1
1 -36.419701 0.000000 -6.447710 0.000000 1.000000 -1
1 -34.956799 0.000000 -7.231190 0.000000 1.000000 -1
1 -28.523199 0.000000 -7.231190 0.000000 1.000000 -1
1 -33.392200 0.000000 -7.751510 0.000000 1.000000 -1
1 -29.386900 0.000000 -7.646100 0.000000 1.000000 -1
1 -33.392200 0.000000 -7.751510 0.000000 1.000000 -1
1 -28.523199 0.000000 -7.231190 0.000000 1.000000 -1
1 -33.392200 0.000000 -7.751510 0.000000 1.000000 -1
1 -29.386900 0.000000 -7.646100 0.000000 1.000000 -1
1 -30.081499 0.000000 -7.804280 0.000000 1.000000 -1
1 -31.740000 0.000000 -8.000000 0.000000 1.000000 -1
1 -33.392200 0.000000 -7.751510 0.000000 1.000000 -1
1 -31.441500 0.000000 -7.994430 0.000000 1.000000 -1
1 -30.081499 0.000000 -7.804280 0.000000 1.000000 -1
1 -31.441500 0.000000 -7.994430 0.000000 1.000000 -1
1 -33.392200 0.000000 -7.751510 0.000000 1.000000 -1
1 -31.441500 0.000000 -7.994430 0.000000 1.000000 -1
1 -30.081499 0.000000 -7.804280 0.000000 1.000000 -1
1 -31.143400 0.000000 -7.977730 0.000000 1.000000 -1
1 -30.550200 0.000000 -7.911030 0.000000 1.000000 -1
1 -31.143400 0.000000 -7.977730 0.000000 1.000000 -1
1 -30.081499 0.000000 -7.804280 0.000000 1.000000 -1
1 -25.495001 -0.000000 -5.000000 0.000000 1.000000 -1
1 -37.985001 0.000000 -5.000000 0.000000 1.000000 -1
1 -25.531601 0.675203 -5.000000 0.000000 1.000000 -1
1 -37.839001 1.342490 -5.000000 0.000000 1.000000 -1
1 -25.531601 0.675203 -5.000000 0.000000 1.000000 -1
1 -37.985001 0.000000 -5.000000 0.000000 1.000000 -1
1 -25.531601 0.675203 -5.000000 0.000000 1.000000 -1
1 -37.839001 1.342490 -5.000000 0.000000 1.000000 -1
1 -25.821899 1.994040 -5.000000 0.000000 1.000000 -1
1 -37.407799 2.622210 -5.000000 0.000000 1.000000 -1
1 -25.821899 1.994040 -5.000000 0.000000 1.000000 -1
1 -37.839001 1.342490 -5.000000 0.000000 1.000000 -1
1 -25.821899 1.994040 -5.000000 0.000000 1.000000 -1
1 -37.407799 2.622210 -5.000000 0.000000 1.000000 -1
1 -26.388901 3.219630 -5.000000 0.000000 1.000000 -1
1 -36.711601 3.779310 -5.000000 0.000000 1.000000 -1
1 -26.388901 3.219630 -5.000000 0.000000 1.000000 -1
1 -37.407799 2.622210 -5.000000 0.000000 1.000000 -1
1 -26.388901 3.219630 -5.000000 0.000000 1.000000 -1
1 -36.711601 3.779310 -5.000000 0.000000 1.000000 -1
1 -27.206200 4.294680 -5.000000 0.000000 1.000000 -1
1 -35.782902 4.759700 -5.000000 0.000000 1.000000 -1
1 -27.206200 4.294680 -5.000000 0.000000 1.000000 -1
1 -36.711601 3.779310 -5.000000 0.000000 1.000000 -1
1 -27.206200 4.294680 -5.000000 0.000000 1.000000 -1
1 -35.782902 4.759700 -5.000000 0.000000 1.000000 -1
1 -28.235399 5.168920 -5.000000 0.000000 1.000000 -1
1 -34.665199 5.517530 -5.000000 0.000000 1.000000 -1
1 -28.235399 5.168920 -5.000000 0.000000 1.000000 -1
1 -35.782902 4.759700 -5.000000 0.000000 1.000000 -1
1 -28.235399 5.168920 -5.000000 0.000000 1.000000 -1
1 -34.665199 5.517530 -5.000000 0.000000 1.000000 -1
1 -29.428499 5.801460 -5.000000 0.000000 1.000000 -1
1 -33.410702 6.017370 -5.000000 0.000000 1.000000 -1
1 -29.428499 5.801460 -5.000000 0.000000 1.000000 -1
1 -34.665199 5.517530 -5.000000 0.000000 1.000000 -1
1 -29.428499 5.801460 -5.000000 0.000000 1.000000 -1
1 -33.410702 6.017370 -5.000000 0.000000 1.000000 -1
1 -30.729700 6.162730 -5.000000 0.000000 1.000000 -1
1 -32.078098 6.235840 -5.000000 0.000000 1.000000 -1
1 -30.729700 6.162730 -5.000000 0.000000 1.000000 -1
1 -33.410702 6.017370 -5.000000 0.000000 1.000000 -1
1 -34.093102 0.000000 -7.646100 0.000000 1.000000 -1
1 -33.392200 0.000000 -7.751510 0.000000 1.000000 -1
1 -33.364399 -0.357559 -7.825180 0.000000 1.000000 -1
1 -31.740000 0.000000 -8.000000 0.000000 1.000000 -1
1 -33.364399 -0.357559 -7.825180 0.000000 1.000000 -1
1 -33.392200 0.000000 -7.751510 0.000000 1.000000 -1
1 -32.816799 -1.267700 -7.825180 0.000000 1.000000 -1
1 -33.064098 -1.006580 -7.825180 0.000000 1.000000 -1
1 -31.740000 0.000000 -8.000000 0.000000 1.000000 -1
1 -32.816799 -1.267700 -7.825180 0.000000 1.000000 -1
1 -31.740000 0.000000 -8.000000 0.000000 1.000000 -1
1 -32.519100 -1.469540 -7.825180 0.000000 1.000000 -1
1 -32.185001 -1.602670 -7.825180 0.000000 1.000000 -1
1 -32.519100 -1.469540 -7.825180 0.000000 1.000000 -1
1 -31.740000 0.000000 -8.000000 0.000000 1.000000 -1
1 -31.830000 -1.660850 -7.825180 0.000000 1.000000 -1
1 -32.185001 -1.602670 -7.825180 0.000000 1.000000 -1
1 -31.740000 0.000000 -8.000000 0.000000 1.000000 -1
1 -31.470900 -1.641380 -7.825180 0.000000 1.000000 -1
1 -31.830000 -1.660850 -7.825180 0.000000 1.000000 -1
1 -31.740000 0.000000 -8.000000 0.000000 1.000000 -1
1 -31.124399 -1.545160 -7.825180 0.000000 1.000000 -1
1 -31.470900 -1.641380 -7.825180 0.000000 1.000000 -1
1 -31.740000 0.000000 -8.000000 0.000000 1.000000 -1
1 -30.806601 -1.376690 -7.825180 0.000000 1.000000 -1
1 -31.124399 -1.545160 -7.825180 0.000000 1.000000 -1
1 -31.740000 0.000000 -8.000000 0.000000 1.000000 -1
1 -30.532499 -1.143850 -7.825180 0.000000 1.000000 -1
1 -30.806601 -1.376690 -7.825180 0.000000 1.000000 -1
1 -31.740000 0.000000 -8.000000 0.000000 1.000000 -1
1 -30.314800 -0.857517 -7.825180 0.000000 1.000000 -1
1 -30.532499 -1.143850 -7.825180 0.000000 1.000000 -1
1 -31.740000 0.000000 -8.000000 0.000000 1.000000 -1
1 -30.163799 -0.531092 -7.825180 0.000000 1.000000 -1
1 -30.314800 -0.857517 -7.825180 0.000000 1.000000 -1
1 -31.740000 0.000000 -8.000000 0.000000 1.000000 -1
1 -30.086500 -0.179834 -7.825180 0.000000 1.000000 -1
1 -30.163799 -0.531092 -7.825180 0.000000 1.000000 -1
1 -31.740000 0.000000 -8.000000 0.000000 1.000000 -1
1 -33.064098 -1.006580 -7.825180 0.000000 1.000000 -1
1 -33.249599 -0.698399 -7.825180 0.000000 1.000000 -1
1 -31.740000 0.000000 -8.000000 0.000000 1.000000 -1
1 -36.237999 0.000000 -6.615710 0.000000 1.000000 -1
1 -34.956799 0.000000 -7.231190 0.000000 1.000000 -1
1 -34.917801 -0.699491 -7.308360 0.000000 1.000000 -1
1 -37.985001 0.000000 -5.000000 0.000000 1.000000 -1
1 -37.647400 0.000000 -5.312230 0.000000 1.000000 -1
1 -37.546200 -1.278030 -5.353050 0.000000 1.000000 -1
1 -32.519100 1.469540 7.825180 0.000000 1.000000 -1
1 -32.185001 1.602670 7.825180 0.000000 1.000000 -1
1 -32.610500 3.135290 7.308360 0.000000 1.000000 -1
1 -32.185001 1.602670 7.825180 0.000000 1.000000 -1
1 -32.519100 1.469540 7.825180 0.000000 1.000000 -1
1 -31.740000 0.000000 8.000000 0.000000 1.000000 -1
1 -25.495001 -4.619400 1.913420 0.000000 1.000000 -1
1 -25.495001 -4.253710 2.460710 0.000000 1.000000 -1
1 -26.216299 -5.232330 2.472140 0.000000 1.000000 -1
1 -25.495001 -3.769290 3.185690 0.000000 1.000000 -1
1 -25.803499 -3.571860 4.000000 0.000000 1.000000 -1
1 -26.710199 -4.764520 4.000000 0.000000 1.000000 -1
1 -32.824402 5.000000 6.150120 0.000000 1.000000 -1
1 -33.144901 5.000000 6.033490 0.000000 1.000000 -1
1 -32.998001 4.530880 6.472140 0.000000 1.000000 -1
1 -25.931999 5.501600 0.000000 0.000000 1.000000 -1
1 -25.963900 5.471460 -0.836228 0.000000 1.000000 -1
1 -27.275101 6.585240 -0.836228 0.000000 1.000000 -1
1 -25.495001 4.619400 -1.913420 0.000000 1.000000 -1
1 -25.495001 4.253710 -2.460710 0.000000 1.000000 -1
1 -26.216299 5.232330 -2.472140 0.000000 1.000000 -1
1 -25.495001 3.769290 -3.185690 0.000000 1.000000 -1
1 -25.803499 3.571860 -4.000000 0.000000 1.000000 -1
1 -26.710199 4.764520 -4.000000 0.000000 1.000000 -1
1 -29.386900 0.000000 -7.646100 0.000000 1.000000 -1
1 -28.523199 0.000000 -7.231190 0.000000 1.000000 -1
1 -28.505199 -0.351808 -7.308360 0.000000 1.000000 -1
1 -27.242001 -0.000000 -6.615710 0.000000 1.000000 -1
1 -27.060301 -0.000000 -6.447710 0.000000 1.000000 -1
1 -27.065300 -0.508406 -6.472140 0.000000 1.000000 -1
1 -25.803499 -3.571860 -4.000000 0.000000 1.000000 -1
1 -25.495001 -2.848440 -3.994640 0.000000 1.000000 -1
1 -25.495001 -3.535530 -3.535530 0.000000 1.000000 -1
1 -28.322001 -5.000000 -5.160400 0.000000 1.000000 -1
1 -28.403700 -4.920740 -5.353050 0.000000 1.000000 -1
1 -27.423800 -4.088480 -5.353050 0.000000 1.000000 -1
1 -34.429100 -5.000000 -5.566060 0.000000 1.000000 -1
1 -33.942600 -4.154520 -6.472140 0.000000 1.000000 -1
1 -32.998001 -4.530880 -6.472140 0.000000 1.000000 -1
1 -36.890701 -6.063890 0.836228 0.000000 1.000000 -1
1 -35.487301 -7.068100 -0.000000 0.000000 1.000000 -1
1 -35.466702 -7.029380 0.836228 0.000000 1.000000 -1
1 -33.880199 -7.708400 -0.000000 0.000000 1.000000 -1
1 -35.466702 -7.029380 0.836228 0.000000 1.000000 -1
1 -35.487301 -7.068100 -0.000000 0.000000 1.000000 -1
1 -35.466702 -7.029380 0.836228 0.000000 1.000000 -1
1 -33.880199 -7.708400 -0.000000 0.000000 1.000000 -1
1 -33.868500 -7.666170 0.836228 0.000000 1.000000 -1
1 -32.173100 -7.988270 -0.000000 0.000000 1.000000 -1
1 -33.868500 -7.666170 0.836228 0.000000 1.000000 -1
1 -33.880199 -7.708400 -0.000000 0.000000 1.000000 -1
1 -33.868500 -7.666170 0.836228 0.000000 1.000000 -1
1 -32.173100 -7.988270 -0.000000 0.000000 1.000000 -1
1 -32.170700 -7.944510 0.836228 0.000000 1.000000 -1
1 -30.445700 -7.894610 -0.000000 0.000000 1.000000 -1
1 -32.170700 -7.944510 0.836228 0.000000 1.000000 -1
1 -32.173100 -7.988270 -0.000000 0.000000 1.000000 -1
1 -32.170700 -7.944510 0.836228 0.000000 1.000000 -1
1 -30.445700 -7.894610 -0.000000 0.000000 1.000000 -1
1 -30.452801 -7.851360 0.836228 0.000000 1.000000 -1
1 -28.778900 -7.431810 -0.000000 0.000000 1.000000 -1
1 -30.452801 -7.851360 0.836228 0.000000 1.000000 -1
1 -30.445700 -7.894610 -0.000000 0.000000 1.000000 -1
1 -30.452801 -7.851360 0.836228 0.000000 1.000000 -1
1 -28.778900 -7.431810 -0.000000 0.000000 1.000000 -1
1 -28.795099 -7.391100 0.836228 0.000000 1.000000 -1
1 -27.250500 -6.621510 -0.000000 0.000000 1.000000 -1
1 -28.795099 -7.391100 0.836228 0.000000 1.000000 -1
1 -28.778900 -7.431810 -0.000000 0.000000 1.000000 -1
1 -28.795099 -7.391100 0.836228 0.000000 1.000000 -1
1 -27.250500 -6.621510 -0.000000 0.000000 1.000000 -1
1 -27.275101 -6.585240 0.836228 0.000000 1.000000 -1
1 -25.931999 -5.501600 -0.000000 0.000000 1.000000 -1
1 -27.275101 -6.585240 0.836228 0.000000 1.000000 -1
1 -27.250500 -6.621510 -0.000000 0.000000 1.000000 -1
1 -27.275101 -6.585240 0.836228 0.000000 1.000000 -1
1 -25.931999 -5.501600 -0.000000 0.000000 1.000000 -1
1 -25.963900 -5.471460 0.836228 0.000000 1.000000 -1
1 -25.495001 -5.000000 -0.000000 0.000000 1.000000 -1
1 -25.963900 -5.471460 0.836228 0.000000 1.000000 -1
1 -25.931999 -5.501600 -0.000000 0.000000 1.000000 -1
1 -37.255501 -4.192770 -4.000000 0.000000 1.000000 -1
1 -37.421700 -5.000000 -2.459190 0.000000 1.000000 -1
1 -37.797001 -4.604440 -2.472140 0.000000 1.000000 -1
1 -37.608398 -5.000000 -2.135920 0.000000 1.000000 -1
1 -37.797001 -4.604440 -2.472140 0.000000 1.000000 -1
1 -37.421700 -5.000000 -2.459190 0.000000 1.000000 -1
1 -37.797001 -4.604440 -2.472140 0.000000 1.000000 -1
1 -37.608398 -5.000000 -2.135920 0.000000 1.000000 -1
1 -38.073898 -4.814870 -0.836228 0.000000 1.000000 -1
1 -37.839199 -5.000000 -0.826998 0.000000 1.000000 -1
1 -38.073898 -4.814870 -0.836228 0.000000 1.000000 -1
1 -37.608398 -5.000000 -2.135920 0.000000 1.000000 -1
1 -38.073898 -4.814870 -0.836228 0.000000 1.000000 -1
1 -37.839199 -5.000000 -0.826998 0.000000 1.000000 -1
1 -38.073898 -4.814870 0.836228 0.000000 1.000000 -1
1 -37.985001 -5.000000 -0.000000 0.000000 1.000000 -1
1 -38.073898 -4.814870 0.836228 0.000000 1.000000 -1
1 -37.839199 -5.000000 -0.826998 0.000000 1.000000 -1
1 -38.073898 -4.814870 0.836228 0.000000 1.000000 -1
1 -37.985001 -5.000000 -0.000000 0.000000 1.000000 -1
1 -36.890701 -6.063890 0.836228 0.000000 1.000000 -1
1 -36.919102 -6.097300 -0.000000 0.000000 1.000000 -1
1 -36.890701 -6.063890 0.836228 0.000000 1.000000 -1
1 -37.985001 -5.000000 -0.000000 0.000000 1.000000 -1
1 -36.890701 -6.063890 0.836228 0.000000 1.000000 -1
1 -36.919102 -6.097300 -0.000000 0.000000 1.000000 -1
1 -35.487301 -7.068100 -0.000000 0.000000 1.000000 -1
1 -36.035999 -5.000000 -4.423620 0.000000 1.000000 -1
1 -36.523899 -5.000000 -4.014210 0.000000 1.000000 -1
1 -37.255501 -4.192770 -4.000000 0.000000 1.000000 -1
1 -36.532501 -5.000000 -3.999320 0.000000 1.000000 -1
1 -37.255501 -4.192770 -4.000000 0.000000 1.000000 -1
1 -36.523899 -5.000000 -4.014210 0.000000 1.000000 -1
1 -37.255501 -4.192770 -4.000000 0.000000 1.000000 -1
1 -36.532501 -5.000000 -3.999320 0.000000 1.000000 -1
1 -37.421700 -5.000000 -2.459190 0.000000 1.000000 -1
1 -33.942600 -4.154520 -6.472140 0.000000 1.000000 -1
1 -34.429100 -5.000000 -5.566060 0.000000 1.000000 -1
1 -34.784199 -3.583900 -6.472140 0.000000 1.000000 -1
1 -32.016998 -5.000000 -6.150120 0.000000 1.000000 -1
1 -32.824402 -5.000000 -6.150120 0.000000 1.000000 -1
1 -32.998001 -4.530880 -6.472140 0.000000 1.000000 -1
1 -33.144901 -5.000000 -6.033490 0.000000 1.000000 -1
1 -32.998001 -4.530880 -6.472140 0.000000 1.000000 -1
1 -32.824402 -5.000000 -6.150120 0.000000 1.000000 -1
1 -32.998001 -4.530880 -6.472140 0.000000 1.000000 -1
1 -33.144901 -5.000000 -6.033490 0.000000 1.000000 -1
1 -34.429100 -5.000000 -5.566060 0.000000 1.000000 -1
1 -32.998001 -4.530880 -6.472140 0.000000 1.000000 -1
1 -31.994600 -4.695390 -6.472140 0.000000 1.000000 -1
1 -32.016998 -5.000000 -6.150120 0.000000 1.000000 -1
1 -30.979300 -4.640340 -6.472140 0.000000 1.000000 -1
1 -32.016998 -5.000000 -6.150120 0.000000 1.000000 -1
1 -31.994600 -4.695390 -6.472140 0.000000 1.000000 -1
1 -32.016998 -5.000000 -6.150120 0.000000 1.000000 -1
1 -30.979300 -4.640340 -6.472140 0.000000 1.000000 -1
1 -30.912300 -5.000000 -6.150120 0.000000 1.000000 -1
1 -30.912300 -5.000000 -6.150120 0.000000 1.000000 -1
1 -30.979300 -4.640340 -6.472140 0.000000 1.000000 -1
1 -30.655600 -5.000000 -6.150120 0.000000 1.000000 -1
1 -29.999500 -4.368310 -6.472140 0.000000 1.000000 -1
1 -30.655600 -5.000000 -6.150120 0.000000 1.000000 -1
1 -30.979300 -4.640340 -6.472140 0.000000 1.000000 -1
1 -30.655600 -5.000000 -6.150120 0.000000 1.000000 -1
1 -29.999500 -4.368310 -6.472140 0.000000 1.000000 -1
1 -29.704300 -5.000000 -5.803890 0.000000 1.000000 -1
1 -29.704300 -5.000000 -5.803890 0.000000 1.000000 -1
1 -29.999500 -4.368310 -6.472140 0.000000 1.000000 -1
1 -28.617500 -5.000000 -5.408330 0.000000 1.000000 -1
1 -29.101101 -3.892030 -6.472140 0.000000 1.000000 -1
1 -28.617500 -5.000000 -5.408330 0.000000 1.000000 -1
1 -29.999500 -4.368310 -6.472140 0.000000 1.000000 -1
1 -28.617500 -5.000000 -5.408330 0.000000 1.000000 -1
1 -29.101101 -3.892030 -6.472140 0.000000 1.000000 -1
1 -28.548599 -5.000000 -5.350500 0.000000 1.000000 -1
1 -26.434200 -5.000000 -3.110340 0.000000 1.000000 -1
1 -25.495001 -3.769290 -3.185690 0.000000 1.000000 -1
1 -26.058300 -5.000000 -2.459190 0.000000 1.000000 -1
1 -25.495001 -4.253710 -2.460710 0.000000 1.000000 -1
1 -26.058300 -5.000000 -2.459190 0.000000 1.000000 -1
1 -25.495001 -3.769290 -3.185690 0.000000 1.000000 -1
1 -26.058300 -5.000000 -2.459190 0.000000 1.000000 -1
1 -25.495001 -4.253710 -2.460710 0.000000 1.000000 -1
1 -25.871599 -5.000000 -2.135920 0.000000 1.000000 -1
1 -25.495001 -4.619400 -1.913420 0.000000 1.000000 -1
1 -25.871599 -5.000000 -2.135920 0.000000 1.000000 -1
1 -25.495001 -4.253710 -2.460710 0.000000 1.000000 -1
1 -25.871599 -5.000000 -2.135920 0.000000 1.000000 -1
1 -25.495001 -4.619400 -1.913420 0.000000 1.000000 -1
1 -25.640800 -5.000000 -0.826998 0.000000 1.000000 -1
1 -25.495001 -4.835010 -0.829485 0.000000 1.000000 -1
1 -25.640800 -5.000000 -0.826998 0.000000 1.000000 -1
1 -25.495001 -4.619400 -1.913420 0.000000 1.000000 -1
1 -25.640800 -5.000000 -0.826998 0.000000 1.000000 -1
1 -25.495001 -4.835010 -0.829485 0.000000 1.000000 -1
1 -25.495001 -5.000000 -0.000000 0.000000 1.000000 -1
1 -25.495001 -3.535530 -3.535530 0.000000 1.000000 -1
1 -25.495001 -3.769290 -3.185690 0.000000 1.000000 -1
1 -25.803499 -3.571860 -4.000000 0.000000 1.000000 -1
1 -26.434200 -5.000000 -3.110340 0.000000 1.000000 -1
1 -25.803499 -3.571860 -4.000000 0.000000 1.000000 -1
1 -25.495001 -3.769290 -3.185690 0.000000 1.000000 -1
1 -25.803499 -3.571860 -4.000000 0.000000 1.000000 -1
1 -26.434200 -5.000000 -3.110340 0.000000 1.000000 -1
1 -26.710199 -4.764520 -4.000000 0.000000 1.000000 -1
1 -26.947500 -5.000000 -3.999320 0.000000 1.000000 -1
1 -26.710199 -4.764520 -4.000000 0.000000 1.000000 -1
1 -26.434200 -5.000000 -3.110340 0.000000 1.000000 -1
1 -26.710199 -4.764520 -4.000000 0.000000 1.000000 -1
1 -26.947500 -5.000000 -3.999320 0.000000 1.000000 -1
1 -26.956100 -5.000000 -4.014210 0.000000 1.000000 -1
1 -25.495001 -0.686792 -4.863390 0.000000 1.000000 -1
1 -25.495001 -1.913420 -4.619400 0.000000 1.000000 -1
1 -26.106100 -1.898300 -5.353050 0.000000 1.000000 -1
1 -26.106100 -1.898300 -5.353050 0.000000 1.000000 -1
1 -25.829700 -0.642785 -5.353050 0.000000 1.000000 -1
1 -25.495001 -0.686792 -4.863390 0.000000 1.000000 -1
1 -25.832600 -0.000000 -5.312230 0.000000 1.000000 -1
1 -25.495001 -0.686792 -4.863390 0.000000 1.000000 -1
1 -25.829700 -0.642785 -5.353050 0.000000 1.000000 -1
1 -25.495001 -0.686792 -4.863390 0.000000 1.000000 -1
1 -25.832600 -0.000000 -5.312230 0.000000 1.000000 -1
1 -25.495001 -0.000000 -5.000000 0.000000 1.000000 -1
1 -31.441500 0.000000 -7.994430 0.000000 1.000000 -1
1 -30.086500 -0.179834 -7.825180 0.000000 1.000000 -1
1 -31.740000 0.000000 -8.000000 0.000000 1.000000 -1
1 -31.441500 0.000000 -7.994430 0.000000 1.000000 -1
1 -31.143400 0.000000 -7.977730 0.000000 1.000000 -1
1 -30.086500 -0.179834 -7.825180 0.000000 1.000000 -1
1 -30.550200 0.000000 -7.911030 0.000000 1.000000 -1
1 -30.086500 -0.179834 -7.825180 0.000000 1.000000 -1
1 -31.143400 0.000000 -7.977730 0.000000 1.000000 -1
1 -30.086500 -0.179834 -7.825180 0.000000 1.000000 -1
1 -30.550200 0.000000 -7.911030 0.000000 1.000000 -1
1 -30.081499 0.000000 -7.804280 0.000000 1.000000 -1
1 -37.985001 0.000000 -5.000000 0.000000 1.000000 -1
1 -38.506199 1.489360 -4.000000 0.000000 1.000000 -1
1 -37.839001 1.342490 -5.000000 0.000000 1.000000 -1
1 -38.027901 2.909080 -4.000000 0.000000 1.000000 -1
1 -37.839001 1.342490 -5.000000 0.000000 1.000000 -1
1 -38.506199 1.489360 -4.000000 0.000000 1.000000 -1
1 -37.839001 1.342490 -5.000000 0.000000 1.000000 -1
1 -38.027901 2.909080 -4.000000 0.000000 1.000000 -1
1 -37.407799 2.622210 -5.000000 0.000000 1.000000 -1
1 -37.255501 4.192770 -4.000000 0.000000 1.000000 -1
1 -37.407799 2.622210 -5.000000 0.000000 1.000000 -1
1 -38.027901 2.909080 -4.000000 0.000000 1.000000 -1
1 -37.407799 2.622210 -5.000000 0.000000 1.000000 -1
1 -37.255501 4.192770 -4.000000 0.000000 1.000000 -1
1 -36.711601 3.779310 -5.000000 0.000000 1.000000 -1
1 -36.225201 5.280410 -4.000000 0.000000 1.000000 -1
1 -36.711601 3.779310 -5.000000 0.000000 1.000000 -1
1 -37.255501 4.192770 -4.000000 0.000000 1.000000 -1
1 -36.711601 3.779310 -5.000000 0.000000 1.000000 -1
1 -36.225201 5.280410 -4.000000 0.000000 1.000000 -1
1 -35.782902 4.759700 -5.000000 0.000000 1.000000 -1
1 -34.985199 6.121150 -4.000000 0.000000 1.000000 -1
1 -35.782902 4.759700 -5.000000 0.000000 1.000000 -1
1 -36.225201 5.280410 -4.000000 0.000000 1.000000 -1
1 -35.782902 4.759700 -5.000000 0.000000 1.000000 -1
1 -34.985199 6.121150 -4.000000 0.000000 1.000000 -1
1 -34.665199 5.517530 -5.000000 0.000000 1.000000 -1
1 -33.593498 6.675670 -4.000000 0.000000 1.000000 -1
1 -34.665199 5.517530 -5.000000 0.000000 1.000000 -1
1 -34.985199 6.121150 -4.000000 0.000000 1.000000 -1
1 -34.665199 5.517530 -5.000000 0.000000 1.000000 -1
1 -33.593498 6.675670 -4.000000 0.000000 1.000000 -1
1 -33.410702 6.017370 -5.000000 0.000000 1.000000 -1
1 -32.115101 6.918040 -4.000000 0.000000 1.000000 -1
1 -33.410702 6.017370 -5.000000 0.000000 1.000000 -1
1 -33.593498 6.675670 -4.000000 0.000000 1.000000 -1
1 -33.410702 6.017370 -5.000000 0.000000 1.000000 -1
1 -32.115101 6.918040 -4.000000 0.000000 1.000000 -1
1 -32.078098 6.235840 -5.000000 0.000000 1.000000 -1
1 -30.619101 6.836930 -4.000000 0.000000 1.000000 -1
1 -32.078098 6.235840 -5.000000 0.000000 1.000000 -1
1 -32.115101 6.918040 -4.000000 0.000000 1.000000 -1
1 -32.078098 6.235840 -5.000000 0.000000 1.000000 -1
1 -30.619101 6.836930 -4.000000 0.000000 1.000000 -1
1 -30.729700 6.162730 -5.000000 0.000000 1.000000 -1
1 -29.175600 6.436140 -4.000000 0.000000 1.000000 -1
1 -30.729700 6.162730 -5.000000 0.000000 1.000000 -1
1 -30.619101 6.836930 -4.000000 0.000000 1.000000 -1
1 -30.729700 6.162730 -5.000000 0.000000 1.000000 -1
1 -29.175600 6.436140 -4.000000 0.000000 1.000000 -1
1 -29.428499 5.801460 -5.000000 0.000000 1.000000 -1
1 -27.851999 5.734400 -4.000000 0.000000 1.000000 -1
1 -29.428499 5.801460 -5.000000 0.000000 1.000000 -1
1 -29.175600 6.436140 -4.000000 0.000000 1.000000 -1
1 -29.428499 5.801460 -5.000000 0.000000 1.000000 -1
1 -27.851999 5.734400 -4.000000 0.000000 1.000000 -1
1 -28.235399 5.168920 -5.000000 0.000000 1.000000 -1
1 -26.710199 4.764520 -4.000000 0.000000 1.000000 -1
1 -28.235399 5.168920 -5.000000 0.000000 1.000000 -1
1 -27.851999 5.734400 -4.000000 0.000000 1.000000 -1
1 -28.235399 5.168920 -5.000000 0.000000 1.000000 -1
1 -26.710199 4.764520 -4.000000 0.000000 1.000000 -1
1 -27.206200 4.294680 -5.000000 0.000000 1.000000 -1
1 -25.803499 3.571860 -4.000000 0.000000 1.000000 -1
1 -27.206200 4.294680 -5.000000 0.000000 1.000000 -1
1 -26.710199 4.764520 -4.000000 0.000000 1.000000 -1
1 -27.206200 4.294680 -5.000000 0.000000 1.000000 -1
1 -25.803499 3.571860 -4.000000 0.000000 1.000000 -1
1 -26.388901 3.219630 -5.000000 0.000000 1.000000 -1
1 -25.495001 2.848440 -3.994640 0.000000 1.000000 -1
1 -25.495001 2.113500 -4.485710 0.000000 1.000000 -1
1 -25.821899 1.994040 -5.000000 0.000000 1.000000 -1
1 -25.495001 1.913420 -4.619400 0.000000 1.000000 -1
1 -25.821899 1.994040 -5.000000 0.000000 1.000000 -1
1 -25.495001 2.113500 -4.485710 0.000000 1.000000 -1
1 -25.821899 1.994040 -5.000000 0.000000 1.000000 -1
1 -25.495001 1.913420 -4.619400 0.000000 1.000000 -1
1 -25.531601 0.675203 -5.000000 0.000000 1.000000 -1
1 -25.495001 0.686792 -4.863390 0.000000 1.000000 -1
1 -25.531601 0.675203 -5.000000 0.000000 1.000000 -1
1 -25.495001 1.913420 -4.619400 0.000000 1.000000 -1
1 -25.531601 0.675203 -5.000000 0.000000 1.000000 -1
1 -25.495001 0.686792 -4.863390 0.000000 1.000000 -1
1 -25.495001 -0.000000 -5.000000 0.000000 1.000000 -1
1 -25.495001 3.769290 -3.185690 0.000000 1.000000 -1
1 -25.495001 3.535530 -3.535530 0.000000 1.000000 -1
1 -25.803499 3.571860 -4.000000 0.000000 1.000000 -1
1 -25.495001 2.848440 -3.994640 0.000000 1.000000 -1
1 -25.803499 3.571860 -4.000000 0.000000 1.000000 -1
1 -25.495001 3.535530 -3.535530 0.000000 1.000000 -1
1 -25.803499 3.571860 -4.000000 0.000000 1.000000 -1
1 -25.495001 2.848440 -3.994640 0.000000 1.000000 -1
1 -26.388901 3.219630 -5.000000 0.000000 1.000000 -1
1 -25.821899 1.994040 -5.000000 0.000000 1.000000 -1
1 -26.388901 3.219630 -5.000000 0.000000 1.000000 -1
1 -25.495001 2.848440 -3.994640 0.000000 1.000000 -1
1 -25.495001 4.619400 -1.913420 0.000000 1.000000 -1
1 -26.216299 5.232330 -2.472140 0.000000 1.000000 -1
1 -25.495001 4.835010 -0.829485 0.000000 1.000000 -1
1 -25.931999 5.501600 0.000000 0.000000 1.000000 -1
1 -27.275101 6.585240 -0.836228 0.000000 1.000000 -1
1 -27.250500 6.621510 0.000000 0.000000 1.000000 -1
1 -28.795099 7.391100 -0.836228 0.000000 1.000000 -1
1 -27.250500 6.621510 0.000000 0.000000 1.000000 -1
1 -27.275101 6.585240 -0.836228 0.000000 1.000000 -1
1 -27.250500 6.621510 0.000000 0.000000 1.000000 -1
1 -28.795099 7.391100 -0.836228 0.000000 1.000000 -1
1 -28.778900 7.431810 0.000000 0.000000 1.000000 -1
1 -30.452801 7.851360 -0.836228 0.000000 1.000000 -1
1 -28.778900 7.431810 0.000000 0.000000 1.000000 -1
1 -28.795099 7.391100 -0.836228 0.000000 1.000000 -1
1 -28.778900 7.431810 0.000000 0.000000 1.000000 -1
1 -30.452801 7.851360 -0.836228 0.000000 1.000000 -1
1 -30.445700 7.894610 0.000000 0.000000 1.000000 -1
1 -32.170700 7.944510 -0.836228 0.000000 1.000000 -1
1 -30.445700 7.894610 0.000000 0.000000 1.000000 -1
1 -30.452801 7.851360 -0.836228 0.000000 1.000000 -1
1 -30.445700 7.894610 0.000000 0.000000 1.000000 -1
1 -32.170700 7.944510 -0.836228 0.000000 1.000000 -1
1 -32.173100 7.988270 0.000000 0.000000 1.000000 -1
1 -33.868500 7.666170 -0.836228 0.000000 1.000000 -1
1 -32.173100 7.988270 0.000000 0.000000 1.000000 -1
1 -32.170700 7.944510 -0.836228 0.000000 1.000000 -1
1 -32.173100 7.988270 0.000000 0.000000 1.000000 -1
1 -33.868500 7.666170 -0.836228 0.000000 1.000000 -1
1 -33.880199 7.708400 0.000000 0.000000 1.000000 -1
1 -35.466702 7.029380 -0.836228 0.000000 1.000000 -1
1 -33.880199 7.708400 0.000000 0.000000 1.000000 -1
1 -33.868500 7.666170 -0.836228 0.000000 1.000000 -1
1 -33.880199 7.708400 0.000000 0.000000 1.000000 -1
1 -35.466702 7.029380 -0.836228 0.000000 1.000000 -1
1 -35.487301 7.068100 0.000000 0.000000 1.000000 -1
1 -36.890701 6.063890 -0.836228 0.000000 1.000000 -1
1 -35.487301 7.068100 0.000000 0.000000 1.000000 -1
1 -35.466702 7.029380 -0.836228 0.000000 1.000000 -1
1 -35.487301 7.068100 0.000000 0.000000 1.000000 -1
1 -36.890701 6.063890 -0.836228 0.000000 1.000000 -1
1 -36.919102 6.097300 0.000000 0.000000 1.000000 -1
1 -36.919102 6.097300 0.000000 0.000000 1.000000 -1
1 -36.890701 6.063890 -0.836228 0.000000 1.000000 -1
1 -37.985001 5.000000 0.000000 0.000000 1.000000 -1
1 -38.073898 4.814870 -0.836228 0.000000 1.000000 -1
1 -37.985001 5.000000 0.000000 0.000000 1.000000 -1
1 -36.890701 6.063890 -0.836228 0.000000 1.000000 -1
1 -37.985001 5.000000 0.000000 0.000000 1.000000 -1
1 -38.073898 4.814870 -0.836228 0.000000 1.000000 -1
1 -37.839199 5.000000 0.826998 0.000000 1.000000 -1
1 -38.073898 4.814870 0.836228 0.000000 1.000000 -1
1 -37.839199 5.000000 0.826998 0.000000 1.000000 -1
1 -38.073898 4.814870 -0.836228 0.000000 1.000000 -1
1 -37.839199 5.000000 0.826998 0.000000 1.000000 -1
1 -38.073898 4.814870 0.836228 0.000000 1.000000 -1
1 -37.608398 5.000000 2.135920 0.000000 1.000000 -1
1 -37.797001 4.604440 2.472140 0.000000 1.000000 -1
1 -37.608398 5.000000 2.135920 0.000000 1.000000 -1
1 -38.073898 4.814870 0.836228 0.000000 1.000000 -1
1 -37.608398 5.000000 2.135920 0.000000 1.000000 -1
1 -37.797001 4.604440 2.472140 0.000000 1.000000 -1
1 -37.421700 5.000000 2.459190 0.000000 1.000000 -1
1 -37.255501 4.192770 4.000000 0.000000 1.000000 -1
1 -37.421700 5.000000 2.459190 0.000000 1.000000 -1
1 -37.797001 4.604440 2.472140 0.000000 1.000000 -1
1 -37.421700 5.000000 2.459190 0.000000 1.000000 -1
1 -37.255501 4.192770 4.000000 0.000000 1.000000 -1
1 -36.532501 5.000000 3.999320 0.000000 1.000000 -1
1 -34.784199 3.583900 6.472140 0.000000 1.000000 -1
1 -34.862499 5.000000 5.408330 0.000000 1.000000 -1
1 -35.588799 4.531170 5.353050 0.000000 1.000000 -1
1 -34.931400 5.000000 5.350500 0.000000 1.000000 -1
1 -35.588799 4.531170 5.353050 0.000000 1.000000 -1
1 -34.862499 5.000000 5.408330 0.000000 1.000000 -1
1 -35.588799 4.531170 5.353050 0.000000 1.000000 -1
1 -34.931400 5.000000 5.350500 0.000000 1.000000 -1
1 -36.035999 5.000000 4.423620 0.000000 1.000000 -1
1 -32.824402 5.000000 6.150120 0.000000 1.000000 -1
1 -32.998001 4.530880 6.472140 0.000000 1.000000 -1
1 -32.016998 5.000000 6.150120 0.000000 1.000000 -1
1 -29.999500 4.368310 6.472140 0.000000 1.000000 -1
1 -29.704300 5.000000 5.803890 0.000000 1.000000 -1
1 -30.655600 5.000000 6.150120 0.000000 1.000000 -1
1 -26.434200 5.000000 3.110340 0.000000 1.000000 -1
1 -26.947500 5.000000 3.999320 0.000000 1.000000 -1
1 -26.710199 4.764520 4.000000 0.000000 1.000000 -1
1 -26.956100 5.000000 4.014210 0.000000 1.000000 -1
1 -26.710199 4.764520 4.000000 0.000000 1.000000 -1
1 -26.947500 5.000000 3.999320 0.000000 1.000000 -1
1 -26.710199 4.764520 4.000000 0.000000 1.000000 -1
1 -26.956100 5.000000 4.014210 0.000000 1.000000 -1
1 -28.322001 5.000000 5.160400 0.000000 1.000000 -1
1 -25.495001 3.535530 3.535530 0.000000 1.000000 -1
1 -25.495001 3.769290 3.185690 0.000000 1.000000 -1
1 -25.803499 3.571860 4.000000 0.000000 1.000000 -1
1 -25.495001 0.686792 4.863390 0.000000 1.000000 -1
1 -25.495001 1.913420 4.619400 0.000000 1.000000 -1
1 -26.106100 1.898300 5.353050 0.000000 1.000000 -1
1 -25.495001 2.113500 4.485710 0.000000 1.000000 -1
1 -26.106100 1.898300 5.353050 0.000000 1.000000 -1
1 -25.495001 1.913420 4.619400 0.000000 1.000000 -1
1 -26.106100 1.898300 5.353050 0.000000 1.000000 -1
1 -25.495001 2.113500 4.485710 0.000000 1.000000 -1
1 -25.495001 2.848440 3.994640 0.000000 1.000000 -1
1 -25.495001 -0.000000 5.000000 0.000000 1.000000 -1
1 -25.495001 0.686792 4.863390 0.000000 1.000000 -1
1 -25.832600 -0.000000 5.312230 0.000000 1.000000 -1
1 -25.829700 0.642785 5.353050 0.000000 1.000000 -1
1 -25.832600 -0.000000 5.312230 0.000000 1.000000 -1
1 -25.495001 0.686792 4.863390 0.000000 1.000000 -1
1 -25.832600 -0.000000 5.312230 0.000000 1.000000 -1
1 -25.829700 0.642785 5.353050 0.000000 1.000000 -1
1 -27.065300 0.508406 6.472140 0.000000 1.000000 -1
1 -28.505199 0.351808 7.308360 0.000000 1.000000 -1
1 -27.242001 -0.000000 6.615710 0.000000 1.000000 -1
1 -27.065300 0.508406 6.472140 0.000000 1.000000 -1
1 -27.060301 -0.000000 6.447710 0.000000 1.000000 -1
1 -27.065300 0.508406 6.472140 0.000000 1.000000 -1
1 -27.242001 -0.000000 6.615710 0.000000 1.000000 -1
1 -27.065300 0.508406 6.472140 0.000000 1.000000 -1
1 -27.060301 -0.000000 6.447710 0.000000 1.000000 -1
1 -25.832600 -0.000000 5.312230 0.000000 1.000000 -1
1 -30.086500 0.179834 7.825180 0.000000 1.000000 -1
1 -29.386900 -0.000000 7.646100 0.000000 1.000000 -1
1 -28.505199 0.351808 7.308360 0.000000 1.000000 -1
1 -28.523199 -0.000000 7.231190 0.000000 1.000000 -1
1 -28.505199 0.351808 7.308360 0.000000 1.000000 -1
1 -29.386900 -0.000000 7.646100 0.000000 1.000000 -1
1 -28.505199 0.351808 7.308360 0.000000 1.000000 -1
1 -28.523199 -0.000000 7.231190 0.000000 1.000000 -1
1 -27.242001 -0.000000 6.615710 0.000000 1.000000 -1
1 -31.740000 0.000000 8.000000 0.000000 1.000000 -1
1 -31.441500 -0.000000 7.994430 0.000000 1.000000 -1
1 -30.086500 0.179834 7.825180 0.000000 1.000000 -1
1 -31.143400 -0.000000 7.977730 0.000000 1.000000 -1
1 -30.086500 0.179834 7.825180 0.000000 1.000000 -1
1 -31.441500 -0.000000 7.994430 0.000000 1.000000 -1
1 -31.143400 -0.000000 7.977730 0.000000 1.000000 -1
1 -30.550200 -0.000000 7.911030 0.000000 1.000000 -1
1 -30.086500 0.179834 7.825180 0.000000 1.000000 -1
1 -30.081499 -0.000000 7.804280 0.000000 1.000000 -1
1 -30.086500 0.179834 7.825180 0.000000 1.000000 -1
1 -30.550200 -0.000000 7.911030 0.000000 1.000000 -1
1 -30.086500 0.179834 7.825180 0.000000 1.000000 -1
1 -30.081499 -0.000000 7.804280 0.000000 1.000000 -1
1 -29.386900 -0.000000 7.646100 0.000000 1.000000 -1
1 -38.506199 -1.489360 4.000000 0.000000 1.000000 -1
1 -37.839001 -1.342490 5.000000 0.000000 1.000000 -1
1 -37.985001 0.000000 5.000000 0.000000 1.000000 -1
1 -38.027901 -2.909080 4.000000 0.000000 1.000000 -1
1 -37.407799 -2.622210 5.000000 0.000000 1.000000 -1
1 -37.839001 -1.342490 5.000000 0.000000 1.000000 -1
1 -37.407799 -2.622210 5.000000 0.000000 1.000000 -1
1 -37.255501 -4.192770 4.000000 0.000000 1.000000 -1
1 -36.711601 -3.779310 5.000000 0.000000 1.000000 -1
1 -36.225201 -5.280410 4.000000 0.000000 1.000000 -1
1 -36.711601 -3.779310 5.000000 0.000000 1.000000 -1
1 -37.255501 -4.192770 4.000000 0.000000 1.000000 -1
1 -36.711601 -3.779310 5.000000 0.000000 1.000000 -1
1 -36.225201 -5.280410 4.000000 0.000000 1.000000 -1
1 -35.782902 -4.759700 5.000000 0.000000 1.000000 -1
1 -34.985199 -6.121150 4.000000 0.000000 1.000000 -1
1 -35.782902 -4.759700 5.000000 0.000000 1.000000 -1
1 -36.225201 -5.280410 4.000000 0.000000 1.000000 -1
1 -35.782902 -4.759700 5.000000 0.000000 1.000000 -1
1 -34.985199 -6.121150 4.000000 0.000000 1.000000 -1
1 -34.665199 -5.517530 5.000000 0.000000 1.000000 -1
1 -33.593498 -6.675670 4.000000 0.000000 1.000000 -1
1 -34.665199 -5.517530 5.000000 0.000000 1.000000 -1
1 -34.985199 -6.121150 4.000000 0.000000 1.000000 -1
1 -34.665199 -5.517530 5.000000 0.000000 1.000000 -1
1 -33.593498 -6.675670 4.000000 0.000000 1.000000 -1
1 -33.410702 -6.017370 5.000000 0.000000 1.000000 -1
1 -32.115101 -6.918040 4.000000 0.000000 1.000000 -1
1 -33.410702 -6.017370 5.000000 0.000000 1.000000 -1
1 -33.593498 -6.675670 4.000000 0.000000 1.000000 -1
1 -33.410702 -6.017370 5.000000 0.000000 1.000000 -1
1 -32.115101 -6.918040 4.000000 0.000000 1.000000 -1
1 -32.078098 -6.235840 5.000000 0.000000 1.000000 -1
1 -30.619101 -6.836930 4.000000 0.000000 1.000000 -1
1 -32.078098 -6.235840 5.000000 0.000000 1.000000 -1
1 -32.115101 -6.918040 4.000000 0.000000 1.000000 -1
1 -32.078098 -6.235840 5.000000 0.000000 1.000000 -1
1 -30.619101 -6.836930 4.000000 0.000000 1.000000 -1
1 -30.729700 -6.162730 5.000000 0.000000 1.000000 -1
1 -29.175600 -6.436140 4.000000 0.000000 1.000000 -1
1 -30.729700 -6.162730 5.000000 0.000000 1.000000 -1
1 -30.619101 -6.836930 4.000000 0.000000 1.000000 -1
1 -30.729700 -6.162730 5.000000 0.000000 1.000000 -1
1 -29.175600 -6.436140 4.000000 0.000000 1.000000 -1
1 -29.428499 -5.801460 5.000000 0.000000 1.000000 -1
1 -27.851999 -5.734400 4.000000 0.000000 1.000000 -1
1 -29.428499 -5.801460 5.000000 0.000000 1.000000 -1
1 -29.175600 -6.436140 4.000000 0.000000 1.000000 -1
1 -29.428499 -5.801460 5.000000 0.000000 1.000000 -1
1 -27.851999 -5.734400 4.000000 0.000000 1.000000 -1
1 -28.235399 -5.168920 5.000000 0.000000 1.000000 -1
1 -26.710199 -4.764520 4.000000 0.000000 1.000000 -1
1 -28.235399 -5.168920 5.000000 0.000000 1.000000 -1
1 -27.851999 -5.734400 4.000000 0.000000 1.000000 -1
1 -28.235399 -5.168920 5.000000 0.000000 1.000000 -1
1 -26.710199 -4.764520 4.000000 0.000000 1.000000 -1
1 -27.206200 -4.294680 5.000000 0.000000 1.000000 -1
1 -25.803499 -3.571860 4.000000 0.000000 1.000000 -1
1 -27.206200 -4.294680 5.000000 0.000000 1.000000 -1
1 -26.710199 -4.764520 4.000000 0.000000 1.000000 -1
1 -27.206200 -4.294680 5.000000 0.000000 1.000000 -1
1 -25.803499 -3.571860 4.000000 0.000000 1.000000 -1
1 -26.388901 -3.219630 5.000000 0.000000 1.000000 -1
1 -25.495001 -2.848440 3.994640 0.000000 1.000000 -1
1 -25.495001 -2.113500 4.485710 0.000000 1.000000 -1
1 -25.821899 -1.994040 5.000000 0.000000 1.000000 -1
1 -25.495001 -1.913420 4.619400 0.000000 1.000000 -1
1 -25.821899 -1.994040 5.000000 0.000000 1.000000 -1
1 -25.495001 -2.113500 4.485710 0.000000 1.000000 -1
1 -25.821899 -1.994040 5.000000 0.000000 1.000000 -1
1 -25.495001 -1.913420 4.619400 0.000000 1.000000 -1
1 -25.531601 -0.675203 5.000000 0.000000 1.000000 -1
1 -25.495001 -0.686792 4.863390 0.000000 1.000000 -1
1 -25.531601 -0.675203 5.000000 0.000000 1.000000 -1
1 -25.495001 -1.913420 4.619400 0.000000 1.000000 -1
1 -25.531601 -0.675203 5.000000 0.000000 1.000000 -1
1 -25.495001 -0.686792 4.863390 0.000000 1.000000 -1
1 -25.495001 -0.000000 5.000000 0.000000 1.000000 -1
1 -25.495001 -3.769290 3.185690 0.000000 1.000000 -1
1 -25.495001 -3.535530 3.535530 0.000000 1.000000 -1
1 -25.803499 -3.571860 4.000000 0.000000 1.000000 -1
1 -25.495001 -2.848440 3.994640 0.000000 1.000000 -1
1 -25.803499 -3.571860 4.000000 0.000000 1.000000 -1
1 -25.495001 -3.535530 3.535530 0.000000 1.000000 -1
1 -25.803499 -3.571860 4.000000 0.000000 1.000000 -1
1 -25.495001 -2.848440 3.994640 0.000000 1.000000 -1
1 -26.388901 -3.219630 5.000000 0.000000 1.000000 -1
1 -25.821899 -1.994040 5.000000 0.000000 1.000000 -1
1 -26.388901 -3.219630 5.000000 0.000000 1.000000 -1
1 -25.495001 -2.848440 3.994640 0.000000 1.000000 -1
1 -25.495001 -4.619400 1.913420 0.000000 1.000000 -1
1 -26.216299 -5.232330 2.472140 0.000000 1.000000 -1
1 -25.495001 -4.835010 0.829485 0.000000 1.000000 -1
1 -34.917801 0.699491 7.308360 0.000000 1.000000 -1
1 -34.093102 0.000000 7.646100 0.000000 1.000000 -1
1 -33.364399 0.357559 7.825180 0.000000 1.000000 -1
1 -33.392200 0.000000 7.751510 0.000000 1.000000 -1
1 -33.364399 0.357559 7.825180 0.000000 1.000000 -1
1 -34.093102 0.000000 7.646100 0.000000 1.000000 -1
1 -33.364399 0.357559 7.825180 0.000000 1.000000 -1
1 -33.392200 0.000000 7.751510 0.000000 1.000000 -1
1 -31.740000 0.000000 8.000000 0.000000 1.000000 -1
1 -31.994600 4.695390 6.472140 0.000000 1.000000 -1
1 -32.610500 3.135290 7.308360 0.000000 1.000000 -1
1 -31.916201 3.249120 7.308360 0.000000 1.000000 -1
1 -32.185001 1.602670 7.825180 0.000000 1.000000 -1
1 -31.916201 3.249120 7.308360 0.000000 1.000000 -1
1 -32.610500 3.135290 7.308360 0.000000 1.000000 -1
1 -31.916201 3.249120 7.308360 0.000000 1.000000 -1
1 -32.185001 1.602670 7.825180 0.000000 1.000000 -1
1 -31.830000 1.660850 7.825180 0.000000 1.000000 -1
1 -31.740000 0.000000 8.000000 0.000000 1.000000 -1
1 -31.830000 1.660850 7.825180 0.000000 1.000000 -1
1 -32.185001 1.602670 7.825180 0.000000 1.000000 -1
1 -37.546200 1.278030 5.353050 0.000000 1.000000 -1
1 -36.419701 0.000000 6.447710 0.000000 1.000000 -1
1 -36.332298 1.010850 6.472140 0.000000 1.000000 -1
1 -36.237999 0.000000 6.615710 0.000000 1.000000 -1
1 -36.332298 1.010850 6.472140 0.000000 1.000000 -1
1 -36.419701 0.000000 6.447710 0.000000 1.000000 -1
1 -36.332298 1.010850 6.472140 0.000000 1.000000 -1
1 -36.237999 0.000000 6.615710 0.000000 1.000000 -1
1 -34.917801 0.699491 7.308360 0.000000 1.000000 -1
1 -34.956799 0.000000 7.231190 0.000000 1.000000 -1
1 -34.917801 0.699491 7.308360 0.000000 1.000000 -1
1 -36.237999 0.000000 6.615710 0.000000 1.000000 -1
1 -34.917801 0.699491 7.308360 0.000000 1.000000 -1
1 -34.956799 0.000000 7.231190 0.000000 1.000000 -1
1 -34.093102 0.000000 7.646100 0.000000 1.000000 -1
1 -33.846500 2.479990 7.308360 0.000000 1.000000 -1
1 -33.942600 4.154520 6.472140 0.000000 1.000000 -1
1 -34.784199 3.583900 6.472140 0.000000 1.000000 -1
1 -34.429100 5.000000 5.566060 0.000000 1.000000 -1
1 -34.784199 3.583900 6.472140 0.000000 1.000000 -1
1 -33.942600 4.154520 6.472140 0.000000 1.000000 -1
1 -34.784199 3.583900 6.472140 0.000000 1.000000 -1
1 -34.429100 5.000000 5.566060 0.000000 1.000000 -1
1 -34.862499 5.000000 5.408330 0.000000 1.000000 -1
1 -31.740000 0.000000 8.000000 0.000000 1.000000 -1
1 -31.470900 1.641380 7.825180 0.000000 1.000000 -1
1 -31.830000 1.660850 7.825180 0.000000 1.000000 -1
1 -31.213600 3.211030 7.308360 0.000000 1.000000 -1
1 -31.830000 1.660850 7.825180 0.000000 1.000000 -1
1 -31.470900 1.641380 7.825180 0.000000 1.000000 -1
1 -31.830000 1.660850 7.825180 0.000000 1.000000 -1
1 -31.213600 3.211030 7.308360 0.000000 1.000000 -1
1 -31.916201 3.249120 7.308360 0.000000 1.000000 -1
1 -30.979300 4.640340 6.472140 0.000000 1.000000 -1
1 -31.916201 3.249120 7.308360 0.000000 1.000000 -1
1 -31.213600 3.211030 7.308360 0.000000 1.000000 -1
1 -31.916201 3.249120 7.308360 0.000000 1.000000 -1
1 -30.979300 4.640340 6.472140 0.000000 1.000000 -1
1 -31.994600 4.695390 6.472140 0.000000 1.000000 -1
1 -31.740000 0.000000 8.000000 0.000000 1.000000 -1
1 -30.806601 1.376690 7.825180 0.000000 1.000000 -1
1 -31.124399 1.545160 7.825180 0.000000 1.000000 -1
1 -29.914000 2.693210 7.308360 0.000000 1.000000 -1
1 -31.124399 1.545160 7.825180 0.000000 1.000000 -1
1 -30.806601 1.376690 7.825180 0.000000 1.000000 -1
1 -31.124399 1.545160 7.825180 0.000000 1.000000 -1
1 -29.914000 2.693210 7.308360 0.000000 1.000000 -1
1 -30.535601 3.022790 7.308360 0.000000 1.000000 -1
1 -29.101101 3.892030 6.472140 0.000000 1.000000 -1
1 -30.535601 3.022790 7.308360 0.000000 1.000000 -1
1 -29.914000 2.693210 7.308360 0.000000 1.000000 -1
1 -30.535601 3.022790 7.308360 0.000000 1.000000 -1
1 -29.101101 3.892030 6.472140 0.000000 1.000000 -1
1 -29.999500 4.368310 6.472140 0.000000 1.000000 -1
1 -25.495001 0.686792 4.863390 0.000000 1.000000 -1
1 -26.106100 1.898300 5.353050 0.000000 1.000000 -1
1 -25.829700 0.642785 5.353050 0.000000 1.000000 -1
1 -27.283899 1.501450 6.472140 0.000000 1.000000 -1
1 -25.829700 0.642785 5.353050 0.000000 1.000000 -1
1 -26.106100 1.898300 5.353050 0.000000 1.000000 -1
1 -25.829700 0.642785 5.353050 0.000000 1.000000 -1
1 -27.283899 1.501450 6.472140 0.000000 1.000000 -1
1 -27.065300 0.508406 6.472140 0.000000 1.000000 -1
1 -28.656401 1.038970 7.308360 0.000000 1.000000 -1
1 -27.065300 0.508406 6.472140 0.000000 1.000000 -1
1 -27.283899 1.501450 6.472140 0.000000 1.000000 -1
1 -27.065300 0.508406 6.472140 0.000000 1.000000 -1
1 -28.656401 1.038970 7.308360 0.000000 1.000000 -1
1 -28.505199 0.351808 7.308360 0.000000 1.000000 -1
1 -30.163799 0.531092 7.825180 0.000000 1.000000 -1
1 -28.505199 0.351808 7.308360 0.000000 1.000000 -1
1 -28.656401 1.038970 7.308360 0.000000 1.000000 -1
1 -28.505199 0.351808 7.308360 0.000000 1.000000 -1
1 -30.163799 0.531092 7.825180 0.000000 1.000000 -1
1 -30.086500 0.179834 7.825180 0.000000 1.000000 -1
1 -31.740000 0.000000 8.000000 0.000000 1.000000 -1
1 -30.086500 0.179834 7.825180 0.000000 1.000000 -1
1 -30.163799 0.531092 7.825180 0.000000 1.000000 -1
1 -33.064098 1.006580 7.825180 0.000000 1.000000 -1
1 -33.846500 2.479990 7.308360 0.000000 1.000000 -1
1 -34.330399 1.969170 7.308360 0.000000 1.000000 -1
1 -34.784199 3.583900 6.472140 0.000000 1.000000 -1
1 -34.330399 1.969170 7.308360 0.000000 1.000000 -1
1 -33.846500 2.479990 7.308360 0.000000 1.000000 -1
1 -34.330399 1.969170 7.308360 0.000000 1.000000 -1
1 -34.784199 3.583900 6.472140 0.000000 1.000000 -1
1 -35.483501 2.845700 6.472140 0.000000 1.000000 -1
1 -35.588799 4.531170 5.353050 0.000000 1.000000 -1
1 -35.483501 2.845700 6.472140 0.000000 1.000000 -1
1 -34.784199 3.583900 6.472140 0.000000 1.000000 -1
1 -35.483501 2.845700 6.472140 0.000000 1.000000 -1
1 -35.588799 4.531170 5.353050 0.000000 1.000000 -1
1 -36.472900 3.597860 5.353050 0.000000 1.000000 -1
1 -36.035999 5.000000 4.423620 0.000000 1.000000 -1
1 -36.472900 3.597860 5.353050 0.000000 1.000000 -1
1 -35.588799 4.531170 5.353050 0.000000 1.000000 -1
1 -36.472900 3.597860 5.353050 0.000000 1.000000 -1
1 -36.035999 5.000000 4.423620 0.000000 1.000000 -1
1 -37.255501 4.192770 4.000000 0.000000 1.000000 -1
1 -36.523899 5.000000 4.014210 0.000000 1.000000 -1
1 -37.255501 4.192770 4.000000 0.000000 1.000000 -1
1 -36.035999 5.000000 4.423620 0.000000 1.000000 -1
1 -37.255501 4.192770 4.000000 0.000000 1.000000 -1
1 -36.523899 5.000000 4.014210 0.000000 1.000000 -1
1 -36.532501 5.000000 3.999320 0.000000 1.000000 -1
1 -31.740000 0.000000 8.000000 0.000000 1.000000 -1
1 -30.532499 1.143850 7.825180 0.000000 1.000000 -1
1 -30.806601 1.376690 7.825180 0.000000 1.000000 -1
1 -29.377701 2.237700 7.308360 0.000000 1.000000 -1
1 -30.806601 1.376690 7.825180 0.000000 1.000000 -1
1 -30.532499 1.143850 7.825180 0.000000 1.000000 -1
1 -30.806601 1.376690 7.825180 0.000000 1.000000 -1
1 -29.377701 2.237700 7.308360 0.000000 1.000000 -1
1 -29.914000 2.693210 7.308360 0.000000 1.000000 -1
1 -28.326200 3.233760 6.472140 0.000000 1.000000 -1
1 -29.914000 2.693210 7.308360 0.000000 1.000000 -1
1 -29.377701 2.237700 7.308360 0.000000 1.000000 -1
1 -29.914000 2.693210 7.308360 0.000000 1.000000 -1
1 -28.326200 3.233760 6.472140 0.000000 1.000000 -1
1 -29.101101 3.892030 6.472140 0.000000 1.000000 -1
1 -27.423800 4.088480 5.353050 0.000000 1.000000 -1
1 -29.101101 3.892030 6.472140 0.000000 1.000000 -1
1 -28.326200 3.233760 6.472140 0.000000 1.000000 -1
1 -29.101101 3.892030 6.472140 0.000000 1.000000 -1
1 -27.423800 4.088480 5.353050 0.000000 1.000000 -1
1 -28.403700 4.920740 5.353050 0.000000 1.000000 -1
1 -25.803499 3.571860 4.000000 0.000000 1.000000 -1
1 -27.423800 4.088480 5.353050 0.000000 1.000000 -1
1 -26.645800 3.065050 5.353050 0.000000 1.000000 -1
1 -28.326200 3.233760 6.472140 0.000000 1.000000 -1
1 -26.645800 3.065050 5.353050 0.000000 1.000000 -1
1 -27.423800 4.088480 5.353050 0.000000 1.000000 -1
1 -26.645800 3.065050 5.353050 0.000000 1.000000 -1
1 -28.326200 3.233760 6.472140 0.000000 1.000000 -1
1 -27.710800 2.424280 6.472140 0.000000 1.000000 -1
1 -29.377701 2.237700 7.308360 0.000000 1.000000 -1
1 -27.710800 2.424280 6.472140 0.000000 1.000000 -1
1 -28.326200 3.233760 6.472140 0.000000 1.000000 -1
1 -27.710800 2.424280 6.472140 0.000000 1.000000 -1
1 -29.377701 2.237700 7.308360 0.000000 1.000000 -1
1 -28.951900 1.677560 7.308360 0.000000 1.000000 -1
1 -30.532499 1.143850 7.825180 0.000000 1.000000 -1
1 -28.951900 1.677560 7.308360 0.000000 1.000000 -1
1 -29.377701 2.237700 7.308360 0.000000 1.000000 -1
1 -28.951900 1.677560 7.308360 0.000000 1.000000 -1
1 -30.532499 1.143850 7.825180 0.000000 1.000000 -1
1 -30.314800 0.857517 7.825180 0.000000 1.000000 -1
1 -31.740000 0.000000 8.000000 0.000000 1.000000 -1
1 -30.314800 0.857517 7.825180 0.000000 1.000000 -1
1 -30.532499 1.143850 7.825180 0.000000 1.000000 -1
1 -25.495001 3.535530 3.535530 0.000000 1.000000 -1
1 -25.803499 3.571860 4.000000 0.000000 1.000000 -1
1 -25.495001 2.848440 3.994640 0.000000 1.000000 -1
1 -26.645800 3.065050 5.353050 0.000000 1.000000 -1
1 -25.495001 2.848440 3.994640 0.000000 1.000000 -1
1 -25.803499 3.571860 4.000000 0.000000 1.000000 -1
1 -25.495001 2.848440 3.994640 0.000000 1.000000 -1
1 -26.645800 3.065050 5.353050 0.000000 1.000000 -1
1 -26.106100 1.898300 5.353050 0.000000 1.000000 -1
1 -27.710800 2.424280 6.472140 0.000000 1.000000 -1
1 -26.106100 1.898300 5.353050 0.000000 1.000000 -1
1 -26.645800 3.065050 5.353050 0.000000 1.000000 -1
1 -26.106100 1.898300 5.353050 0.000000 1.000000 -1
1 -27.710800 2.424280 6.472140 0.000000 1.000000 -1
1 -27.283899 1.501450 6.472140 0.000000 1.000000 -1
1 -28.951900 1.677560 7.308360 0.000000 1.000000 -1
1 -27.283899 1.501450 6.472140 0.000000 1.000000 -1
1 -27.710800 2.424280 6.472140 0.000000 1.000000 -1
1 -27.283899 1.501450 6.472140 0.000000 1.000000 -1
1 -28.951900 1.677560 7.308360 0.000000 1.000000 -1
1 -28.656401 1.038970 7.308360 0.000000 1.000000 -1
1 -30.314800 0.857517 7.825180 0.000000 1.000000 -1
1 -28.656401 1.038970 7.308360 0.000000 1.000000 -1
1 -28.951900 1.677560 7.308360 0.000000 1.000000 -1
1 -28.656401 1.038970 7.308360 0.000000 1.000000 -1
1 -30.314800 0.857517 7.825180 0.000000 1.000000 -1
1 -30.163799 0.531092 7.825180 0.000000 1.000000 -1
1 -31.740000 0.000000 8.000000 0.000000 1.000000 -1
1 -30.163799 0.531092 7.825180 0.000000 1.000000 -1
1 -30.314800 0.857517 7.825180 0.000000 1.000000 -1
1 -30.655600 5.000000 6.150120 0.000000 1.000000 -1
1 -30.979300 4.640340 6.472140 0.000000 1.000000 -1
1 -29.999500 4.368310 6.472140 0.000000 1.000000 -1
1 -31.213600 3.211030 7.308360 0.000000 1.000000 -1
1 -29.999500 4.368310 6.472140 0.000000 1.000000 -1
1 -30.979300 4.640340 6.472140 0.000000 1.000000 -1
1 -29.999500 4.368310 6.472140 0.000000 1.000000 -1
1 -31.213600 3.211030 7.308360 0.000000 1.000000 -1
1 -30.535601 3.022790 7.308360 0.000000 1.000000 -1
1 -31.470900 1.641380 7.825180 0.000000 1.000000 -1
1 -30.535601 3.022790 7.308360 0.000000 1.000000 -1
1 -31.213600 3.211030 7.308360 0.000000 1.000000 -1
1 -30.535601 3.022790 7.308360 0.000000 1.000000 -1
1 -31.470900 1.641380 7.825180 0.000000 1.000000 -1
1 -31.124399 1.545160 7.825180 0.000000 1.000000 -1
1 -31.740000 0.000000 8.000000 0.000000 1.000000 -1
1 -31.124399 1.545160 7.825180 0.000000 1.000000 -1
1 -31.470900 1.641380 7.825180 0.000000 1.000000 -1
1 -29.704300 5.000000 5.803890 0.000000 1.000000 -1
1 -29.999500 4.368310 6.472140 0.000000 1.000000 -1
1 -28.617500 5.000000 5.408330 0.000000 1.000000 -1
1 -29.101101 3.892030 6.472140 0.000000 1.000000 -1
1 -28.617500 5.000000 5.408330 0.000000 1.000000 -1
1 -29.999500 4.368310 6.472140 0.000000 1.000000 -1
1 -28.617500 5.000000 5.408330 0.000000 1.000000 -1
1 -29.101101 3.892030 6.472140 0.000000 1.000000 -1
1 -28.548599 5.000000 5.350500 0.000000 1.000000 -1
1 -28.403700 4.920740 5.353050 0.000000 1.000000 -1
1 -28.548599 5.000000 5.350500 0.000000 1.000000 -1
1 -29.101101 3.892030 6.472140 0.000000 1.000000 -1
1 -28.548599 5.000000 5.350500 0.000000 1.000000 -1
1 -28.403700 4.920740 5.353050 0.000000 1.000000 -1
1 -28.322001 5.000000 5.160400 0.000000 1.000000 -1
1 -27.423800 4.088480 5.353050 0.000000 1.000000 -1
1 -28.322001 5.000000 5.160400 0.000000 1.000000 -1
1 -28.403700 4.920740 5.353050 0.000000 1.000000 -1
1 -28.322001 5.000000 5.160400 0.000000 1.000000 -1
1 -27.423800 4.088480 5.353050 0.000000 1.000000 -1
1 -26.710199 4.764520 4.000000 0.000000 1.000000 -1
1 -25.803499 3.571860 4.000000 0.000000 1.000000 -1
1 -26.710199 4.764520 4.000000 0.000000 1.000000 -1
1 -27.423800 4.088480 5.353050 0.000000 1.000000 -1
1 -26.710199 4.764520 4.000000 0.000000 1.000000 -1
1 -25.803499 3.571860 4.000000 0.000000 1.000000 -1
1 -26.434200 5.000000 3.110340 0.000000 1.000000 -1
1 -25.495001 3.769290 3.185690 0.000000 1.000000 -1
1 -26.434200 5.000000 3.110340 0.000000 1.000000 -1
1 -25.803499 3.571860 4.000000 0.000000 1.000000 -1
1 -26.434200 5.000000 3.110340 0.000000 1.000000 -1
1 -25.495001 3.769290 3.185690 0.000000 1.000000 -1
1 -26.058300 5.000000 2.459190 0.000000 1.000000 -1
1 -25.495001 4.253710 2.460710 0.000000 1.000000 -1
1 -26.058300 5.000000 2.459190 0.000000 1.000000 -1
1 -25.495001 3.769290 3.185690 0.000000 1.000000 -1
1 -26.058300 5.000000 2.459190 0.000000 1.000000 -1
1 -25.495001 4.253710 2.460710 0.000000 1.000000 -1
1 -25.871599 5.000000 2.135920 0.000000 1.000000 -1
1 -25.495001 4.619400 1.913420 0.000000 1.000000 -1
1 -25.871599 5.000000 2.135920 0.000000 1.000000 -1
1 -25.495001 4.253710 2.460710 0.000000 1.000000 -1
1 -25.871599 5.000000 2.135920 0.000000 1.000000 -1
1 -25.495001 4.619400 1.913420 0.000000 1.000000 -1
1 -25.640800 5.000000 0.826998 0.000000 1.000000 -1
1 -25.495001 4.835010 0.829485 0.000000 1.000000 -1
1 -25.640800 5.000000 0.826998 0.000000 1.000000 -1
1 -25.495001 4.619400 1.913420 0.000000 1.000000 -1
1 -25.640800 5.000000 0.826998 0.000000 1.000000 -1
1 -25.495001 4.835010 0.829485 0.000000 1.000000 -1
1 -25.495001 5.000000 0.000000 0.000000 1.000000 -1
1 -37.255501 -4.192770 4.000000 0.000000 1.000000 -1
1 -37.797001 -4.604440 2.472140 0.000000 1.000000 -1
1 -36.225201 -5.280410 4.000000 0.000000 1.000000 -1
1 -36.665600 -5.798870 2.472140 0.000000 1.000000 -1
1 -36.225201 -5.280410 4.000000 0.000000 1.000000 -1
1 -37.797001 -4.604440 2.472140 0.000000 1.000000 -1
1 -36.225201 -5.280410 4.000000 0.000000 1.000000 -1
1 -36.665600 -5.798870 2.472140 0.000000 1.000000 -1
1 -34.985199 -6.121150 4.000000 0.000000 1.000000 -1
1 -35.303902 -6.722160 2.472140 0.000000 1.000000 -1
1 -34.985199 -6.121150 4.000000 0.000000 1.000000 -1
1 -36.665600 -5.798870 2.472140 0.000000 1.000000 -1
1 -34.985199 -6.121150 4.000000 0.000000 1.000000 -1
1 -35.303902 -6.722160 2.472140 0.000000 1.000000 -1
1 -33.593498 -6.675670 4.000000 0.000000 1.000000 -1
1 -33.775501 -7.331120 2.472140 0.000000 1.000000 -1
1 -33.593498 -6.675670 4.000000 0.000000 1.000000 -1
1 -35.303902 -6.722160 2.472140 0.000000 1.000000 -1
1 -33.593498 -6.675670 4.000000 0.000000 1.000000 -1
1 -33.775501 -7.331120 2.472140 0.000000 1.000000 -1
1 -32.115101 -6.918040 4.000000 0.000000 1.000000 -1
1 -32.151901 -7.597290 2.472140 0.000000 1.000000 -1
1 -32.115101 -6.918040 4.000000 0.000000 1.000000 -1
1 -33.775501 -7.331120 2.472140 0.000000 1.000000 -1
1 -32.115101 -6.918040 4.000000 0.000000 1.000000 -1
1 -32.151901 -7.597290 2.472140 0.000000 1.000000 -1
1 -30.619101 -6.836930 4.000000 0.000000 1.000000 -1
1 -30.509100 -7.508220 2.472140 0.000000 1.000000 -1
1 -30.619101 -6.836930 4.000000 0.000000 1.000000 -1
1 -32.151901 -7.597290 2.472140 0.000000 1.000000 -1
1 -30.619101 -6.836930 4.000000 0.000000 1.000000 -1
1 -30.509100 -7.508220 2.472140 0.000000 1.000000 -1
1 -29.175600 -6.436140 4.000000 0.000000 1.000000 -1
1 -28.923800 -7.068070 2.472140 0.000000 1.000000 -1
1 -29.175600 -6.436140 4.000000 0.000000 1.000000 -1
1 -30.509100 -7.508220 2.472140 0.000000 1.000000 -1
1 -29.175600 -6.436140 4.000000 0.000000 1.000000 -1
1 -28.923800 -7.068070 2.472140 0.000000 1.000000 -1
1 -27.851999 -5.734400 4.000000 0.000000 1.000000 -1
1 -27.470200 -6.297430 2.472140 0.000000 1.000000 -1
1 -27.851999 -5.734400 4.000000 0.000000 1.000000 -1
1 -28.923800 -7.068070 2.472140 0.000000 1.000000 -1
1 -27.851999 -5.734400 4.000000 0.000000 1.000000 -1
1 -27.470200 -6.297430 2.472140 0.000000 1.000000 -1
1 -26.710199 -4.764520 4.000000 0.000000 1.000000 -1
1 -26.216299 -5.232330 2.472140 0.000000 1.000000 -1
1 -26.710199 -4.764520 4.000000 0.000000 1.000000 -1
1 -27.470200 -6.297430 2.472140 0.000000 1.000000 -1
1 -26.710199 -4.764520 4.000000 0.000000 1.000000 -1
1 -26.216299 -5.232330 2.472140 0.000000 1.000000 -1
1 -25.495001 -3.769290 3.185690 0.000000 1.000000 -1
1 -25.495001 -4.253710 2.460710 0.000000 1.000000 -1
1 -25.495001 -3.769290 3.185690 0.000000 1.000000 -1
1 -26.216299 -5.232330 2.472140 0.000000 1.000000 -1
1 -31.740000 0.000000 8.000000 0.000000 1.000000 -1
1 -33.249599 0.698399 7.825180 0.000000 1.000000 -1
1 -33.364399 0.357559 7.825180 0.000000 1.000000 -1
1 -34.693199 1.366270 7.308360 0.000000 1.000000 -1
1 -33.364399 0.357559 7.825180 0.000000 1.000000 -1
1 -33.249599 0.698399 7.825180 0.000000 1.000000 -1
1 -33.364399 0.357559 7.825180 0.000000 1.000000 -1
1 -34.693199 1.366270 7.308360 0.000000 1.000000 -1
1 -34.917801 0.699491 7.308360 0.000000 1.000000 -1
1 -36.007702 1.974440 6.472140 0.000000 1.000000 -1
1 -34.917801 0.699491 7.308360 0.000000 1.000000 -1
1 -34.693199 1.366270 7.308360 0.000000 1.000000 -1
1 -34.917801 0.699491 7.308360 0.000000 1.000000 -1
1 -36.007702 1.974440 6.472140 0.000000 1.000000 -1
1 -36.332298 1.010850 6.472140 0.000000 1.000000 -1
1 -37.135700 2.496310 5.353050 0.000000 1.000000 -1
1 -36.332298 1.010850 6.472140 0.000000 1.000000 -1
1 -36.007702 1.974440 6.472140 0.000000 1.000000 -1
1 -36.332298 1.010850 6.472140 0.000000 1.000000 -1
1 -37.135700 2.496310 5.353050 0.000000 1.000000 -1
1 -37.546200 1.278030 5.353050 0.000000 1.000000 -1
1 -38.027901 2.909080 4.000000 0.000000 1.000000 -1
1 -37.546200 1.278030 5.353050 0.000000 1.000000 -1
1 -37.135700 2.496310 5.353050 0.000000 1.000000 -1
1 -37.546200 1.278030 5.353050 0.000000 1.000000 -1
1 -38.027901 2.909080 4.000000 0.000000 1.000000 -1
1 -38.506199 1.489360 4.000000 0.000000 1.000000 -1
1 -38.645199 3.194710 2.472140 0.000000 1.000000 -1
1 -38.506199 1.489360 4.000000 0.000000 1.000000 -1
1 -38.027901 2.909080 4.000000 0.000000 1.000000 -1
1 -38.506199 1.489360 4.000000 0.000000 1.000000 -1
1 -38.645199 3.194710 2.472140 0.000000 1.000000 -1
1 -39.170601 1.635590 2.472140 0.000000 1.000000 -1
1 -38.960800 3.340710 0.836228 0.000000 1.000000 -1
1 -39.170601 1.635590 2.472140 0.000000 1.000000 -1
1 -38.645199 3.194710 2.472140 0.000000 1.000000 -1
1 -39.170601 1.635590 2.472140 0.000000 1.000000 -1
1 -38.960800 3.340710 0.836228 0.000000 1.000000 -1
1 -39.510201 1.710340 0.836228 0.000000 1.000000 -1
1 -38.960800 3.340710 -0.836228 0.000000 1.000000 -1
1 -39.510201 1.710340 0.836228 0.000000 1.000000 -1
1 -38.960800 3.340710 0.836228 0.000000 1.000000 -1
1 -39.510201 1.710340 0.836228 0.000000 1.000000 -1
1 -38.960800 3.340710 -0.836228 0.000000 1.000000 -1
1 -39.510201 1.710340 -0.836228 0.000000 1.000000 -1
1 -31.740000 0.000000 8.000000 0.000000 1.000000 -1
1 -33.064098 1.006580 7.825180 0.000000 1.000000 -1
1 -33.249599 0.698399 7.825180 0.000000 1.000000 -1
1 -34.330399 1.969170 7.308360 0.000000 1.000000 -1
1 -33.249599 0.698399 7.825180 0.000000 1.000000 -1
1 -33.064098 1.006580 7.825180 0.000000 1.000000 -1
1 -33.249599 0.698399 7.825180 0.000000 1.000000 -1
1 -34.330399 1.969170 7.308360 0.000000 1.000000 -1
1 -34.693199 1.366270 7.308360 0.000000 1.000000 -1
1 -35.483501 2.845700 6.472140 0.000000 1.000000 -1
1 -34.693199 1.366270 7.308360 0.000000 1.000000 -1
1 -34.330399 1.969170 7.308360 0.000000 1.000000 -1
1 -34.693199 1.366270 7.308360 0.000000 1.000000 -1
1 -35.483501 2.845700 6.472140 0.000000 1.000000 -1
1 -36.007702 1.974440 6.472140 0.000000 1.000000 -1
1 -36.472900 3.597860 5.353050 0.000000 1.000000 -1
1 -36.007702 1.974440 6.472140 0.000000 1.000000 -1
1 -35.483501 2.845700 6.472140 0.000000 1.000000 -1
1 -36.007702 1.974440 6.472140 0.000000 1.000000 -1
1 -36.472900 3.597860 5.353050 0.000000 1.000000 -1
1 -37.135700 2.496310 5.353050 0.000000 1.000000 -1
1 -37.255501 4.192770 4.000000 0.000000 1.000000 -1
1 -37.135700 2.496310 5.353050 0.000000 1.000000 -1
1 -36.472900 3.597860 5.353050 0.000000 1.000000 -1
1 -37.135700 2.496310 5.353050 0.000000 1.000000 -1
1 -37.255501 4.192770 4.000000 0.000000 1.000000 -1
1 -38.027901 2.909080 4.000000 0.000000 1.000000 -1
1 -37.797001 4.604440 2.472140 0.000000 1.000000 -1
1 -38.027901 2.909080 4.000000 0.000000 1.000000 -1
1 -37.255501 4.192770 4.000000 0.000000 1.000000 -1
1 -38.027901 2.909080 4.000000 0.000000 1.000000 -1
1 -37.797001 4.604440 2.472140 0.000000 1.000000 -1
1 -38.645199 3.194710 2.472140 0.000000 1.000000 -1
1 -38.073898 4.814870 0.836228 0.000000 1.000000 -1
1 -38.645199 3.194710 2.472140 0.000000 1.000000 -1
1 -37.797001 4.604440 2.472140 0.000000 1.000000 -1
1 -38.645199 3.194710 2.472140 0.000000 1.000000 -1
1 -38.073898 4.814870 0.836228 0.000000 1.000000 -1
1 -38.960800 3.340710 0.836228 0.000000 1.000000 -1
1 -38.073898 4.814870 -0.836228 0.000000 1.000000 -1
1 -38.960800 3.340710 0.836228 0.000000 1.000000 -1
1 -38.073898 4.814870 0.836228 0.000000 1.000000 -1
1 -38.960800 3.340710 0.836228 0.000000 1.000000 -1
1 -38.073898 4.814870 -0.836228 0.000000 1.000000 -1
1 -38.960800 3.340710 -0.836228 0.000000 1.000000 -1
1 -37.797001 -4.604440 2.472140 0.000000 1.000000 -1
1 -38.073898 -4.814870 0.836228 0.000000 1.000000 -1
1 -36.665600 -5.798870 2.472140 0.000000 1.000000 -1
1 -36.890701 -6.063890 0.836228 0.000000 1.000000 -1
1 -36.665600 -5.798870 2.472140 0.000000 1.000000 -1
1 -38.073898 -4.814870 0.836228 0.000000 1.000000 -1
1 -36.665600 -5.798870 2.472140 0.000000 1.000000 -1
1 -36.890701 -6.063890 0.836228 0.000000 1.000000 -1
1 -35.303902 -6.722160 2.472140 0.000000 1.000000 -1
1 -35.466702 -7.029380 0.836228 0.000000 1.000000 -1
1 -35.303902 -6.722160 2.472140 0.000000 1.000000 -1
1 -36.890701 -6.063890 0.836228 0.000000 1.000000 -1
1 -35.303902 -6.722160 2.472140 0.000000 1.000000 -1
1 -35.466702 -7.029380 0.836228 0.000000 1.000000 -1
1 -33.775501 -7.331120 2.472140 0.000000 1.000000 -1
1 -33.868500 -7.666170 0.836228 0.000000 1.000000 -1
1 -33.775501 -7.331120 2.472140 0.000000 1.000000 -1
1 -35.466702 -7.029380 0.836228 0.000000 1.000000 -1
1 -33.775501 -7.331120 2.472140 0.000000 1.000000 -1
1 -33.868500 -7.666170 0.836228 0.000000 1.000000 -1
1 -32.151901 -7.597290 2.472140 0.000000 1.000000 -1
1 -32.170700 -7.944510 0.836228 0.000000 1.000000 -1
1 -32.151901 -7.597290 2.472140 0.000000 1.000000 -1
1 -33.868500 -7.666170 0.836228 0.000000 1.000000 -1
1 -32.151901 -7.597290 2.472140 0.000000 1.000000 -1
1 -32.170700 -7.944510 0.836228 0.000000 1.000000 -1
1 -30.509100 -7.508220 2.472140 0.000000 1.000000 -1
1 -30.452801 -7.851360 0.836228 0.000000 1.000000 -1
1 -30.509100 -7.508220 2.472140 0.000000 1.000000 -1
1 -32.170700 -7.944510 0.836228 0.000000 1.000000 -1
1 -30.509100 -7.508220 2.472140 0.000000 1.000000 -1
1 -30.452801 -7.851360 0.836228 0.000000 1.000000 -1
1 -28.923800 -7.068070 2.472140 0.000000 1.000000 -1
1 -28.795099 -7.391100 0.836228 0.000000 1.000000 -1
1 -28.923800 -7.068070 2.472140 0.000000 1.000000 -1
1 -30.452801 -7.851360 0.836228 0.000000 1.000000 -1
1 -28.923800 -7.068070 2.472140 0.000000 1.000000 -1
1 -28.795099 -7.391100 0.836228 0.000000 1.000000 -1
1 -27.470200 -6.297430 2.472140 0.000000 1.000000 -1
1 -27.275101 -6.585240 0.836228 0.000000 1.000000 -1
1 -27.470200 -6.297430 2.472140 0.000000 1.000000 -1
1 -28.795099 -7.391100 0.836228 0.000000 1.000000 -1
1 -27.470200 -6.297430 2.472140 0.000000 1.000000 -1
1 -27.275101 -6.585240 0.836228 0.000000 1.000000 -1
1 -26.216299 -5.232330 2.472140 0.000000 1.000000 -1
1 -25.963900 -5.471460 0.836228 0.000000 1.000000 -1
1 -26.216299 -5.232330 2.472140 0.000000 1.000000 -1
1 -27.275101 -6.585240 0.836228 0.000000 1.000000 -1
1 -26.216299 -5.232330 2.472140 0.000000 1.000000 -1
1 -25.963900 -5.471460 0.836228 0.000000 1.000000 -1
1 -25.495001 -4.835010 0.829485 0.000000 1.000000 -1
1 -25.495001 -5.000000 -0.000000 0.000000 1.000000 -1
1 -25.495001 -4.835010 0.829485 0.000000 1.000000 -1
1 -25.963900 -5.471460 0.836228 0.000000 1.000000 -1
1 -33.144901 5.000000 6.033490 0.000000 1.000000 -1
1 -34.429100 5.000000 5.566060 0.000000 1.000000 -1
1 -32.998001 4.530880 6.472140 0.000000 1.000000 -1
1 -33.942600 4.154520 6.472140 0.000000 1.000000 -1
1 -32.998001 4.530880 6.472140 0.000000 1.000000 -1
1 -34.429100 5.000000 5.566060 0.000000 1.000000 -1
1 -32.998001 4.530880 6.472140 0.000000 1.000000 -1
1 -33.942600 4.154520 6.472140 0.000000 1.000000 -1
1 -33.264198 2.874850 7.308360 0.000000 1.000000 -1
1 -33.846500 2.479990 7.308360 0.000000 1.000000 -1
1 -33.264198 2.874850 7.308360 0.000000 1.000000 -1
1 -33.942600 4.154520 6.472140 0.000000 1.000000 -1
1 -33.264198 2.874850 7.308360 0.000000 1.000000 -1
1 -33.846500 2.479990 7.308360 0.000000 1.000000 -1
1 -32.816799 1.267700 7.825180 0.000000 1.000000 -1
1 -33.064098 1.006580 7.825180 0.000000 1.000000 -1
1 -32.816799 1.267700 7.825180 0.000000 1.000000 -1
1 -33.846500 2.479990 7.308360 0.000000 1.000000 -1
1 -32.816799 1.267700 7.825180 0.000000 1.000000 -1
1 -33.064098 1.006580 7.825180 0.000000 1.000000 -1
1 -31.740000 0.000000 8.000000 0.000000 1.000000 -1
1 -30.655600 5.000000 6.150120 0.000000 1.000000 -1
1 -30.912300 5.000000 6.150120 0.000000 1.000000 -1
1 -30.979300 4.640340 6.472140 0.000000 1.000000 -1
1 -32.016998 5.000000 6.150120 0.000000 1.000000 -1
1 -30.979300 4.640340 6.472140 0.000000 1.000000 -1
1 -30.912300 5.000000 6.150120 0.000000 1.000000 -1
1 -30.979300 4.640340 6.472140 0.000000 1.000000 -1
1 -32.016998 5.000000 6.150120 0.000000 1.000000 -1
1 -31.994600 4.695390 6.472140 0.000000 1.000000 -1
1 -32.998001 4.530880 6.472140 0.000000 1.000000 -1
1 -31.994600 4.695390 6.472140 0.000000 1.000000 -1
1 -32.016998 5.000000 6.150120 0.000000 1.000000 -1
1 -31.994600 4.695390 6.472140 0.000000 1.000000 -1
1 -32.998001 4.530880 6.472140 0.000000 1.000000 -1
1 -32.610500 3.135290 7.308360 0.000000 1.000000 -1
1 -33.264198 2.874850 7.308360 0.000000 1.000000 -1
1 -32.610500 3.135290 7.308360 0.000000 1.000000 -1
1 -32.998001 4.530880 6.472140 0.000000 1.000000 -1
1 -32.610500 3.135290 7.308360 0.000000 1.000000 -1
1 -33.264198 2.874850 7.308360 0.000000 1.000000 -1
1 -32.519100 1.469540 7.825180 0.000000 1.000000 -1
1 -32.816799 1.267700 7.825180 0.000000 1.000000 -1
1 -32.519100 1.469540 7.825180 0.000000 1.000000 -1
1 -33.264198 2.874850 7.308360 0.000000 1.000000 -1
1 -32.519100 1.469540 7.825180 0.000000 1.000000 -1
1 -32.816799 1.267700 7.825180 0.000000 1.000000 -1
1 -31.740000 0.000000 8.000000 0.000000 1.000000 -1
1 -39.170601 1.635590 -2.472140 0.000000 1.000000 -1
1 -39.510201 1.710340 -0.836228 0.000000 1.000000 -1
1 -38.645199 3.194710 -2.472140 0.000000 1.000000 -1
1 -38.960800 3.340710 -0.836228 0.000000 1.000000 -1
1 -38.645199 3.194710 -2.472140 0.000000 1.000000 -1
1 -39.510201 1.710340 -0.836228 0.000000 1.000000 -1
1 -38.645199 3.194710 -2.472140 0.000000 1.000000 -1
1 -38.960800 3.340710 -0.836228 0.000000 1.000000 -1
1 -37.797001 4.604440 -2.472140 0.000000 1.000000 -1
1 -38.073898 4.814870 -0.836228 0.000000 1.000000 -1
1 -37.797001 4.604440 -2.472140 0.000000 1.000000 -1
1 -38.960800 3.340710 -0.836228 0.000000 1.000000 -1
1 -37.797001 4.604440 -2.472140 0.000000 1.000000 -1
1 -38.073898 4.814870 -0.836228 0.000000 1.000000 -1
1 -36.665600 5.798870 -2.472140 0.000000 1.000000 -1
1 -36.890701 6.063890 -0.836228 0.000000 1.000000 -1
1 -36.665600 5.798870 -2.472140 0.000000 1.000000 -1
1 -38.073898 4.814870 -0.836228 0.000000 1.000000 -1
1 -36.665600 5.798870 -2.472140 0.000000 1.000000 -1
1 -36.890701 6.063890 -0.836228 0.000000 1.000000 -1
1 -35.303902 6.722160 -2.472140 0.000000 1.000000 -1
1 -35.466702 7.029380 -0.836228 0.000000 1.000000 -1
1 -35.303902 6.722160 -2.472140 0.000000 1.000000 -1
1 -36.890701 6.063890 -0.836228 0.000000 1.000000 -1
1 -35.303902 6.722160 -2.472140 0.000000 1.000000 -1
1 -35.466702 7.029380 -0.836228 0.000000 1.000000 -1
1 -33.775501 7.331120 -2.472140 0.000000 1.000000 -1
1 -33.868500 7.666170 -0.836228 0.000000 1.000000 -1
1 -33.775501 7.331120 -2.472140 0.000000 1.000000 -1
1 -35.466702 7.029380 -0.836228 0.000000 1.000000 -1
1 -33.775501 7.331120 -2.472140 0.000000 1.000000 -1
1 -33.868500 7.666170 -0.836228 0.000000 1.000000 -1
1 -32.151901 7.597290 -2.472140 0.000000 1.000000 -1
1 -32.170700 7.944510 -0.836228 0.000000 1.000000 -1
1 -32.151901 7.597290 -2.472140 0.000000 1.000000 -1
1 -33.868500 7.666170 -0.836228 0.000000 1.000000 -1
1 -32.151901 7.597290 -2.472140 0.000000 1.000000 -1
1 -32.170700 7.944510 -0.836228 0.000000 1.000000 -1
1 -30.509100 7.508220 -2.472140 0.000000 1.000000 -1
1 -30.452801 7.851360 -0.836228 0.000000 1.000000 -1
1 -30.509100 7.508220 -2.472140 0.000000 1.000000 -1
1 -32.170700 7.944510 -0.836228 0.000000 1.000000 -1
1 -30.509100 7.508220 -2.472140 0.000000 1.000000 -1
1 -30.452801 7.851360 -0.836228 0.000000 1.000000 -1
1 -28.923800 7.068070 -2.472140 0.000000 1.000000 -1
1 -28.795099 7.391100 -0.836228 0.000000 1.000000 -1
1 -28.923800 7.068070 -2.472140 0.000000 1.000000 -1
1 -30.452801 7.851360 -0.836228 0.000000 1.000000 -1
1 -28.923800 7.068070 -2.472140 0.000000 1.000000 -1
1 -28.795099 7.391100 -0.836228 0.000000 1.000000 -1
1 -27.470200 6.297430 -2.472140 0.000000 1.000000 -1
1 -27.275101 6.585240 -0.836228 0.000000 1.000000 -1
1 -27.470200 6.297430 -2.472140 0.000000 1.000000 -1
1 -28.795099 7.391100 -0.836228 0.000000 1.000000 -1
1 -27.470200 6.297430 -2.472140 0.000000 1.000000 -1
1 -27.275101 6.585240 -0.836228 0.000000 1.000000 -1
1 -26.216299 5.232330 -2.472140 0.000000 1.000000 -1
1 -25.963900 5.471460 -0.836228 0.000000 1.000000 -1
1 -26.216299 5.232330 -2.472140 0.000000 1.000000 -1
1 -27.275101 6.585240 -0.836228 0.000000 1.000000 -1
1 -26.216299 5.232330 -2.472140 0.000000 1.000000 -1
1 -25.963900 5.471460 -0.836228 0.000000 1.000000 -1
1 -25.495001 4.835010 -0.829485 0.000000 1.000000 -1
1 -25.931999 5.501600 0.000000 0.000000 1.000000 -1
1 -25.495001 4.835010 -0.829485 0.000000 1.000000 -1
1 -25.963900 5.471460 -0.836228 0.000000 1.000000 -1
1 -25.495001 4.835010 -0.829485 0.000000 1.000000 -1
1 -25.931999 5.501600 0.000000 0.000000 1.000000 -1
1 -25.495001 5.000000 0.000000 0.000000 1.000000 -1
1 -25.495001 4.253710 -2.460710 0.000000 1.000000 -1
1 -25.495001 3.769290 -3.185690 0.000000 1.000000 -1
1 -26.216299 5.232330 -2.472140 0.000000 1.000000 -1
1 -26.710199 4.764520 -4.000000 0.000000 1.000000 -1
1 -26.216299 5.232330 -2.472140 0.000000 1.000000 -1
1 -25.495001 3.769290 -3.185690 0.000000 1.000000 -1
1 -26.216299 5.232330 -2.472140 0.000000 1.000000 -1
1 -26.710199 4.764520 -4.000000 0.000000 1.000000 -1
1 -27.470200 6.297430 -2.472140 0.000000 1.000000 -1
1 -27.851999 5.734400 -4.000000 0.000000 1.000000 -1
1 -27.470200 6.297430 -2.472140 0.000000 1.000000 -1
1 -26.710199 4.764520 -4.000000 0.000000 1.000000 -1
1 -27.470200 6.297430 -2.472140 0.000000 1.000000 -1
1 -27.851999 5.734400 -4.000000 0.000000 1.000000 -1
1 -28.923800 7.068070 -2.472140 0.000000 1.000000 -1
1 -29.175600 6.436140 -4.000000 0.000000 1.000000 -1
1 -28.923800 7.068070 -2.472140 0.000000 1.000000 -1
1 -27.851999 5.734400 -4.000000 0.000000 1.000000 -1
1 -28.923800 7.068070 -2.472140 0.000000 1.000000 -1
1 -29.175600 6.436140 -4.000000 0.000000 1.000000 -1
1 -30.509100 7.508220 -2.472140 0.000000 1.000000 -1
1 -30.619101 6.836930 -4.000000 0.000000 1.000000 -1
1 -30.509100 7.508220 -2.472140 0.000000 1.000000 -1
1 -29.175600 6.436140 -4.000000 0.000000 1.000000 -1
1 -30.509100 7.508220 -2.472140 0.000000 1.000000 -1
1 -30.619101 6.836930 -4.000000 0.000000 1.000000 -1
1 -32.151901 7.597290 -2.472140 0.000000 1.000000 -1
1 -32.115101 6.918040 -4.000000 0.000000 1.000000 -1
1 -32.151901 7.597290 -2.472140 0.000000 1.000000 -1
1 -30.619101 6.836930 -4.000000 0.000000 1.000000 -1
1 -32.151901 7.597290 -2.472140 0.000000 1.000000 -1
1 -32.115101 6.918040 -4.000000 0.000000 1.000000 -1
1 -33.775501 7.331120 -2.472140 0.000000 1.000000 -1
1 -33.593498 6.675670 -4.000000 0.000000 1.000000 -1
1 -33.775501 7.331120 -2.472140 0.000000 1.000000 -1
1 -32.115101 6.918040 -4.000000 0.000000 1.000000 -1
1 -33.775501 7.331120 -2.472140 0.000000 1.000000 -1
1 -33.593498 6.675670 -4.000000 0.000000 1.000000 -1
1 -35.303902 6.722160 -2.472140 0.000000 1.000000 -1
1 -34.985199 6.121150 -4.000000 0.000000 1.000000 -1
1 -35.303902 6.722160 -2.472140 0.000000 1.000000 -1
1 -33.593498 6.675670 -4.000000 0.000000 1.000000 -1
1 -35.303902 6.722160 -2.472140 0.000000 1.000000 -1
1 -34.985199 6.121150 -4.000000 0.000000 1.000000 -1
1 -36.665600 5.798870 -2.472140 0.000000 1.000000 -1
1 -36.225201 5.280410 -4.000000 0.000000 1.000000 -1
1 -36.665600 5.798870 -2.472140 0.000000 1.000000 -1
1 -34.985199 6.121150 -4.000000 0.000000 1.000000 -1
1 -36.665600 5.798870 -2.472140 0.000000 1.000000 -1
1 -36.225201 5.280410 -4.000000 0.000000 1.000000 -1
1 -37.797001 4.604440 -2.472140 0.000000 1.000000 -1
1 -37.255501 4.192770 -4.000000 0.000000 1.000000 -1
1 -37.797001 4.604440 -2.472140 0.000000 1.000000 -1
1 -36.225201 5.280410 -4.000000 0.000000 1.000000 -1
1 -37.797001 4.604440 -2.472140 0.000000 1.000000 -1
1 -37.255501 4.192770 -4.000000 0.000000 1.000000 -1
1 -38.645199 3.194710 -2.472140 0.000000 1.000000 -1
1 -38.027901 2.909080 -4.000000 0.000000 1.000000 -1
1 -38.645199 3.194710 -2.472140 0.000000 1.000000 -1
1 -37.255501 4.192770 -4.000000 0.000000 1.000000 -1
1 -38.645199 3.194710 -2.472140 0.000000 1.000000 -1
1 -38.027901 2.909080 -4.000000 0.000000 1.000000 -1
1 -39.170601 1.635590 -2.472140 0.000000 1.000000 -1
1 -38.506199 1.489360 -4.000000 0.000000 1.000000 -1
1 -39.170601 1.635590 -2.472140 0.000000 1.000000 -1
1 -38.027901 2.909080 -4.000000 0.000000 1.000000 -1
1 -37.407799 -2.622210 5.000000 0.000000 1.000000 -1
1 -38.027901 -2.909080 4.000000 0.000000 1.000000 -1
1 -37.255501 -4.192770 4.000000 0.000000 1.000000 -1
1 -38.645199 -3.194710 2.472140 0.000000 1.000000 -1
1 -37.255501 -4.192770 4.000000 0.000000 1.000000 -1
1 -38.027901 -2.909080 4.000000 0.000000 1.000000 -1
1 -37.255501 -4.192770 4.000000 0.000000 1.000000 -1
1 -38.645199 -3.194710 2.472140 0.000000 1.000000 -1
1 -37.797001 -4.604440 2.472140 0.000000 1.000000 -1
1 -38.960800 -3.340710 0.836228 0.000000 1.000000 -1
1 -37.797001 -4.604440 2.472140 0.000000 1.000000 -1
1 -38.645199 -3.194710 2.472140 0.000000 1.000000 -1
1 -37.797001 -4.604440 2.472140 0.000000 1.000000 -1
1 -38.960800 -3.340710 0.836228 0.000000 1.000000 -1
1 -38.073898 -4.814870 0.836228 0.000000 1.000000 -1
1 -38.960800 -3.340710 -0.836228 0.000000 1.000000 -1
1 -38.073898 -4.814870 0.836228 0.000000 1.000000 -1
1 -38.960800 -3.340710 0.836228 0.000000 1.000000 -1
1 -38.073898 -4.814870 0.836228 0.000000 1.000000 -1
1 -38.960800 -3.340710 -0.836228 0.000000 1.000000 -1
1 -38.073898 -4.814870 -0.836228 0.000000 1.000000 -1
1 -38.645199 -3.194710 -2.472140 0.000000 1.000000 -1
1 -38.073898 -4.814870 -0.836228 0.000000 1.000000 -1
1 -38.960800 -3.340710 -0.836228 0.000000 1.000000 -1
1 -38.073898 -4.814870 -0.836228 0.000000 1.000000 -1
1 -38.645199 -3.194710 -2.472140 0.000000 1.000000 -1
1 -37.797001 -4.604440 -2.472140 0.000000 1.000000 -1
1 -38.027901 -2.909080 -4.000000 0.000000 1.000000 -1
1 -37.797001 -4.604440 -2.472140 0.000000 1.000000 -1
1 -38.645199 -3.194710 -2.472140 0.000000 1.000000 -1
1 -37.797001 -4.604440 -2.472140 0.000000 1.000000 -1
1 -38.027901 -2.909080 -4.000000 0.000000 1.000000 -1
1 -37.255501 -4.192770 -4.000000 0.000000 1.000000 -1
1 -37.839001 -1.342490 5.000000 0.000000 1.000000 -1
1 -38.506199 -1.489360 4.000000 0.000000 1.000000 -1
1 -38.027901 -2.909080 4.000000 0.000000 1.000000 -1
1 -39.170601 -1.635590 2.472140 0.000000 1.000000 -1
1 -38.027901 -2.909080 4.000000 0.000000 1.000000 -1
1 -38.506199 -1.489360 4.000000 0.000000 1.000000 -1
1 -38.027901 -2.909080 4.000000 0.000000 1.000000 -1
1 -39.170601 -1.635590 2.472140 0.000000 1.000000 -1
1 -38.645199 -3.194710 2.472140 0.000000 1.000000 -1
1 -39.510201 -1.710340 0.836228 0.000000 1.000000 -1
1 -38.645199 -3.194710 2.472140 0.000000 1.000000 -1
1 -39.170601 -1.635590 2.472140 0.000000 1.000000 -1
1 -38.645199 -3.194710 2.472140 0.000000 1.000000 -1
1 -39.510201 -1.710340 0.836228 0.000000 1.000000 -1
1 -38.960800 -3.340710 0.836228 0.000000 1.000000 -1
1 -39.510201 -1.710340 -0.836228 0.000000 1.000000 -1
1 -38.960800 -3.340710 0.836228 0.000000 1.000000 -1
1 -39.510201 -1.710340 0.836228 0.000000 1.000000 -1
1 -38.960800 -3.340710 0.836228 0.000000 1.000000 -1
1 -39.510201 -1.710340 -0.836228 0.000000 1.000000 -1
1 -38.960800 -3.340710 -0.836228 0.000000 1.000000 -1
1 -39.170601 -1.635590 -2.472140 0.000000 1.000000 -1
1 -38.960800 -3.340710 -0.836228 0.000000 1.000000 -1
1 -39.510201 -1.710340 -0.836228 0.000000 1.000000 -1
1 -38.960800 -3.340710 -0.836228 0.000000 1.000000 -1
1 -39.170601 -1.635590 -2.472140 0.000000 1.000000 -1
1 -38.645199 -3.194710 -2.472140 0.000000 1.000000 -1
1 -38.506199 -1.489360 -4.000000 0.000000 1.000000 -1
1 -38.645199 -3.194710 -2.472140 0.000000 1.000000 -1
1 -39.170601 -1.635590 -2.472140 0.000000 1.000000 -1
1 -38.645199 -3.194710 -2.472140 0.000000 1.000000 -1
1 -38.506199 -1.489360 -4.000000 0.000000 1.000000 -1
1 -38.027901 -2.909080 -4.000000 0.000000 1.000000 -1
1 -37.985001 0.000000 5.000000 0.000000 1.000000 -1
1 -38.668201 0.000000 4.000000 0.000000 1.000000 -1
1 -38.506199 -1.489360 4.000000 0.000000 1.000000 -1
1 -39.348499 0.000000 2.472140 0.000000 1.000000 -1
1 -38.506199 -1.489360 4.000000 0.000000 1.000000 -1
1 -38.668201 0.000000 4.000000 0.000000 1.000000 -1
1 -38.506199 -1.489360 4.000000 0.000000 1.000000 -1
1 -39.348499 0.000000 2.472140 0.000000 1.000000 -1
1 -39.170601 -1.635590 2.472140 0.000000 1.000000 -1
1 -39.696201 0.000000 0.836228 0.000000 1.000000 -1
1 -39.170601 -1.635590 2.472140 0.000000 1.000000 -1
1 -39.348499 0.000000 2.472140 0.000000 1.000000 -1
1 -39.170601 -1.635590 2.472140 0.000000 1.000000 -1
1 -39.696201 0.000000 0.836228 0.000000 1.000000 -1
1 -39.510201 -1.710340 0.836228 0.000000 1.000000 -1
1 -39.696201 0.000000 -0.836228 0.000000 1.000000 -1
1 -39.510201 -1.710340 0.836228 0.000000 1.000000 -1
1 -39.696201 0.000000 0.836228 0.000000 1.000000 -1
1 -39.510201 -1.710340 0.836228 0.000000 1.000000 -1
1 -39.696201 0.000000 -0.836228 0.000000 1.000000 -1
1 -39.510201 -1.710340 -0.836228 0.000000 1.000000 -1
1 -39.348499 0.000000 -2.472140 0.000000 1.000000 -1
1 -39.510201 -1.710340 -0.836228 0.000000 1.000000 -1
1 -39.696201 0.000000 -0.836228 0.000000 1.000000 -1
1 -39.510201 -1.710340 -0.836228 0.000000 1.000000 -1
1 -39.348499 0.000000 -2.472140 0.000000 1.000000 -1
1 -39.170601 -1.635590 -2.472140 0.000000 1.000000 -1
1 -38.668201 0.000000 -4.000000 0.000000 1.000000 -1
1 -39.170601 -1.635590 -2.472140 0.000000 1.000000 -1
1 -39.348499 0.000000 -2.472140 0.000000 1.000000 -1
1 -39.170601 -1.635590 -2.472140 0.000000 1.000000 -1
1 -38.668201 0.000000 -4.000000 0.000000 1.000000 -1
1 -38.506199 -1.489360 -4.000000 0.000000 1.000000 -1
1 -26.956100 -5.000000 -4.014210 0.000000 1.000000 -1
1 -28.322001 -5.000000 -5.160400 0.000000 1.000000 -1
1 -26.710199 -4.764520 -4.000000 0.000000 1.000000 -1
1 -27.423800 -4.088480 -5.353050 0.000000 1.000000 -1
1 -26.710199 -4.764520 -4.000000 0.000000 1.000000 -1
1 -28.322001 -5.000000 -5.160400 0.000000 1.000000 -1
1 -26.710199 -4.764520 -4.000000 0.000000 1.000000 -1
1 -27.423800 -4.088480 -5.353050 0.000000 1.000000 -1
1 -25.803499 -3.571860 -4.000000 0.000000 1.000000 -1
1 -26.645800 -3.065050 -5.353050 0.000000 1.000000 -1
1 -25.803499 -3.571860 -4.000000 0.000000 1.000000 -1
1 -27.423800 -4.088480 -5.353050 0.000000 1.000000 -1
1 -25.803499 -3.571860 -4.000000 0.000000 1.000000 -1
1 -26.645800 -3.065050 -5.353050 0.000000 1.000000 -1
1 -25.495001 -2.848440 -3.994640 0.000000 1.000000 -1
1 -26.106100 -1.898300 -5.353050 0.000000 1.000000 -1
1 -25.495001 -2.848440 -3.994640 0.000000 1.000000 -1
1 -26.645800 -3.065050 -5.353050 0.000000 1.000000 -1
1 -25.495001 -2.848440 -3.994640 0.000000 1.000000 -1
1 -26.106100 -1.898300 -5.353050 0.000000 1.000000 -1
1 -25.495001 -2.113500 -4.485710 0.000000 1.000000 -1
1 -25.495001 -1.913420 -4.619400 0.000000 1.000000 -1
1 -25.495001 -2.113500 -4.485710 0.000000 1.000000 -1
1 -26.106100 -1.898300 -5.353050 0.000000 1.000000 -1
1 -34.862499 -5.000000 -5.408330 0.000000 1.000000 -1
1 -34.931400 -5.000000 -5.350500 0.000000 1.000000 -1
1 -35.588799 -4.531170 -5.353050 0.000000 1.000000 -1
1 -36.035999 -5.000000 -4.423620 0.000000 1.000000 -1
1 -35.588799 -4.531170 -5.353050 0.000000 1.000000 -1
1 -34.931400 -5.000000 -5.350500 0.000000 1.000000 -1
1 -35.588799 -4.531170 -5.353050 0.000000 1.000000 -1
1 -36.035999 -5.000000 -4.423620 0.000000 1.000000 -1
1 -36.472900 -3.597860 -5.353050 0.000000 1.000000 -1
1 -37.255501 -4.192770 -4.000000 0.000000 1.000000 -1
1 -36.472900 -3.597860 -5.353050 0.000000 1.000000 -1
1 -36.035999 -5.000000 -4.423620 0.000000 1.000000 -1
1 -36.472900 -3.597860 -5.353050 0.000000 1.000000 -1
1 -37.255501 -4.192770 -4.000000 0.000000 1.000000 -1
1 -37.135700 -2.496310 -5.353050 0.000000 1.000000 -1
1 -38.027901 -2.909080 -4.000000 0.000000 1.000000 -1
1 -37.135700 -2.496310 -5.353050 0.000000 1.000000 -1
1 -37.255501 -4.192770 -4.000000 0.000000 1.000000 -1
1 -37.135700 -2.496310 -5.353050 0.000000 1.000000 -1
1 -38.027901 -2.909080 -4.000000 0.000000 1.000000 -1
1 -37.546200 -1.278030 -5.353050 0.000000 1.000000 -1
1 -38.506199 -1.489360 -4.000000 0.000000 1.000000 -1
1 -37.546200 -1.278030 -5.353050 0.000000 1.000000 -1
1 -38.027901 -2.909080 -4.000000 0.000000 1.000000 -1
1 -37.546200 -1.278030 -5.353050 0.000000 1.000000 -1
1 -38.506199 -1.489360 -4.000000 0.000000 1.000000 -1
1 -37.985001 0.000000 -5.000000 0.000000 1.000000 -1
1 -38.668201 0.000000 -4.000000 0.000000 1.000000 -1
1 -37.985001 0.000000 -5.000000 0.000000 1.000000 -1
1 -38.506199 -1.489360 -4.000000 0.000000 1.000000 -1
1 -37.985001 0.000000 -5.000000 0.000000 1.000000 -1
1 -38.668201 0.000000 -4.000000 0.000000 1.000000 -1
1 -38.506199 1.489360 -4.000000 0.000000 1.000000 -1
1 -39.348499 0.000000 -2.472140 0.000000 1.000000 -1
1 -38.506199 1.489360 -4.000000 0.000000 1.000000 -1
1 -38.668201 0.000000 -4.000000 0.000000 1.000000 -1
1 -38.506199 1.489360 -4.000000 0.000000 1.000000 -1
1 -39.348499 0.000000 -2.472140 0.000000 1.000000 -1
1 -39.170601 1.635590 -2.472140 0.000000 1.000000 -1
1 -39.696201 0.000000 -0.836228 0.000000 1.000000 -1
1 -39.170601 1.635590 -2.472140 0.000000 1.000000 -1
1 -39.348499 0.000000 -2.472140 0.000000 1.000000 -1
1 -39.170601 1.635590 -2.472140 0.000000 1.000000 -1
1 -39.696201 0.000000 -0.836228 0.000000 1.000000 -1
1 -39.510201 1.710340 -0.836228 0.000000 1.000000 -1
1 -39.696201 0.000000 0.836228 0.000000 1.000000 -1
1 -39.510201 1.710340 -0.836228 0.000000 1.000000 -1
1 -39.696201 0.000000 -0.836228 0.000000 1.000000 -1
1 -39.510201 1.710340 -0.836228 0.000000 1.000000 -1
1 -39.696201 0.000000 0.836228 0.000000 1.000000 -1
1 -39.510201 1.710340 0.836228 0.000000 1.000000 -1
1 -39.348499 0.000000 2.472140 0.000000 1.000000 -1
1 -39.510201 1.710340 0.836228 0.000000 1.000000 -1
1 -39.696201 0.000000 0.836228 0.000000 1.000000 -1
1 -39.510201 1.710340 0.836228 0.000000 1.000000 -1
1 -39.348499 0.000000 2.472140 0.000000 1.000000 -1
1 -39.170601 1.635590 2.472140 0.000000 1.000000 -1
1 -38.668201 0.000000 4.000000 0.000000 1.000000 -1
1 -39.170601 1.635590 2.472140 0.000000 1.000000 -1
1 -39.348499 0.000000 2.472140 0.000000 1.000000 -1
1 -39.170601 1.635590 2.472140 0.000000 1.000000 -1
1 -38.668201 0.000000 4.000000 0.000000 1.000000 -1
1 -38.506199 1.489360 4.000000 0.000000 1.000000 -1
1 -37.985001 0.000000 5.000000 0.000000 1.000000 -1
1 -38.506199 1.489360 4.000000 0.000000 1.000000 -1
1 -38.668201 0.000000 4.000000 0.000000 1.000000 -1
1 -38.506199 1.489360 4.000000 0.000000 1.000000 -1
1 -37.985001 0.000000 5.000000 0.000000 1.000000 -1
1 -37.546200 1.278030 5.353050 0.000000 1.000000 -1
1 -37.647400 0.000000 5.312230 0.000000 1.000000 -1
1 -37.546200 1.278030 5.353050 0.000000 1.000000 -1
1 -37.985001 0.000000 5.000000 0.000000 1.000000 -1
1 -37.546200 1.278030 5.353050 0.000000 1.000000 -1
1 -37.647400 0.000000 5.312230 0.000000 1.000000 -1
1 -36.419701 0.000000 6.447710 0.000000 1.000000 -1
1 -28.322001 -5.000000 -5.160400 0.000000 1.000000 -1
1 -28.548599 -5.000000 -5.350500 0.000000 1.000000 -1
1 -28.403700 -4.920740 -5.353050 0.000000 1.000000 -1
1 -29.101101 -3.892030 -6.472140 0.000000 1.000000 -1
1 -28.403700 -4.920740 -5.353050 0.000000 1.000000 -1
1 -28.548599 -5.000000 -5.350500 0.000000 1.000000 -1
1 -28.403700 -4.920740 -5.353050 0.000000 1.000000 -1
1 -29.101101 -3.892030 -6.472140 0.000000 1.000000 -1
1 -27.423800 -4.088480 -5.353050 0.000000 1.000000 -1
1 -28.326200 -3.233760 -6.472140 0.000000 1.000000 -1
1 -27.423800 -4.088480 -5.353050 0.000000 1.000000 -1
1 -29.101101 -3.892030 -6.472140 0.000000 1.000000 -1
1 -27.423800 -4.088480 -5.353050 0.000000 1.000000 -1
1 -28.326200 -3.233760 -6.472140 0.000000 1.000000 -1
1 -26.645800 -3.065050 -5.353050 0.000000 1.000000 -1
1 -27.710800 -2.424280 -6.472140 0.000000 1.000000 -1
1 -26.645800 -3.065050 -5.353050 0.000000 1.000000 -1
1 -28.326200 -3.233760 -6.472140 0.000000 1.000000 -1
1 -26.645800 -3.065050 -5.353050 0.000000 1.000000 -1
1 -27.710800 -2.424280 -6.472140 0.000000 1.000000 -1
1 -26.106100 -1.898300 -5.353050 0.000000 1.000000 -1
1 -27.283899 -1.501450 -6.472140 0.000000 1.000000 -1
1 -26.106100 -1.898300 -5.353050 0.000000 1.000000 -1
1 -27.710800 -2.424280 -6.472140 0.000000 1.000000 -1
1 -26.106100 -1.898300 -5.353050 0.000000 1.000000 -1
1 -27.283899 -1.501450 -6.472140 0.000000 1.000000 -1
1 -25.829700 -0.642785 -5.353050 0.000000 1.000000 -1
1 -27.065300 -0.508406 -6.472140 0.000000 1.000000 -1
1 -25.829700 -0.642785 -5.353050 0.000000 1.000000 -1
1 -27.283899 -1.501450 -6.472140 0.000000 1.000000 -1
1 -25.829700 -0.642785 -5.353050 0.000000 1.000000 -1
1 -27.065300 -0.508406 -6.472140 0.000000 1.000000 -1
1 -25.832600 -0.000000 -5.312230 0.000000 1.000000 -1
1 -27.060301 -0.000000 -6.447710 0.000000 1.000000 -1
1 -25.832600 -0.000000 -5.312230 0.000000 1.000000 -1
1 -27.065300 -0.508406 -6.472140 0.000000 1.000000 -1
1 -37.647400 0.000000 -5.312230 0.000000 1.000000 -1
1 -36.419701 0.000000 -6.447710 0.000000 1.000000 -1
1 -37.546200 -1.278030 -5.353050 0.000000 1.000000 -1
1 -36.332298 -1.010850 -6.472140 0.000000 1.000000 -1
1 -37.546200 -1.278030 -5.353050 0.000000 1.000000 -1
1 -36.419701 0.000000 -6.447710 0.000000 1.000000 -1
1 -37.546200 -1.278030 -5.353050 0.000000 1.000000 -1
1 -36.332298 -1.010850 -6.472140 0.000000 1.000000 -1
1 -37.135700 -2.496310 -5.353050 0.000000 1.000000 -1
1 -36.007702 -1.974440 -6.472140 0.000000 1.000000 -1
1 -37.135700 -2.496310 -5.353050 0.000000 1.000000 -1
1 -36.332298 -1.010850 -6.472140 0.000000 1.000000 -1
1 -37.135700 -2.496310 -5.353050 0.000000 1.000000 -1
1 -36.007702 -1.974440 -6.472140 0.000000 1.000000 -1
1 -36.472900 -3.597860 -5.353050 0.000000 1.000000 -1
1 -35.483501 -2.845700 -6.472140 0.000000 1.000000 -1
1 -36.472900 -3.597860 -5.353050 0.000000 1.000000 -1
1 -36.007702 -1.974440 -6.472140 0.000000 1.000000 -1
1 -36.472900 -3.597860 -5.353050 0.000000 1.000000 -1
1 -35.483501 -2.845700 -6.472140 0.000000 1.000000 -1
1 -35.588799 -4.531170 -5.353050 0.000000 1.000000 -1
1 -34.784199 -3.583900 -6.472140 0.000000 1.000000 -1
1 -35.588799 -4.531170 -5.353050 0.000000 1.000000 -1
1 -35.483501 -2.845700 -6.472140 0.000000 1.000000 -1
1 -35.588799 -4.531170 -5.353050 0.000000 1.000000 -1
1 -34.784199 -3.583900 -6.472140 0.000000 1.000000 -1
1 -34.862499 -5.000000 -5.408330 0.000000 1.000000 -1
1 -34.429100 -5.000000 -5.566060 0.000000 1.000000 -1
1 -34.862499 -5.000000 -5.408330 0.000000 1.000000 -1
1 -34.784199 -3.583900 -6.472140 0.000000 1.000000 -1
1 -36.419701 0.000000 -6.447710 0.000000 1.000000 -1
1 -36.237999 0.000000 -6.615710 0.000000 1.000000 -1
1 -36.332298 -1.010850 -6.472140 0.000000 1.000000 -1
1 -34.917801 -0.699491 -7.308360 0.000000 1.000000 -1
1 -36.332298 -1.010850 -6.472140 0.000000 1.000000 -1
1 -36.237999 0.000000 -6.615710 0.000000 1.000000 -1
1 -36.332298 -1.010850 -6.472140 0.000000 1.000000 -1
1 -34.917801 -0.699491 -7.308360 0.000000 1.000000 -1
1 -36.007702 -1.974440 -6.472140 0.000000 1.000000 -1
1 -34.693199 -1.366270 -7.308360 0.000000 1.000000 -1
1 -36.007702 -1.974440 -6.472140 0.000000 1.000000 -1
1 -34.917801 -0.699491 -7.308360 0.000000 1.000000 -1
1 -36.007702 -1.974440 -6.472140 0.000000 1.000000 -1
1 -34.693199 -1.366270 -7.308360 0.000000 1.000000 -1
1 -35.483501 -2.845700 -6.472140 0.000000 1.000000 -1
1 -34.330399 -1.969170 -7.308360 0.000000 1.000000 -1
1 -35.483501 -2.845700 -6.472140 0.000000 1.000000 -1
1 -34.693199 -1.366270 -7.308360 0.000000 1.000000 -1
1 -35.483501 -2.845700 -6.472140 0.000000 1.000000 -1
1 -34.330399 -1.969170 -7.308360 0.000000 1.000000 -1
1 -34.784199 -3.583900 -6.472140 0.000000 1.000000 -1
1 -33.846500 -2.479990 -7.308360 0.000000 1.000000 -1
1 -34.784199 -3.583900 -6.472140 0.000000 1.000000 -1
1 -34.330399 -1.969170 -7.308360 0.000000 1.000000 -1
1 -34.784199 -3.583900 -6.472140 0.000000 1.000000 -1
1 -33.846500 -2.479990 -7.308360 0.000000 1.000000 -1
1 -33.942600 -4.154520 -6.472140 0.000000 1.000000 -1
1 -33.264198 -2.874850 -7.308360 0.000000 1.000000 -1
1 -33.942600 -4.154520 -6.472140 0.000000 1.000000 -1
1 -33.846500 -2.479990 -7.308360 0.000000 1.000000 -1
1 -33.942600 -4.154520 -6.472140 0.000000 1.000000 -1
1 -33.264198 -2.874850 -7.308360 0.000000 1.000000 -1
1 -32.998001 -4.530880 -6.472140 0.000000 1.000000 -1
1 -32.610500 -3.135290 -7.308360 0.000000 1.000000 -1
1 -32.998001 -4.530880 -6.472140 0.000000 1.000000 -1
1 -33.264198 -2.874850 -7.308360 0.000000 1.000000 -1
1 -32.998001 -4.530880 -6.472140 0.000000 1.000000 -1
1 -32.610500 -3.135290 -7.308360 0.000000 1.000000 -1
1 -31.994600 -4.695390 -6.472140 0.000000 1.000000 -1
1 -31.916201 -3.249120 -7.308360 0.000000 1.000000 -1
1 -31.994600 -4.695390 -6.472140 0.000000 1.000000 -1
1 -32.610500 -3.135290 -7.308360 0.000000 1.000000 -1
1 -31.994600 -4.695390 -6.472140 0.000000 1.000000 -1
1 -31.916201 -3.249120 -7.308360 0.000000 1.000000 -1
1 -30.979300 -4.640340 -6.472140 0.000000 1.000000 -1
1 -31.213600 -3.211030 -7.308360 0.000000 1.000000 -1
1 -30.979300 -4.640340 -6.472140 0.000000 1.000000 -1
1 -31.916201 -3.249120 -7.308360 0.000000 1.000000 -1
1 -30.979300 -4.640340 -6.472140 0.000000 1.000000 -1
1 -31.213600 -3.211030 -7.308360 0.000000 1.000000 -1
1 -29.999500 -4.368310 -6.472140 0.000000 1.000000 -1
1 -30.535601 -3.022790 -7.308360 0.000000 1.000000 -1
1 -29.999500 -4.368310 -6.472140 0.000000 1.000000 -1
1 -31.213600 -3.211030 -7.308360 0.000000 1.000000 -1
1 -29.999500 -4.368310 -6.472140 0.000000 1.000000 -1
1 -30.535601 -3.022790 -7.308360 0.000000 1.000000 -1
1 -29.101101 -3.892030 -6.472140 0.000000 1.000000 -1
1 -29.914000 -2.693210 -7.308360 0.000000 1.000000 -1
1 -29.101101 -3.892030 -6.472140 0.000000 1.000000 -1
1 -30.535601 -3.022790 -7.308360 0.000000 1.000000 -1
1 -29.101101 -3.892030 -6.472140 0.000000 1.000000 -1
1 -29.914000 -2.693210 -7.308360 0.000000 1.000000 -1
1 -28.326200 -3.233760 -6.472140 0.000000 1.000000 -1
1 -29.377701 -2.237700 -7.308360 0.000000 1.000000 -1
1 -28.326200 -3.233760 -6.472140 0.000000 1.000000 -1
1 -29.914000 -2.693210 -7.308360 0.000000 1.000000 -1
1 -28.326200 -3.233760 -6.472140 0.000000 1.000000 -1
1 -29.377701 -2.237700 -7.308360 0.000000 1.000000 -1
1 -27.710800 -2.424280 -6.472140 0.000000 1.000000 -1
1 -28.951900 -1.677560 -7.308360 0.000000 1.000000 -1
1 -27.710800 -2.424280 -6.472140 0.000000 1.000000 -1
1 -29.377701 -2.237700 -7.308360 0.000000 1.000000 -1
1 -27.710800 -2.424280 -6.472140 0.000000 1.000000 -1
1 -28.951900 -1.677560 -7.308360 0.000000 1.000000 -1
1 -27.283899 -1.501450 -6.472140 0.000000 1.000000 -1
1 -28.656401 -1.038970 -7.308360 0.000000 1.000000 -1
1 -27.283899 -1.501450 -6.472140 0.000000 1.000000 -1
1 -28.951900 -1.677560 -7.308360 0.000000 1.000000 -1
1 -27.283899 -1.501450 -6.472140 0.000000 1.000000 -1
1 -28.656401 -1.038970 -7.308360 0.000000 1.000000 -1
1 -27.065300 -0.508406 -6.472140 0.000000 1.000000 -1
1 -28.505199 -0.351808 -7.308360 0.000000 1.000000 -1
1 -27.065300 -0.508406 -6.472140 0.000000 1.000000 -1
1 -28.656401 -1.038970 -7.308360 0.000000 1.000000 -1
1 -27.065300 -0.508406 -6.472140 0.000000 1.000000 -1
1 -28.505199 -0.351808 -7.308360 0.000000 1.000000 -1
1 -27.242001 -0.000000 -6.615710 0.000000 1.000000 -1
1 -28.523199 0.000000 -7.231190 0.000000 1.000000 -1
1 -27.242001 -0.000000 -6.615710 0.000000 1.000000 -1
1 -28.505199 -0.351808 -7.308360 0.000000 1.000000 -1
1 -34.956799 0.000000 -7.231190 0.000000 1.000000 -1
1 -34.093102 0.000000 -7.646100 0.000000 1.000000 -1
1 -34.917801 -0.699491 -7.308360 0.000000 1.000000 -1
1 -33.364399 -0.357559 -7.825180 0.000000 1.000000 -1
1 -34.917801 -0.699491 -7.308360 0.000000 1.000000 -1
1 -34.093102 0.000000 -7.646100 0.000000 1.000000 -1
1 -34.917801 -0.699491 -7.308360 0.000000 1.000000 -1
1 -33.364399 -0.357559 -7.825180 0.000000 1.000000 -1
1 -34.693199 -1.366270 -7.308360 0.000000 1.000000 -1
1 -33.249599 -0.698399 -7.825180 0.000000 1.000000 -1
1 -34.693199 -1.366270 -7.308360 0.000000 1.000000 -1
1 -33.364399 -0.357559 -7.825180 0.000000 1.000000 -1
1 -34.693199 -1.366270 -7.308360 0.000000 1.000000 -1
1 -33.249599 -0.698399 -7.825180 0.000000 1.000000 -1
1 -34.330399 -1.969170 -7.308360 0.000000 1.000000 -1
1 -33.064098 -1.006580 -7.825180 0.000000 1.000000 -1
1 -34.330399 -1.969170 -7.308360 0.000000 1.000000 -1
1 -33.249599 -0.698399 -7.825180 0.000000 1.000000 -1
1 -34.330399 -1.969170 -7.308360 0.000000 1.000000 -1
1 -33.064098 -1.006580 -7.825180 0.000000 1.000000 -1
1 -33.846500 -2.479990 -7.308360 0.000000 1.000000 -1
1 -32.816799 -1.267700 -7.825180 0.000000 1.000000 -1
1 -33.846500 -2.479990 -7.308360 0.000000 1.000000 -1
1 -33.064098 -1.006580 -7.825180 0.000000 1.000000 -1
1 -33.846500 -2.479990 -7.308360 0.000000 1.000000 -1
1 -32.816799 -1.267700 -7.825180 0.000000 1.000000 -1
1 -33.264198 -2.874850 -7.308360 0.000000 1.000000 -1
1 -32.519100 -1.469540 -7.825180 0.000000 1.000000 -1
1 -33.264198 -2.874850 -7.308360 0.000000 1.000000 -1
1 -32.816799 -1.267700 -7.825180 0.000000 1.000000 -1
1 -33.264198 -2.874850 -7.308360 0.000000 1.000000 -1
1 -32.519100 -1.469540 -7.825180 0.000000 1.000000 -1
1 -32.610500 -3.135290 -7.308360 0.000000 1.000000 -1
1 -32.185001 -1.602670 -7.825180 0.000000 1.000000 -1
1 -32.610500 -3.135290 -7.308360 0.000000 1.000000 -1
1 -32.519100 -1.469540 -7.825180 0.000000 1.000000 -1
1 -32.610500 -3.135290 -7.308360 0.000000 1.000000 -1
1 -32.185001 -1.602670 -7.825180 0.000000 1.000000 -1
1 -31.916201 -3.249120 -7.308360 0.000000 1.000000 -1
1 -31.830000 -1.660850 -7.825180 0.000000 1.000000 -1
1 -31.916201 -3.249120 -7.308360 0.000000 1.000000 -1
1 -32.185001 -1.602670 -7.825180 0.000000 1.000000 -1
1 -31.916201 -3.249120 -7.308360 0.000000 1.000000 -1
1 -31.830000 -1.660850 -7.825180 0.000000 1.000000 -1
1 -31.213600 -3.211030 -7.308360 0.000000 1.000000 -1
1 -31.470900 -1.641380 -7.825180 0.000000 1.000000 -1
1 -31.213600 -3.211030 -7.308360 0.000000 1.000000 -1
1 -31.830000 -1.660850 -7.825180 0.000000 1.000000 -1
1 -31.213600 -3.211030 -7.308360 0.000000 1.000000 -1
1 -31.470900 -1.641380 -7.825180 0.000000 1.000000 -1
1 -30.535601 -3.022790 -7.308360 0.000000 1.000000 -1
1 -31.124399 -1.545160 -7.825180 0.000000 1.000000 -1
1 -30.535601 -3.022790 -7.308360 0.000000 1.000000 -1
1 -31.470900 -1.641380 -7.825180 0.000000 1.000000 -1
1 -30.535601 -3.022790 -7.308360 0.000000 1.000000 -1
1 -31.124399 -1.545160 -7.825180 0.000000 1.000000 -1
1 -29.914000 -2.693210 -7.308360 0.000000 1.000000 -1
1 -30.806601 -1.376690 -7.825180 0.000000 1.000000 -1
1 -29.914000 -2.693210 -7.308360 0.000000 1.000000 -1
1 -31.124399 -1.545160 -7.825180 0.000000 1.000000 -1
1 -29.914000 -2.693210 -7.308360 0.000000 1.000000 -1
1 -30.806601 -1.376690 -7.825180 0.000000 1.000000 -1
1 -29.377701 -2.237700 -7.308360 0.000000 1.000000 -1
1 -30.532499 -1.143850 -7.825180 0.000000 1.000000 -1
1 -29.377701 -2.237700 -7.308360 0.000000 1.000000 -1
1 -30.806601 -1.376690 -7.825180 0.000000 1.000000 -1
1 -29.377701 -2.237700 -7.308360 0.000000 1.000000 -1
1 -30.532499 -1.143850 -7.825180 0.000000 1.000000 -1
1 -28.951900 -1.677560 -7.308360 0.000000 1.000000 -1
1 -30.314800 -0.857517 -7.825180 0.000000 1.000000 -1
1 -28.951900 -1.677560 -7.308360 0.000000 1.000000 -1
1 -30.532499 -1.143850 -7.825180 0.000000 1.000000 -1
1 -28.951900 -1.677560 -7.308360 0.000000 1.000000 -1
1 -30.314800 -0.857517 -7.825180 0.000000 1.000000 -1
1 -28.656401 -1.038970 -7.308360 0.000000 1.000000 -1
1 -30.163799 -0.531092 -7.825180 0.000000 1.000000 -1
1 -28.656401 -1.038970 -7.308360 0.000000 1.000000 -1
1 -30.314800 -0.857517 -7.825180 0.000000 1.000000 -1
1 -28.656401 -1.038970 -7.308360 0.000000 1.000000 -1
1 -30.163799 -0.531092 -7.825180 0.000000 1.000000 -1
1 -28.505199 -0.351808 -7.308360 0.000000 1.000000 -1
1 -30.086500 -0.179834 -7.825180 0.000000 1.000000 -1
1 -28.505199 -0.351808 -7.308360 0.000000 1.000000 -1
1 -30.163799 -0.531092 -7.825180 0.000000 1.000000 -1
1 -28.505199 -0.351808 -7.308360 0.000000 1.000000 -1
1 -30.086500 -0.179834 -7.825180 0.000000 1.000000 -1
1 -29.386900 0.000000 -7.646100 0.000000 1.000000 -1
1 -30.081499 0.000000 -7.804280 0.000000 1.000000 -1
1 -29.386900 0.000000 -7.646100 0.000000 1.000000 -1
1 -30.086500 -0.179834 -7.825180 0.000000 1.000000 -1
1 -33.249599 -0.698399 -7.825180 0.000000 1.000000 -1
1 -33.364399 -0.357559 -7.825180 0.000000 1.000000 -1
1 -31.740000 0.000000 -8.000000 0.000000 1.000000 -1
1 -25.495001 0.686792 -4.863390 0.000000 1.000000 -1
1 25.495001 0.686792 -4.863390 0.000000 1.000000 -1
1 -25.495001 0.000000 -5.000000 0.000000 1.000000 -1
1 25.495001 0.000000 -5.000000 0.000000 1.000000 -1
1 -25.495001 0.000000 -5.000000 0.000000 1.000000 -1
1 25.495001 0.686792 -4.863390 0.000000 1.000000 -1
1 -25.495001 0.000000 -5.000000 0.000000 1.000000 -1
1 25.495001 0.000000 -5.000000 0.000000 1.000000 -1
1 -25.495001 -0.686792 -4.863390 0.000000 1.000000 -1
1 25.495001 -0.686792 -4.863390 0.000000 1.000000 -1
1 -25.495001 -0.686792 -4.863390 0.000000 1.000000 -1
1 25.495001 0.000000 -5.000000 0.000000 1.000000 -1
1 -25.495001 -0.686792 -4.863390 0.000000 1.000000 -1
1 25.495001 -0.686792 -4.863390 0.000000 1.000000 -1
1 -25.495001 -1.913420 -4.619400 0.000000 1.000000 -1
1 25.495001 -1.913420 -4.619400 0.000000 1.000000 -1
1 -25.495001 -1.913420 -4.619400 0.000000 1.000000 -1
1 25.495001 -0.686792 -4.863390 0.000000 1.000000 -1
1 -25.495001 -1.913420 -4.619400 0.000000 1.000000 -1
1 25.495001 -1.913420 -4.619400 0.000000 1.000000 -1
1 -25.495001 -2.113500 -4.485710 0.000000 1.000000 -1
1 25.495001 -2.113500 -4.485710 0.000000 1.000000 -1
1 -25.495001 -2.113500 -4.485710 0.000000 1.000000 -1
1 25.495001 -1.913420 -4.619400 0.000000 1.000000 -1
1 -25.495001 -2.113500 -4.485710 0.000000 1.000000 -1
1 25.495001 -2.113500 -4.485710 0.000000 1.000000 -1
1 -25.495001 -2.848440 -3.994640 0.000000 1.000000 -1
1 25.495001 -2.848440 -3.994640 0.000000 1.000000 -1
1 -25.495001 -2.848440 -3.994640 0.000000 1.000000 -1
1 25.495001 -2.113500 -4.485710 0.000000 1.000000 -1
1 -25.495001 -2.848440 -3.994640 0.000000 1.000000 -1
1 25.495001 -2.848440 -3.994640 0.000000 1.000000 -1
1 -25.495001 -3.535530 -3.535530 0.000000 1.000000 -1
1 25.495001 -3.535530 -3.535530 0.000000 1.000000 -1
1 -25.495001 -3.535530 -3.535530 0.000000 1.000000 -1
1 25.495001 -2.848440 -3.994640 0.000000 1.000000 -1
1 -25.495001 -3.535530 -3.535530 0.000000 1.000000 -1
1 25.495001 -3.535530 -3.535530 0.000000 1.000000 -1
1 -25.495001 -3.769290 -3.185690 0.000000 1.000000 -1
1 25.495001 -3.769290 -3.185690 0.000000 1.000000 -1
1 -25.495001 -3.769290 -3.185690 0.000000 1.000000 -1
1 25.495001 -3.535530 -3.535530 0.000000 1.000000 -1
1 -25.495001 -3.769290 -3.185690 0.000000 1.000000 -1
1 25.495001 -3.769290 -3.185690 0.000000 1.000000 -1
1 -25.495001 -4.253710 -2.460710 0.000000 1.000000 -1
1 25.495001 -4.253710 -2.460710 0.000000 1.000000 -1
1 -25.495001 -4.253710 -2.460710 0.000000 1.000000 -1
1 25.495001 -3.769290 -3.185690 0.000000 1.000000 -1
1 -25.495001 -4.253710 -2.460710 0.000000 1.000000 -1
1 25.495001 -4.253710 -2.460710 0.000000 1.000000 -1
1 -25.495001 -4.619400 -1.913420 0.000000 1.000000 -1
1 25.495001 -4.619400 -1.913420 0.000000 1.000000 -1
1 -25.495001 -4.619400 -1.913420 0.000000 1.000000 -1
1 25.495001 -4.253710 -2.460710 0.000000 1.000000 -1
1 -25.495001 -4.619400 -1.913420 0.000000 1.000000 -1
1 25.495001 -4.619400 -1.913420 0.000000 1.000000 -1
1 -25.495001 -4.835010 -0.829485 0.000000 1.000000 -1
1 25.495001 -4.835010 -0.829485 0.000000 1.000000 -1
1 -25.495001 -4.835010 -0.829485 0.000000 1.000000 -1
1 25.495001 -4.619400 -1.913420 0.000000 1.000000 -1
1 -25.495001 -4.835010 -0.829485 0.000000 1.000000 -1
1 25.495001 -4.835010 -0.829485 0.000000 1.000000 -1
1 -25.495001 -5.000000 -0.000000 0.000000 1.000000 -1
1 25.495001 -5.000000 0.000000 0.000000 1.000000 -1
1 -25.495001 -5.000000 -0.000000 0.000000 1.000000 -1
1 25.495001 -4.835010 -0.829485 0.000000 1.000000 -1
1 -25.495001 -5.000000 -0.000000 0.000000 1.000000 -1
1 25.495001 -5.000000 0.000000 0.000000 1.000000 -1
1 -25.495001 -4.835010 0.829485 0.000000 1.000000 -1
1 25.495001 -4.835010 0.829485 0.000000 1.000000 -1
1 -25.495001 -4.835010 0.829485 0.000000 1.000000 -1
1 25.495001 -5.000000 0.000000 0.000000 1.000000 -1
1 -25.495001 -4.835010 0.829485 0.000000 1.000000 -1
1 25.495001 -4.835010 0.829485 0.000000 1.000000 -1
1 -25.495001 -4.619400 1.913420 0.000000 1.000000 -1
1 25.495001 -4.619400 1.913420 0.000000 1.000000 -1
1 -25.495001 -4.619400 1.913420 0.000000 1.000000 -1
1 25.495001 -4.835010 0.829485 0.000000 1.000000 -1
1 -25.495001 -4.619400 1.913420 0.000000 1.000000 -1
1 25.495001 -4.619400 1.913420 0.000000 1.000000 -1
1 -25.495001 -4.253710 2.460710 0.000000 1.000000 -1
1 25.495001 -4.253710 2.460710 0.000000 1.000000 -1
1 -25.495001 -4.253710 2.460710 0.000000 1.000000 -1
1 25.495001 -4.619400 1.913420 0.000000 1.000000 -1
1 -25.495001 -4.253710 2.460710 0.000000 1.000000 -1
1 25.495001 -4.253710 2.460710 0.000000 1.000000 -1
1 -25.495001 -3.769290 3.185690 0.000000 1.000000 -1
1 25.495001 -3.769290 3.185690 0.000000 1.000000 -1
1 -25.495001 -3.769290 3.185690 0.000000 1.000000 -1
1 25.495001 -4.253710 2.460710 0.000000 1.000000 -1
1 -25.495001 -3.769290 3.185690 0.000000 1.000000 -1
1 25.495001 -3.769290 3.185690 0.000000 1.000000 -1
1 -25.495001 -3.535530 3.535530 0.000000 1.000000 -1
1 25.495001 -3.535530 3.535530 0.000000 1.000000 -1
1 -25.495001 -3.535530 3.535530 0.000000 1.000000 -1
1 25.495001 -3.769290 3.185690 0.000000 1.000000 -1
1 -25.495001 -3.535530 3.535530 0.000000 1.000000 -1
1 25.495001 -3.535530 3.535530 0.000000 1.000000 -1
1 -25.495001 -2.848440 3.994640 0.000000 1.000000 -1
1 25.495001 -2.848440 3.994640 0.000000 1.000000 -1
1 -25.495001 -2.848440 3.994640 0.000000 1.000000 -1
1 25.495001 -3.535530 3.535530 0.000000 1.000000 -1
1 -25.495001 -2.848440 3.994640 0.000000 1.000000 -1
1 25.495001 -2.848440 3.994640 0.000000 1.000000 -1
1 -25.495001 -2.113500 4.485710 0.000000 1.000000 -1
1 25.495001 -2.113500 4.485710 0.000000 1.000000 -1
1 -25.495001 -2.113500 4.485710 0.000000 1.000000 -1
1 25.495001 -2.848440 3.994640 0.000000 1.000000 -1
1 -25.495001 -2.113500 4.485710 0.000000 1.000000 -1
1 25.495001 -2.113500 4.485710 0.000000 1.000000 -1
1 -25.495001 -1.913420 4.619400 0.000000 1.000000 -1
1 25.495001 -1.913420 4.619400 0.000000 1.000000 -1
1 -25.495001 -1.913420 4.619400 0.000000 1.000000 -1
1 25.495001 -2.113500 4.485710 0.000000 1.000000 -1
1 -25.495001 -1.913420 4.619400 0.000000 1.000000 -1
1 25.495001 -1.913420 4.619400 0.000000 1.000000 -1
1 -25.495001 -0.686792 4.863390 0.000000 1.000000 -1
1 25.495001 -0.686792 4.863390 0.000000 1.000000 -1
1 -25.495001 -0.686792 4.863390 0.000000 1.000000 -1
1 25.495001 -1.913420 4.619400 0.000000 1.000000 -1
1 -25.495001 -0.686792 4.863390 0.000000 1.000000 -1
1 25.495001 -0.686792 4.863390 0.000000 1.000000 -1
1 -25.495001 0.000000 5.000000 0.000000 1.000000 -1
1 25.495001 0.000000 5.000000 0.000000 1.000000 -1
1 -25.495001 0.000000 5.000000 0.000000 1.000000 -1
1 25.495001 -0.686792 4.863390 0.000000 1.000000 -1
1 -25.495001 0.000000 5.000000 0.000000 1.000000 -1
1 25.495001 0.000000 5.000000 0.000000 1.000000 -1
1 -25.495001 0.686792 4.863390 0.000000 1.000000 -1
1 25.495001 0.686792 4.863390 0.000000 1.000000 -1
1 -25.495001 0.686792 4.863390 0.000000 1.000000 -1
1 25.495001 0.000000 5.000000 0.000000 1.000000 -1
1 -25.495001 0.686792 4.863390 0.000000 1.000000 -1
1 25.495001 0.686792 4.863390 0.000000 1.000000 -1
1 -25.495001 1.913420 4.619400 0.000000 1.000000 -1
1 25.495001 1.913420 4.619400 0.000000 1.000000 -1
1 -25.495001 1.913420 4.619400 0.000000 1.000000 -1
1 25.495001 0.686792 4.863390 0.000000 1.000000 -1
1 -25.495001 1.913420 4.619400 0.000000 1.000000 -1
1 25.495001 1.913420 4.619400 0.000000 1.000000 -1
1 -25.495001 2.113500 4.485710 0.000000 1.000000 -1
1 25.495001 2.113500 4.485710 0.000000 1.000000 -1
1 -25.495001 2.113500 4.485710 0.000000 1.000000 -1
1 25.495001 1.913420 4.619400 0.000000 1.000000 -1
1 -25.495001 2.113500 4.485710 0.000000 1.000000 -1
1 25.495001 2.113500 4.485710 0.000000 1.000000 -1
1 -25.495001 2.848440 3.994640 0.000000 1.000000 -1
1 25.495001 2.848440 3.994640 0.000000 1.000000 -1
1 -25.495001 2.848440 3.994640 0.000000 1.000000 -1
1 25.495001 2.113500 4.485710 0.000000 1.000000 -1
1 -25.495001 2.848440 3.994640 0.000000 1.000000 -1
1 25.495001 2.848440 3.994640 0.000000 1.000000 -1
1 -25.495001 3.535530 3.535530 0.000000 1.000000 -1
1 25.495001 3.535530 3.535530 0.000000 1.000000 -1
1 -25.495001 3.535530 3.535530 0.000000 1.000000 -1
1 25.495001 2.848440 3.994640 0.000000 1.000000 -1
1 -25.495001 3.535530 3.535530 0.000000 1.000000 -1
1 25.495001 3.535530 3.535530 0.000000 1.000000 -1
1 -25.495001 3.769290 3.185690 0.000000 1.000000 -1
1 25.495001 3.769290 3.185690 0.000000 1.000000 -1
1 -25.495001 3.769290 3.185690 0.000000 1.000000 -1
1 25.495001 3.535530 3.535530 0.000000 1.000000 -1
1 -25.495001 3.769290 3.185690 0.000000 1.000000 -1
1 25.495001 3.769290 3.185690 0.000000 1.000000 -1
1 -25.495001 4.253710 2.460710 0.000000 1.000000 -1
1 25.495001 4.253710 2.460710 0.000000 1.000000 -1
1 -25.495001 4.253710 2.460710 0.000000 1.000000 -1
1 25.495001 3.769290 3.185690 0.000000 1.000000 -1
1 -25.495001 4.253710 2.460710 0.000000 1.000000 -1
1 25.495001 4.253710 2.460710 0.000000 1.000000 -1
1 -25.495001 4.619400 1.913420 0.000000 1.000000 -1
1 25.495001 4.619400 1.913420 0.000000 1.000000 -1
1 -25.495001 4.619400 1.913420 0.000000 1.000000 -1
1 25.495001 4.253710 2.460710 0.000000 1.000000 -1
1 -25.495001 4.619400 1.913420 0.000000 1.000000 -1
1 25.495001 4.619400 1.913420 0.000000 1.000000 -1
1 -25.495001 4.835010 0.829485 0.000000 1.000000 -1
1 25.495001 4.835010 0.829485 0.000000 1.000000 -1
1 -25.495001 4.835010 0.829485 0.000000 1.000000 -1
1 25.495001 4.619400 1.913420 0.000000 1.000000 -1
1 -25.495001 4.835010 0.829485 0.000000 1.000000 -1
1 25.495001 4.835010 0.829485 0.000000 1.000000 -1
1 -25.495001 5.000000 -0.000000 0.000000 1.000000 -1
1 25.495001 5.000000 0.000000 0.000000 1.000000 -1
1 -25.495001 5.000000 -0.000000 0.000000 1.000000 -1
1 25.495001 4.835010 0.829485 0.000000 1.000000 -1
1 -25.495001 5.000000 -0.000000 0.000000 1.000000 -1
1 25.495001 5.000000 0.000000 0.000000 1.000000 -1
1 -25.495001 4.835010 -0.829485 0.000000 1.000000 -1
1 25.495001 4.835010 -0.829485 0.000000 1.000000 -1
1 -25.495001 4.835010 -0.829485 0.000000 1.000000 -1
1 25.495001 5.000000 0.000000 0.000000 1.000000 -1
1 -25.495001 4.835010 -0.829485 0.000000 1.000000 -1
1 25.495001 4.835010 -0.829485 0.000000 1.000000 -1
1 -25.495001 4.619400 -1.913420 0.000000 1.000000 -1
1 25.495001 4.619400 -1.913420 0.000000 1.000000 -1
1 -25.495001 4.619400 -1.913420 0.000000 1.000000 -1
1 25.495001 4.835010 -0.829485 0.000000 1.000000 -1
1 -25.495001 4.619400 -1.913420 0.000000 1.000000 -1
1 25.495001 4.619400 -1.913420 0.000000 1.000000 -1
1 -25.495001 4.253710 -2.460710 0.000000 1.000000 -1
1 25.495001 4.253710 -2.460710 0.000000 1.000000 -1
1 -25.495001 4.253710 -2.460710 0.000000 1.000000 -1
1 25.495001 4.619400 -1.913420 0.000000 1.000000 -1
1 -25.495001 4.253710 -2.460710 0.000000 1.000000 -1
1 25.495001 4.253710 -2.460710 0.000000 1.000000 -1
1 -25.495001 3.769290 -3.185690 0.000000 1.000000 -1
1 25.495001 3.769290 -3.185690 0.000000 1.000000 -1
1 -25.495001 3.769290 -3.185690 0.000000 1.000000 -1
1 25.495001 4.253710 -2.460710 0.000000 1.000000 -1
1 -25.495001 3.769290 -3.185690 0.000000 1.000000 -1
1 25.495001 3.769290 -3.185690 0.000000 1.000000 -1
1 -25.495001 3.535530 -3.535530 0.000000 1.000000 -1
1 25.495001 3.535530 -3.535530 0.000000 1.000000 -1
1 -25.495001 3.535530 -3.535530 0.000000 1.000000 -1
1 25.495001 3.769290 -3.185690 0.000000 1.000000 -1
1 -25.495001 3.535530 -3.535530 0.000000 1.000000 -1
1 25.495001 3.535530 -3.535530 0.000000 1.000000 -1
1 -25.495001 2.848440 -3.994640 0.000000 1.000000 -1
1 25.495001 2.848440 -3.994640 0.000000 1.000000 -1
1 -25.495001 2.848440 -3.994640 0.000000 1.000000 -1
1 25.495001 3.535530 -3.535530 0.000000 1.000000 -1
1 -25.495001 2.848440 -3.994640 0.000000 1.000000 -1
1 25.495001 2.848440 -3.994640 0.000000 1.000000 -1
1 -25.495001 2.113500 -4.485710 0.000000 1.000000 -1
1 25.495001 2.113500 -4.485710 0.000000 1.000000 -1
1 -25.495001 2.113500 -4.485710 0.000000 1.000000 -1
1 25.495001 2.848440 -3.994640 0.000000 1.000000 -1
1 -25.495001 2.113500 -4.485710 0.000000 1.000000 -1
1 25.495001 2.113500 -4.485710 0.000000 1.000000 -1
1 -25.495001 1.913420 -4.619400 0.000000 1.000000 -1
1 25.495001 1.913420 -4.619400 0.000000 1.000000 -1
1 -25.495001 1.913420 -4.619400 0.000000 1.000000 -1
1 25.495001 2.113500 -4.485710 0.000000 1.000000 -1
1 -25.495001 1.913420 -4.619400 0.000000 1.000000 -1
1 25.495001 1.913420 -4.619400 0.000000 1.000000 -1
1 -25.495001 0.686792 -4.863390 0.000000 1.000000 -1
1 25.495001 0.686792 -4.863390 0.000000 1.000000 -1
1 -25.495001 0.686792 -4.863390 0.000000 1.000000 -1
1 25.495001 1.913420 -4.619400 0.000000 1.000000 -1
1 25.495001 -5.000000 -0.000000 0.000000 1.000000 -1
1 37.985001 -5.000000 -0.000000 0.000000 1.000000 -1
1 25.931999 -5.501600 -0.000000 0.000000 1.000000 -1
1 36.919102 -6.097300 -0.000000 0.000000 1.000000 -1
1 25.931999 -5.501600 -0.000000 0.000000 1.000000 -1
1 37.985001 -5.000000 -0.000000 0.000000 1.000000 -1
1 25.931999 -5.501600 -0.000000 0.000000 1.000000 -1
1 36.919102 -6.097300 -0.000000 0.000000 1.000000 -1
1 27.250500 -6.621510 -0.000000 0.000000 1.000000 -1
1 35.487301 -7.068100 -0.000000 0.000000 1.000000 -1
1 27.250500 -6.621510 -0.000000 0.000000 1.000000 -1
1 36.919102 -6.097300 -0.000000 0.000000 1.000000 -1
1 27.250500 -6.621510 -0.000000 0.000000 1.000000 -1
1 35.487301 -7.068100 -0.000000 0.000000 1.000000 -1
1 28.778900 -7.431810 -0.000000 0.000000 1.000000 -1
1 33.880199 -7.708400 -0.000000 0.000000 1.000000 -1
1 28.778900 -7.431810 -0.000000 0.000000 1.000000 -1
1 35.487301 -7.068100 -0.000000 0.000000 1.000000 -1
1 28.778900 -7.431810 -0.000000 0.000000 1.000000 -1
1 33.880199 -7.708400 -0.000000 0.000000 1.000000 -1
1 30.445700 -7.894610 -0.000000 0.000000 1.000000 -1
1 32.173100 -7.988270 -0.000000 0.000000 1.000000 -1
1 30.445700 -7.894610 -0.000000 0.000000 1.000000 -1
1 33.880199 -7.708400 -0.000000 0.000000 1.000000 -1
1 26.947500 -5.000000 -3.999320 0.000000 1.000000 -1
1 36.532501 -5.000000 -3.999320 0.000000 1.000000 -1
1 37.421700 -5.000000 -2.459190 0.000000 1.000000 -1
1 25.871599 -5.000000 -2.135920 0.000000 1.000000 -1
1 26.058300 -5.000000 -2.459190 0.000000 1.000000 -1
1 25.640800 -5.000000 -0.826998 0.000000 1.000000 -1
1 37.985001 -5.000000 -0.000000 0.000000 1.000000 -1
1 25.640800 -5.000000 -0.826998 0.000000 1.000000 -1
1 26.058300 -5.000000 -2.459190 0.000000 1.000000 -1
1 25.640800 -5.000000 -0.826998 0.000000 1.000000 -1
1 37.985001 -5.000000 -0.000000 0.000000 1.000000 -1
1 25.495001 -5.000000 -0.000000 0.000000 1.000000 -1
1 26.058300 -5.000000 -2.459190 0.000000 1.000000 -1
1 26.434200 -5.000000 -3.110340 0.000000 1.000000 -1
1 37.985001 -5.000000 -0.000000 0.000000 1.000000 -1
1 26.947500 -5.000000 -3.999320 0.000000 1.000000 -1
1 37.985001 -5.000000 -0.000000 0.000000 1.000000 -1
1 26.434200 -5.000000 -3.110340 0.000000 1.000000 -1
1 37.985001 -5.000000 -0.000000 0.000000 1.000000 -1
1 26.947500 -5.000000 -3.999320 0.000000 1.000000 -1
1 37.839199 -5.000000 -0.826998 0.000000 1.000000 -1
1 37.421700 -5.000000 -2.459190 0.000000 1.000000 -1
1 37.839199 -5.000000 -0.826998 0.000000 1.000000 -1
1 26.947500 -5.000000 -3.999320 0.000000 1.000000 -1
1 37.839199 -5.000000 -0.826998 0.000000 1.000000 -1
1 37.421700 -5.000000 -2.459190 0.000000 1.000000 -1
1 37.608398 -5.000000 -2.135920 0.000000 1.000000 -1
1 26.947500 -5.000000 -3.999320 0.000000 1.000000 -1
1 26.956100 -5.000000 -4.014210 0.000000 1.000000 -1
1 28.322001 -5.000000 -5.160400 0.000000 1.000000 -1
1 36.523899 -5.000000 -4.014210 0.000000 1.000000 -1
1 36.532501 -5.000000 -3.999320 0.000000 1.000000 -1
1 36.035999 -5.000000 -4.423620 0.000000 1.000000 -1
1 26.947500 -5.000000 -3.999320 0.000000 1.000000 -1
1 36.035999 -5.000000 -4.423620 0.000000 1.000000 -1
1 36.532501 -5.000000 -3.999320 0.000000 1.000000 -1
1 36.035999 -5.000000 -4.423620 0.000000 1.000000 -1
1 26.947500 -5.000000 -3.999320 0.000000 1.000000 -1
1 34.931400 -5.000000 -5.350500 0.000000 1.000000 -1
1 28.322001 -5.000000 -5.160400 0.000000 1.000000 -1
1 34.931400 -5.000000 -5.350500 0.000000 1.000000 -1
1 26.947500 -5.000000 -3.999320 0.000000 1.000000 -1
1 34.931400 -5.000000 -5.350500 0.000000 1.000000 -1
1 28.322001 -5.000000 -5.160400 0.000000 1.000000 -1
1 28.548599 -5.000000 -5.350500 0.000000 1.000000 -1
1 30.655600 -5.000000 -6.150120 0.000000 1.000000 -1
1 30.912300 -5.000000 -6.150120 0.000000 1.000000 -1
1 29.704300 -5.000000 -5.803890 0.000000 1.000000 -1
1 28.548599 -5.000000 -5.350500 0.000000 1.000000 -1
1 29.704300 -5.000000 -5.803890 0.000000 1.000000 -1
1 30.912300 -5.000000 -6.150120 0.000000 1.000000 -1
1 29.704300 -5.000000 -5.803890 0.000000 1.000000 -1
1 28.548599 -5.000000 -5.350500 0.000000 1.000000 -1
1 28.617500 -5.000000 -5.408330 0.000000 1.000000 -1
1 32.016998 -5.000000 -6.150120 0.000000 1.000000 -1
1 32.824402 -5.000000 -6.150120 0.000000 1.000000 -1
1 33.144901 -5.000000 -6.033490 0.000000 1.000000 -1
1 34.862499 -5.000000 -5.408330 0.000000 1.000000 -1
1 34.931400 -5.000000 -5.350500 0.000000 1.000000 -1
1 34.429100 -5.000000 -5.566060 0.000000 1.000000 -1
1 28.548599 -5.000000 -5.350500 0.000000 1.000000 -1
1 34.429100 -5.000000 -5.566060 0.000000 1.000000 -1
1 34.931400 -5.000000 -5.350500 0.000000 1.000000 -1
1 34.429100 -5.000000 -5.566060 0.000000 1.000000 -1
1 28.548599 -5.000000 -5.350500 0.000000 1.000000 -1
1 33.144901 -5.000000 -6.033490 0.000000 1.000000 -1
1 30.912300 -5.000000 -6.150120 0.000000 1.000000 -1
1 33.144901 -5.000000 -6.033490 0.000000 1.000000 -1
1 28.548599 -5.000000 -5.350500 0.000000 1.000000 -1
1 33.144901 -5.000000 -6.033490 0.000000 1.000000 -1
1 30.912300 -5.000000 -6.150120 0.000000 1.000000 -1
1 32.016998 -5.000000 -6.150120 0.000000 1.000000 -1
1 25.495001 5.000000 0.000000 0.000000 1.000000 -1
1 37.985001 5.000000 0.000000 0.000000 1.000000 -1
1 25.931999 5.501600 0.000000 0.000000 1.000000 -1
1 36.919102 6.097300 0.000000 0.000000 1.000000 -1
1 25.931999 5.501600 0.000000 0.000000 1.000000 -1
1 37.985001 5.000000 0.000000 0.000000 1.000000 -1
1 25.931999 5.501600 0.000000 0.000000 1.000000 -1
1 36.919102 6.097300 0.000000 0.000000 1.000000 -1
1 27.250500 6.621510 0.000000 0.000000 1.000000 -1
1 35.487301 7.068100 0.000000 0.000000 1.000000 -1
1 27.250500 6.621510 0.000000 0.000000 1.000000 -1
1 36.919102 6.097300 0.000000 0.000000 1.000000 -1
1 27.250500 6.621510 0.000000 0.000000 1.000000 -1
1 35.487301 7.068100 0.000000 0.000000 1.000000 -1
1 28.778900 7.431810 0.000000 0.000000 1.000000 -1
1 33.880199 7.708400 0.000000 0.000000 1.000000 -1
1 28.778900 7.431810 0.000000 0.000000 1.000000 -1
1 35.487301 7.068100 0.000000 0.000000 1.000000 -1
1 28.778900 7.431810 0.000000 0.000000 1.000000 -1
1 33.880199 7.708400 0.000000 0.000000 1.000000 -1
1 30.445700 7.894610 0.000000 0.000000 1.000000 -1
1 32.173100 7.988270 0.000000 0.000000 1.000000 -1
1 30.445700 7.894610 0.000000 0.000000 1.000000 -1
1 33.880199 7.708400 0.000000 0.000000 1.000000 -1
1 37.839199 5.000000 0.826998 0.000000 1.000000 -1
1 37.985001 5.000000 0.000000 0.000000 1.000000 -1
1 26.947500 5.000000 3.999320 0.000000 1.000000 -1
1 26.947500 5.000000 3.999320 0.000000 1.000000 -1
1 37.985001 5.000000 0.000000 0.000000 1.000000 -1
1 26.434200 5.000000 3.110340 0.000000 1.000000 -1
1 37.985001 5.000000 0.000000 0.000000 1.000000 -1
1 25.495001 5.000000 0.000000 0.000000 1.000000 -1
1 25.640800 5.000000 0.826998 0.000000 1.000000 -1
1 26.434200 5.000000 3.110340 0.000000 1.000000 -1
1 37.985001 5.000000 0.000000 0.000000 1.000000 -1
1 26.058300 5.000000 2.459190 0.000000 1.000000 -1
1 25.640800 5.000000 0.826998 0.000000 1.000000 -1
1 26.058300 5.000000 2.459190 0.000000 1.000000 -1
1 37.985001 5.000000 0.000000 0.000000 1.000000 -1
1 26.058300 5.000000 2.459190 0.000000 1.000000 -1
1 25.640800 5.000000 0.826998 0.000000 1.000000 -1
1 25.871599 5.000000 2.135920 0.000000 1.000000 -1
1 26.947500 5.000000 3.999320 0.000000 1.000000 -1
1 26.956100 5.000000 4.014210 0.000000 1.000000 -1
1 28.322001 5.000000 5.160400 0.000000 1.000000 -1
1 37.608398 5.000000 2.135920 0.000000 1.000000 -1
1 37.839199 5.000000 0.826998 0.000000 1.000000 -1
1 37.421700 5.000000 2.459190 0.000000 1.000000 -1
1 26.947500 5.000000 3.999320 0.000000 1.000000 -1
1 37.421700 5.000000 2.459190 0.000000 1.000000 -1
1 37.839199 5.000000 0.826998 0.000000 1.000000 -1
1 37.421700 5.000000 2.459190 0.000000 1.000000 -1
1 26.947500 5.000000 3.999320 0.000000 1.000000 -1
1 36.532501 5.000000 3.999320 0.000000 1.000000 -1
1 28.322001 5.000000 5.160400 0.000000 1.000000 -1
1 36.532501 5.000000 3.999320 0.000000 1.000000 -1
1 26.947500 5.000000 3.999320 0.000000 1.000000 -1
1 36.532501 5.000000 3.999320 0.000000 1.000000 -1
1 28.322001 5.000000 5.160400 0.000000 1.000000 -1
1 28.548599 5.000000 5.350500 0.000000 1.000000 -1
1 29.704300 5.000000 5.803890 0.000000 1.000000 -1
1 30.655600 5.000000 6.150120 0.000000 1.000000 -1
1 30.912300 5.000000 6.150120 0.000000 1.000000 -1
1 36.523899 5.000000 4.014210 0.000000 1.000000 -1
1 36.532501 5.000000 3.999320 0.000000 1.000000 -1
1 36.035999 5.000000 4.423620 0.000000 1.000000 -1
1 28.548599 5.000000 5.350500 0.000000 1.000000 -1
1 36.035999 5.000000 4.423620 0.000000 1.000000 -1
1 36.532501 5.000000 3.999320 0.000000 1.000000 -1
1 36.035999 5.000000 4.423620 0.000000 1.000000 -1
1 28.548599 5.000000 5.350500 0.000000 1.000000 -1
1 34.931400 5.000000 5.350500 0.000000 1.000000 -1
1 34.429100 5.000000 5.566060 0.000000 1.000000 -1
1 34.931400 5.000000 5.350500 0.000000 1.000000 -1
1 28.548599 5.000000 5.350500 0.000000 1.000000 -1
1 34.931400 5.000000 5.350500 0.000000 1.000000 -1
1 34.429100 5.000000 5.566060 0.000000 1.000000 -1
1 34.862499 5.000000 5.408330 0.000000 1.000000 -1
1 32.824402 5.000000 6.150120 0.000000 1.000000 -1
1 33.144901 5.000000 6.033490 0.000000 1.000000 -1
1 32.016998 5.000000 6.150120 0.000000 1.000000 -1
1 34.429100 5.000000 5.566060 0.000000 1.000000 -1
1 32.016998 5.000000 6.150120 0.000000 1.000000 -1
1 33.144901 5.000000 6.033490 0.000000 1.000000 -1
1 32.016998 5.000000 6.150120 0.000000 1.000000 -1
1 34.429100 5.000000 5.566060 0.000000 1.000000 -1
1 30.912300 5.000000 6.150120 0.000000 1.000000 -1
1 28.548599 5.000000 5.350500 0.000000 1.000000 -1
1 30.912300 5.000000 6.150120 0.000000 1.000000 -1
1 34.429100 5.000000 5.566060 0.000000 1.000000 -1
1 30.912300 5.000000 6.150120 0.000000 1.000000 -1
1 28.548599 5.000000 5.350500 0.000000 1.000000 -1
1 29.704300 5.000000 5.803890 0.000000 1.000000 -1
1 28.617500 5.000000 5.408330 0.000000 1.000000 -1
1 29.704300 5.000000 5.803890 0.000000 1.000000 -1
1 28.548599 5.000000 5.350500 0.000000 1.000000 -1
1 37.985001 0.000000 5.000000 0.000000 1.000000 -1
1 37.647400 -0.000000 5.312230 0.000000 1.000000 -1
1 25.495001 0.000000 5.000000 0.000000 1.000000 -1
1 36.419701 -0.000000 6.447710 0.000000 1.000000 -1
1 25.495001 0.000000 5.000000 0.000000 1.000000 -1
1 37.647400 -0.000000 5.312230 0.000000 1.000000 -1
1 25.495001 0.000000 5.000000 0.000000 1.000000 -1
1 36.419701 -0.000000 6.447710 0.000000 1.000000 -1
1 25.832600 0.000000 5.312230 0.000000 1.000000 -1
1 30.081499 0.000000 7.804280 0.000000 1.000000 -1
1 29.386900 0.000000 7.646100 0.000000 1.000000 -1
1 28.523199 0.000000 7.231190 0.000000 1.000000 -1
1 25.832600 0.000000 5.312230 0.000000 1.000000 -1
1 28.523199 0.000000 7.231190 0.000000 1.000000 -1
1 27.060301 0.000000 6.447710 0.000000 1.000000 -1
1 27.242001 0.000000 6.615710 0.000000 1.000000 -1
1 27.060301 0.000000 6.447710 0.000000 1.000000 -1
1 28.523199 0.000000 7.231190 0.000000 1.000000 -1
1 25.832600 0.000000 5.312230 0.000000 1.000000 -1
1 36.419701 -0.000000 6.447710 0.000000 1.000000 -1
1 28.523199 0.000000 7.231190 0.000000 1.000000 -1
1 36.237999 0.000000 6.615710 0.000000 1.000000 -1
1 28.523199 0.000000 7.231190 0.000000 1.000000 -1
1 36.419701 -0.000000 6.447710 0.000000 1.000000 -1
1 28.523199 0.000000 7.231190 0.000000 1.000000 -1
1 36.237999 0.000000 6.615710 0.000000 1.000000 -1
1 34.956799 0.000000 7.231190 0.000000 1.000000 -1
1 31.740000 0.000000 8.000000 0.000000 1.000000 -1
1 31.441500 0.000000 7.994430 0.000000 1.000000 -1
1 33.392200 0.000000 7.751510 0.000000 1.000000 -1
1 31.143400 0.000000 7.977730 0.000000 1.000000 -1
1 33.392200 0.000000 7.751510 0.000000 1.000000 -1
1 31.441500 0.000000 7.994430 0.000000 1.000000 -1
1 34.956799 0.000000 7.231190 0.000000 1.000000 -1
1 34.093102 0.000000 7.646100 0.000000 1.000000 -1
1 28.523199 0.000000 7.231190 0.000000 1.000000 -1
1 33.392200 0.000000 7.751510 0.000000 1.000000 -1
1 28.523199 0.000000 7.231190 0.000000 1.000000 -1
1 34.093102 0.000000 7.646100 0.000000 1.000000 -1
1 28.523199 0.000000 7.231190 0.000000 1.000000 -1
1 33.392200 0.000000 7.751510 0.000000 1.000000 -1
1 30.081499 0.000000 7.804280 0.000000 1.000000 -1
1 31.143400 0.000000 7.977730 0.000000 1.000000 -1
1 30.081499 0.000000 7.804280 0.000000 1.000000 -1
1 33.392200 0.000000 7.751510 0.000000 1.000000 -1
1 30.081499 0.000000 7.804280 0.000000 1.000000 -1
1 31.143400 0.000000 7.977730 0.000000 1.000000 -1
1 30.550200 0.000000 7.911030 0.000000 1.000000 -1
1 27.206200 -4.294680 5.000000 0.000000 1.000000 -1
1 28.235399 -5.168920 5.000000 0.000000 1.000000 -1
1 37.985001 -0.000000 5.000000 0.000000 1.000000 -1
1 26.388901 -3.219630 5.000000 0.000000 1.000000 -1
1 27.206200 -4.294680 5.000000 0.000000 1.000000 -1
1 25.821899 -1.994040 5.000000 0.000000 1.000000 -1
1 37.985001 -0.000000 5.000000 0.000000 1.000000 -1
1 25.821899 -1.994040 5.000000 0.000000 1.000000 -1
1 27.206200 -4.294680 5.000000 0.000000 1.000000 -1
1 25.821899 -1.994040 5.000000 0.000000 1.000000 -1
1 37.985001 -0.000000 5.000000 0.000000 1.000000 -1
1 25.531601 -0.675203 5.000000 0.000000 1.000000 -1
1 25.495001 0.000000 5.000000 0.000000 1.000000 -1
1 25.531601 -0.675203 5.000000 0.000000 1.000000 -1
1 37.985001 -0.000000 5.000000 0.000000 1.000000 -1
1 33.410702 -6.017370 5.000000 0.000000 1.000000 -1
1 34.665199 -5.517530 5.000000 0.000000 1.000000 -1
1 32.078098 -6.235840 5.000000 0.000000 1.000000 -1
1 37.985001 -0.000000 5.000000 0.000000 1.000000 -1
1 32.078098 -6.235840 5.000000 0.000000 1.000000 -1
1 34.665199 -5.517530 5.000000 0.000000 1.000000 -1
1 32.078098 -6.235840 5.000000 0.000000 1.000000 -1
1 37.985001 -0.000000 5.000000 0.000000 1.000000 -1
1 30.729700 -6.162730 5.000000 0.000000 1.000000 -1
1 28.235399 -5.168920 5.000000 0.000000 1.000000 -1
1 30.729700 -6.162730 5.000000 0.000000 1.000000 -1
1 37.985001 -0.000000 5.000000 0.000000 1.000000 -1
1 30.729700 -6.162730 5.000000 0.000000 1.000000 -1
1 28.235399 -5.168920 5.000000 0.000000 1.000000 -1
1 29.428499 -5.801460 5.000000 0.000000 1.000000 -1
1 37.407799 -2.622210 5.000000 0.000000 1.000000 -1
1 37.839001 -1.342490 5.000000 0.000000 1.000000 -1
1 36.711601 -3.779310 5.000000 0.000000 1.000000 -1
1 37.985001 -0.000000 5.000000 0.000000 1.000000 -1
1 36.711601 -3.779310 5.000000 0.000000 1.000000 -1
1 37.839001 -1.342490 5.000000 0.000000 1.000000 -1
1 36.711601 -3.779310 5.000000 0.000000 1.000000 -1
1 37.985001 -0.000000 5.000000 0.000000 1.000000 -1
1 35.782902 -4.759700 5.000000 0.000000 1.000000 -1
1 34.665199 -5.517530 5.000000 0.000000 1.000000 -1
1 35.782902 -4.759700 5.000000 0.000000 1.000000 -1
1 37.985001 -0.000000 5.000000 0.000000 1.000000 -1
1 25.495001 0.000000 -5.000000 0.000000 1.000000 -1
1 37.985001 0.000000 -5.000000 0.000000 1.000000 -1
1 25.832600 0.000000 -5.312230 0.000000 1.000000 -1
1 27.060301 0.000000 -6.447710 0.000000 1.000000 -1
1 25.832600 0.000000 -5.312230 0.000000 1.000000 -1
1 37.985001 0.000000 -5.000000 0.000000 1.000000 -1
1 37.985001 0.000000 -5.000000 0.000000 1.000000 -1
1 37.647400 0.000000 -5.312230 0.000000 1.000000 -1
1 27.060301 0.000000 -6.447710 0.000000 1.000000 -1
1 36.419701 0.000000 -6.447710 0.000000 1.000000 -1
1 27.060301 0.000000 -6.447710 0.000000 1.000000 -1
1 37.647400 0.000000 -5.312230 0.000000 1.000000 -1
1 27.060301 0.000000 -6.447710 0.000000 1.000000 -1
1 36.419701 0.000000 -6.447710 0.000000 1.000000 -1
1 36.237999 0.000000 -6.615710 0.000000 1.000000 -1
1 30.081499 0.000000 -7.804280 0.000000 1.000000 -1
1 29.386900 0.000000 -7.646100 0.000000 1.000000 -1
1 28.523199 0.000000 -7.231190 0.000000 1.000000 -1
1 36.237999 0.000000 -6.615710 0.000000 1.000000 -1
1 34.956799 0.000000 -7.231190 0.000000 1.000000 -1
1 27.060301 0.000000 -6.447710 0.000000 1.000000 -1
1 28.523199 0.000000 -7.231190 0.000000 1.000000 -1
1 27.060301 0.000000 -6.447710 0.000000 1.000000 -1
1 34.956799 0.000000 -7.231190 0.000000 1.000000 -1
1 27.060301 0.000000 -6.447710 0.000000 1.000000 -1
1 28.523199 0.000000 -7.231190 0.000000 1.000000 -1
1 27.242001 0.000000 -6.615710 0.000000 1.000000 -1
1 31.740000 0.000000 -8.000000 0.000000 1.000000 -1
1 31.441500 0.000000 -7.994430 0.000000 1.000000 -1
1 33.392200 0.000000 -7.751510 0.000000 1.000000 -1
1 31.143400 0.000000 -7.977730 0.000000 1.000000 -1
1 33.392200 0.000000 -7.751510 0.000000 1.000000 -1
1 31.441500 0.000000 -7.994430 0.000000 1.000000 -1
1 34.956799 0.000000 -7.231190 0.000000 1.000000 -1
1 34.093102 0.000000 -7.646100 0.000000 1.000000 -1
1 28.523199 0.000000 -7.231190 0.000000 1.000000 -1
1 33.392200 0.000000 -7.751510 0.000000 1.000000 -1
1 28.523199 0.000000 -7.231190 0.000000 1.000000 -1
1 34.093102 0.000000 -7.646100 0.000000 1.000000 -1
1 28.523199 0.000000 -7.231190 0.000000 1.000000 -1
1 33.392200 0.000000 -7.751510 0.000000 1.000000 -1
1 30.081499 0.000000 -7.804280 0.000000 1.000000 -1
1 31.143400 0.000000 -7.977730 0.000000 1.000000 -1
1 30.081499 0.000000 -7.804280 0.000000 1.000000 -1
1 33.392200 0.000000 -7.751510 0.000000 1.000000 -1
1 30.081499 0.000000 -7.804280 0.000000 1.000000 -1
1 31.143400 0.000000 -7.977730 0.000000 1.000000 -1
1 30.550200 0.000000 -7.911030 0.000000 1.000000 -1
1 37.985001 0.000000 -5.000000 0.000000 1.000000 -1
1 25.495001 0.000000 -5.000000 0.000000 1.000000 -1
1 25.531601 0.675203 -5.000000 0.000000 1.000000 -1
1 37.985001 0.000000 -5.000000 0.000000 1.000000 -1
1 25.531601 0.675203 -5.000000 0.000000 1.000000 -1
1 37.839001 1.342490 -5.000000 0.000000 1.000000 -1
1 25.821899 1.994040 -5.000000 0.000000 1.000000 -1
1 37.839001 1.342490 -5.000000 0.000000 1.000000 -1
1 25.531601 0.675203 -5.000000 0.000000 1.000000 -1
1 37.839001 1.342490 -5.000000 0.000000 1.000000 -1
1 25.821899 1.994040 -5.000000 0.000000 1.000000 -1
1 37.407799 2.622210 -5.000000 0.000000 1.000000 -1
1 26.388901 3.219630 -5.000000 0.000000 1.000000 -1
1 37.407799 2.622210 -5.000000 0.000000 1.000000 -1
1 25.821899 1.994040 -5.000000 0.000000 1.000000 -1
1 37.407799 2.622210 -5.000000 0.000000 1.000000 -1
1 26.388901 3.219630 -5.000000 0.000000 1.000000 -1
1 36.711601 3.779310 -5.000000 0.000000 1.000000 -1
1 27.206200 4.294680 -5.000000 0.000000 1.000000 -1
1 36.711601 3.779310 -5.000000 0.000000 1.000000 -1
1 26.388901 3.219630 -5.000000 0.000000 1.000000 -1
1 36.711601 3.779310 -5.000000 0.000000 1.000000 -1
1 27.206200 4.294680 -5.000000 0.000000 1.000000 -1
1 35.782902 4.759700 -5.000000 0.000000 1.000000 -1
1 28.235399 5.168920 -5.000000 0.000000 1.000000 -1
1 35.782902 4.759700 -5.000000 0.000000 1.000000 -1
1 27.206200 4.294680 -5.000000 0.000000 1.000000 -1
1 35.782902 4.759700 -5.000000 0.000000 1.000000 -1
1 28.235399 5.168920 -5.000000 0.000000 1.000000 -1
1 34.665199 5.517530 -5.000000 0.000000 1.000000 -1
1 29.428499 5.801460 -5.000000 0.000000 1.000000 -1
1 34.665199 5.517530 -5.000000 0.000000 1.000000 -1
1 28.235399 5.168920 -5.000000 0.000000 1.000000 -1
1 34.665199 5.517530 -5.000000 0.000000 1.000000 -1
1 29.428499 5.801460 -5.000000 0.000000 1.000000 -1
1 33.410702 6.017370 -5.000000 0.000000 1.000000 -1
1 30.729700 6.162730 -5.000000 0.000000 1.000000 -1
1 33.410702 6.017370 -5.000000 0.000000 1.000000 -1
1 29.428499 5.801460 -5.000000 0.000000 1.000000 -1
1 33.410702 6.017370 -5.000000 0.000000 1.000000 -1
1 30.729700 6.162730 -5.000000 0.000000 1.000000 -1
1 32.078098 6.235840 -5.000000 0.000000 1.000000 -1
1 30.086500 -0.179834 -7.825180 0.000000 1.000000 -1
1 31.740000 0.000000 -8.000000 0.000000 1.000000 -1
1 30.163799 -0.531092 -7.825180 0.000000 1.000000 -1
1 30.532499 -1.143850 -7.825180 0.000000 1.000000 -1
1 30.314800 -0.857517 -7.825180 0.000000 1.000000 -1
1 31.740000 0.000000 -8.000000 0.000000 1.000000 -1
1 30.532499 -1.143850 -7.825180 0.000000 1.000000 -1
1 31.740000 0.000000 -8.000000 0.000000 1.000000 -1
1 30.806601 -1.376690 -7.825180 0.000000 1.000000 -1
1 31.124399 -1.545160 -7.825180 0.000000 1.000000 -1
1 30.806601 -1.376690 -7.825180 0.000000 1.000000 -1
1 31.740000 0.000000 -8.000000 0.000000 1.000000 -1
1 31.470900 -1.641380 -7.825180 0.000000 1.000000 -1
1 31.124399 -1.545160 -7.825180 0.000000 1.000000 -1
1 31.740000 0.000000 -8.000000 0.000000 1.000000 -1
1 31.830000 -1.660850 -7.825180 0.000000 1.000000 -1
1 31.470900 -1.641380 -7.825180 0.000000 1.000000 -1
1 31.740000 0.000000 -8.000000 0.000000 1.000000 -1
1 32.185001 -1.602670 -7.825180 0.000000 1.000000 -1
1 31.830000 -1.660850 -7.825180 0.000000 1.000000 -1
1 31.740000 0.000000 -8.000000 0.000000 1.000000 -1
1 32.519100 -1.469540 -7.825180 0.000000 1.000000 -1
1 32.185001 -1.602670 -7.825180 0.000000 1.000000 -1
1 31.740000 0.000000 -8.000000 0.000000 1.000000 -1
1 32.816799 -1.267700 -7.825180 0.000000 1.000000 -1
1 32.519100 -1.469540 -7.825180 0.000000 1.000000 -1
1 31.740000 0.000000 -8.000000 0.000000 1.000000 -1
1 33.064098 -1.006580 -7.825180 0.000000 1.000000 -1
1 32.816799 -1.267700 -7.825180 0.000000 1.000000 -1
1 31.740000 0.000000 -8.000000 0.000000 1.000000 -1
1 33.249599 -0.698399 -7.825180 0.000000 1.000000 -1
1 33.064098 -1.006580 -7.825180 0.000000 1.000000 -1
1 31.740000 0.000000 -8.000000 0.000000 1.000000 -1
1 33.364399 -0.357559 -7.825180 0.000000 1.000000 -1
1 33.249599 -0.698399 -7.825180 0.000000 1.000000 -1
1 31.740000 0.000000 -8.000000 0.000000 1.000000 -1
1 33.392200 0.000000 -7.751510 0.000000 1.000000 -1
1 33.364399 -0.357559 -7.825180 0.000000 1.000000 -1
1 31.740000 0.000000 -8.000000 0.000000 1.000000 -1
1 34.093102 0.000000 -7.646100 0.000000 1.000000 -1
1 34.956799 0.000000 -7.231190 0.000000 1.000000 -1
1 34.917801 -0.699491 -7.308360 0.000000 1.000000 -1
1 36.237999 0.000000 -6.615710 0.000000 1.000000 -1
1 36.419701 0.000000 -6.447710 0.000000 1.000000 -1
1 36.332298 -1.010850 -6.472140 0.000000 1.000000 -1
1 36.472900 -3.597860 -5.353050 0.000000 1.000000 -1
1 35.588799 -4.531170 -5.353050 0.000000 1.000000 -1
1 34.784199 -3.583900 -6.472140 0.000000 1.000000 -1
1 38.960800 -3.340710 0.836228 0.000000 1.000000 -1
1 38.073898 -4.814870 0.836228 0.000000 1.000000 -1
1 38.073898 -4.814870 -0.836228 0.000000 1.000000 -1
1 32.519100 1.469540 7.825180 0.000000 1.000000 -1
1 32.816799 1.267700 7.825180 0.000000 1.000000 -1
1 33.846500 2.479990 7.308360 0.000000 1.000000 -1
1 32.816799 1.267700 7.825180 0.000000 1.000000 -1
1 32.519100 1.469540 7.825180 0.000000 1.000000 -1
1 31.740000 0.000000 8.000000 0.000000 1.000000 -1
1 25.803499 -3.571860 -4.000000 0.000000 1.000000 -1
1 25.495001 -3.769290 -3.185690 0.000000 1.000000 -1
1 25.495001 -3.535530 -3.535530 0.000000 1.000000 -1
1 27.242001 0.000000 -6.615710 0.000000 1.000000 -1
1 28.523199 0.000000 -7.231190 0.000000 1.000000 -1
1 28.505199 -0.351808 -7.308360 0.000000 1.000000 -1
1 29.386900 0.000000 -7.646100 0.000000 1.000000 -1
1 30.081499 0.000000 -7.804280 0.000000 1.000000 -1
1 30.086500 -0.179834 -7.825180 0.000000 1.000000 -1
1 30.314800 -0.857517 -7.825180 0.000000 1.000000 -1
1 30.163799 -0.531092 -7.825180 0.000000 1.000000 -1
1 31.740000 0.000000 -8.000000 0.000000 1.000000 -1
1 25.495001 0.686792 -4.863390 0.000000 1.000000 -1
1 25.531601 0.675203 -5.000000 0.000000 1.000000 -1
1 25.495001 0.000000 -5.000000 0.000000 1.000000 -1
1 25.495001 3.769290 -3.185690 0.000000 1.000000 -1
1 25.495001 4.253710 -2.460710 0.000000 1.000000 -1
1 26.216299 5.232330 -2.472140 0.000000 1.000000 -1
1 25.495001 4.619400 -1.913420 0.000000 1.000000 -1
1 25.495001 4.835010 -0.829485 0.000000 1.000000 -1
1 25.963900 5.471460 -0.836228 0.000000 1.000000 -1
1 30.655600 5.000000 6.150120 0.000000 1.000000 -1
1 29.704300 5.000000 5.803890 0.000000 1.000000 -1
1 29.999500 4.368310 6.472140 0.000000 1.000000 -1
1 31.441500 0.000000 7.994430 0.000000 1.000000 -1
1 31.740000 0.000000 8.000000 0.000000 1.000000 -1
1 30.086500 0.179834 7.825180 0.000000 1.000000 -1
1 25.495001 -0.686792 4.863390 0.000000 1.000000 -1
1 25.531601 -0.675203 5.000000 0.000000 1.000000 -1
1 25.495001 0.000000 5.000000 0.000000 1.000000 -1
1 25.495001 -3.769290 3.185690 0.000000 1.000000 -1
1 25.495001 -4.253710 2.460710 0.000000 1.000000 -1
1 26.216299 -5.232330 2.472140 0.000000 1.000000 -1
1 25.495001 -4.619400 1.913420 0.000000 1.000000 -1
1 25.495001 -4.835010 0.829485 0.000000 1.000000 -1
1 25.963900 -5.471460 0.836228 0.000000 1.000000 -1
1 30.912300 -5.000000 -6.150120 0.000000 1.000000 -1
1 30.979300 -4.640340 -6.472140 0.000000 1.000000 -1
1 31.994600 -4.695390 -6.472140 0.000000 1.000000 -1
1 25.803499 -3.571860 -4.000000 0.000000 1.000000 -1
1 26.710199 -4.764520 -4.000000 0.000000 1.000000 -1
1 25.495001 -3.769290 -3.185690 0.000000 1.000000 -1
1 26.434200 -5.000000 -3.110340 0.000000 1.000000 -1
1 25.495001 -3.769290 -3.185690 0.000000 1.000000 -1
1 26.710199 -4.764520 -4.000000 0.000000 1.000000 -1
1 25.495001 -3.769290 -3.185690 0.000000 1.000000 -1
1 26.434200 -5.000000 -3.110340 0.000000 1.000000 -1
1 25.495001 -4.253710 -2.460710 0.000000 1.000000 -1
1 26.058300 -5.000000 -2.459190 0.000000 1.000000 -1
1 25.495001 -4.253710 -2.460710 0.000000 1.000000 -1
1 26.434200 -5.000000 -3.110340 0.000000 1.000000 -1
1 25.495001 -4.253710 -2.460710 0.000000 1.000000 -1
1 26.058300 -5.000000 -2.459190 0.000000 1.000000 -1
1 25.495001 -4.619400 -1.913420 0.000000 1.000000 -1
1 25.871599 -5.000000 -2.135920 0.000000 1.000000 -1
1 25.495001 -4.619400 -1.913420 0.000000 1.000000 -1
1 26.058300 -5.000000 -2.459190 0.000000 1.000000 -1
1 25.495001 -4.619400 -1.913420 0.000000 1.000000 -1
1 25.871599 -5.000000 -2.135920 0.000000 1.000000 -1
1 25.495001 -4.835010 -0.829485 0.000000 1.000000 -1
1 25.640800 -5.000000 -0.826998 0.000000 1.000000 -1
1 25.495001 -4.835010 -0.829485 0.000000 1.000000 -1
1 25.871599 -5.000000 -2.135920 0.000000 1.000000 -1
1 25.495001 -4.835010 -0.829485 0.000000 1.000000 -1
1 25.640800 -5.000000 -0.826998 0.000000 1.000000 -1
1 25.495001 -5.000000 -0.000000 0.000000 1.000000 -1
1 28.322001 -5.000000 -5.160400 0.000000 1.000000 -1
1 26.956100 -5.000000 -4.014210 0.000000 1.000000 -1
1 26.710199 -4.764520 -4.000000 0.000000 1.000000 -1
1 26.947500 -5.000000 -3.999320 0.000000 1.000000 -1
1 26.710199 -4.764520 -4.000000 0.000000 1.000000 -1
1 26.956100 -5.000000 -4.014210 0.000000 1.000000 -1
1 26.710199 -4.764520 -4.000000 0.000000 1.000000 -1
1 26.947500 -5.000000 -3.999320 0.000000 1.000000 -1
1 26.434200 -5.000000 -3.110340 0.000000 1.000000 -1
1 29.101101 -3.892030 -6.472140 0.000000 1.000000 -1
1 29.999500 -4.368310 -6.472140 0.000000 1.000000 -1
1 29.704300 -5.000000 -5.803890 0.000000 1.000000 -1
1 30.979300 -4.640340 -6.472140 0.000000 1.000000 -1
1 30.912300 -5.000000 -6.150120 0.000000 1.000000 -1
1 29.999500 -4.368310 -6.472140 0.000000 1.000000 -1
1 30.655600 -5.000000 -6.150120 0.000000 1.000000 -1
1 29.999500 -4.368310 -6.472140 0.000000 1.000000 -1
1 30.912300 -5.000000 -6.150120 0.000000 1.000000 -1
1 29.999500 -4.368310 -6.472140 0.000000 1.000000 -1
1 30.655600 -5.000000 -6.150120 0.000000 1.000000 -1
1 29.704300 -5.000000 -5.803890 0.000000 1.000000 -1
1 33.942600 -4.154520 -6.472140 0.000000 1.000000 -1
1 33.144901 -5.000000 -6.033490 0.000000 1.000000 -1
1 32.998001 -4.530880 -6.472140 0.000000 1.000000 -1
1 32.824402 -5.000000 -6.150120 0.000000 1.000000 -1
1 32.998001 -4.530880 -6.472140 0.000000 1.000000 -1
1 33.144901 -5.000000 -6.033490 0.000000 1.000000 -1
1 32.998001 -4.530880 -6.472140 0.000000 1.000000 -1
1 32.824402 -5.000000 -6.150120 0.000000 1.000000 -1
1 31.994600 -4.695390 -6.472140 0.000000 1.000000 -1
1 32.016998 -5.000000 -6.150120 0.000000 1.000000 -1
1 31.994600 -4.695390 -6.472140 0.000000 1.000000 -1
1 32.824402 -5.000000 -6.150120 0.000000 1.000000 -1
1 31.994600 -4.695390 -6.472140 0.000000 1.000000 -1
1 32.016998 -5.000000 -6.150120 0.000000 1.000000 -1
1 30.912300 -5.000000 -6.150120 0.000000 1.000000 -1
1 37.255501 -4.192770 -4.000000 0.000000 1.000000 -1
1 36.523899 -5.000000 -4.014210 0.000000 1.000000 -1
1 36.035999 -5.000000 -4.423620 0.000000 1.000000 -1
1 37.608398 -5.000000 -2.135920 0.000000 1.000000 -1
1 37.421700 -5.000000 -2.459190 0.000000 1.000000 -1
1 37.797001 -4.604440 -2.472140 0.000000 1.000000 -1
1 36.532501 -5.000000 -3.999320 0.000000 1.000000 -1
1 37.797001 -4.604440 -2.472140 0.000000 1.000000 -1
1 37.421700 -5.000000 -2.459190 0.000000 1.000000 -1
1 37.839199 -5.000000 -0.826998 0.000000 1.000000 -1
1 38.073898 -4.814870 -0.836228 0.000000 1.000000 -1
1 37.985001 -5.000000 -0.000000 0.000000 1.000000 -1
1 38.073898 -4.814870 0.836228 0.000000 1.000000 -1
1 37.985001 -5.000000 -0.000000 0.000000 1.000000 -1
1 38.073898 -4.814870 -0.836228 0.000000 1.000000 -1
1 37.985001 -5.000000 -0.000000 0.000000 1.000000 -1
1 38.073898 -4.814870 0.836228 0.000000 1.000000 -1
1 36.919102 -6.097300 -0.000000 0.000000 1.000000 -1
1 38.073898 -4.814870 0.836228 0.000000 1.000000 -1
1 36.890701 -6.063890 0.836228 0.000000 1.000000 -1
1 36.919102 -6.097300 -0.000000 0.000000 1.000000 -1
1 35.466702 -7.029380 0.836228 0.000000 1.000000 -1
1 36.919102 -6.097300 -0.000000 0.000000 1.000000 -1
1 36.890701 -6.063890 0.836228 0.000000 1.000000 -1
1 36.919102 -6.097300 -0.000000 0.000000 1.000000 -1
1 35.466702 -7.029380 0.836228 0.000000 1.000000 -1
1 35.487301 -7.068100 -0.000000 0.000000 1.000000 -1
1 33.868500 -7.666170 0.836228 0.000000 1.000000 -1
1 35.487301 -7.068100 -0.000000 0.000000 1.000000 -1
1 35.466702 -7.029380 0.836228 0.000000 1.000000 -1
1 35.487301 -7.068100 -0.000000 0.000000 1.000000 -1
1 33.868500 -7.666170 0.836228 0.000000 1.000000 -1
1 33.880199 -7.708400 -0.000000 0.000000 1.000000 -1
1 32.170700 -7.944510 0.836228 0.000000 1.000000 -1
1 33.880199 -7.708400 -0.000000 0.000000 1.000000 -1
1 33.868500 -7.666170 0.836228 0.000000 1.000000 -1
1 33.880199 -7.708400 -0.000000 0.000000 1.000000 -1
1 32.170700 -7.944510 0.836228 0.000000 1.000000 -1
1 32.173100 -7.988270 -0.000000 0.000000 1.000000 -1
1 30.452801 -7.851360 0.836228 0.000000 1.000000 -1
1 32.173100 -7.988270 -0.000000 0.000000 1.000000 -1
1 32.170700 -7.944510 0.836228 0.000000 1.000000 -1
1 32.173100 -7.988270 -0.000000 0.000000 1.000000 -1
1 30.452801 -7.851360 0.836228 0.000000 1.000000 -1
1 30.445700 -7.894610 -0.000000 0.000000 1.000000 -1
1 28.795099 -7.391100 0.836228 0.000000 1.000000 -1
1 30.445700 -7.894610 -0.000000 0.000000 1.000000 -1
1 30.452801 -7.851360 0.836228 0.000000 1.000000 -1
1 30.445700 -7.894610 -0.000000 0.000000 1.000000 -1
1 28.795099 -7.391100 0.836228 0.000000 1.000000 -1
1 28.778900 -7.431810 -0.000000 0.000000 1.000000 -1
1 27.275101 -6.585240 0.836228 0.000000 1.000000 -1
1 28.778900 -7.431810 -0.000000 0.000000 1.000000 -1
1 28.795099 -7.391100 0.836228 0.000000 1.000000 -1
1 28.778900 -7.431810 -0.000000 0.000000 1.000000 -1
1 27.275101 -6.585240 0.836228 0.000000 1.000000 -1
1 27.250500 -6.621510 -0.000000 0.000000 1.000000 -1
1 25.963900 -5.471460 0.836228 0.000000 1.000000 -1
1 27.250500 -6.621510 -0.000000 0.000000 1.000000 -1
1 27.275101 -6.585240 0.836228 0.000000 1.000000 -1
1 27.250500 -6.621510 -0.000000 0.000000 1.000000 -1
1 25.963900 -5.471460 0.836228 0.000000 1.000000 -1
1 25.931999 -5.501600 -0.000000 0.000000 1.000000 -1
1 25.495001 -4.835010 0.829485 0.000000 1.000000 -1
1 25.931999 -5.501600 -0.000000 0.000000 1.000000 -1
1 25.963900 -5.471460 0.836228 0.000000 1.000000 -1
1 25.931999 -5.501600 -0.000000 0.000000 1.000000 -1
1 25.495001 -4.835010 0.829485 0.000000 1.000000 -1
1 25.495001 -5.000000 -0.000000 0.000000 1.000000 -1
1 25.495001 -2.113500 4.485710 0.000000 1.000000 -1
1 25.495001 -2.848440 3.994640 0.000000 1.000000 -1
1 25.821899 -1.994040 5.000000 0.000000 1.000000 -1
1 26.388901 -3.219630 5.000000 0.000000 1.000000 -1
1 25.821899 -1.994040 5.000000 0.000000 1.000000 -1
1 25.495001 -2.848440 3.994640 0.000000 1.000000 -1
1 25.531601 -0.675203 5.000000 0.000000 1.000000 -1
1 25.495001 -0.686792 4.863390 0.000000 1.000000 -1
1 25.821899 -1.994040 5.000000 0.000000 1.000000 -1
1 25.495001 -1.913420 4.619400 0.000000 1.000000 -1
1 25.821899 -1.994040 5.000000 0.000000 1.000000 -1
1 25.495001 -0.686792 4.863390 0.000000 1.000000 -1
1 25.821899 -1.994040 5.000000 0.000000 1.000000 -1
1 25.495001 -1.913420 4.619400 0.000000 1.000000 -1
1 25.495001 -2.113500 4.485710 0.000000 1.000000 -1
1 25.495001 -2.848440 3.994640 0.000000 1.000000 -1
1 25.803499 -3.571860 4.000000 0.000000 1.000000 -1
1 26.388901 -3.219630 5.000000 0.000000 1.000000 -1
1 26.710199 -4.764520 4.000000 0.000000 1.000000 -1
1 26.388901 -3.219630 5.000000 0.000000 1.000000 -1
1 25.803499 -3.571860 4.000000 0.000000 1.000000 -1
1 26.388901 -3.219630 5.000000 0.000000 1.000000 -1
1 26.710199 -4.764520 4.000000 0.000000 1.000000 -1
1 27.206200 -4.294680 5.000000 0.000000 1.000000 -1
1 27.851999 -5.734400 4.000000 0.000000 1.000000 -1
1 27.206200 -4.294680 5.000000 0.000000 1.000000 -1
1 26.710199 -4.764520 4.000000 0.000000 1.000000 -1
1 27.206200 -4.294680 5.000000 0.000000 1.000000 -1
1 27.851999 -5.734400 4.000000 0.000000 1.000000 -1
1 28.235399 -5.168920 5.000000 0.000000 1.000000 -1
1 29.175600 -6.436140 4.000000 0.000000 1.000000 -1
1 28.235399 -5.168920 5.000000 0.000000 1.000000 -1
1 27.851999 -5.734400 4.000000 0.000000 1.000000 -1
1 28.235399 -5.168920 5.000000 0.000000 1.000000 -1
1 29.175600 -6.436140 4.000000 0.000000 1.000000 -1
1 29.428499 -5.801460 5.000000 0.000000 1.000000 -1
1 30.619101 -6.836930 4.000000 0.000000 1.000000 -1
1 29.428499 -5.801460 5.000000 0.000000 1.000000 -1
1 29.175600 -6.436140 4.000000 0.000000 1.000000 -1
1 29.428499 -5.801460 5.000000 0.000000 1.000000 -1
1 30.619101 -6.836930 4.000000 0.000000 1.000000 -1
1 30.729700 -6.162730 5.000000 0.000000 1.000000 -1
1 32.115101 -6.918040 4.000000 0.000000 1.000000 -1
1 30.729700 -6.162730 5.000000 0.000000 1.000000 -1
1 30.619101 -6.836930 4.000000 0.000000 1.000000 -1
1 30.729700 -6.162730 5.000000 0.000000 1.000000 -1
1 32.115101 -6.918040 4.000000 0.000000 1.000000 -1
1 32.078098 -6.235840 5.000000 0.000000 1.000000 -1
1 33.593498 -6.675670 4.000000 0.000000 1.000000 -1
1 32.078098 -6.235840 5.000000 0.000000 1.000000 -1
1 32.115101 -6.918040 4.000000 0.000000 1.000000 -1
1 32.078098 -6.235840 5.000000 0.000000 1.000000 -1
1 33.593498 -6.675670 4.000000 0.000000 1.000000 -1
1 33.410702 -6.017370 5.000000 0.000000 1.000000 -1
1 34.985199 -6.121150 4.000000 0.000000 1.000000 -1
1 33.410702 -6.017370 5.000000 0.000000 1.000000 -1
1 33.593498 -6.675670 4.000000 0.000000 1.000000 -1
1 33.410702 -6.017370 5.000000 0.000000 1.000000 -1
1 34.985199 -6.121150 4.000000 0.000000 1.000000 -1
1 34.665199 -5.517530 5.000000 0.000000 1.000000 -1
1 36.225201 -5.280410 4.000000 0.000000 1.000000 -1
1 34.665199 -5.517530 5.000000 0.000000 1.000000 -1
1 34.985199 -6.121150 4.000000 0.000000 1.000000 -1
1 34.665199 -5.517530 5.000000 0.000000 1.000000 -1
1 36.225201 -5.280410 4.000000 0.000000 1.000000 -1
1 35.782902 -4.759700 5.000000 0.000000 1.000000 -1
1 37.255501 -4.192770 4.000000 0.000000 1.000000 -1
1 35.782902 -4.759700 5.000000 0.000000 1.000000 -1
1 36.225201 -5.280410 4.000000 0.000000 1.000000 -1
1 35.782902 -4.759700 5.000000 0.000000 1.000000 -1
1 37.255501 -4.192770 4.000000 0.000000 1.000000 -1
1 36.711601 -3.779310 5.000000 0.000000 1.000000 -1
1 38.027901 -2.909080 4.000000 0.000000 1.000000 -1
1 36.711601 -3.779310 5.000000 0.000000 1.000000 -1
1 37.255501 -4.192770 4.000000 0.000000 1.000000 -1
1 36.711601 -3.779310 5.000000 0.000000 1.000000 -1
1 38.027901 -2.909080 4.000000 0.000000 1.000000 -1
1 37.407799 -2.622210 5.000000 0.000000 1.000000 -1
1 38.506199 -1.489360 4.000000 0.000000 1.000000 -1
1 37.407799 -2.622210 5.000000 0.000000 1.000000 -1
1 38.027901 -2.909080 4.000000 0.000000 1.000000 -1
1 37.407799 -2.622210 5.000000 0.000000 1.000000 -1
1 38.506199 -1.489360 4.000000 0.000000 1.000000 -1
1 37.839001 -1.342490 5.000000 0.000000 1.000000 -1
1 38.668201 0.000000 4.000000 0.000000 1.000000 -1
1 37.839001 -1.342490 5.000000 0.000000 1.000000 -1
1 38.506199 -1.489360 4.000000 0.000000 1.000000 -1
1 37.839001 -1.342490 5.000000 0.000000 1.000000 -1
1 38.668201 0.000000 4.000000 0.000000 1.000000 -1
1 37.985001 -0.000000 5.000000 0.000000 1.000000 -1
1 31.441500 0.000000 7.994430 0.000000 1.000000 -1
1 30.086500 0.179834 7.825180 0.000000 1.000000 -1
1 31.143400 0.000000 7.977730 0.000000 1.000000 -1
1 30.550200 0.000000 7.911030 0.000000 1.000000 -1
1 31.143400 0.000000 7.977730 0.000000 1.000000 -1
1 30.081499 0.000000 7.804280 0.000000 1.000000 -1
1 30.086500 0.179834 7.825180 0.000000 1.000000 -1
1 30.081499 0.000000 7.804280 0.000000 1.000000 -1
1 31.143400 0.000000 7.977730 0.000000 1.000000 -1
1 30.081499 0.000000 7.804280 0.000000 1.000000 -1
1 30.086500 0.179834 7.825180 0.000000 1.000000 -1
1 29.386900 0.000000 7.646100 0.000000 1.000000 -1
1 28.505199 0.351808 7.308360 0.000000 1.000000 -1
1 29.386900 0.000000 7.646100 0.000000 1.000000 -1
1 30.086500 0.179834 7.825180 0.000000 1.000000 -1
1 29.386900 0.000000 7.646100 0.000000 1.000000 -1
1 28.505199 0.351808 7.308360 0.000000 1.000000 -1
1 28.523199 0.000000 7.231190 0.000000 1.000000 -1
1 28.523199 0.000000 7.231190 0.000000 1.000000 -1
1 28.505199 0.351808 7.308360 0.000000 1.000000 -1
1 27.242001 0.000000 6.615710 0.000000 1.000000 -1
1 27.065300 0.508406 6.472140 0.000000 1.000000 -1
1 27.242001 0.000000 6.615710 0.000000 1.000000 -1
1 28.505199 0.351808 7.308360 0.000000 1.000000 -1
1 27.242001 0.000000 6.615710 0.000000 1.000000 -1
1 27.065300 0.508406 6.472140 0.000000 1.000000 -1
1 27.060301 0.000000 6.447710 0.000000 1.000000 -1
1 25.829700 0.642785 5.353050 0.000000 1.000000 -1
1 27.060301 0.000000 6.447710 0.000000 1.000000 -1
1 27.065300 0.508406 6.472140 0.000000 1.000000 -1
1 27.060301 0.000000 6.447710 0.000000 1.000000 -1
1 25.829700 0.642785 5.353050 0.000000 1.000000 -1
1 25.832600 0.000000 5.312230 0.000000 1.000000 -1
1 25.495001 0.686792 4.863390 0.000000 1.000000 -1
1 25.832600 0.000000 5.312230 0.000000 1.000000 -1
1 25.829700 0.642785 5.353050 0.000000 1.000000 -1
1 25.832600 0.000000 5.312230 0.000000 1.000000 -1
1 25.495001 0.686792 4.863390 0.000000 1.000000 -1
1 25.495001 0.000000 5.000000 0.000000 1.000000 -1
1 26.106100 1.898300 5.353050 0.000000 1.000000 -1
1 25.495001 2.113500 4.485710 0.000000 1.000000 -1
1 25.495001 1.913420 4.619400 0.000000 1.000000 -1
1 25.495001 3.769290 3.185690 0.000000 1.000000 -1
1 25.495001 3.535530 3.535530 0.000000 1.000000 -1
1 25.803499 3.571860 4.000000 0.000000 1.000000 -1
1 25.495001 2.848440 3.994640 0.000000 1.000000 -1
1 25.803499 3.571860 4.000000 0.000000 1.000000 -1
1 25.495001 3.535530 3.535530 0.000000 1.000000 -1
1 25.803499 3.571860 4.000000 0.000000 1.000000 -1
1 25.495001 2.848440 3.994640 0.000000 1.000000 -1
1 26.645800 3.065050 5.353050 0.000000 1.000000 -1
1 26.956100 5.000000 4.014210 0.000000 1.000000 -1
1 26.947500 5.000000 3.999320 0.000000 1.000000 -1
1 26.710199 4.764520 4.000000 0.000000 1.000000 -1
1 26.434200 5.000000 3.110340 0.000000 1.000000 -1
1 26.710199 4.764520 4.000000 0.000000 1.000000 -1
1 26.947500 5.000000 3.999320 0.000000 1.000000 -1
1 26.710199 4.764520 4.000000 0.000000 1.000000 -1
1 26.434200 5.000000 3.110340 0.000000 1.000000 -1
1 25.495001 3.769290 3.185690 0.000000 1.000000 -1
1 25.495001 3.769290 3.185690 0.000000 1.000000 -1
1 26.434200 5.000000 3.110340 0.000000 1.000000 -1
1 25.495001 4.253710 2.460710 0.000000 1.000000 -1
1 26.058300 5.000000 2.459190 0.000000 1.000000 -1
1 25.495001 4.253710 2.460710 0.000000 1.000000 -1
1 26.434200 5.000000 3.110340 0.000000 1.000000 -1
1 25.495001 4.253710 2.460710 0.000000 1.000000 -1
1 26.058300 5.000000 2.459190 0.000000 1.000000 -1
1 25.495001 4.619400 1.913420 0.000000 1.000000 -1
1 25.871599 5.000000 2.135920 0.000000 1.000000 -1
1 25.495001 4.619400 1.913420 0.000000 1.000000 -1
1 26.058300 5.000000 2.459190 0.000000 1.000000 -1
1 25.495001 4.619400 1.913420 0.000000 1.000000 -1
1 25.871599 5.000000 2.135920 0.000000 1.000000 -1
1 25.495001 4.835010 0.829485 0.000000 1.000000 -1
1 25.640800 5.000000 0.826998 0.000000 1.000000 -1
1 25.495001 4.835010 0.829485 0.000000 1.000000 -1
1 25.871599 5.000000 2.135920 0.000000 1.000000 -1
1 25.495001 4.835010 0.829485 0.000000 1.000000 -1
1 25.640800 5.000000 0.826998 0.000000 1.000000 -1
1 25.495001 5.000000 0.000000 0.000000 1.000000 -1
1 29.101101 3.892030 6.472140 0.000000 1.000000 -1
1 28.617500 5.000000 5.408330 0.000000 1.000000 -1
1 28.403700 4.920740 5.353050 0.000000 1.000000 -1
1 28.548599 5.000000 5.350500 0.000000 1.000000 -1
1 28.403700 4.920740 5.353050 0.000000 1.000000 -1
1 28.617500 5.000000 5.408330 0.000000 1.000000 -1
1 28.403700 4.920740 5.353050 0.000000 1.000000 -1
1 28.548599 5.000000 5.350500 0.000000 1.000000 -1
1 28.322001 5.000000 5.160400 0.000000 1.000000 -1
1 31.994600 4.695390 6.472140 0.000000 1.000000 -1
1 32.016998 5.000000 6.150120 0.000000 1.000000 -1
1 30.912300 5.000000 6.150120 0.000000 1.000000 -1
1 32.016998 5.000000 6.150120 0.000000 1.000000 -1
1 31.994600 4.695390 6.472140 0.000000 1.000000 -1
1 32.824402 5.000000 6.150120 0.000000 1.000000 -1
1 32.998001 4.530880 6.472140 0.000000 1.000000 -1
1 32.824402 5.000000 6.150120 0.000000 1.000000 -1
1 31.994600 4.695390 6.472140 0.000000 1.000000 -1
1 32.824402 5.000000 6.150120 0.000000 1.000000 -1
1 32.998001 4.530880 6.472140 0.000000 1.000000 -1
1 33.144901 5.000000 6.033490 0.000000 1.000000 -1
1 33.942600 4.154520 6.472140 0.000000 1.000000 -1
1 33.144901 5.000000 6.033490 0.000000 1.000000 -1
1 32.998001 4.530880 6.472140 0.000000 1.000000 -1
1 33.144901 5.000000 6.033490 0.000000 1.000000 -1
1 33.942600 4.154520 6.472140 0.000000 1.000000 -1
1 34.429100 5.000000 5.566060 0.000000 1.000000 -1
1 37.255501 4.192770 4.000000 0.000000 1.000000 -1
1 36.523899 5.000000 4.014210 0.000000 1.000000 -1
1 36.035999 5.000000 4.423620 0.000000 1.000000 -1
1 37.839199 5.000000 0.826998 0.000000 1.000000 -1
1 37.608398 5.000000 2.135920 0.000000 1.000000 -1
1 37.797001 4.604440 2.472140 0.000000 1.000000 -1
1 37.421700 5.000000 2.459190 0.000000 1.000000 -1
1 37.797001 4.604440 2.472140 0.000000 1.000000 -1
1 37.608398 5.000000 2.135920 0.000000 1.000000 -1
1 37.797001 4.604440 2.472140 0.000000 1.000000 -1
1 37.421700 5.000000 2.459190 0.000000 1.000000 -1
1 36.532501 5.000000 3.999320 0.000000 1.000000 -1
1 38.073898 4.814870 -0.836228 0.000000 1.000000 -1
1 36.890701 6.063890 -0.836228 0.000000 1.000000 -1
1 36.919102 6.097300 0.000000 0.000000 1.000000 -1
1 35.466702 7.029380 -0.836228 0.000000 1.000000 -1
1 36.919102 6.097300 0.000000 0.000000 1.000000 -1
1 36.890701 6.063890 -0.836228 0.000000 1.000000 -1
1 36.919102 6.097300 0.000000 0.000000 1.000000 -1
1 35.466702 7.029380 -0.836228 0.000000 1.000000 -1
1 35.487301 7.068100 0.000000 0.000000 1.000000 -1
1 33.868500 7.666170 -0.836228 0.000000 1.000000 -1
1 35.487301 7.068100 0.000000 0.000000 1.000000 -1
1 35.466702 7.029380 -0.836228 0.000000 1.000000 -1
1 35.487301 7.068100 0.000000 0.000000 1.000000 -1
1 33.868500 7.666170 -0.836228 0.000000 1.000000 -1
1 33.880199 7.708400 0.000000 0.000000 1.000000 -1
1 32.170700 7.944510 -0.836228 0.000000 1.000000 -1
1 33.880199 7.708400 0.000000 0.000000 1.000000 -1
1 33.868500 7.666170 -0.836228 0.000000 1.000000 -1
1 33.880199 7.708400 0.000000 0.000000 1.000000 -1
1 32.170700 7.944510 -0.836228 0.000000 1.000000 -1
1 32.173100 7.988270 0.000000 0.000000 1.000000 -1
1 30.452801 7.851360 -0.836228 0.000000 1.000000 -1
1 32.173100 7.988270 0.000000 0.000000 1.000000 -1
1 32.170700 7.944510 -0.836228 0.000000 1.000000 -1
1 32.173100 7.988270 0.000000 0.000000 1.000000 -1
1 30.452801 7.851360 -0.836228 0.000000 1.000000 -1
1 30.445700 7.894610 0.000000 0.000000 1.000000 -1
1 28.795099 7.391100 -0.836228 0.000000 1.000000 -1
1 30.445700 7.894610 0.000000 0.000000 1.000000 -1
1 30.452801 7.851360 -0.836228 0.000000 1.000000 -1
1 30.445700 7.894610 0.000000 0.000000 1.000000 -1
1 28.795099 7.391100 -0.836228 0.000000 1.000000 -1
1 28.778900 7.431810 0.000000 0.000000 1.000000 -1
1 27.275101 6.585240 -0.836228 0.000000 1.000000 -1
1 28.778900 7.431810 0.000000 0.000000 1.000000 -1
1 28.795099 7.391100 -0.836228 0.000000 1.000000 -1
1 28.778900 7.431810 0.000000 0.000000 1.000000 -1
1 27.275101 6.585240 -0.836228 0.000000 1.000000 -1
1 27.250500 6.621510 0.000000 0.000000 1.000000 -1
1 25.963900 5.471460 -0.836228 0.000000 1.000000 -1
1 27.250500 6.621510 0.000000 0.000000 1.000000 -1
1 27.275101 6.585240 -0.836228 0.000000 1.000000 -1
1 27.250500 6.621510 0.000000 0.000000 1.000000 -1
1 25.963900 5.471460 -0.836228 0.000000 1.000000 -1
1 25.931999 5.501600 0.000000 0.000000 1.000000 -1
1 25.495001 4.835010 -0.829485 0.000000 1.000000 -1
1 25.931999 5.501600 0.000000 0.000000 1.000000 -1
1 25.963900 5.471460 -0.836228 0.000000 1.000000 -1
1 25.931999 5.501600 0.000000 0.000000 1.000000 -1
1 25.495001 4.835010 -0.829485 0.000000 1.000000 -1
1 25.495001 5.000000 0.000000 0.000000 1.000000 -1
1 25.495001 2.113500 -4.485710 0.000000 1.000000 -1
1 25.495001 2.848440 -3.994640 0.000000 1.000000 -1
1 25.821899 1.994040 -5.000000 0.000000 1.000000 -1
1 26.388901 3.219630 -5.000000 0.000000 1.000000 -1
1 25.821899 1.994040 -5.000000 0.000000 1.000000 -1
1 25.495001 2.848440 -3.994640 0.000000 1.000000 -1
1 25.531601 0.675203 -5.000000 0.000000 1.000000 -1
1 25.495001 0.686792 -4.863390 0.000000 1.000000 -1
1 25.821899 1.994040 -5.000000 0.000000 1.000000 -1
1 25.495001 1.913420 -4.619400 0.000000 1.000000 -1
1 25.821899 1.994040 -5.000000 0.000000 1.000000 -1
1 25.495001 0.686792 -4.863390 0.000000 1.000000 -1
1 25.821899 1.994040 -5.000000 0.000000 1.000000 -1
1 25.495001 1.913420 -4.619400 0.000000 1.000000 -1
1 25.495001 2.113500 -4.485710 0.000000 1.000000 -1
1 31.441500 0.000000 -7.994430 0.000000 1.000000 -1
1 30.086500 -0.179834 -7.825180 0.000000 1.000000 -1
1 31.143400 0.000000 -7.977730 0.000000 1.000000 -1
1 30.081499 0.000000 -7.804280 0.000000 1.000000 -1
1 31.143400 0.000000 -7.977730 0.000000 1.000000 -1
1 30.086500 -0.179834 -7.825180 0.000000 1.000000 -1
1 31.143400 0.000000 -7.977730 0.000000 1.000000 -1
1 30.081499 0.000000 -7.804280 0.000000 1.000000 -1
1 30.550200 0.000000 -7.911030 0.000000 1.000000 -1
1 25.495001 0.000000 -5.000000 0.000000 1.000000 -1
1 25.832600 0.000000 -5.312230 0.000000 1.000000 -1
1 25.495001 -0.686792 -4.863390 0.000000 1.000000 -1
1 25.829700 -0.642785 -5.353050 0.000000 1.000000 -1
1 25.495001 -0.686792 -4.863390 0.000000 1.000000 -1
1 25.832600 0.000000 -5.312230 0.000000 1.000000 -1
1 25.495001 -0.686792 -4.863390 0.000000 1.000000 -1
1 25.829700 -0.642785 -5.353050 0.000000 1.000000 -1
1 25.495001 -1.913420 -4.619400 0.000000 1.000000 -1
1 26.106100 -1.898300 -5.353050 0.000000 1.000000 -1
1 25.495001 -1.913420 -4.619400 0.000000 1.000000 -1
1 25.829700 -0.642785 -5.353050 0.000000 1.000000 -1
1 26.645800 -3.065050 -5.353050 0.000000 1.000000 -1
1 25.495001 -2.848440 -3.994640 0.000000 1.000000 -1
1 26.106100 -1.898300 -5.353050 0.000000 1.000000 -1
1 25.495001 -2.113500 -4.485710 0.000000 1.000000 -1
1 26.106100 -1.898300 -5.353050 0.000000 1.000000 -1
1 25.495001 -2.848440 -3.994640 0.000000 1.000000 -1
1 26.106100 -1.898300 -5.353050 0.000000 1.000000 -1
1 25.495001 -2.113500 -4.485710 0.000000 1.000000 -1
1 25.495001 -1.913420 -4.619400 0.000000 1.000000 -1
1 31.916201 3.249120 7.308360 0.000000 1.000000 -1
1 31.830000 1.660850 7.825180 0.000000 1.000000 -1
1 32.610500 3.135290 7.308360 0.000000 1.000000 -1
1 32.185001 1.602670 7.825180 0.000000 1.000000 -1
1 32.610500 3.135290 7.308360 0.000000 1.000000 -1
1 31.830000 1.660850 7.825180 0.000000 1.000000 -1
1 32.610500 3.135290 7.308360 0.000000 1.000000 -1
1 32.185001 1.602670 7.825180 0.000000 1.000000 -1
1 33.264198 2.874850 7.308360 0.000000 1.000000 -1
1 35.483501 2.845700 6.472140 0.000000 1.000000 -1
1 33.846500 2.479990 7.308360 0.000000 1.000000 -1
1 34.330399 1.969170 7.308360 0.000000 1.000000 -1
1 32.816799 1.267700 7.825180 0.000000 1.000000 -1
1 34.330399 1.969170 7.308360 0.000000 1.000000 -1
1 33.846500 2.479990 7.308360 0.000000 1.000000 -1
1 34.330399 1.969170 7.308360 0.000000 1.000000 -1
1 32.816799 1.267700 7.825180 0.000000 1.000000 -1
1 33.064098 1.006580 7.825180 0.000000 1.000000 -1
1 31.740000 0.000000 8.000000 0.000000 1.000000 -1
1 33.064098 1.006580 7.825180 0.000000 1.000000 -1
1 32.816799 1.267700 7.825180 0.000000 1.000000 -1
1 37.135700 2.496310 5.353050 0.000000 1.000000 -1
1 35.483501 2.845700 6.472140 0.000000 1.000000 -1
1 36.007702 1.974440 6.472140 0.000000 1.000000 -1
1 34.330399 1.969170 7.308360 0.000000 1.000000 -1
1 36.007702 1.974440 6.472140 0.000000 1.000000 -1
1 35.483501 2.845700 6.472140 0.000000 1.000000 -1
1 36.007702 1.974440 6.472140 0.000000 1.000000 -1
1 34.330399 1.969170 7.308360 0.000000 1.000000 -1
1 34.693199 1.366270 7.308360 0.000000 1.000000 -1
1 33.064098 1.006580 7.825180 0.000000 1.000000 -1
1 34.693199 1.366270 7.308360 0.000000 1.000000 -1
1 34.330399 1.969170 7.308360 0.000000 1.000000 -1
1 34.693199 1.366270 7.308360 0.000000 1.000000 -1
1 33.064098 1.006580 7.825180 0.000000 1.000000 -1
1 33.249599 0.698399 7.825180 0.000000 1.000000 -1
1 31.740000 0.000000 8.000000 0.000000 1.000000 -1
1 33.249599 0.698399 7.825180 0.000000 1.000000 -1
1 33.064098 1.006580 7.825180 0.000000 1.000000 -1
1 31.740000 0.000000 8.000000 0.000000 1.000000 -1
1 33.392200 0.000000 7.751510 0.000000 1.000000 -1
1 33.364399 0.357559 7.825180 0.000000 1.000000 -1
1 34.093102 0.000000 7.646100 0.000000 1.000000 -1
1 33.364399 0.357559 7.825180 0.000000 1.000000 -1
1 33.392200 0.000000 7.751510 0.000000 1.000000 -1
1 33.364399 0.357559 7.825180 0.000000 1.000000 -1
1 34.093102 0.000000 7.646100 0.000000 1.000000 -1
1 34.917801 0.699491 7.308360 0.000000 1.000000 -1
1 31.740000 0.000000 8.000000 0.000000 1.000000 -1
1 31.124399 1.545160 7.825180 0.000000 1.000000 -1
1 30.806601 1.376690 7.825180 0.000000 1.000000 -1
1 30.535601 3.022790 7.308360 0.000000 1.000000 -1
1 30.806601 1.376690 7.825180 0.000000 1.000000 -1
1 31.124399 1.545160 7.825180 0.000000 1.000000 -1
1 30.806601 1.376690 7.825180 0.000000 1.000000 -1
1 30.535601 3.022790 7.308360 0.000000 1.000000 -1
1 29.914000 2.693210 7.308360 0.000000 1.000000 -1
1 29.999500 4.368310 6.472140 0.000000 1.000000 -1
1 29.914000 2.693210 7.308360 0.000000 1.000000 -1
1 30.535601 3.022790 7.308360 0.000000 1.000000 -1
1 29.914000 2.693210 7.308360 0.000000 1.000000 -1
1 29.999500 4.368310 6.472140 0.000000 1.000000 -1
1 29.101101 3.892030 6.472140 0.000000 1.000000 -1
1 29.704300 5.000000 5.803890 0.000000 1.000000 -1
1 29.101101 3.892030 6.472140 0.000000 1.000000 -1
1 29.999500 4.368310 6.472140 0.000000 1.000000 -1
1 29.101101 3.892030 6.472140 0.000000 1.000000 -1
1 29.704300 5.000000 5.803890 0.000000 1.000000 -1
1 28.617500 5.000000 5.408330 0.000000 1.000000 -1
1 31.740000 0.000000 8.000000 0.000000 1.000000 -1
1 31.470900 1.641380 7.825180 0.000000 1.000000 -1
1 31.124399 1.545160 7.825180 0.000000 1.000000 -1
1 31.213600 3.211030 7.308360 0.000000 1.000000 -1
1 31.124399 1.545160 7.825180 0.000000 1.000000 -1
1 31.470900 1.641380 7.825180 0.000000 1.000000 -1
1 31.124399 1.545160 7.825180 0.000000 1.000000 -1
1 31.213600 3.211030 7.308360 0.000000 1.000000 -1
1 30.535601 3.022790 7.308360 0.000000 1.000000 -1
1 30.979300 4.640340 6.472140 0.000000 1.000000 -1
1 30.535601 3.022790 7.308360 0.000000 1.000000 -1
1 31.213600 3.211030 7.308360 0.000000 1.000000 -1
1 30.535601 3.022790 7.308360 0.000000 1.000000 -1
1 30.979300 4.640340 6.472140 0.000000 1.000000 -1
1 29.999500 4.368310 6.472140 0.000000 1.000000 -1
1 31.994600 4.695390 6.472140 0.000000 1.000000 -1
1 31.916201 3.249120 7.308360 0.000000 1.000000 -1
1 32.998001 4.530880 6.472140 0.000000 1.000000 -1
1 32.610500 3.135290 7.308360 0.000000 1.000000 -1
1 32.998001 4.530880 6.472140 0.000000 1.000000 -1
1 31.916201 3.249120 7.308360 0.000000 1.000000 -1
1 32.998001 4.530880 6.472140 0.000000 1.000000 -1
1 32.610500 3.135290 7.308360 0.000000 1.000000 -1
1 33.942600 4.154520 6.472140 0.000000 1.000000 -1
1 33.264198 2.874850 7.308360 0.000000 1.000000 -1
1 33.942600 4.154520 6.472140 0.000000 1.000000 -1
1 32.610500 3.135290 7.308360 0.000000 1.000000 -1
1 33.942600 4.154520 6.472140 0.000000 1.000000 -1
1 33.264198 2.874850 7.308360 0.000000 1.000000 -1
1 34.784199 3.583900 6.472140 0.000000 1.000000 -1
1 32.185001 1.602670 7.825180 0.000000 1.000000 -1
1 31.740000 0.000000 8.000000 0.000000 1.000000 -1
1 32.519100 1.469540 7.825180 0.000000 1.000000 -1
1 34.093102 0.000000 7.646100 0.000000 1.000000 -1
1 34.956799 0.000000 7.231190 0.000000 1.000000 -1
1 34.917801 0.699491 7.308360 0.000000 1.000000 -1
1 36.237999 0.000000 6.615710 0.000000 1.000000 -1
1 34.917801 0.699491 7.308360 0.000000 1.000000 -1
1 34.956799 0.000000 7.231190 0.000000 1.000000 -1
1 34.917801 0.699491 7.308360 0.000000 1.000000 -1
1 36.237999 0.000000 6.615710 0.000000 1.000000 -1
1 36.332298 1.010850 6.472140 0.000000 1.000000 -1
1 31.740000 0.000000 8.000000 0.000000 1.000000 -1
1 30.163799 0.531092 7.825180 0.000000 1.000000 -1
1 30.086500 0.179834 7.825180 0.000000 1.000000 -1
1 28.656401 1.038970 7.308360 0.000000 1.000000 -1
1 30.086500 0.179834 7.825180 0.000000 1.000000 -1
1 30.163799 0.531092 7.825180 0.000000 1.000000 -1
1 30.086500 0.179834 7.825180 0.000000 1.000000 -1
1 28.656401 1.038970 7.308360 0.000000 1.000000 -1
1 28.505199 0.351808 7.308360 0.000000 1.000000 -1
1 27.283899 1.501450 6.472140 0.000000 1.000000 -1
1 28.505199 0.351808 7.308360 0.000000 1.000000 -1
1 28.656401 1.038970 7.308360 0.000000 1.000000 -1
1 28.505199 0.351808 7.308360 0.000000 1.000000 -1
1 27.283899 1.501450 6.472140 0.000000 1.000000 -1
1 27.065300 0.508406 6.472140 0.000000 1.000000 -1
1 26.106100 1.898300 5.353050 0.000000 1.000000 -1
1 27.065300 0.508406 6.472140 0.000000 1.000000 -1
1 27.283899 1.501450 6.472140 0.000000 1.000000 -1
1 27.065300 0.508406 6.472140 0.000000 1.000000 -1
1 26.106100 1.898300 5.353050 0.000000 1.000000 -1
1 25.829700 0.642785 5.353050 0.000000 1.000000 -1
1 25.495001 1.913420 4.619400 0.000000 1.000000 -1
1 25.829700 0.642785 5.353050 0.000000 1.000000 -1
1 26.106100 1.898300 5.353050 0.000000 1.000000 -1
1 25.829700 0.642785 5.353050 0.000000 1.000000 -1
1 25.495001 1.913420 4.619400 0.000000 1.000000 -1
1 25.495001 0.686792 4.863390 0.000000 1.000000 -1
1 31.740000 0.000000 8.000000 0.000000 1.000000 -1
1 30.314800 0.857517 7.825180 0.000000 1.000000 -1
1 30.163799 0.531092 7.825180 0.000000 1.000000 -1
1 28.951900 1.677560 7.308360 0.000000 1.000000 -1
1 30.163799 0.531092 7.825180 0.000000 1.000000 -1
1 30.314800 0.857517 7.825180 0.000000 1.000000 -1
1 30.163799 0.531092 7.825180 0.000000 1.000000 -1
1 28.951900 1.677560 7.308360 0.000000 1.000000 -1
1 28.656401 1.038970 7.308360 0.000000 1.000000 -1
1 27.710800 2.424280 6.472140 0.000000 1.000000 -1
1 28.656401 1.038970 7.308360 0.000000 1.000000 -1
1 28.951900 1.677560 7.308360 0.000000 1.000000 -1
1 28.656401 1.038970 7.308360 0.000000 1.000000 -1
1 27.710800 2.424280 6.472140 0.000000 1.000000 -1
1 27.283899 1.501450 6.472140 0.000000 1.000000 -1
1 26.645800 3.065050 5.353050 0.000000 1.000000 -1
1 27.283899 1.501450 6.472140 0.000000 1.000000 -1
1 27.710800 2.424280 6.472140 0.000000 1.000000 -1
1 27.283899 1.501450 6.472140 0.000000 1.000000 -1
1 26.645800 3.065050 5.353050 0.000000 1.000000 -1
1 26.106100 1.898300 5.353050 0.000000 1.000000 -1
1 25.495001 2.848440 3.994640 0.000000 1.000000 -1
1 26.106100 1.898300 5.353050 0.000000 1.000000 -1
1 26.645800 3.065050 5.353050 0.000000 1.000000 -1
1 26.106100 1.898300 5.353050 0.000000 1.000000 -1
1 25.495001 2.848440 3.994640 0.000000 1.000000 -1
1 25.495001 2.113500 4.485710 0.000000 1.000000 -1
1 26.956100 5.000000 4.014210 0.000000 1.000000 -1
1 26.710199 4.764520 4.000000 0.000000 1.000000 -1
1 28.322001 5.000000 5.160400 0.000000 1.000000 -1
1 27.423800 4.088480 5.353050 0.000000 1.000000 -1
1 28.322001 5.000000 5.160400 0.000000 1.000000 -1
1 26.710199 4.764520 4.000000 0.000000 1.000000 -1
1 28.322001 5.000000 5.160400 0.000000 1.000000 -1
1 27.423800 4.088480 5.353050 0.000000 1.000000 -1
1 28.403700 4.920740 5.353050 0.000000 1.000000 -1
1 28.326200 3.233760 6.472140 0.000000 1.000000 -1
1 28.403700 4.920740 5.353050 0.000000 1.000000 -1
1 27.423800 4.088480 5.353050 0.000000 1.000000 -1
1 28.403700 4.920740 5.353050 0.000000 1.000000 -1
1 28.326200 3.233760 6.472140 0.000000 1.000000 -1
1 29.101101 3.892030 6.472140 0.000000 1.000000 -1
1 29.377701 2.237700 7.308360 0.000000 1.000000 -1
1 29.101101 3.892030 6.472140 0.000000 1.000000 -1
1 28.326200 3.233760 6.472140 0.000000 1.000000 -1
1 29.101101 3.892030 6.472140 0.000000 1.000000 -1
1 29.377701 2.237700 7.308360 0.000000 1.000000 -1
1 29.914000 2.693210 7.308360 0.000000 1.000000 -1
1 30.532499 1.143850 7.825180 0.000000 1.000000 -1
1 29.914000 2.693210 7.308360 0.000000 1.000000 -1
1 29.377701 2.237700 7.308360 0.000000 1.000000 -1
1 29.914000 2.693210 7.308360 0.000000 1.000000 -1
1 30.532499 1.143850 7.825180 0.000000 1.000000 -1
1 30.806601 1.376690 7.825180 0.000000 1.000000 -1
1 31.740000 0.000000 8.000000 0.000000 1.000000 -1
1 30.806601 1.376690 7.825180 0.000000 1.000000 -1
1 30.532499 1.143850 7.825180 0.000000 1.000000 -1
1 36.472900 3.597860 5.353050 0.000000 1.000000 -1
1 35.588799 4.531170 5.353050 0.000000 1.000000 -1
1 34.784199 3.583900 6.472140 0.000000 1.000000 -1
1 38.506199 1.489360 4.000000 0.000000 1.000000 -1
1 37.135700 2.496310 5.353050 0.000000 1.000000 -1
1 37.546200 1.278030 5.353050 0.000000 1.000000 -1
1 36.007702 1.974440 6.472140 0.000000 1.000000 -1
1 37.546200 1.278030 5.353050 0.000000 1.000000 -1
1 37.135700 2.496310 5.353050 0.000000 1.000000 -1
1 37.546200 1.278030 5.353050 0.000000 1.000000 -1
1 36.007702 1.974440 6.472140 0.000000 1.000000 -1
1 36.332298 1.010850 6.472140 0.000000 1.000000 -1
1 34.693199 1.366270 7.308360 0.000000 1.000000 -1
1 36.332298 1.010850 6.472140 0.000000 1.000000 -1
1 36.007702 1.974440 6.472140 0.000000 1.000000 -1
1 36.332298 1.010850 6.472140 0.000000 1.000000 -1
1 34.693199 1.366270 7.308360 0.000000 1.000000 -1
1 34.917801 0.699491 7.308360 0.000000 1.000000 -1
1 33.249599 0.698399 7.825180 0.000000 1.000000 -1
1 34.917801 0.699491 7.308360 0.000000 1.000000 -1
1 34.693199 1.366270 7.308360 0.000000 1.000000 -1
1 34.917801 0.699491 7.308360 0.000000 1.000000 -1
1 33.249599 0.698399 7.825180 0.000000 1.000000 -1
1 33.364399 0.357559 7.825180 0.000000 1.000000 -1
1 31.740000 0.000000 8.000000 0.000000 1.000000 -1
1 33.364399 0.357559 7.825180 0.000000 1.000000 -1
1 33.249599 0.698399 7.825180 0.000000 1.000000 -1
1 25.495001 3.769290 3.185690 0.000000 1.000000 -1
1 25.803499 3.571860 4.000000 0.000000 1.000000 -1
1 26.710199 4.764520 4.000000 0.000000 1.000000 -1
1 26.645800 3.065050 5.353050 0.000000 1.000000 -1
1 26.710199 4.764520 4.000000 0.000000 1.000000 -1
1 25.803499 3.571860 4.000000 0.000000 1.000000 -1
1 26.710199 4.764520 4.000000 0.000000 1.000000 -1
1 26.645800 3.065050 5.353050 0.000000 1.000000 -1
1 27.423800 4.088480 5.353050 0.000000 1.000000 -1
1 27.710800 2.424280 6.472140 0.000000 1.000000 -1
1 27.423800 4.088480 5.353050 0.000000 1.000000 -1
1 26.645800 3.065050 5.353050 0.000000 1.000000 -1
1 27.423800 4.088480 5.353050 0.000000 1.000000 -1
1 27.710800 2.424280 6.472140 0.000000 1.000000 -1
1 28.326200 3.233760 6.472140 0.000000 1.000000 -1
1 28.951900 1.677560 7.308360 0.000000 1.000000 -1
1 28.326200 3.233760 6.472140 0.000000 1.000000 -1
1 27.710800 2.424280 6.472140 0.000000 1.000000 -1
1 28.326200 3.233760 6.472140 0.000000 1.000000 -1
1 28.951900 1.677560 7.308360 0.000000 1.000000 -1
1 29.377701 2.237700 7.308360 0.000000 1.000000 -1
1 30.314800 0.857517 7.825180 0.000000 1.000000 -1
1 29.377701 2.237700 7.308360 0.000000 1.000000 -1
1 28.951900 1.677560 7.308360 0.000000 1.000000 -1
1 29.377701 2.237700 7.308360 0.000000 1.000000 -1
1 30.314800 0.857517 7.825180 0.000000 1.000000 -1
1 30.532499 1.143850 7.825180 0.000000 1.000000 -1
1 31.740000 0.000000 8.000000 0.000000 1.000000 -1
1 30.532499 1.143850 7.825180 0.000000 1.000000 -1
1 30.314800 0.857517 7.825180 0.000000 1.000000 -1
1 25.495001 -2.848440 3.994640 0.000000 1.000000 -1
1 25.495001 -3.535530 3.535530 0.000000 1.000000 -1
1 25.803499 -3.571860 4.000000 0.000000 1.000000 -1
1 25.495001 -3.769290 3.185690 0.000000 1.000000 -1
1 25.803499 -3.571860 4.000000 0.000000 1.000000 -1
1 25.495001 -3.535530 3.535530 0.000000 1.000000 -1
1 25.803499 -3.571860 4.000000 0.000000 1.000000 -1
1 25.495001 -3.769290 3.185690 0.000000 1.000000 -1
1 26.710199 -4.764520 4.000000 0.000000 1.000000 -1
1 26.216299 -5.232330 2.472140 0.000000 1.000000 -1
1 26.710199 -4.764520 4.000000 0.000000 1.000000 -1
1 25.495001 -3.769290 3.185690 0.000000 1.000000 -1
1 26.710199 -4.764520 4.000000 0.000000 1.000000 -1
1 26.216299 -5.232330 2.472140 0.000000 1.000000 -1
1 27.851999 -5.734400 4.000000 0.000000 1.000000 -1
1 27.470200 -6.297430 2.472140 0.000000 1.000000 -1
1 27.851999 -5.734400 4.000000 0.000000 1.000000 -1
1 26.216299 -5.232330 2.472140 0.000000 1.000000 -1
1 27.851999 -5.734400 4.000000 0.000000 1.000000 -1
1 27.470200 -6.297430 2.472140 0.000000 1.000000 -1
1 29.175600 -6.436140 4.000000 0.000000 1.000000 -1
1 28.923800 -7.068070 2.472140 0.000000 1.000000 -1
1 29.175600 -6.436140 4.000000 0.000000 1.000000 -1
1 27.470200 -6.297430 2.472140 0.000000 1.000000 -1
1 29.175600 -6.436140 4.000000 0.000000 1.000000 -1
1 28.923800 -7.068070 2.472140 0.000000 1.000000 -1
1 30.619101 -6.836930 4.000000 0.000000 1.000000 -1
1 30.509100 -7.508220 2.472140 0.000000 1.000000 -1
1 30.619101 -6.836930 4.000000 0.000000 1.000000 -1
1 28.923800 -7.068070 2.472140 0.000000 1.000000 -1
1 30.619101 -6.836930 4.000000 0.000000 1.000000 -1
1 30.509100 -7.508220 2.472140 0.000000 1.000000 -1
1 32.115101 -6.918040 4.000000 0.000000 1.000000 -1
1 32.151901 -7.597290 2.472140 0.000000 1.000000 -1
1 32.115101 -6.918040 4.000000 0.000000 1.000000 -1
1 30.509100 -7.508220 2.472140 0.000000 1.000000 -1
1 32.115101 -6.918040 4.000000 0.000000 1.000000 -1
1 32.151901 -7.597290 2.472140 0.000000 1.000000 -1
1 33.593498 -6.675670 4.000000 0.000000 1.000000 -1
1 33.775501 -7.331120 2.472140 0.000000 1.000000 -1
1 33.593498 -6.675670 4.000000 0.000000 1.000000 -1
1 32.151901 -7.597290 2.472140 0.000000 1.000000 -1
1 33.593498 -6.675670 4.000000 0.000000 1.000000 -1
1 33.775501 -7.331120 2.472140 0.000000 1.000000 -1
1 34.985199 -6.121150 4.000000 0.000000 1.000000 -1
1 35.303902 -6.722160 2.472140 0.000000 1.000000 -1
1 34.985199 -6.121150 4.000000 0.000000 1.000000 -1
1 33.775501 -7.331120 2.472140 0.000000 1.000000 -1
1 34.985199 -6.121150 4.000000 0.000000 1.000000 -1
1 35.303902 -6.722160 2.472140 0.000000 1.000000 -1
1 36.225201 -5.280410 4.000000 0.000000 1.000000 -1
1 36.665600 -5.798870 2.472140 0.000000 1.000000 -1
1 36.225201 -5.280410 4.000000 0.000000 1.000000 -1
1 35.303902 -6.722160 2.472140 0.000000 1.000000 -1
1 36.225201 -5.280410 4.000000 0.000000 1.000000 -1
1 36.665600 -5.798870 2.472140 0.000000 1.000000 -1
1 37.255501 -4.192770 4.000000 0.000000 1.000000 -1
1 37.797001 -4.604440 2.472140 0.000000 1.000000 -1
1 37.255501 -4.192770 4.000000 0.000000 1.000000 -1
1 36.665600 -5.798870 2.472140 0.000000 1.000000 -1
1 37.255501 -4.192770 4.000000 0.000000 1.000000 -1
1 37.797001 -4.604440 2.472140 0.000000 1.000000 -1
1 38.027901 -2.909080 4.000000 0.000000 1.000000 -1
1 38.645199 -3.194710 2.472140 0.000000 1.000000 -1
1 38.027901 -2.909080 4.000000 0.000000 1.000000 -1
1 37.797001 -4.604440 2.472140 0.000000 1.000000 -1
1 38.027901 -2.909080 4.000000 0.000000 1.000000 -1
1 38.645199 -3.194710 2.472140 0.000000 1.000000 -1
1 38.506199 -1.489360 4.000000 0.000000 1.000000 -1
1 39.170601 -1.635590 2.472140 0.000000 1.000000 -1
1 38.506199 -1.489360 4.000000 0.000000 1.000000 -1
1 38.645199 -3.194710 2.472140 0.000000 1.000000 -1
1 38.506199 -1.489360 4.000000 0.000000 1.000000 -1
1 39.170601 -1.635590 2.472140 0.000000 1.000000 -1
1 38.668201 0.000000 4.000000 0.000000 1.000000 -1
1 32.185001 1.602670 7.825180 0.000000 1.000000 -1
1 32.519100 1.469540 7.825180 0.000000 1.000000 -1
1 33.264198 2.874850 7.308360 0.000000 1.000000 -1
1 33.846500 2.479990 7.308360 0.000000 1.000000 -1
1 33.264198 2.874850 7.308360 0.000000 1.000000 -1
1 32.519100 1.469540 7.825180 0.000000 1.000000 -1
1 33.264198 2.874850 7.308360 0.000000 1.000000 -1
1 33.846500 2.479990 7.308360 0.000000 1.000000 -1
1 34.784199 3.583900 6.472140 0.000000 1.000000 -1
1 35.483501 2.845700 6.472140 0.000000 1.000000 -1
1 34.784199 3.583900 6.472140 0.000000 1.000000 -1
1 33.846500 2.479990 7.308360 0.000000 1.000000 -1
1 34.784199 3.583900 6.472140 0.000000 1.000000 -1
1 35.483501 2.845700 6.472140 0.000000 1.000000 -1
1 36.472900 3.597860 5.353050 0.000000 1.000000 -1
1 37.135700 2.496310 5.353050 0.000000 1.000000 -1
1 36.472900 3.597860 5.353050 0.000000 1.000000 -1
1 35.483501 2.845700 6.472140 0.000000 1.000000 -1
1 36.472900 3.597860 5.353050 0.000000 1.000000 -1
1 37.135700 2.496310 5.353050 0.000000 1.000000 -1
1 38.027901 2.909080 4.000000 0.000000 1.000000 -1
1 38.506199 1.489360 4.000000 0.000000 1.000000 -1
1 38.027901 2.909080 4.000000 0.000000 1.000000 -1
1 37.135700 2.496310 5.353050 0.000000 1.000000 -1
1 38.027901 2.909080 4.000000 0.000000 1.000000 -1
1 38.506199 1.489360 4.000000 0.000000 1.000000 -1
1 39.170601 1.635590 2.472140 0.000000 1.000000 -1
1 39.348499 0.000000 2.472140 0.000000 1.000000 -1
1 39.170601 1.635590 2.472140 0.000000 1.000000 -1
1 38.506199 1.489360 4.000000 0.000000 1.000000 -1
1 39.170601 1.635590 2.472140 0.000000 1.000000 -1
1 39.348499 0.000000 2.472140 0.000000 1.000000 -1
1 39.696201 0.000000 0.836228 0.000000 1.000000 -1
1 39.510201 -1.710340 0.836228 0.000000 1.000000 -1
1 39.696201 0.000000 0.836228 0.000000 1.000000 -1
1 39.348499 0.000000 2.472140 0.000000 1.000000 -1
1 39.696201 0.000000 0.836228 0.000000 1.000000 -1
1 39.510201 -1.710340 0.836228 0.000000 1.000000 -1
1 39.510201 -1.710340 -0.836228 0.000000 1.000000 -1
1 38.960800 -3.340710 -0.836228 0.000000 1.000000 -1
1 39.510201 -1.710340 -0.836228 0.000000 1.000000 -1
1 39.510201 -1.710340 0.836228 0.000000 1.000000 -1
1 39.510201 -1.710340 -0.836228 0.000000 1.000000 -1
1 38.960800 -3.340710 -0.836228 0.000000 1.000000 -1
1 38.645199 -3.194710 -2.472140 0.000000 1.000000 -1
1 37.797001 -4.604440 -2.472140 0.000000 1.000000 -1
1 38.645199 -3.194710 -2.472140 0.000000 1.000000 -1
1 38.960800 -3.340710 -0.836228 0.000000 1.000000 -1
1 38.645199 -3.194710 -2.472140 0.000000 1.000000 -1
1 37.797001 -4.604440 -2.472140 0.000000 1.000000 -1
1 37.255501 -4.192770 -4.000000 0.000000 1.000000 -1
1 36.532501 -5.000000 -3.999320 0.000000 1.000000 -1
1 37.255501 -4.192770 -4.000000 0.000000 1.000000 -1
1 37.797001 -4.604440 -2.472140 0.000000 1.000000 -1
1 37.255501 -4.192770 -4.000000 0.000000 1.000000 -1
1 36.532501 -5.000000 -3.999320 0.000000 1.000000 -1
1 36.523899 -5.000000 -4.014210 0.000000 1.000000 -1
1 25.495001 -4.253710 2.460710 0.000000 1.000000 -1
1 25.495001 -4.619400 1.913420 0.000000 1.000000 -1
1 26.216299 -5.232330 2.472140 0.000000 1.000000 -1
1 25.963900 -5.471460 0.836228 0.000000 1.000000 -1
1 26.216299 -5.232330 2.472140 0.000000 1.000000 -1
1 25.495001 -4.619400 1.913420 0.000000 1.000000 -1
1 26.216299 -5.232330 2.472140 0.000000 1.000000 -1
1 25.963900 -5.471460 0.836228 0.000000 1.000000 -1
1 27.470200 -6.297430 2.472140 0.000000 1.000000 -1
1 27.275101 -6.585240 0.836228 0.000000 1.000000 -1
1 27.470200 -6.297430 2.472140 0.000000 1.000000 -1
1 25.963900 -5.471460 0.836228 0.000000 1.000000 -1
1 27.470200 -6.297430 2.472140 0.000000 1.000000 -1
1 27.275101 -6.585240 0.836228 0.000000 1.000000 -1
1 28.923800 -7.068070 2.472140 0.000000 1.000000 -1
1 28.795099 -7.391100 0.836228 0.000000 1.000000 -1
1 28.923800 -7.068070 2.472140 0.000000 1.000000 -1
1 27.275101 -6.585240 0.836228 0.000000 1.000000 -1
1 28.923800 -7.068070 2.472140 0.000000 1.000000 -1
1 28.795099 -7.391100 0.836228 0.000000 1.000000 -1
1 30.509100 -7.508220 2.472140 0.000000 1.000000 -1
1 30.452801 -7.851360 0.836228 0.000000 1.000000 -1
1 30.509100 -7.508220 2.472140 0.000000 1.000000 -1
1 28.795099 -7.391100 0.836228 0.000000 1.000000 -1
1 30.509100 -7.508220 2.472140 0.000000 1.000000 -1
1 30.452801 -7.851360 0.836228 0.000000 1.000000 -1
1 32.151901 -7.597290 2.472140 0.000000 1.000000 -1
1 32.170700 -7.944510 0.836228 0.000000 1.000000 -1
1 32.151901 -7.597290 2.472140 0.000000 1.000000 -1
1 30.452801 -7.851360 0.836228 0.000000 1.000000 -1
1 32.151901 -7.597290 2.472140 0.000000 1.000000 -1
1 32.170700 -7.944510 0.836228 0.000000 1.000000 -1
1 33.775501 -7.331120 2.472140 0.000000 1.000000 -1
1 33.868500 -7.666170 0.836228 0.000000 1.000000 -1
1 33.775501 -7.331120 2.472140 0.000000 1.000000 -1
1 32.170700 -7.944510 0.836228 0.000000 1.000000 -1
1 33.775501 -7.331120 2.472140 0.000000 1.000000 -1
1 33.868500 -7.666170 0.836228 0.000000 1.000000 -1
1 35.303902 -6.722160 2.472140 0.000000 1.000000 -1
1 35.466702 -7.029380 0.836228 0.000000 1.000000 -1
1 35.303902 -6.722160 2.472140 0.000000 1.000000 -1
1 33.868500 -7.666170 0.836228 0.000000 1.000000 -1
1 35.303902 -6.722160 2.472140 0.000000 1.000000 -1
1 35.466702 -7.029380 0.836228 0.000000 1.000000 -1
1 36.665600 -5.798870 2.472140 0.000000 1.000000 -1
1 36.890701 -6.063890 0.836228 0.000000 1.000000 -1
1 36.665600 -5.798870 2.472140 0.000000 1.000000 -1
1 35.466702 -7.029380 0.836228 0.000000 1.000000 -1
1 36.665600 -5.798870 2.472140 0.000000 1.000000 -1
1 36.890701 -6.063890 0.836228 0.000000 1.000000 -1
1 37.797001 -4.604440 2.472140 0.000000 1.000000 -1
1 38.073898 -4.814870 0.836228 0.000000 1.000000 -1
1 37.797001 -4.604440 2.472140 0.000000 1.000000 -1
1 36.890701 -6.063890 0.836228 0.000000 1.000000 -1
1 37.797001 -4.604440 2.472140 0.000000 1.000000 -1
1 38.073898 -4.814870 0.836228 0.000000 1.000000 -1
1 38.645199 -3.194710 2.472140 0.000000 1.000000 -1
1 38.960800 -3.340710 0.836228 0.000000 1.000000 -1
1 38.645199 -3.194710 2.472140 0.000000 1.000000 -1
1 38.073898 -4.814870 0.836228 0.000000 1.000000 -1
1 38.645199 -3.194710 2.472140 0.000000 1.000000 -1
1 38.960800 -3.340710 0.836228 0.000000 1.000000 -1
1 39.170601 -1.635590 2.472140 0.000000 1.000000 -1
1 37.985001 5.000000 0.000000 0.000000 1.000000 -1
1 37.839199 5.000000 0.826998 0.000000 1.000000 -1
1 38.073898 4.814870 0.836228 0.000000 1.000000 -1
1 37.797001 4.604440 2.472140 0.000000 1.000000 -1
1 38.073898 4.814870 0.836228 0.000000 1.000000 -1
1 37.839199 5.000000 0.826998 0.000000 1.000000 -1
1 38.073898 4.814870 0.836228 0.000000 1.000000 -1
1 37.797001 4.604440 2.472140 0.000000 1.000000 -1
1 38.960800 3.340710 0.836228 0.000000 1.000000 -1
1 31.830000 1.660850 7.825180 0.000000 1.000000 -1
1 31.740000 0.000000 8.000000 0.000000 1.000000 -1
1 32.185001 1.602670 7.825180 0.000000 1.000000 -1
1 36.237999 0.000000 6.615710 0.000000 1.000000 -1
1 36.419701 -0.000000 6.447710 0.000000 1.000000 -1
1 36.332298 1.010850 6.472140 0.000000 1.000000 -1
1 37.647400 -0.000000 5.312230 0.000000 1.000000 -1
1 36.332298 1.010850 6.472140 0.000000 1.000000 -1
1 36.419701 -0.000000 6.447710 0.000000 1.000000 -1
1 36.332298 1.010850 6.472140 0.000000 1.000000 -1
1 37.647400 -0.000000 5.312230 0.000000 1.000000 -1
1 37.546200 1.278030 5.353050 0.000000 1.000000 -1
1 37.985001 -0.000000 5.000000 0.000000 1.000000 -1
1 37.546200 1.278030 5.353050 0.000000 1.000000 -1
1 37.647400 -0.000000 5.312230 0.000000 1.000000 -1
1 37.546200 1.278030 5.353050 0.000000 1.000000 -1
1 37.985001 -0.000000 5.000000 0.000000 1.000000 -1
1 38.506199 1.489360 4.000000 0.000000 1.000000 -1
1 38.668201 0.000000 4.000000 0.000000 1.000000 -1
1 38.506199 1.489360 4.000000 0.000000 1.000000 -1
1 37.985001 -0.000000 5.000000 0.000000 1.000000 -1
1 38.506199 1.489360 4.000000 0.000000 1.000000 -1
1 38.668201 0.000000 4.000000 0.000000 1.000000 -1
1 39.348499 0.000000 2.472140 0.000000 1.000000 -1
1 39.170601 -1.635590 2.472140 0.000000 1.000000 -1
1 39.348499 0.000000 2.472140 0.000000 1.000000 -1
1 38.668201 0.000000 4.000000 0.000000 1.000000 -1
1 39.348499 0.000000 2.472140 0.000000 1.000000 -1
1 39.170601 -1.635590 2.472140 0.000000 1.000000 -1
1 39.510201 -1.710340 0.836228 0.000000 1.000000 -1
1 38.960800 -3.340710 0.836228 0.000000 1.000000 -1
1 39.510201 -1.710340 0.836228 0.000000 1.000000 -1
1 39.170601 -1.635590 2.472140 0.000000 1.000000 -1
1 39.510201 -1.710340 0.836228 0.000000 1.000000 -1
1 38.960800 -3.340710 0.836228 0.000000 1.000000 -1
1 38.960800 -3.340710 -0.836228 0.000000 1.000000 -1
1 38.073898 -4.814870 -0.836228 0.000000 1.000000 -1
1 38.960800 -3.340710 -0.836228 0.000000 1.000000 -1
1 38.960800 -3.340710 0.836228 0.000000 1.000000 -1
1 38.960800 -3.340710 -0.836228 0.000000 1.000000 -1
1 38.073898 -4.814870 -0.836228 0.000000 1.000000 -1
1 37.797001 -4.604440 -2.472140 0.000000 1.000000 -1
1 37.839199 -5.000000 -0.826998 0.000000 1.000000 -1
1 37.797001 -4.604440 -2.472140 0.000000 1.000000 -1
1 38.073898 -4.814870 -0.836228 0.000000 1.000000 -1
1 37.797001 -4.604440 -2.472140 0.000000 1.000000 -1
1 37.839199 -5.000000 -0.826998 0.000000 1.000000 -1
1 37.608398 -5.000000 -2.135920 0.000000 1.000000 -1
1 36.919102 6.097300 0.000000 0.000000 1.000000 -1
1 37.985001 5.000000 0.000000 0.000000 1.000000 -1
1 38.073898 4.814870 -0.836228 0.000000 1.000000 -1
1 38.073898 4.814870 0.836228 0.000000 1.000000 -1
1 38.073898 4.814870 -0.836228 0.000000 1.000000 -1
1 37.985001 5.000000 0.000000 0.000000 1.000000 -1
1 38.073898 4.814870 -0.836228 0.000000 1.000000 -1
1 38.073898 4.814870 0.836228 0.000000 1.000000 -1
1 38.960800 3.340710 -0.836228 0.000000 1.000000 -1
1 38.960800 3.340710 0.836228 0.000000 1.000000 -1
1 38.960800 3.340710 -0.836228 0.000000 1.000000 -1
1 38.073898 4.814870 0.836228 0.000000 1.000000 -1
1 38.960800 3.340710 -0.836228 0.000000 1.000000 -1
1 38.960800 3.340710 0.836228 0.000000 1.000000 -1
1 39.510201 1.710340 -0.836228 0.000000 1.000000 -1
1 30.655600 5.000000 6.150120 0.000000 1.000000 -1
1 29.999500 4.368310 6.472140 0.000000 1.000000 -1
1 30.912300 5.000000 6.150120 0.000000 1.000000 -1
1 30.979300 4.640340 6.472140 0.000000 1.000000 -1
1 30.912300 5.000000 6.150120 0.000000 1.000000 -1
1 29.999500 4.368310 6.472140 0.000000 1.000000 -1
1 30.912300 5.000000 6.150120 0.000000 1.000000 -1
1 30.979300 4.640340 6.472140 0.000000 1.000000 -1
1 31.994600 4.695390 6.472140 0.000000 1.000000 -1
1 31.213600 3.211030 7.308360 0.000000 1.000000 -1
1 31.994600 4.695390 6.472140 0.000000 1.000000 -1
1 30.979300 4.640340 6.472140 0.000000 1.000000 -1
1 31.994600 4.695390 6.472140 0.000000 1.000000 -1
1 31.213600 3.211030 7.308360 0.000000 1.000000 -1
1 31.916201 3.249120 7.308360 0.000000 1.000000 -1
1 31.470900 1.641380 7.825180 0.000000 1.000000 -1
1 31.916201 3.249120 7.308360 0.000000 1.000000 -1
1 31.213600 3.211030 7.308360 0.000000 1.000000 -1
1 31.916201 3.249120 7.308360 0.000000 1.000000 -1
1 31.470900 1.641380 7.825180 0.000000 1.000000 -1
1 31.830000 1.660850 7.825180 0.000000 1.000000 -1
1 31.740000 0.000000 8.000000 0.000000 1.000000 -1
1 31.830000 1.660850 7.825180 0.000000 1.000000 -1
1 31.470900 1.641380 7.825180 0.000000 1.000000 -1
1 25.495001 4.253710 -2.460710 0.000000 1.000000 -1
1 25.495001 4.619400 -1.913420 0.000000 1.000000 -1
1 26.216299 5.232330 -2.472140 0.000000 1.000000 -1
1 25.963900 5.471460 -0.836228 0.000000 1.000000 -1
1 26.216299 5.232330 -2.472140 0.000000 1.000000 -1
1 25.495001 4.619400 -1.913420 0.000000 1.000000 -1
1 26.216299 5.232330 -2.472140 0.000000 1.000000 -1
1 25.963900 5.471460 -0.836228 0.000000 1.000000 -1
1 27.470200 6.297430 -2.472140 0.000000 1.000000 -1
1 27.275101 6.585240 -0.836228 0.000000 1.000000 -1
1 27.470200 6.297430 -2.472140 0.000000 1.000000 -1
1 25.963900 5.471460 -0.836228 0.000000 1.000000 -1
1 27.470200 6.297430 -2.472140 0.000000 1.000000 -1
1 27.275101 6.585240 -0.836228 0.000000 1.000000 -1
1 28.923800 7.068070 -2.472140 0.000000 1.000000 -1
1 28.795099 7.391100 -0.836228 0.000000 1.000000 -1
1 28.923800 7.068070 -2.472140 0.000000 1.000000 -1
1 27.275101 6.585240 -0.836228 0.000000 1.000000 -1
1 28.923800 7.068070 -2.472140 0.000000 1.000000 -1
1 28.795099 7.391100 -0.836228 0.000000 1.000000 -1
1 30.509100 7.508220 -2.472140 0.000000 1.000000 -1
1 30.452801 7.851360 -0.836228 0.000000 1.000000 -1
1 30.509100 7.508220 -2.472140 0.000000 1.000000 -1
1 28.795099 7.391100 -0.836228 0.000000 1.000000 -1
1 30.509100 7.508220 -2.472140 0.000000 1.000000 -1
1 30.452801 7.851360 -0.836228 0.000000 1.000000 -1
1 32.151901 7.597290 -2.472140 0.000000 1.000000 -1
1 32.170700 7.944510 -0.836228 0.000000 1.000000 -1
1 32.151901 7.597290 -2.472140 0.000000 1.000000 -1
1 30.452801 7.851360 -0.836228 0.000000 1.000000 -1
1 32.151901 7.597290 -2.472140 0.000000 1.000000 -1
1 32.170700 7.944510 -0.836228 0.000000 1.000000 -1
1 33.775501 7.331120 -2.472140 0.000000 1.000000 -1
1 33.868500 7.666170 -0.836228 0.000000 1.000000 -1
1 33.775501 7.331120 -2.472140 0.000000 1.000000 -1
1 32.170700 7.944510 -0.836228 0.000000 1.000000 -1
1 33.775501 7.331120 -2.472140 0.000000 1.000000 -1
1 33.868500 7.666170 -0.836228 0.000000 1.000000 -1
1 35.303902 6.722160 -2.472140 0.000000 1.000000 -1
1 35.466702 7.029380 -0.836228 0.000000 1.000000 -1
1 35.303902 6.722160 -2.472140 0.000000 1.000000 -1
1 33.868500 7.666170 -0.836228 0.000000 1.000000 -1
1 35.303902 6.722160 -2.472140 0.000000 1.000000 -1
1 35.466702 7.029380 -0.836228 0.000000 1.000000 -1
1 36.665600 5.798870 -2.472140 0.000000 1.000000 -1
1 36.890701 6.063890 -0.836228 0.000000 1.000000 -1
1 36.665600 5.798870 -2.472140 0.000000 1.000000 -1
1 35.466702 7.029380 -0.836228 0.000000 1.000000 -1
1 36.665600 5.798870 -2.472140 0.000000 1.000000 -1
1 36.890701 6.063890 -0.836228 0.000000 1.000000 -1
1 37.797001 4.604440 -2.472140 0.000000 1.000000 -1
1 38.073898 4.814870 -0.836228 0.000000 1.000000 -1
1 37.797001 4.604440 -2.472140 0.000000 1.000000 -1
1 36.890701 6.063890 -0.836228 0.000000 1.000000 -1
1 37.797001 4.604440 -2.472140 0.000000 1.000000 -1
1 38.073898 4.814870 -0.836228 0.000000 1.000000 -1
1 38.645199 3.194710 -2.472140 0.000000 1.000000 -1
1 38.960800 3.340710 -0.836228 0.000000 1.000000 -1
1 38.645199 3.194710 -2.472140 0.000000 1.000000 -1
1 38.073898 4.814870 -0.836228 0.000000 1.000000 -1
1 38.645199 3.194710 -2.472140 0.000000 1.000000 -1
1 38.960800 3.340710 -0.836228 0.000000 1.000000 -1
1 39.170601 1.635590 -2.472140 0.000000 1.000000 -1
1 39.510201 1.710340 -0.836228 0.000000 1.000000 -1
1 39.170601 1.635590 -2.472140 0.000000 1.000000 -1
1 38.960800 3.340710 -0.836228 0.000000 1.000000 -1
1 39.170601 1.635590 -2.472140 0.000000 1.000000 -1
1 39.510201 1.710340 -0.836228 0.000000 1.000000 -1
1 39.348499 0.000000 -2.472140 0.000000 1.000000 -1
1 38.506199 -1.489360 -4.000000 0.000000 1.000000 -1
1 38.668201 0.000000 -4.000000 0.000000 1.000000 -1
1 39.348499 0.000000 -2.472140 0.000000 1.000000 -1
1 34.429100 5.000000 5.566060 0.000000 1.000000 -1
1 33.942600 4.154520 6.472140 0.000000 1.000000 -1
1 34.862499 5.000000 5.408330 0.000000 1.000000 -1
1 34.784199 3.583900 6.472140 0.000000 1.000000 -1
1 34.862499 5.000000 5.408330 0.000000 1.000000 -1
1 33.942600 4.154520 6.472140 0.000000 1.000000 -1
1 34.862499 5.000000 5.408330 0.000000 1.000000 -1
1 34.784199 3.583900 6.472140 0.000000 1.000000 -1
1 34.931400 5.000000 5.350500 0.000000 1.000000 -1
1 35.588799 4.531170 5.353050 0.000000 1.000000 -1
1 34.931400 5.000000 5.350500 0.000000 1.000000 -1
1 34.784199 3.583900 6.472140 0.000000 1.000000 -1
1 34.931400 5.000000 5.350500 0.000000 1.000000 -1
1 35.588799 4.531170 5.353050 0.000000 1.000000 -1
1 36.035999 5.000000 4.423620 0.000000 1.000000 -1
1 36.472900 3.597860 5.353050 0.000000 1.000000 -1
1 36.035999 5.000000 4.423620 0.000000 1.000000 -1
1 35.588799 4.531170 5.353050 0.000000 1.000000 -1
1 36.035999 5.000000 4.423620 0.000000 1.000000 -1
1 36.472900 3.597860 5.353050 0.000000 1.000000 -1
1 37.255501 4.192770 4.000000 0.000000 1.000000 -1
1 38.027901 2.909080 4.000000 0.000000 1.000000 -1
1 37.255501 4.192770 4.000000 0.000000 1.000000 -1
1 36.472900 3.597860 5.353050 0.000000 1.000000 -1
1 37.255501 4.192770 4.000000 0.000000 1.000000 -1
1 38.027901 2.909080 4.000000 0.000000 1.000000 -1
1 38.645199 3.194710 2.472140 0.000000 1.000000 -1
1 39.170601 1.635590 2.472140 0.000000 1.000000 -1
1 38.645199 3.194710 2.472140 0.000000 1.000000 -1
1 38.027901 2.909080 4.000000 0.000000 1.000000 -1
1 38.645199 3.194710 2.472140 0.000000 1.000000 -1
1 39.170601 1.635590 2.472140 0.000000 1.000000 -1
1 39.510201 1.710340 0.836228 0.000000 1.000000 -1
1 39.696201 0.000000 0.836228 0.000000 1.000000 -1
1 39.510201 1.710340 0.836228 0.000000 1.000000 -1
1 39.170601 1.635590 2.472140 0.000000 1.000000 -1
1 39.510201 1.710340 0.836228 0.000000 1.000000 -1
1 39.696201 0.000000 0.836228 0.000000 1.000000 -1
1 39.696201 0.000000 -0.836228 0.000000 1.000000 -1
1 39.510201 -1.710340 -0.836228 0.000000 1.000000 -1
1 39.696201 0.000000 -0.836228 0.000000 1.000000 -1
1 39.696201 0.000000 0.836228 0.000000 1.000000 -1
1 39.696201 0.000000 -0.836228 0.000000 1.000000 -1
1 39.510201 -1.710340 -0.836228 0.000000 1.000000 -1
1 39.170601 -1.635590 -2.472140 0.000000 1.000000 -1
1 38.645199 -3.194710 -2.472140 0.000000 1.000000 -1
1 39.170601 -1.635590 -2.472140 0.000000 1.000000 -1
1 39.510201 -1.710340 -0.836228 0.000000 1.000000 -1
1 39.170601 -1.635590 -2.472140 0.000000 1.000000 -1
1 38.645199 -3.194710 -2.472140 0.000000 1.000000 -1
1 38.027901 -2.909080 -4.000000 0.000000 1.000000 -1
1 37.255501 -4.192770 -4.000000 0.000000 1.000000 -1
1 38.027901 -2.909080 -4.000000 0.000000 1.000000 -1
1 38.645199 -3.194710 -2.472140 0.000000 1.000000 -1
1 38.027901 -2.909080 -4.000000 0.000000 1.000000 -1
1 37.255501 -4.192770 -4.000000 0.000000 1.000000 -1
1 36.472900 -3.597860 -5.353050 0.000000 1.000000 -1
1 36.035999 -5.000000 -4.423620 0.000000 1.000000 -1
1 36.472900 -3.597860 -5.353050 0.000000 1.000000 -1
1 37.255501 -4.192770 -4.000000 0.000000 1.000000 -1
1 36.472900 -3.597860 -5.353050 0.000000 1.000000 -1
1 36.035999 -5.000000 -4.423620 0.000000 1.000000 -1
1 35.588799 -4.531170 -5.353050 0.000000 1.000000 -1
1 34.931400 -5.000000 -5.350500 0.000000 1.000000 -1
1 35.588799 -4.531170 -5.353050 0.000000 1.000000 -1
1 36.035999 -5.000000 -4.423620 0.000000 1.000000 -1
1 35.588799 -4.531170 -5.353050 0.000000 1.000000 -1
1 34.931400 -5.000000 -5.350500 0.000000 1.000000 -1
1 34.784199 -3.583900 -6.472140 0.000000 1.000000 -1
1 34.862499 -5.000000 -5.408330 0.000000 1.000000 -1
1 34.784199 -3.583900 -6.472140 0.000000 1.000000 -1
1 34.931400 -5.000000 -5.350500 0.000000 1.000000 -1
1 34.784199 -3.583900 -6.472140 0.000000 1.000000 -1
1 34.862499 -5.000000 -5.408330 0.000000 1.000000 -1
1 33.942600 -4.154520 -6.472140 0.000000 1.000000 -1
1 34.429100 -5.000000 -5.566060 0.000000 1.000000 -1
1 33.942600 -4.154520 -6.472140 0.000000 1.000000 -1
1 34.862499 -5.000000 -5.408330 0.000000 1.000000 -1
1 33.942600 -4.154520 -6.472140 0.000000 1.000000 -1
1 34.429100 -5.000000 -5.566060 0.000000 1.000000 -1
1 33.144901 -5.000000 -6.033490 0.000000 1.000000 -1
1 39.348499 0.000000 -2.472140 0.000000 1.000000 -1
1 38.668201 0.000000 -4.000000 0.000000 1.000000 -1
1 39.170601 1.635590 -2.472140 0.000000 1.000000 -1
1 38.506199 1.489360 -4.000000 0.000000 1.000000 -1
1 39.170601 1.635590 -2.472140 0.000000 1.000000 -1
1 38.668201 0.000000 -4.000000 0.000000 1.000000 -1
1 39.170601 1.635590 -2.472140 0.000000 1.000000 -1
1 38.506199 1.489360 -4.000000 0.000000 1.000000 -1
1 38.645199 3.194710 -2.472140 0.000000 1.000000 -1
1 38.027901 2.909080 -4.000000 0.000000 1.000000 -1
1 38.645199 3.194710 -2.472140 0.000000 1.000000 -1
1 38.506199 1.489360 -4.000000 0.000000 1.000000 -1
1 38.645199 3.194710 -2.472140 0.000000 1.000000 -1
1 38.027901 2.909080 -4.000000 0.000000 1.000000 -1
1 37.797001 4.604440 -2.472140 0.000000 1.000000 -1
1 37.255501 4.192770 -4.000000 0.000000 1.000000 -1
1 37.797001 4.604440 -2.472140 0.000000 1.000000 -1
1 38.027901 2.909080 -4.000000 0.000000 1.000000 -1
1 37.797001 4.604440 -2.472140 0.000000 1.000000 -1
1 37.255501 4.192770 -4.000000 0.000000 1.000000 -1
1 36.665600 5.798870 -2.472140 0.000000 1.000000 -1
1 36.225201 5.280410 -4.000000 0.000000 1.000000 -1
1 36.665600 5.798870 -2.472140 0.000000 1.000000 -1
1 37.255501 4.192770 -4.000000 0.000000 1.000000 -1
1 36.665600 5.798870 -2.472140 0.000000 1.000000 -1
1 36.225201 5.280410 -4.000000 0.000000 1.000000 -1
1 35.303902 6.722160 -2.472140 0.000000 1.000000 -1
1 34.985199 6.121150 -4.000000 0.000000 1.000000 -1
1 35.303902 6.722160 -2.472140 0.000000 1.000000 -1
1 36.225201 5.280410 -4.000000 0.000000 1.000000 -1
1 35.303902 6.722160 -2.472140 0.000000 1.000000 -1
1 34.985199 6.121150 -4.000000 0.000000 1.000000 -1
1 33.775501 7.331120 -2.472140 0.000000 1.000000 -1
1 33.593498 6.675670 -4.000000 0.000000 1.000000 -1
1 33.775501 7.331120 -2.472140 0.000000 1.000000 -1
1 34.985199 6.121150 -4.000000 0.000000 1.000000 -1
1 33.775501 7.331120 -2.472140 0.000000 1.000000 -1
1 33.593498 6.675670 -4.000000 0.000000 1.000000 -1
1 32.151901 7.597290 -2.472140 0.000000 1.000000 -1
1 32.115101 6.918040 -4.000000 0.000000 1.000000 -1
1 32.151901 7.597290 -2.472140 0.000000 1.000000 -1
1 33.593498 6.675670 -4.000000 0.000000 1.000000 -1
1 32.151901 7.597290 -2.472140 0.000000 1.000000 -1
1 32.115101 6.918040 -4.000000 0.000000 1.000000 -1
1 30.509100 7.508220 -2.472140 0.000000 1.000000 -1
1 30.619101 6.836930 -4.000000 0.000000 1.000000 -1
1 30.509100 7.508220 -2.472140 0.000000 1.000000 -1
1 32.115101 6.918040 -4.000000 0.000000 1.000000 -1
1 30.509100 7.508220 -2.472140 0.000000 1.000000 -1
1 30.619101 6.836930 -4.000000 0.000000 1.000000 -1
1 28.923800 7.068070 -2.472140 0.000000 1.000000 -1
1 29.175600 6.436140 -4.000000 0.000000 1.000000 -1
1 28.923800 7.068070 -2.472140 0.000000 1.000000 -1
1 30.619101 6.836930 -4.000000 0.000000 1.000000 -1
1 28.923800 7.068070 -2.472140 0.000000 1.000000 -1
1 29.175600 6.436140 -4.000000 0.000000 1.000000 -1
1 27.470200 6.297430 -2.472140 0.000000 1.000000 -1
1 27.851999 5.734400 -4.000000 0.000000 1.000000 -1
1 27.470200 6.297430 -2.472140 0.000000 1.000000 -1
1 29.175600 6.436140 -4.000000 0.000000 1.000000 -1
1 27.470200 6.297430 -2.472140 0.000000 1.000000 -1
1 27.851999 5.734400 -4.000000 0.000000 1.000000 -1
1 26.216299 5.232330 -2.472140 0.000000 1.000000 -1
1 26.710199 4.764520 -4.000000 0.000000 1.000000 -1
1 26.216299 5.232330 -2.472140 0.000000 1.000000 -1
1 27.851999 5.734400 -4.000000 0.000000 1.000000 -1
1 26.216299 5.232330 -2.472140 0.000000 1.000000 -1
1 26.710199 4.764520 -4.000000 0.000000 1.000000 -1
1 25.495001 3.769290 -3.185690 0.000000 1.000000 -1
1 25.803499 3.571860 -4.000000 0.000000 1.000000 -1
1 25.495001 3.769290 -3.185690 0.000000 1.000000 -1
1 26.710199 4.764520 -4.000000 0.000000 1.000000 -1
1 25.495001 3.769290 -3.185690 0.000000 1.000000 -1
1 25.803499 3.571860 -4.000000 0.000000 1.000000 -1
1 25.495001 3.535530 -3.535530 0.000000 1.000000 -1
1 37.546200 -1.278030 -5.353050 0.000000 1.000000 -1
1 37.647400 0.000000 -5.312230 0.000000 1.000000 -1
1 37.985001 0.000000 -5.000000 0.000000 1.000000 -1
1 25.495001 -3.535530 -3.535530 0.000000 1.000000 -1
1 25.495001 -2.848440 -3.994640 0.000000 1.000000 -1
1 25.803499 -3.571860 -4.000000 0.000000 1.000000 -1
1 26.645800 -3.065050 -5.353050 0.000000 1.000000 -1
1 25.803499 -3.571860 -4.000000 0.000000 1.000000 -1
1 25.495001 -2.848440 -3.994640 0.000000 1.000000 -1
1 25.803499 -3.571860 -4.000000 0.000000 1.000000 -1
1 26.645800 -3.065050 -5.353050 0.000000 1.000000 -1
1 26.710199 -4.764520 -4.000000 0.000000 1.000000 -1
1 27.423800 -4.088480 -5.353050 0.000000 1.000000 -1
1 26.710199 -4.764520 -4.000000 0.000000 1.000000 -1
1 26.645800 -3.065050 -5.353050 0.000000 1.000000 -1
1 26.710199 -4.764520 -4.000000 0.000000 1.000000 -1
1 27.423800 -4.088480 -5.353050 0.000000 1.000000 -1
1 28.322001 -5.000000 -5.160400 0.000000 1.000000 -1
1 28.403700 -4.920740 -5.353050 0.000000 1.000000 -1
1 28.322001 -5.000000 -5.160400 0.000000 1.000000 -1
1 27.423800 -4.088480 -5.353050 0.000000 1.000000 -1
1 28.322001 -5.000000 -5.160400 0.000000 1.000000 -1
1 28.403700 -4.920740 -5.353050 0.000000 1.000000 -1
1 28.548599 -5.000000 -5.350500 0.000000 1.000000 -1
1 28.617500 -5.000000 -5.408330 0.000000 1.000000 -1
1 28.548599 -5.000000 -5.350500 0.000000 1.000000 -1
1 28.403700 -4.920740 -5.353050 0.000000 1.000000 -1
1 36.419701 0.000000 -6.447710 0.000000 1.000000 -1
1 37.647400 0.000000 -5.312230 0.000000 1.000000 -1
1 36.332298 -1.010850 -6.472140 0.000000 1.000000 -1
1 37.546200 -1.278030 -5.353050 0.000000 1.000000 -1
1 36.332298 -1.010850 -6.472140 0.000000 1.000000 -1
1 37.647400 0.000000 -5.312230 0.000000 1.000000 -1
1 36.332298 -1.010850 -6.472140 0.000000 1.000000 -1
1 37.546200 -1.278030 -5.353050 0.000000 1.000000 -1
1 36.007702 -1.974440 -6.472140 0.000000 1.000000 -1
1 35.483501 -2.845700 -6.472140 0.000000 1.000000 -1
1 36.007702 -1.974440 -6.472140 0.000000 1.000000 -1
1 37.135700 -2.496310 -5.353050 0.000000 1.000000 -1
1 37.546200 -1.278030 -5.353050 0.000000 1.000000 -1
1 37.135700 -2.496310 -5.353050 0.000000 1.000000 -1
1 36.007702 -1.974440 -6.472140 0.000000 1.000000 -1
1 37.135700 -2.496310 -5.353050 0.000000 1.000000 -1
1 37.546200 -1.278030 -5.353050 0.000000 1.000000 -1
1 38.506199 -1.489360 -4.000000 0.000000 1.000000 -1
1 37.985001 0.000000 -5.000000 0.000000 1.000000 -1
1 38.506199 -1.489360 -4.000000 0.000000 1.000000 -1
1 37.546200 -1.278030 -5.353050 0.000000 1.000000 -1
1 38.506199 -1.489360 -4.000000 0.000000 1.000000 -1
1 37.985001 0.000000 -5.000000 0.000000 1.000000 -1
1 38.668201 0.000000 -4.000000 0.000000 1.000000 -1
1 37.839001 1.342490 -5.000000 0.000000 1.000000 -1
1 38.668201 0.000000 -4.000000 0.000000 1.000000 -1
1 37.985001 0.000000 -5.000000 0.000000 1.000000 -1
1 38.668201 0.000000 -4.000000 0.000000 1.000000 -1
1 37.839001 1.342490 -5.000000 0.000000 1.000000 -1
1 38.506199 1.489360 -4.000000 0.000000 1.000000 -1
1 37.407799 2.622210 -5.000000 0.000000 1.000000 -1
1 38.506199 1.489360 -4.000000 0.000000 1.000000 -1
1 37.839001 1.342490 -5.000000 0.000000 1.000000 -1
1 38.506199 1.489360 -4.000000 0.000000 1.000000 -1
1 37.407799 2.622210 -5.000000 0.000000 1.000000 -1
1 38.027901 2.909080 -4.000000 0.000000 1.000000 -1
1 36.711601 3.779310 -5.000000 0.000000 1.000000 -1
1 38.027901 2.909080 -4.000000 0.000000 1.000000 -1
1 37.407799 2.622210 -5.000000 0.000000 1.000000 -1
1 38.027901 2.909080 -4.000000 0.000000 1.000000 -1
1 36.711601 3.779310 -5.000000 0.000000 1.000000 -1
1 37.255501 4.192770 -4.000000 0.000000 1.000000 -1
1 35.782902 4.759700 -5.000000 0.000000 1.000000 -1
1 37.255501 4.192770 -4.000000 0.000000 1.000000 -1
1 36.711601 3.779310 -5.000000 0.000000 1.000000 -1
1 37.255501 4.192770 -4.000000 0.000000 1.000000 -1
1 35.782902 4.759700 -5.000000 0.000000 1.000000 -1
1 36.225201 5.280410 -4.000000 0.000000 1.000000 -1
1 34.665199 5.517530 -5.000000 0.000000 1.000000 -1
1 36.225201 5.280410 -4.000000 0.000000 1.000000 -1
1 35.782902 4.759700 -5.000000 0.000000 1.000000 -1
1 36.225201 5.280410 -4.000000 0.000000 1.000000 -1
1 34.665199 5.517530 -5.000000 0.000000 1.000000 -1
1 34.985199 6.121150 -4.000000 0.000000 1.000000 -1
1 33.410702 6.017370 -5.000000 0.000000 1.000000 -1
1 34.985199 6.121150 -4.000000 0.000000 1.000000 -1
1 34.665199 5.517530 -5.000000 0.000000 1.000000 -1
1 34.985199 6.121150 -4.000000 0.000000 1.000000 -1
1 33.410702 6.017370 -5.000000 0.000000 1.000000 -1
1 33.593498 6.675670 -4.000000 0.000000 1.000000 -1
1 32.078098 6.235840 -5.000000 0.000000 1.000000 -1
1 33.593498 6.675670 -4.000000 0.000000 1.000000 -1
1 33.410702 6.017370 -5.000000 0.000000 1.000000 -1
1 33.593498 6.675670 -4.000000 0.000000 1.000000 -1
1 32.078098 6.235840 -5.000000 0.000000 1.000000 -1
1 32.115101 6.918040 -4.000000 0.000000 1.000000 -1
1 30.729700 6.162730 -5.000000 0.000000 1.000000 -1
1 32.115101 6.918040 -4.000000 0.000000 1.000000 -1
1 32.078098 6.235840 -5.000000 0.000000 1.000000 -1
1 32.115101 6.918040 -4.000000 0.000000 1.000000 -1
1 30.729700 6.162730 -5.000000 0.000000 1.000000 -1
1 30.619101 6.836930 -4.000000 0.000000 1.000000 -1
1 29.428499 5.801460 -5.000000 0.000000 1.000000 -1
1 30.619101 6.836930 -4.000000 0.000000 1.000000 -1
1 30.729700 6.162730 -5.000000 0.000000 1.000000 -1
1 30.619101 6.836930 -4.000000 0.000000 1.000000 -1
1 29.428499 5.801460 -5.000000 0.000000 1.000000 -1
1 29.175600 6.436140 -4.000000 0.000000 1.000000 -1
1 28.235399 5.168920 -5.000000 0.000000 1.000000 -1
1 29.175600 6.436140 -4.000000 0.000000 1.000000 -1
1 29.428499 5.801460 -5.000000 0.000000 1.000000 -1
1 29.175600 6.436140 -4.000000 0.000000 1.000000 -1
1 28.235399 5.168920 -5.000000 0.000000 1.000000 -1
1 27.851999 5.734400 -4.000000 0.000000 1.000000 -1
1 27.206200 4.294680 -5.000000 0.000000 1.000000 -1
1 27.851999 5.734400 -4.000000 0.000000 1.000000 -1
1 28.235399 5.168920 -5.000000 0.000000 1.000000 -1
1 27.851999 5.734400 -4.000000 0.000000 1.000000 -1
1 27.206200 4.294680 -5.000000 0.000000 1.000000 -1
1 26.710199 4.764520 -4.000000 0.000000 1.000000 -1
1 26.388901 3.219630 -5.000000 0.000000 1.000000 -1
1 26.710199 4.764520 -4.000000 0.000000 1.000000 -1
1 27.206200 4.294680 -5.000000 0.000000 1.000000 -1
1 26.710199 4.764520 -4.000000 0.000000 1.000000 -1
1 26.388901 3.219630 -5.000000 0.000000 1.000000 -1
1 25.803499 3.571860 -4.000000 0.000000 1.000000 -1
1 25.495001 2.848440 -3.994640 0.000000 1.000000 -1
1 25.803499 3.571860 -4.000000 0.000000 1.000000 -1
1 26.388901 3.219630 -5.000000 0.000000 1.000000 -1
1 25.803499 3.571860 -4.000000 0.000000 1.000000 -1
1 25.495001 2.848440 -3.994640 0.000000 1.000000 -1
1 25.495001 3.535530 -3.535530 0.000000 1.000000 -1
1 34.784199 -3.583900 -6.472140 0.000000 1.000000 -1
1 35.483501 -2.845700 -6.472140 0.000000 1.000000 -1
1 36.472900 -3.597860 -5.353050 0.000000 1.000000 -1
1 37.135700 -2.496310 -5.353050 0.000000 1.000000 -1
1 36.472900 -3.597860 -5.353050 0.000000 1.000000 -1
1 35.483501 -2.845700 -6.472140 0.000000 1.000000 -1
1 36.472900 -3.597860 -5.353050 0.000000 1.000000 -1
1 37.135700 -2.496310 -5.353050 0.000000 1.000000 -1
1 38.027901 -2.909080 -4.000000 0.000000 1.000000 -1
1 38.506199 -1.489360 -4.000000 0.000000 1.000000 -1
1 38.027901 -2.909080 -4.000000 0.000000 1.000000 -1
1 37.135700 -2.496310 -5.353050 0.000000 1.000000 -1
1 38.027901 -2.909080 -4.000000 0.000000 1.000000 -1
1 38.506199 -1.489360 -4.000000 0.000000 1.000000 -1
1 39.170601 -1.635590 -2.472140 0.000000 1.000000 -1
1 39.348499 0.000000 -2.472140 0.000000 1.000000 -1
1 39.170601 -1.635590 -2.472140 0.000000 1.000000 -1
1 38.506199 -1.489360 -4.000000 0.000000 1.000000 -1
1 39.170601 -1.635590 -2.472140 0.000000 1.000000 -1
1 39.348499 0.000000 -2.472140 0.000000 1.000000 -1
1 39.696201 0.000000 -0.836228 0.000000 1.000000 -1
1 39.510201 1.710340 -0.836228 0.000000 1.000000 -1
1 39.696201 0.000000 -0.836228 0.000000 1.000000 -1
1 39.348499 0.000000 -2.472140 0.000000 1.000000 -1
1 39.696201 0.000000 -0.836228 0.000000 1.000000 -1
1 39.510201 1.710340 -0.836228 0.000000 1.000000 -1
1 39.510201 1.710340 0.836228 0.000000 1.000000 -1
1 38.960800 3.340710 0.836228 0.000000 1.000000 -1
1 39.510201 1.710340 0.836228 0.000000 1.000000 -1
1 39.510201 1.710340 -0.836228 0.000000 1.000000 -1
1 39.510201 1.710340 0.836228 0.000000 1.000000 -1
1 38.960800 3.340710 0.836228 0.000000 1.000000 -1
1 38.645199 3.194710 2.472140 0.000000 1.000000 -1
1 37.797001 4.604440 2.472140 0.000000 1.000000 -1
1 38.645199 3.194710 2.472140 0.000000 1.000000 -1
1 38.960800 3.340710 0.836228 0.000000 1.000000 -1
1 38.645199 3.194710 2.472140 0.000000 1.000000 -1
1 37.797001 4.604440 2.472140 0.000000 1.000000 -1
1 37.255501 4.192770 4.000000 0.000000 1.000000 -1
1 36.532501 5.000000 3.999320 0.000000 1.000000 -1
1 37.255501 4.192770 4.000000 0.000000 1.000000 -1
1 37.797001 4.604440 2.472140 0.000000 1.000000 -1
1 37.255501 4.192770 4.000000 0.000000 1.000000 -1
1 36.532501 5.000000 3.999320 0.000000 1.000000 -1
1 36.523899 5.000000 4.014210 0.000000 1.000000 -1
1 25.832600 0.000000 -5.312230 0.000000 1.000000 -1
1 27.060301 0.000000 -6.447710 0.000000 1.000000 -1
1 25.829700 -0.642785 -5.353050 0.000000 1.000000 -1
1 27.065300 -0.508406 -6.472140 0.000000 1.000000 -1
1 25.829700 -0.642785 -5.353050 0.000000 1.000000 -1
1 27.060301 0.000000 -6.447710 0.000000 1.000000 -1
1 25.829700 -0.642785 -5.353050 0.000000 1.000000 -1
1 27.065300 -0.508406 -6.472140 0.000000 1.000000 -1
1 26.106100 -1.898300 -5.353050 0.000000 1.000000 -1
1 27.283899 -1.501450 -6.472140 0.000000 1.000000 -1
1 26.106100 -1.898300 -5.353050 0.000000 1.000000 -1
1 27.065300 -0.508406 -6.472140 0.000000 1.000000 -1
1 26.106100 -1.898300 -5.353050 0.000000 1.000000 -1
1 27.283899 -1.501450 -6.472140 0.000000 1.000000 -1
1 26.645800 -3.065050 -5.353050 0.000000 1.000000 -1
1 27.710800 -2.424280 -6.472140 0.000000 1.000000 -1
1 26.645800 -3.065050 -5.353050 0.000000 1.000000 -1
1 27.283899 -1.501450 -6.472140 0.000000 1.000000 -1
1 26.645800 -3.065050 -5.353050 0.000000 1.000000 -1
1 27.710800 -2.424280 -6.472140 0.000000 1.000000 -1
1 27.423800 -4.088480 -5.353050 0.000000 1.000000 -1
1 28.326200 -3.233760 -6.472140 0.000000 1.000000 -1
1 27.423800 -4.088480 -5.353050 0.000000 1.000000 -1
1 27.710800 -2.424280 -6.472140 0.000000 1.000000 -1
1 27.423800 -4.088480 -5.353050 0.000000 1.000000 -1
1 28.326200 -3.233760 -6.472140 0.000000 1.000000 -1
1 28.403700 -4.920740 -5.353050 0.000000 1.000000 -1
1 29.101101 -3.892030 -6.472140 0.000000 1.000000 -1
1 28.403700 -4.920740 -5.353050 0.000000 1.000000 -1
1 28.326200 -3.233760 -6.472140 0.000000 1.000000 -1
1 28.403700 -4.920740 -5.353050 0.000000 1.000000 -1
1 29.101101 -3.892030 -6.472140 0.000000 1.000000 -1
1 28.617500 -5.000000 -5.408330 0.000000 1.000000 -1
1 29.704300 -5.000000 -5.803890 0.000000 1.000000 -1
1 28.617500 -5.000000 -5.408330 0.000000 1.000000 -1
1 29.101101 -3.892030 -6.472140 0.000000 1.000000 -1
1 27.060301 0.000000 -6.447710 0.000000 1.000000 -1
1 27.242001 0.000000 -6.615710 0.000000 1.000000 -1
1 27.065300 -0.508406 -6.472140 0.000000 1.000000 -1
1 28.505199 -0.351808 -7.308360 0.000000 1.000000 -1
1 27.065300 -0.508406 -6.472140 0.000000 1.000000 -1
1 27.242001 0.000000 -6.615710 0.000000 1.000000 -1
1 27.065300 -0.508406 -6.472140 0.000000 1.000000 -1
1 28.505199 -0.351808 -7.308360 0.000000 1.000000 -1
1 27.283899 -1.501450 -6.472140 0.000000 1.000000 -1
1 28.656401 -1.038970 -7.308360 0.000000 1.000000 -1
1 27.283899 -1.501450 -6.472140 0.000000 1.000000 -1
1 28.505199 -0.351808 -7.308360 0.000000 1.000000 -1
1 27.283899 -1.501450 -6.472140 0.000000 1.000000 -1
1 28.656401 -1.038970 -7.308360 0.000000 1.000000 -1
1 27.710800 -2.424280 -6.472140 0.000000 1.000000 -1
1 28.951900 -1.677560 -7.308360 0.000000 1.000000 -1
1 27.710800 -2.424280 -6.472140 0.000000 1.000000 -1
1 28.656401 -1.038970 -7.308360 0.000000 1.000000 -1
1 27.710800 -2.424280 -6.472140 0.000000 1.000000 -1
1 28.951900 -1.677560 -7.308360 0.000000 1.000000 -1
1 28.326200 -3.233760 -6.472140 0.000000 1.000000 -1
1 29.377701 -2.237700 -7.308360 0.000000 1.000000 -1
1 28.326200 -3.233760 -6.472140 0.000000 1.000000 -1
1 28.951900 -1.677560 -7.308360 0.000000 1.000000 -1
1 28.326200 -3.233760 -6.472140 0.000000 1.000000 -1
1 29.377701 -2.237700 -7.308360 0.000000 1.000000 -1
1 29.101101 -3.892030 -6.472140 0.000000 1.000000 -1
1 29.914000 -2.693210 -7.308360 0.000000 1.000000 -1
1 29.101101 -3.892030 -6.472140 0.000000 1.000000 -1
1 29.377701 -2.237700 -7.308360 0.000000 1.000000 -1
1 29.101101 -3.892030 -6.472140 0.000000 1.000000 -1
1 29.914000 -2.693210 -7.308360 0.000000 1.000000 -1
1 29.999500 -4.368310 -6.472140 0.000000 1.000000 -1
1 30.535601 -3.022790 -7.308360 0.000000 1.000000 -1
1 29.999500 -4.368310 -6.472140 0.000000 1.000000 -1
1 29.914000 -2.693210 -7.308360 0.000000 1.000000 -1
1 29.999500 -4.368310 -6.472140 0.000000 1.000000 -1
1 30.535601 -3.022790 -7.308360 0.000000 1.000000 -1
1 30.979300 -4.640340 -6.472140 0.000000 1.000000 -1
1 31.213600 -3.211030 -7.308360 0.000000 1.000000 -1
1 30.979300 -4.640340 -6.472140 0.000000 1.000000 -1
1 30.535601 -3.022790 -7.308360 0.000000 1.000000 -1
1 30.979300 -4.640340 -6.472140 0.000000 1.000000 -1
1 31.213600 -3.211030 -7.308360 0.000000 1.000000 -1
1 31.994600 -4.695390 -6.472140 0.000000 1.000000 -1
1 31.916201 -3.249120 -7.308360 0.000000 1.000000 -1
1 31.994600 -4.695390 -6.472140 0.000000 1.000000 -1
1 31.213600 -3.211030 -7.308360 0.000000 1.000000 -1
1 31.994600 -4.695390 -6.472140 0.000000 1.000000 -1
1 31.916201 -3.249120 -7.308360 0.000000 1.000000 -1
1 32.998001 -4.530880 -6.472140 0.000000 1.000000 -1
1 32.610500 -3.135290 -7.308360 0.000000 1.000000 -1
1 32.998001 -4.530880 -6.472140 0.000000 1.000000 -1
1 31.916201 -3.249120 -7.308360 0.000000 1.000000 -1
1 32.998001 -4.530880 -6.472140 0.000000 1.000000 -1
1 32.610500 -3.135290 -7.308360 0.000000 1.000000 -1
1 33.942600 -4.154520 -6.472140 0.000000 1.000000 -1
1 33.264198 -2.874850 -7.308360 0.000000 1.000000 -1
1 33.942600 -4.154520 -6.472140 0.000000 1.000000 -1
1 32.610500 -3.135290 -7.308360 0.000000 1.000000 -1
1 33.942600 -4.154520 -6.472140 0.000000 1.000000 -1
1 33.264198 -2.874850 -7.308360 0.000000 1.000000 -1
1 34.784199 -3.583900 -6.472140 0.000000 1.000000 -1
1 33.846500 -2.479990 -7.308360 0.000000 1.000000 -1
1 34.784199 -3.583900 -6.472140 0.000000 1.000000 -1
1 33.264198 -2.874850 -7.308360 0.000000 1.000000 -1
1 34.784199 -3.583900 -6.472140 0.000000 1.000000 -1
1 33.846500 -2.479990 -7.308360 0.000000 1.000000 -1
1 35.483501 -2.845700 -6.472140 0.000000 1.000000 -1
1 34.330399 -1.969170 -7.308360 0.000000 1.000000 -1
1 35.483501 -2.845700 -6.472140 0.000000 1.000000 -1
1 33.846500 -2.479990 -7.308360 0.000000 1.000000 -1
1 35.483501 -2.845700 -6.472140 0.000000 1.000000 -1
1 34.330399 -1.969170 -7.308360 0.000000 1.000000 -1
1 36.007702 -1.974440 -6.472140 0.000000 1.000000 -1
1 34.693199 -1.366270 -7.308360 0.000000 1.000000 -1
1 36.007702 -1.974440 -6.472140 0.000000 1.000000 -1
1 34.330399 -1.969170 -7.308360 0.000000 1.000000 -1
1 36.007702 -1.974440 -6.472140 0.000000 1.000000 -1
1 34.693199 -1.366270 -7.308360 0.000000 1.000000 -1
1 36.332298 -1.010850 -6.472140 0.000000 1.000000 -1
1 34.917801 -0.699491 -7.308360 0.000000 1.000000 -1
1 36.332298 -1.010850 -6.472140 0.000000 1.000000 -1
1 34.693199 -1.366270 -7.308360 0.000000 1.000000 -1
1 36.332298 -1.010850 -6.472140 0.000000 1.000000 -1
1 34.917801 -0.699491 -7.308360 0.000000 1.000000 -1
1 36.237999 0.000000 -6.615710 0.000000 1.000000 -1
1 34.956799 0.000000 -7.231190 0.000000 1.000000 -1
1 36.237999 0.000000 -6.615710 0.000000 1.000000 -1
1 34.917801 -0.699491 -7.308360 0.000000 1.000000 -1
1 28.523199 0.000000 -7.231190 0.000000 1.000000 -1
1 29.386900 0.000000 -7.646100 0.000000 1.000000 -1
1 28.505199 -0.351808 -7.308360 0.000000 1.000000 -1
1 30.086500 -0.179834 -7.825180 0.000000 1.000000 -1
1 28.505199 -0.351808 -7.308360 0.000000 1.000000 -1
1 29.386900 0.000000 -7.646100 0.000000 1.000000 -1
1 28.505199 -0.351808 -7.308360 0.000000 1.000000 -1
1 30.086500 -0.179834 -7.825180 0.000000 1.000000 -1
1 28.656401 -1.038970 -7.308360 0.000000 1.000000 -1
1 30.163799 -0.531092 -7.825180 0.000000 1.000000 -1
1 28.656401 -1.038970 -7.308360 0.000000 1.000000 -1
1 30.086500 -0.179834 -7.825180 0.000000 1.000000 -1
1 28.656401 -1.038970 -7.308360 0.000000 1.000000 -1
1 30.163799 -0.531092 -7.825180 0.000000 1.000000 -1
1 28.951900 -1.677560 -7.308360 0.000000 1.000000 -1
1 30.314800 -0.857517 -7.825180 0.000000 1.000000 -1
1 28.951900 -1.677560 -7.308360 0.000000 1.000000 -1
1 30.163799 -0.531092 -7.825180 0.000000 1.000000 -1
1 28.951900 -1.677560 -7.308360 0.000000 1.000000 -1
1 30.314800 -0.857517 -7.825180 0.000000 1.000000 -1
1 29.377701 -2.237700 -7.308360 0.000000 1.000000 -1
1 30.532499 -1.143850 -7.825180 0.000000 1.000000 -1
1 29.377701 -2.237700 -7.308360 0.000000 1.000000 -1
1 30.314800 -0.857517 -7.825180 0.000000 1.000000 -1
1 29.377701 -2.237700 -7.308360 0.000000 1.000000 -1
1 30.532499 -1.143850 -7.825180 0.000000 1.000000 -1
1 29.914000 -2.693210 -7.308360 0.000000 1.000000 -1
1 30.806601 -1.376690 -7.825180 0.000000 1.000000 -1
1 29.914000 -2.693210 -7.308360 0.000000 1.000000 -1
1 30.532499 -1.143850 -7.825180 0.000000 1.000000 -1
1 29.914000 -2.693210 -7.308360 0.000000 1.000000 -1
1 30.806601 -1.376690 -7.825180 0.000000 1.000000 -1
1 30.535601 -3.022790 -7.308360 0.000000 1.000000 -1
1 31.124399 -1.545160 -7.825180 0.000000 1.000000 -1
1 30.535601 -3.022790 -7.308360 0.000000 1.000000 -1
1 30.806601 -1.376690 -7.825180 0.000000 1.000000 -1
1 30.535601 -3.022790 -7.308360 0.000000 1.000000 -1
1 31.124399 -1.545160 -7.825180 0.000000 1.000000 -1
1 31.213600 -3.211030 -7.308360 0.000000 1.000000 -1
1 31.470900 -1.641380 -7.825180 0.000000 1.000000 -1
1 31.213600 -3.211030 -7.308360 0.000000 1.000000 -1
1 31.124399 -1.545160 -7.825180 0.000000 1.000000 -1
1 31.213600 -3.211030 -7.308360 0.000000 1.000000 -1
1 31.470900 -1.641380 -7.825180 0.000000 1.000000 -1
1 31.916201 -3.249120 -7.308360 0.000000 1.000000 -1
1 31.830000 -1.660850 -7.825180 0.000000 1.000000 -1
1 31.916201 -3.249120 -7.308360 0.000000 1.000000 -1
1 31.470900 -1.641380 -7.825180 0.000000 1.000000 -1
1 31.916201 -3.249120 -7.308360 0.000000 1.000000 -1
1 31.830000 -1.660850 -7.825180 0.000000 1.000000 -1
1 32.610500 -3.135290 -7.308360 0.000000 1.000000 -1
1 32.185001 -1.602670 -7.825180 0.000000 1.000000 -1
1 32.610500 -3.135290 -7.308360 0.000000 1.000000 -1
1 31.830000 -1.660850 -7.825180 0.000000 1.000000 -1
1 32.610500 -3.135290 -7.308360 0.000000 1.000000 -1
1 32.185001 -1.602670 -7.825180 0.000000 1.000000 -1
1 33.264198 -2.874850 -7.308360 0.000000 1.000000 -1
1 32.519100 -1.469540 -7.825180 0.000000 1.000000 -1
1 33.264198 -2.874850 -7.308360 0.000000 1.000000 -1
1 32.185001 -1.602670 -7.825180 0.000000 1.000000 -1
1 33.264198 -2.874850 -7.308360 0.000000 1.000000 -1
1 32.519100 -1.469540 -7.825180 0.000000 1.000000 -1
1 33.846500 -2.479990 -7.308360 0.000000 1.000000 -1
1 32.816799 -1.267700 -7.825180 0.000000 1.000000 -1
1 33.846500 -2.479990 -7.308360 0.000000 1.000000 -1
1 32.519100 -1.469540 -7.825180 0.000000 1.000000 -1
1 33.846500 -2.479990 -7.308360 0.000000 1.000000 -1
1 32.816799 -1.267700 -7.825180 0.000000 1.000000 -1
1 34.330399 -1.969170 -7.308360 0.000000 1.000000 -1
1 33.064098 -1.006580 -7.825180 0.000000 1.000000 -1
1 34.330399 -1.969170 -7.308360 0.000000 1.000000 -1
1 32.816799 -1.267700 -7.825180 0.000000 1.000000 -1
1 34.330399 -1.969170 -7.308360 0.000000 1.000000 -1
1 33.064098 -1.006580 -7.825180 0.000000 1.000000 -1
1 34.693199 -1.366270 -7.308360 0.000000 1.000000 -1
1 33.249599 -0.698399 -7.825180 0.000000 1.000000 -1
1 34.693199 -1.366270 -7.308360 0.000000 1.000000 -1
1 33.064098 -1.006580 -7.825180 0.000000 1.000000 -1
1 34.693199 -1.366270 -7.308360 0.000000 1.000000 -1
1 33.249599 -0.698399 -7.825180 0.000000 1.000000 -1
1 34.917801 -0.699491 -7.308360 0.000000 1.000000 -1
1 33.364399 -0.357559 -7.825180 0.000000 1.000000 -1
1 34.917801 -0.699491 -7.308360 0.000000 1.000000 -1
1 33.249599 -0.698399 -7.825180 0.000000 1.000000 -1
1 34.917801 -0.699491 -7.308360 0.000000 1.000000 -1
1 33.364399 -0.357559 -7.825180 0.000000 1.000000 -1
1 34.093102 0.000000 -7.646100 0.000000 1.000000 -1
1 33.392200 0.000000 -7.751510 0.000000 1.000000 -1
1 34.093102 0.000000 -7.646100 0.000000 1.000000 -1
1 33.364399 -0.357559 -7.825180 0.000000 1.000000 -1
1 31.441500 0.000000 -7.994430 0.000000 1.000000 -1
1 31.740000 0.000000 -8.000000 0.000000 1.000000 -1
1 30.086500 -0.179834 -7.825180 0.000000 1.000000 -1
1460
0.000000 0.000000 -1.000000
0.000000 0.000000 -1.000000
0.000000 0.000000 -1.000000
0.000000 0.000000 -1.000000
0.000000 0.000000 -1.000000
-0.000000 0.000000 -1.000000
-0.000000 0.000000 -1.000000
-0.000000 0.000000 -1.000000
0.000000 -1.000000 0.000000
0.000000 -1.000000 0.000000
0.000000 -1.000000 0.000000
0.000000 -1.000000 0.000000
0.000000 -1.000000 0.000000
0.000000 -1.000000 0.000000
0.000000 -1.000000 0.000000
0.000000 -1.000000 0.000000
0.000000 -1.000000 0.000000
0.000000 -1.000000 0.000000
0.000000 -1.000000 0.000000
0.000000 -1.000000 0.000000
0.000000 -1.000000 0.000000
0.000000 -1.000000 0.000000
0.000000 -1.000000 0.000000
0.000000 -1.000000 0.000000
0.000000 -1.000000 0.000000
0.000000 -1.000000 0.000000
0.000000 -1.000000 0.000000
0.000000 -1.000000 0.000000
0.000000 -1.000000 0.000000
0.000000 -1.000000 0.000000
0.000000 -1.000000 0.000000
0.000000 -1.000000 0.000000
0.000000 -0.000000 1.000000
0.000000 -0.000000 1.000000
-0.000000 -0.000000 1.000000
-0.000000 -0.000000 1.000000
0.000000 -0.000000 1.000000
0.000000 -0.000000 1.000000
-0.000000 -0.000000 1.000000
-0.000000 -0.000000 1.000000
0.000000 1.000000 0.000000
0.000000 1.000000 0.000000
0.000000 1.000000 0.000000
0.000000 1.000000 0.000000
0.000000 1.000000 0.000000
0.000000 1.000000 0.000000
0.000000 1.000000 0.000000
0.000000 1.000000 0.000000
0.000000 1.000000 0.000000
0.000000 1.000000 0.000000
0.000000 1.000000 0.000000
0.000000 1.000000 0.000000
0.000000 1.000000 0.000000
0.000000 1.000000 0.000000
0.000000 1.000000 0.000000
0.000000 1.000000 0.000000
0.000000 1.000000 0.000000
0.000000 1.000000 0.000000
0.000000 1.000000 0.000000
0.000000 1.000000 0.000000
0.000000 1.000000 0.000000
0.000000 1.000000 0.000000
0.000000 1.000000 0.000000
0.000000 1.000000 0.000000
0.000000 -1.000000 0.000000
0.000000 -1.000000 0.000000
0.000000 -1.000000 0.000000
-0.000000 -1.000000 -0.000000
-0.000000 -1.000000 0.000000
-0.000000 -1.000000 0.000000
-0.000000 -1.000000 0.000000
0.000000 -1.000000 -0.000000
0.000000 -1.000000 0.000000
0.000000 -1.000000 0.000000
0.000000 -1.000000 0.000000
0.000000 -1.000000 0.000000
0.000000 -1.000000 0.000000
0.000000 -1.000000 0.000000
-0.000000 -1.000000 0.000000
0.000000 -1.000000 0.000000
0.000000 0.000000 1.000000
0.000000 0.000000 1.000000
0.000000 0.000000 1.000000
0.000000 0.000000 1.000000
0.000000 0.000000 1.000000
0.000000 0.000000 1.000000
0.000000 0.000000 1.000000
0.000000 0.000000 1.000000
0.000000 0.000000 1.000000
0.000000 0.000000 1.000000
0.000000 0.000000 1.000000
0.000000 0.000000 1.000000
0.000000 0.000000 1.000000
0.000000 0.000000 1.000000
0.000000 1.000000 -0.000000
0.000000 1.000000 0.000000
-0.000000 1.000000 -0.000000
0.000000 1.000000 0.000000
0.000000 1.000000 0.000000
-0.000000 1.000000 -0.000000
0.000000 1.000000 0.000000
0.000000 1.000000 0.000000
-0.000000 1.000000 -0.000000
-0.000000 1.000000 -0.000000
-0.000000 1.000000 0.000000
-0.000000 1.000000 0.000000
-0.000000 1.000000 0.000000
-0.000000 1.000000 0.000000
-0.000000 1.000000 0.000000
-0.000000 1.000000 0.000000
0.000000 0.000000 -1.000000
0.000000 0.000000 -1.000000
0.000000 0.000000 -1.000000
0.000000 0.000000 -1.000000
0.000000 0.000000 -1.000000
0.000000 0.000000 -1.000000
0.000000 0.000000 -1.000000
0.000000 0.000000 -1.000000
0.000000 0.000000 -1.000000
0.000000 0.000000 -1.000000
0.000000 0.000000 -1.000000
0.000000 0.000000 -1.000000
0.000000 0.000000 -1.000000
0.000000 0.000000 -1.000000
-0.146047 0.188727 -0.971109
-0.146054 0.188727 -0.971108
-0.076337 -0.072297 -0.994458
-0.059001 -0.087023 -0.994458
-0.038919 -0.097670 -0.994458
-0.017004 -0.103754 -0.994458
0.005692 -0.104984 -0.994458
0.028132 -0.101305 -0.994458
0.049245 -0.092894 -0.994457
0.068069 -0.080131 -0.994457
0.083696 -0.063634 -0.994457
0.095424 -0.044142 -0.994457
0.102684 -0.022597 -0.994457
-0.090079 -0.054221 -0.994458
-0.431797 0.075089 -0.898840
-0.678671 -0.030302 -0.733817
-0.115000 0.288600 0.950518
-0.038919 0.097670 0.994458
0.750867 -0.549146 0.366930
0.726412 -0.552242 0.409090
-0.270737 0.610886 0.743989
0.646519 0.761117 -0.052096
0.750867 0.549146 -0.366930
0.726412 0.552242 -0.409090
0.422912 0.214746 -0.880358
0.678606 0.028595 -0.733945
0.796489 -0.335933 -0.502747
0.558006 -0.656994 -0.506939
-0.253288 -0.635710 -0.729190
-0.560423 -0.826567 0.052078
-0.369622 -0.927722 0.052062
-0.369641 -0.927717 0.052022
-0.161566 -0.985489 0.052028
-0.161563 -0.985490 0.052034
0.054067 -0.997181 0.052027
0.054070 -0.997180 0.052034
0.267174 -0.962242 0.052036
0.267167 -0.962245 0.052020
0.467771 -0.882318 0.052015
0.467778 -0.882313 0.052031
0.646498 -0.761139 0.052033
0.646519 -0.761117 0.052096
0.752957 -0.655983 0.052367
-0.656863 -0.636458 -0.404292
-0.663727 -0.642284 -0.383324
-0.802535 -0.559255 -0.207776
-0.613064 -0.782603 -0.108101
-0.619317 -0.785141 0.000000
-0.940288 0.297283 -0.165775
-0.723940 -0.685789 0.074864
-0.716320 -0.695822 0.052128
-0.560432 -0.826563 0.052058
-0.558668 -0.494607 -0.665773
-0.684096 -0.613046 -0.395206
-0.684161 -0.613105 -0.395002
-0.382485 -0.564121 -0.731759
0.000000 -0.565932 -0.824452
-0.270737 -0.610886 -0.743989
-0.270800 -0.610863 -0.743985
-0.117609 -0.717334 -0.686731
0.039433 -0.727275 -0.685212
0.000000 -0.667047 -0.745016
0.000000 -0.667047 -0.745016
0.159609 -0.574881 -0.802519
0.262618 -0.640603 -0.721568
0.262628 -0.640599 -0.721568
0.309930 -0.584617 -0.749777
0.585199 -0.414018 -0.697232
0.712320 -0.568774 -0.411213
0.739963 -0.559285 -0.373705
0.724514 -0.547715 -0.418435
0.759773 -0.540610 -0.361227
0.741901 -0.657624 -0.130817
0.741924 -0.657601 -0.130806
0.741924 -0.657601 -0.130801
0.682728 -0.607528 -0.405945
0.713432 -0.569447 -0.408344
0.737302 -0.560522 -0.377095
0.652011 -0.658141 -0.376473
0.651983 -0.658113 -0.376571
0.760898 -0.126588 -0.636404
0.805007 -0.177221 -0.566177
0.826572 0.039383 -0.561451
0.671859 -0.144498 -0.726447
0.014565 -0.624890 -0.780577
0.049662 -0.460108 -0.886473
0.109847 -0.183132 -0.976932
0.220807 0.106532 -0.969482
-0.822398 0.089438 -0.561838
-0.783952 0.264110 -0.561841
-0.783914 0.264140 -0.561880
-0.708803 0.426489 -0.561877
-0.708822 0.426480 -0.561860
-0.600558 0.568897 -0.561859
-0.600561 0.568896 -0.561857
-0.464233 0.684694 -0.561856
-0.464239 0.684694 -0.561851
-0.306199 0.768480 -0.561854
-0.306192 0.768479 -0.561860
-0.133831 0.816336 -0.561858
-0.133832 0.816337 -0.561857
0.044785 0.826022 -0.561855
0.044787 0.826021 -0.561857
0.221309 0.797076 -0.561865
0.221305 0.797081 -0.561859
0.387487 0.730866 -0.561862
0.387483 0.730873 -0.561855
0.535550 0.630481 -0.561854
0.535551 0.630478 -0.561857
0.658538 0.500643 -0.561857
0.658538 0.500649 -0.561853
0.741480 0.372773 -0.557896
0.741479 0.372776 -0.557896
0.765112 0.168414 -0.621483
0.963499 0.052228 -0.262568
0.963499 0.052228 -0.262568
0.682728 0.607528 -0.405945
0.796489 0.335933 -0.502747
0.763480 0.321432 -0.560160
0.760281 0.351733 -0.546128
0.701581 0.698898 -0.139021
0.646498 0.761139 -0.052033
0.467778 0.882313 -0.052031
0.467771 0.882318 -0.052015
0.267167 0.962245 -0.052020
0.267174 0.962242 -0.052036
0.054070 0.997180 -0.052034
0.054067 0.997181 -0.052027
-0.161563 0.985490 -0.052034
-0.161566 0.985489 -0.052028
-0.369641 0.927717 -0.052022
-0.369622 0.927722 -0.052062
-0.560423 0.826567 -0.052078
-0.560432 0.826563 -0.052058
-0.716320 0.695822 -0.052128
-0.723940 0.685789 -0.074864
-0.940288 -0.297283 0.165775
-0.619317 0.785141 0.000000
-0.613064 0.782603 0.108101
-0.802535 0.559255 0.207776
-0.663727 0.642284 0.383324
-0.656863 0.636458 0.404292
-0.684161 0.613105 0.395002
-0.402233 0.535575 0.742542
-0.476517 0.671266 0.567744
-0.476479 0.671213 0.567839
0.000000 0.565932 0.824452
0.262618 0.640603 0.721568
0.652011 0.658141 0.376473
0.651983 0.658113 0.376571
0.545093 0.530017 0.649581
0.682728 0.607528 0.405945
0.760898 0.126588 0.636404
0.701550 0.395912 0.592521
0.701552 0.395909 0.592521
0.671859 0.144498 0.726447
0.826572 -0.039383 0.561451
0.673437 -0.049876 0.737560
0.494975 0.072485 0.865879
0.678606 -0.028595 0.733945
0.678718 -0.028589 0.733842
0.287512 0.182137 0.940299
0.422912 -0.214746 0.880358
0.422918 -0.214746 0.880355
0.014565 0.624890 0.780577
0.049662 0.460108 0.886473
0.109847 0.183132 0.976932
0.220807 -0.106532 0.969482
0.220780 -0.106534 0.969488
-0.822398 -0.089438 0.561838
-0.783914 -0.264140 0.561880
-0.708822 -0.426480 0.561860
-0.600558 -0.568897 0.561859
-0.600561 -0.568896 0.561857
-0.464233 -0.684694 0.561856
-0.464239 -0.684694 0.561851
-0.306199 -0.768480 0.561854
-0.306192 -0.768479 0.561860
-0.133831 -0.816336 0.561858
-0.133832 -0.816337 0.561857
0.044785 -0.826022 0.561855
0.044787 -0.826021 0.561857
0.221309 -0.797076 0.561865
0.221305 -0.797081 0.561859
0.387487 -0.730866 0.561862
0.387483 -0.730873 0.561855
0.535550 -0.630481 0.561854
0.535551 -0.630478 0.561857
0.658538 -0.500643 0.561857
0.658538 -0.500649 0.561853
0.741480 -0.372773 0.557896
0.741479 -0.372776 0.557896
0.765112 -0.168414 0.621483
0.963499 -0.052228 0.262568
0.963499 -0.052228 0.262568
0.682728 -0.607528 0.405945
0.796489 -0.335933 0.502747
0.763480 -0.321432 0.560160
0.760281 -0.351733 0.546128
0.701581 -0.698898 0.139021
-0.290430 0.116189 0.949816
-0.146047 -0.188727 0.971109
-0.146054 -0.188727 0.971108
-0.081251 0.495586 0.864750
-0.050263 0.306573 0.950519
-0.050243 0.306571 0.950521
-0.017004 0.103754 0.994458
-0.672453 0.040282 0.739043
-0.678312 0.040920 0.733634
-0.494821 0.076779 0.865596
-0.431797 -0.075089 0.898840
-0.431793 -0.075090 0.898842
-0.281828 0.415663 0.864753
-0.382485 0.564121 0.731759
-0.281880 0.566259 0.774528
0.005692 0.104984 0.994458
0.016819 0.310209 0.950520
0.016817 0.310210 0.950519
0.027186 0.501467 0.864750
0.027190 0.501465 0.864751
0.049245 0.092894 0.994457
0.145509 0.274485 0.950518
0.145526 0.274468 0.950521
0.235246 0.443683 0.864757
0.235228 0.443706 0.864750
0.805007 0.177221 0.566177
0.655605 0.144330 0.741182
0.655602 0.144318 0.741187
0.490477 0.107969 0.864740
0.490467 0.107921 0.864752
0.303399 0.066759 0.950522
0.303400 0.066767 0.950521
0.102684 0.022597 0.994457
-0.225534 0.213647 0.950521
-0.364583 0.345369 0.864754
-0.364580 0.345370 0.864755
-0.487350 0.461671 0.741182
-0.487362 0.461666 0.741176
-0.595809 0.564396 0.571374
-0.579136 0.568056 0.584734
-0.558668 0.494607 0.665773
-0.684096 0.613046 0.395206
0.068069 0.080131 0.994457
0.201126 0.236767 0.950521
0.201115 0.236785 0.950519
0.325111 0.382773 0.864747
0.325129 0.382735 0.864757
0.434605 0.511607 0.741200
0.434578 0.511671 0.741171
0.645361 0.490596 0.585512
0.534401 0.406246 0.741201
0.534397 0.406271 0.741191
0.399791 0.303937 0.864748
0.399797 0.303912 0.864754
0.247317 0.188002 0.950521
0.247308 0.188028 0.950518
0.083696 0.063634 0.994457
0.796489 0.335933 0.502747
0.748377 0.314816 0.583800
0.742858 0.343621 0.574531
0.609269 0.281828 0.741191
0.609270 0.281848 0.741182
0.455789 0.210848 0.864754
0.455788 0.210911 0.864739
0.281943 0.130466 0.950519
0.281948 0.130427 0.950523
0.095424 0.044142 0.994457
0.159609 0.574881 0.802519
0.134349 0.483900 0.864749
0.134350 0.483899 0.864750
0.083110 0.299343 0.950519
0.083122 0.299335 0.950521
0.028132 0.101305 0.994458
0.262628 0.640599 0.721568
0.309930 0.584617 0.749777
0.585199 0.414018 0.697232
0.312154 0.594509 0.741026
0.411529 0.768123 0.490542
0.558006 0.656994 0.506939
0.512728 0.628788 0.584582
0.645356 0.490621 0.585496
0.737302 0.560522 0.377095
0.713432 0.569447 0.408344
0.712320 0.568774 0.411213
0.739963 0.559285 0.373705
0.724514 0.547715 0.418435
0.759773 0.540610 0.361227
0.741901 0.657624 0.130817
0.741924 0.657601 0.130806
0.741924 0.657601 0.130801
-0.663867 -0.628868 0.404730
-0.663877 -0.628844 0.404750
-0.513164 -0.756862 0.404749
-0.513175 -0.756847 0.404764
-0.338471 -0.849475 0.404759
-0.338460 -0.849485 0.404746
-0.147938 -0.902384 0.404744
-0.147935 -0.902385 0.404742
0.049506 -0.913089 0.404745
0.049506 -0.913089 0.404745
0.244639 -0.881100 0.404739
0.244633 -0.881100 0.404744
0.428332 -0.807906 0.404746
0.428320 -0.807908 0.404755
0.591994 -0.696931 0.404760
0.591994 -0.696931 0.404760
0.726273 -0.555525 0.404871
0.750867 -0.549146 0.366930
-0.099638 0.033559 0.994458
-0.294416 0.099163 0.950519
-0.294410 0.099171 0.950520
-0.475935 0.160317 0.864745
-0.475930 0.160322 0.864747
-0.636179 0.214304 0.741181
-0.636136 0.214346 0.741206
-0.768215 0.258850 0.585527
-0.768246 0.258819 0.585501
-0.866590 0.291951 0.404706
-0.866539 0.292012 0.404770
-0.927164 0.312442 0.206754
-0.927167 0.312436 0.206747
-0.947642 0.319335 0.000000
-0.947642 0.319335 0.000000
-0.090079 0.054221 0.994458
-0.266158 0.160207 0.950523
-0.266187 0.160180 0.950519
-0.430289 0.258930 0.864758
-0.430323 0.258907 0.864748
-0.575225 0.346088 0.741174
-0.575206 0.346100 0.741183
-0.694611 0.417945 0.585523
-0.694608 0.417947 0.585526
-0.783534 0.471455 0.404728
-0.783550 0.471442 0.404711
-0.838340 0.504408 0.206782
-0.838361 0.504385 0.206752
-0.856875 0.515524 0.000000
-0.856875 0.515524 0.000000
-0.710312 -0.672830 0.206776
-0.710293 -0.672861 0.206741
-0.549077 -0.809798 0.206741
-0.549063 -0.809812 0.206721
-0.362137 -0.908911 0.206730
-0.362146 -0.908905 0.206740
-0.158283 -0.965507 0.206743
-0.158286 -0.965506 0.206746
0.052969 -0.976959 0.206749
0.052974 -0.976960 0.206745
0.261745 -0.942732 0.206750
0.261749 -0.942732 0.206746
0.458284 -0.864426 0.206745
0.458293 -0.864423 0.206736
0.633411 -0.745690 0.206731
0.633413 -0.745688 0.206728
0.788813 -0.578965 0.206334
0.800156 -0.588268 0.117010
-0.270800 0.610863 0.743985
-0.253288 0.635710 0.729190
-0.185885 0.466538 0.864748
-0.281858 0.415658 0.864745
-0.174357 0.257126 0.950519
-0.225567 0.213628 0.950517
-0.076337 0.072297 0.994458
0.000000 0.667047 0.745016
0.000000 0.667047 0.745016
0.039433 0.727275 0.685212
-0.117609 0.717334 0.686731
-0.081253 0.495587 0.864750
-0.185873 0.466538 0.864751
-0.114982 0.288602 0.950520
-0.174336 0.257132 0.950521
-0.059001 0.087023 0.994458
-0.927165 0.312442 -0.206747
-0.927166 0.312435 -0.206753
-0.838346 0.504411 -0.206751
-0.838356 0.504382 -0.206781
-0.710312 0.672830 -0.206776
-0.710293 0.672861 -0.206741
-0.549077 0.809798 -0.206741
-0.549063 0.809812 -0.206721
-0.362137 0.908911 -0.206730
-0.362146 0.908905 -0.206740
-0.158283 0.965507 -0.206743
-0.158286 0.965506 -0.206746
0.052969 0.976959 -0.206749
0.052974 0.976960 -0.206745
0.261745 0.942732 -0.206750
0.261749 0.942732 -0.206746
0.458284 0.864426 -0.206745
0.458293 0.864423 -0.206736
0.633411 0.745690 -0.206731
0.633413 0.745688 -0.206728
0.788813 0.578965 -0.206334
0.804268 0.591986 -0.052018
0.747637 0.651348 -0.129557
0.750867 0.549146 -0.366930
0.726273 0.555525 -0.404871
0.591994 0.696931 -0.404760
0.591994 0.696931 -0.404760
0.428320 0.807908 -0.404755
0.428332 0.807906 -0.404746
0.244633 0.881100 -0.404744
0.244639 0.881100 -0.404739
0.049506 0.913089 -0.404745
0.049506 0.913089 -0.404745
-0.147935 0.902385 -0.404742
-0.147938 0.902384 -0.404744
-0.338460 0.849485 -0.404746
-0.338471 0.849475 -0.404759
-0.513175 0.756847 -0.404764
-0.513164 0.756862 -0.404749
-0.663877 0.628844 -0.404750
-0.663867 0.628868 -0.404730
-0.783544 0.471438 -0.404727
-0.783541 0.471459 -0.404711
-0.866565 0.292020 -0.404709
-0.866562 0.291941 -0.404773
-0.708803 -0.426489 0.561877
-0.783541 -0.471459 0.404711
-0.783544 -0.471438 0.404727
-0.838346 -0.504411 0.206751
-0.838356 -0.504382 0.206781
-0.856875 -0.515524 0.000000
-0.856875 -0.515524 0.000000
-0.838361 -0.504385 -0.206752
-0.838340 -0.504408 -0.206782
-0.783550 -0.471442 -0.404711
-0.783534 -0.471455 -0.404728
-0.783952 -0.264110 0.561841
-0.866562 -0.291941 0.404773
-0.866565 -0.292020 0.404709
-0.927165 -0.312442 0.206747
-0.927166 -0.312435 0.206753
-0.947642 -0.319335 0.000000
-0.947642 -0.319335 0.000000
-0.927167 -0.312436 -0.206747
-0.927164 -0.312442 -0.206754
-0.866539 -0.292012 -0.404770
-0.866590 -0.291951 -0.404706
-0.822385 -0.089454 0.561854
-0.909057 -0.098881 0.404769
-0.909056 -0.098875 0.404773
-0.972661 -0.105794 0.206732
-0.972659 -0.105777 0.206748
-0.994139 -0.108113 0.000000
-0.994139 -0.108113 0.000000
-0.972663 -0.105778 -0.206733
-0.972658 -0.105793 -0.206748
-0.909058 -0.098876 -0.404769
-0.909055 -0.098881 -0.404774
0.545093 -0.530017 -0.649581
0.512728 -0.628788 -0.584582
0.645356 -0.490621 -0.585496
0.645361 -0.490596 -0.585512
0.748377 -0.314816 -0.583800
0.742858 -0.343621 -0.574531
0.701552 -0.395909 -0.592521
0.701550 -0.395912 -0.592521
-0.476517 -0.671266 -0.567744
-0.476479 -0.671213 -0.567839
-0.595809 -0.564396 -0.571374
-0.579136 -0.568056 -0.584734
-0.694611 -0.417945 -0.585523
-0.694608 -0.417947 -0.585526
-0.768215 -0.258850 -0.585527
-0.768246 -0.258819 -0.585501
-0.801890 -0.113266 -0.586637
-0.822385 -0.089454 -0.561854
-0.822385 0.089454 -0.561854
-0.909057 0.098881 -0.404769
-0.909056 0.098875 -0.404773
-0.972661 0.105794 -0.206732
-0.972659 0.105777 -0.206748
-0.994139 0.108113 0.000000
-0.994139 0.108113 0.000000
-0.972663 0.105778 0.206733
-0.972658 0.105793 0.206748
-0.909058 0.098876 0.404769
-0.909055 0.098881 0.404774
-0.822385 0.089454 0.561854
-0.801890 0.113266 0.586637
-0.678671 0.030302 0.733817
-0.678684 0.030304 0.733805
0.411529 -0.768123 -0.490542
0.312154 -0.594509 -0.741026
0.434578 -0.511671 -0.741171
0.434605 -0.511607 -0.741200
0.534401 -0.406246 -0.741201
0.534397 -0.406271 -0.741191
0.609269 -0.281828 -0.741191
0.609270 -0.281848 -0.741182
0.655605 -0.144330 -0.741182
0.655602 -0.144318 -0.741187
0.673437 0.049876 -0.737560
0.678718 0.028589 -0.733842
-0.678684 -0.030304 -0.733805
-0.672453 -0.040282 -0.739043
-0.636136 -0.214346 -0.741206
-0.636179 -0.214304 -0.741181
-0.575206 -0.346100 -0.741183
-0.575225 -0.346088 -0.741174
-0.487362 -0.461666 -0.741176
-0.487350 -0.461671 -0.741182
-0.402233 -0.535575 -0.742542
-0.281880 -0.566259 -0.774528
-0.678312 -0.040920 -0.733634
-0.494821 -0.076779 -0.865596
-0.475930 -0.160322 -0.864747
-0.475935 -0.160317 -0.864745
-0.430323 -0.258907 -0.864748
-0.430289 -0.258930 -0.864758
-0.364580 -0.345370 -0.864755
-0.364583 -0.345369 -0.864754
-0.281828 -0.415663 -0.864753
-0.281858 -0.415658 -0.864745
-0.185885 -0.466538 -0.864748
-0.185873 -0.466538 -0.864751
-0.081253 -0.495587 -0.864750
-0.081251 -0.495586 -0.864750
0.027190 -0.501465 -0.864751
0.027186 -0.501467 -0.864750
0.134349 -0.483900 -0.864749
0.134350 -0.483899 -0.864750
0.235228 -0.443706 -0.864750
0.235246 -0.443683 -0.864757
0.325129 -0.382735 -0.864757
0.325111 -0.382773 -0.864747
0.399791 -0.303937 -0.864748
0.399797 -0.303912 -0.864754
0.455789 -0.210848 -0.864754
0.455788 -0.210911 -0.864739
0.490477 -0.107969 -0.864740
0.490467 -0.107921 -0.864752
0.494975 -0.072485 -0.865879
0.422918 0.214746 -0.880355
-0.431793 0.075090 -0.898842
-0.290430 -0.116189 -0.949816
-0.294410 -0.099171 -0.950520
-0.294416 -0.099163 -0.950519
-0.266187 -0.160180 -0.950519
-0.266158 -0.160207 -0.950523
-0.225534 -0.213647 -0.950521
-0.225567 -0.213628 -0.950517
-0.174357 -0.257126 -0.950519
-0.174336 -0.257132 -0.950521
-0.114982 -0.288602 -0.950520
-0.115000 -0.288600 -0.950518
-0.050263 -0.306573 -0.950519
-0.050243 -0.306571 -0.950521
0.016817 -0.310210 -0.950519
0.016819 -0.310209 -0.950520
0.083110 -0.299343 -0.950519
0.083122 -0.299335 -0.950521
0.145526 -0.274468 -0.950521
0.145509 -0.274485 -0.950518
0.201115 -0.236785 -0.950519
0.201126 -0.236767 -0.950521
0.247317 -0.188002 -0.950521
0.247308 -0.188028 -0.950518
0.281943 -0.130466 -0.950519
0.281948 -0.130427 -0.950523
0.303399 -0.066759 -0.950522
0.303400 -0.066767 -0.950521
0.287512 -0.182137 -0.940299
0.220780 0.106534 -0.969488
-0.099638 -0.033559 -0.994458
0.000000 0.195088 -0.980786
0.000000 0.195088 -0.980786
0.000000 -0.195088 -0.980786
0.000000 -0.195088 -0.980786
0.000000 -0.195089 -0.980785
0.000000 -0.195089 -0.980785
0.000000 -0.555572 -0.831468
0.000000 -0.555572 -0.831468
0.000000 -0.555569 -0.831470
0.000000 -0.555569 -0.831470
0.000000 -0.555579 -0.831463
0.000000 -0.555579 -0.831463
0.000000 -0.831465 -0.555577
0.000000 -0.831465 -0.555577
0.000000 -0.831468 -0.555573
0.000000 -0.831468 -0.555573
0.000000 -0.831468 -0.555573
0.000000 -0.831468 -0.555573
0.000000 -0.980785 -0.195092
0.000000 -0.980785 -0.195092
0.000000 -0.980786 -0.195085
0.000000 -0.980786 -0.195085
-0.000000 -0.980786 0.195085
0.000000 -0.980786 0.195085
0.000000 -0.980785 0.195092
0.000000 -0.980785 0.195092
0.000000 -0.831468 0.555573
0.000000 -0.831468 0.555573
0.000000 -0.831468 0.555573
0.000000 -0.831468 0.555573
0.000000 -0.831465 0.555577
0.000000 -0.831465 0.555577
0.000000 -0.555579 0.831463
0.000000 -0.555579 0.831463
0.000000 -0.555569 0.831470
0.000000 -0.555569 0.831470
0.000000 -0.555572 0.831468
0.000000 -0.555572 0.831468
0.000000 -0.195089 0.980785
0.000000 -0.195089 0.980785
0.000000 -0.195088 0.980786
0.000000 -0.195088 0.980786
0.000000 0.195088 0.980786
0.000000 0.195088 0.980786
0.000000 0.195089 0.980785
0.000000 0.195089 0.980785
0.000000 0.555572 0.831468
0.000000 0.555572 0.831468
0.000000 0.555569 0.831470
0.000000 0.555569 0.831470
0.000000 0.555579 0.831463
0.000000 0.555579 0.831463
0.000000 0.831465 0.555577
0.000000 0.831465 0.555577
0.000000 0.831468 0.555573
0.000000 0.831468 0.555573
0.000000 0.831468 0.555573
0.000000 0.831468 0.555573
0.000000 0.980785 0.195092
0.000000 0.980785 0.195092
0.000000 0.980786 0.195085
-0.000000 0.980786 0.195085
0.000000 0.980786 -0.195085
0.000000 0.980786 -0.195085
0.000000 0.980785 -0.195092
0.000000 0.980785 -0.195092
0.000000 0.831468 -0.555573
0.000000 0.831468 -0.555573
0.000000 0.831468 -0.555573
0.000000 0.831468 -0.555573
0.000000 0.831465 -0.555577
0.000000 0.831465 -0.555577
0.000000 0.555579 -0.831463
0.000000 0.555579 -0.831463
0.000000 0.555569 -0.831470
0.000000 0.555569 -0.831470
0.000000 0.555572 -0.831468
0.000000 0.555572 -0.831468
0.000000 0.195089 -0.980785
0.000000 0.195089 -0.980785
0.000000 0.000000 -1.000000
-0.000000 0.000000 -1.000000
-0.000000 0.000000 -1.000000
-0.000000 0.000000 -1.000000
-0.000000 0.000000 -1.000000
0.000000 0.000000 -1.000000
0.000000 0.000000 -1.000000
0.000000 0.000000 -1.000000
0.000000 -1.000000 0.000000
0.000000 -1.000000 0.000000
0.000000 -1.000000 0.000000
0.000000 -1.000000 0.000000
0.000000 -1.000000 0.000000
0.000000 -1.000000 0.000000
0.000000 -1.000000 0.000000
0.000000 -1.000000 0.000000
0.000000 -1.000000 0.000000
0.000000 -1.000000 0.000000
0.000000 -1.000000 0.000000
0.000000 -1.000000 0.000000
0.000000 -1.000000 0.000000
0.000000 -1.000000 0.000000
0.000000 -1.000000 0.000000
0.000000 -1.000000 0.000000
0.000000 -1.000000 0.000000
0.000000 -1.000000 0.000000
0.000000 -1.000000 0.000000
0.000000 -1.000000 0.000000
0.000000 -1.000000 0.000000
0.000000 -1.000000 0.000000
0.000000 -1.000000 0.000000
0.000000 -1.000000 0.000000
0.000000 -0.000000 1.000000
-0.000000 -0.000000 1.000000
0.000000 -0.000000 1.000000
0.000000 -0.000000 1.000000
-0.000000 -0.000000 1.000000
-0.000000 -0.000000 1.000000
0.000000 -0.000000 1.000000
0.000000 -0.000000 1.000000
0.000000 1.000000 0.000000
0.000000 1.000000 0.000000
0.000000 1.000000 0.000000
0.000000 1.000000 0.000000
0.000000 1.000000 0.000000
0.000000 1.000000 0.000000
0.000000 1.000000 0.000000
0.000000 1.000000 0.000000
0.000000 1.000000 0.000000
0.000000 1.000000 0.000000
0.000000 1.000000 0.000000
0.000000 1.000000 0.000000
0.000000 1.000000 0.000000
0.000000 1.000000 0.000000
0.000000 1.000000 0.000000
0.000000 1.000000 0.000000
0.000000 1.000000 0.000000
0.000000 1.000000 0.000000
0.000000 1.000000 0.000000
0.000000 1.000000 0.000000
0.000000 1.000000 0.000000
0.000000 1.000000 0.000000
0.000000 1.000000 0.000000
0.000000 1.000000 0.000000
0.000000 -1.000000 -0.000000
-0.000000 -1.000000 0.000000
-0.000000 -1.000000 0.000000
0.000000 -1.000000 -0.000000
-0.000000 -1.000000 -0.000000
0.000000 -1.000000 -0.000000
-0.000000 -1.000000 -0.000000
0.000000 -1.000000 0.000000
-0.000000 -1.000000 -0.000000
0.000000 -1.000000 0.000000
0.000000 -1.000000 0.000000
-0.000000 -1.000000 -0.000000
-0.000000 -1.000000 -0.000000
-0.000000 -1.000000 -0.000000
-0.000000 -1.000000 -0.000000
0.000000 -1.000000 -0.000000
0.000000 0.000000 1.000000
0.000000 0.000000 1.000000
0.000000 0.000000 1.000000
0.000000 0.000000 1.000000
0.000000 0.000000 1.000000
0.000000 0.000000 1.000000
0.000000 0.000000 1.000000
0.000000 0.000000 1.000000
0.000000 0.000000 1.000000
0.000000 0.000000 1.000000
0.000000 0.000000 1.000000
0.000000 0.000000 1.000000
0.000000 0.000000 1.000000
0.000000 0.000000 1.000000
0.000000 1.000000 0.000000
0.000000 1.000000 -0.000000
-0.000000 1.000000 0.000000
-0.000000 1.000000 0.000000
-0.000000 1.000000 0.000000
-0.000000 1.000000 -0.000000
-0.000000 1.000000 0.000000
0.000000 1.000000 0.000000
0.000000 1.000000 0.000000
0.000000 1.000000 0.000000
0.000000 1.000000 0.000000
0.000000 1.000000 0.000000
-0.000000 1.000000 -0.000000
0.000000 1.000000 0.000000
0.000000 1.000000 -0.000000
-0.000000 1.000000 -0.000000
0.000000 0.000000 -1.000000
0.000000 0.000000 -1.000000
0.000000 0.000000 -1.000000
0.000000 0.000000 -1.000000
0.000000 0.000000 -1.000000
0.000000 0.000000 -1.000000
0.000000 0.000000 -1.000000
0.000000 0.000000 -1.000000
0.000000 0.000000 -1.000000
0.000000 0.000000 -1.000000
0.000000 0.000000 -1.000000
0.000000 0.000000 -1.000000
0.000000 0.000000 -1.000000
0.000000 0.000000 -1.000000
-0.102684 -0.022597 -0.994457
-0.083696 -0.063634 -0.994457
-0.068069 -0.080131 -0.994457
-0.049245 -0.092894 -0.994457
-0.028132 -0.101305 -0.994458
-0.005692 -0.104984 -0.994458
0.017004 -0.103754 -0.994458
0.038919 -0.097670 -0.994458
0.059001 -0.087023 -0.994458
0.076337 -0.072297 -0.994458
0.090079 -0.054221 -0.994458
0.099638 -0.033559 -0.994458
0.146054 0.188727 -0.971108
0.431793 0.075090 -0.898842
0.678312 -0.040920 -0.733634
0.487358 -0.461663 -0.741181
0.856875 -0.515524 0.000000
0.174341 0.257140 0.950518
0.059001 0.087023 0.994458
-0.682728 -0.607528 -0.405945
-0.422918 0.214746 -0.880355
-0.220780 0.106534 -0.969488
-0.095424 -0.044142 -0.994457
-0.963499 0.052228 -0.262568
-0.750867 0.549146 -0.366930
-0.800155 0.588268 -0.117015
-0.262618 0.640603 0.721568
-0.014565 0.624890 0.780577
-0.963499 -0.052228 0.262568
-0.750867 -0.549146 0.366930
-0.800155 -0.588268 0.117015
-0.035942 -0.662891 -0.747853
-0.726412 -0.552242 -0.409090
-0.724879 -0.576289 -0.377414
-0.722481 -0.574869 -0.384118
-0.724570 -0.547756 -0.418284
-0.739963 -0.559285 -0.373705
-0.754107 -0.491568 -0.435526
-0.741900 -0.657627 -0.130811
-0.741922 -0.657600 -0.130821
-0.741924 -0.657601 -0.130801
-0.545093 -0.530017 -0.649581
-0.651983 -0.658113 -0.376571
-0.652011 -0.658141 -0.376473
-0.324307 -0.611735 -0.721530
-0.177128 -0.637980 -0.749405
0.000000 -0.454167 -0.890916
-0.262618 -0.640603 -0.721568
0.246827 -0.619494 -0.745187
0.270737 -0.610886 -0.743989
0.096285 -0.587276 -0.803639
0.000000 -0.726473 -0.687195
0.000000 -0.726473 -0.687195
0.558668 -0.494607 -0.665773
0.663727 -0.642284 -0.383324
0.663759 -0.642311 -0.383223
0.613065 -0.782604 -0.108085
0.901456 -0.432871 0.000000
0.715123 -0.694659 0.077765
0.724993 -0.686786 0.052062
0.560424 -0.826568 0.052058
0.560431 -0.826562 0.052078
0.369640 -0.927715 0.052062
0.369623 -0.927724 0.052022
0.161563 -0.985490 0.052028
0.161566 -0.985489 0.052034
-0.054070 -0.997181 0.052027
-0.054067 -0.997181 0.052034
-0.267167 -0.962244 0.052036
-0.267174 -0.962243 0.052020
-0.467778 -0.882314 0.052015
-0.467771 -0.882317 0.052031
-0.646521 -0.761119 0.052032
-0.646496 -0.761137 0.052096
-0.804268 -0.591986 0.052018
-0.747637 -0.651348 0.129557
-0.741480 -0.372773 0.557896
-0.760281 -0.351733 0.546128
-0.940477 -0.207015 0.269531
-0.765583 -0.125508 0.630976
-0.741479 -0.372776 0.557896
-0.763480 -0.321432 0.560160
-0.658541 -0.500645 0.561853
-0.658535 -0.500647 0.561858
-0.535549 -0.630480 0.561857
-0.535552 -0.630479 0.561854
-0.387489 -0.730870 0.561855
-0.387481 -0.730869 0.561862
-0.221310 -0.797079 0.561860
-0.221304 -0.797077 0.561865
-0.044785 -0.826021 0.561857
-0.044787 -0.826022 0.561855
0.133831 -0.816337 0.561857
0.133832 -0.816336 0.561858
0.306198 -0.768477 0.561860
0.306193 -0.768483 0.561854
0.464235 -0.684696 0.561851
0.464237 -0.684690 0.561857
0.600559 -0.568898 0.561858
0.600560 -0.568895 0.561860
0.708812 -0.426494 0.561861
0.708811 -0.426474 0.561878
0.783928 -0.264102 0.561878
0.783940 -0.264149 0.561839
0.822396 -0.089455 0.561839
0.822387 -0.089437 0.561855
-0.049662 0.460108 0.886473
0.000000 1.000000 0.000000
-0.160233 -0.109553 0.980981
-0.220780 -0.106534 0.969488
-0.287512 0.182137 0.940299
-0.422912 -0.214746 0.880358
-0.422918 -0.214746 0.880355
-0.494975 0.072485 0.865879
-0.678606 -0.028595 0.733945
-0.672743 -0.028910 0.739311
-0.678159 -0.049623 0.733238
-0.826572 -0.039383 0.561451
-0.671859 0.144498 0.726447
-0.701550 0.395912 0.592521
-0.682728 0.607528 0.405945
-0.796489 0.335933 0.502747
-0.748377 0.314816 0.583800
-0.651983 0.658113 0.376571
-0.652011 0.658141 0.376473
-0.724879 0.576289 0.377414
-0.722481 0.574869 0.384118
-0.724570 0.547756 0.418284
-0.739963 0.559285 0.373705
-0.754107 0.491568 0.435526
-0.741900 0.657627 0.130811
-0.741922 0.657600 0.130821
-0.741924 0.657601 0.130801
-0.392966 0.541832 0.742964
-0.411578 0.768205 0.490372
-0.411529 0.768123 0.490542
0.000000 0.726473 0.687195
0.000000 0.726473 0.687195
0.096285 0.587276 0.803639
0.270737 0.610886 0.743989
0.246827 0.619494 0.745187
0.265752 0.629530 0.730115
0.558668 0.494607 0.665773
0.838057 0.525190 0.147773
0.663727 0.642284 0.383324
0.663759 0.642311 0.383223
0.724993 0.686786 -0.052062
0.560424 0.826568 -0.052058
0.560431 0.826562 -0.052078
0.369640 0.927715 -0.052062
0.369623 0.927724 -0.052022
0.161563 0.985490 -0.052028
0.161566 0.985489 -0.052034
-0.054070 0.997181 -0.052027
-0.054067 0.997181 -0.052034
-0.267167 0.962244 -0.052036
-0.267174 0.962243 -0.052020
-0.467778 0.882314 -0.052015
-0.467771 0.882317 -0.052031
-0.646521 0.761119 -0.052032
-0.646496 0.761137 -0.052096
-0.804268 0.591986 -0.052018
-0.747637 0.651348 -0.129557
-0.741480 0.372773 -0.557896
-0.760281 0.351733 -0.546128
-0.940477 0.207015 -0.269531
-0.765583 0.125508 -0.630976
-0.741479 0.372776 -0.557896
-0.049662 -0.460108 -0.886473
-0.160233 0.109553 -0.980981
-0.000000 -1.000000 -0.000000
-0.671859 -0.144498 -0.726447
-0.826572 0.039383 -0.561451
-0.815533 -0.112900 -0.567591
-0.755959 -0.166423 -0.633111
-0.742858 -0.343621 -0.574531
-0.701552 -0.395909 -0.592521
-0.701550 -0.395912 -0.592521
0.050262 0.306570 0.950520
0.050244 0.306578 0.950518
0.114983 0.288605 0.950519
0.364582 0.345367 0.864755
0.225539 0.213652 0.950518
0.225556 0.213618 0.950522
0.076337 0.072297 0.994458
0.575215 0.346083 0.741184
0.430311 0.258900 0.864756
0.430306 0.258941 0.864746
0.266180 0.160176 0.950522
0.266171 0.160214 0.950518
0.090079 0.054221 0.994458
0.146054 -0.188727 0.971108
0.146047 -0.188727 0.971109
0.290430 0.116189 0.949816
-0.049245 0.092894 0.994457
-0.145505 0.274477 0.950521
-0.145528 0.274472 0.950519
-0.235253 0.443696 0.864749
-0.235223 0.443698 0.864756
-0.324307 0.611735 0.721530
-0.273226 0.601511 0.750687
-0.028132 0.101305 0.994458
-0.083124 0.299340 0.950519
-0.083109 0.299340 0.950520
-0.134350 0.483900 0.864749
-0.134349 0.483899 0.864749
0.081253 0.495586 0.864750
0.081251 0.495587 0.864750
0.185883 0.466535 0.864750
0.185875 0.466543 0.864747
0.281833 0.415672 0.864747
0.038919 0.097670 0.994458
0.431793 -0.075090 0.898842
0.431797 -0.075089 0.898840
0.494821 0.076779 0.865596
-0.102684 0.022597 0.994457
-0.303397 0.066767 0.950522
-0.303401 0.066759 0.950522
-0.490490 0.107926 0.864738
-0.490461 0.107965 0.864750
-0.655608 0.144319 0.741181
-0.655600 0.144329 0.741186
-0.755959 0.166423 0.633111
-0.815533 0.112900 0.567591
-0.095424 0.044142 0.994457
-0.281962 0.130433 0.950518
-0.281936 0.130462 0.950522
-0.455761 0.210898 0.864757
-0.455808 0.210857 0.864742
-0.609261 0.281844 0.741192
-0.609277 0.281831 0.741183
-0.742858 0.343621 0.574531
-0.701552 0.395909 0.592521
-0.545093 0.530017 0.649581
-0.512728 0.628788 0.584582
-0.558006 0.656994 0.506939
-0.434560 0.511650 0.741196
-0.434628 0.511634 0.741168
-0.325138 0.382746 0.864749
-0.325098 0.382757 0.864759
-0.201112 0.236781 0.950520
-0.201131 0.236773 0.950518
-0.068069 0.080131 0.994457
0.487358 0.461663 0.741181
0.768235 0.258857 0.585499
0.636159 0.214354 0.741184
0.636150 0.214295 0.741209
0.475932 0.160323 0.864746
0.475931 0.160316 0.864748
0.294412 0.099172 0.950519
0.294413 0.099162 0.950520
0.099638 0.033559 0.994458
-0.726412 0.552242 0.409090
-0.645348 0.490615 0.585511
-0.645371 0.490604 0.585495
-0.534410 0.406252 0.741192
-0.534387 0.406263 0.741203
-0.399784 0.303932 0.864753
-0.399806 0.303920 0.864747
-0.247321 0.188006 0.950519
-0.247299 0.188022 0.950521
-0.083696 0.063634 0.994457
-0.796489 -0.335933 0.502747
-0.682728 -0.607528 0.405945
-0.726412 -0.552242 0.409090
-0.726273 -0.555525 0.404871
-0.591994 -0.696931 0.404760
-0.591994 -0.696931 0.404760
-0.428330 -0.807903 0.404756
-0.428322 -0.807912 0.404746
-0.244638 -0.881098 0.404744
-0.244633 -0.881102 0.404739
-0.049506 -0.913089 0.404745
-0.049506 -0.913089 0.404745
0.147938 -0.902385 0.404742
0.147935 -0.902384 0.404744
0.338473 -0.849480 0.404746
0.338458 -0.849480 0.404758
0.513160 -0.756857 0.404765
0.513178 -0.756852 0.404750
0.663860 -0.628861 0.404751
0.663883 -0.628850 0.404731
0.783534 -0.471455 0.404728
0.783550 -0.471442 0.404711
0.866590 -0.291951 0.404706
0.866539 -0.292012 0.404770
0.909055 -0.098881 0.404774
0.114997 0.288594 0.950521
0.174355 0.257122 0.950520
0.281850 0.415645 0.864754
0.364581 0.345371 0.864754
0.487355 0.461675 0.741176
0.575214 0.346105 0.741175
0.694609 0.417945 0.585526
0.768229 0.258813 0.585525
0.866562 0.291941 0.404773
0.909056 0.098875 0.404773
0.972661 0.105794 0.206732
0.972663 -0.105778 0.206733
0.994139 -0.108113 0.000000
0.947642 -0.319335 0.000000
0.927166 -0.312435 -0.206753
0.838346 -0.504411 -0.206751
0.783544 -0.471438 -0.404727
0.680702 -0.610016 -0.405617
0.684096 -0.613046 -0.395206
-0.750867 -0.549146 0.366930
-0.721893 -0.660049 0.207861
-0.633411 -0.745690 0.206728
-0.633413 -0.745688 0.206731
-0.458285 -0.864428 0.206736
-0.458292 -0.864422 0.206745
-0.261745 -0.942733 0.206746
-0.261749 -0.942731 0.206750
-0.052969 -0.976960 0.206745
-0.052974 -0.976959 0.206749
0.158283 -0.965506 0.206746
0.158287 -0.965506 0.206743
0.362136 -0.908909 0.206740
0.362147 -0.908907 0.206730
0.549080 -0.809801 0.206721
0.549061 -0.809809 0.206741
0.710318 -0.672835 0.206740
0.710288 -0.672856 0.206775
0.838340 -0.504408 0.206782
0.838361 -0.504385 0.206752
0.927164 -0.312442 0.206754
0.613065 0.782604 0.108085
0.601751 0.772907 0.201274
0.838356 0.504382 0.206781
0.017004 0.103754 0.994458
0.678312 0.040920 0.733634
0.678427 0.040932 0.733526
0.673958 0.029790 0.738169
0.678671 0.030302 0.733817
0.801890 0.113266 0.586637
0.822385 0.089454 0.561854
0.909057 0.098881 0.404769
0.909058 -0.098876 0.404769
0.972658 -0.105793 0.206748
0.927167 -0.312436 0.206747
0.947642 -0.319335 0.000000
0.856875 -0.515524 0.000000
0.838356 -0.504382 -0.206781
0.601751 -0.772907 -0.201274
0.838057 -0.525190 -0.147773
0.715123 0.694659 -0.077765
0.901456 0.432871 0.000000
0.856875 0.515524 0.000000
0.856875 0.515524 0.000000
0.947642 0.319335 0.000000
0.000000 0.454167 0.890916
-0.177128 0.637980 0.749405
-0.035942 0.662891 0.747853
-0.027190 0.501466 0.864750
-0.027186 0.501465 0.864751
-0.016817 0.310209 0.950519
-0.016819 0.310210 0.950519
-0.005692 0.104984 0.994458
-0.750867 0.549146 -0.366930
-0.721893 0.660049 -0.207861
-0.633411 0.745690 -0.206728
-0.633413 0.745688 -0.206731
-0.458285 0.864428 -0.206736
-0.458292 0.864422 -0.206745
-0.261745 0.942733 -0.206746
-0.261749 0.942731 -0.206750
-0.052969 0.976960 -0.206745
-0.052974 0.976959 -0.206749
0.158283 0.965506 -0.206746
0.158287 0.965506 -0.206743
0.362136 0.908909 -0.206740
0.362147 0.908907 -0.206730
0.549080 0.809801 -0.206721
0.549061 0.809809 -0.206741
0.710318 0.672835 -0.206740
0.710288 0.672856 -0.206775
0.838340 0.504408 -0.206782
0.838361 0.504385 -0.206752
0.927164 0.312442 -0.206754
0.927167 0.312436 -0.206747
0.972658 0.105793 -0.206748
0.909057 -0.098881 -0.404769
0.265715 0.629548 0.730113
0.369503 0.544974 0.752643
0.565711 0.475056 0.674013
0.387444 0.547314 0.741845
0.476479 0.671213 0.567839
0.595809 0.564396 0.571374
0.579136 0.568056 0.584734
0.694609 0.417948 0.585523
0.783541 0.471459 0.404711
0.866565 0.292020 0.404709
0.927165 0.312442 0.206747
0.972659 0.105777 0.206748
0.994139 0.108113 0.000000
0.994139 -0.108113 0.000000
0.972659 -0.105777 -0.206748
0.927165 -0.312442 -0.206747
0.866565 -0.292020 -0.404709
0.783541 -0.471459 -0.404711
0.694609 -0.417948 -0.585523
0.579136 -0.568056 -0.584734
0.595809 -0.564396 -0.571374
0.476479 -0.671213 -0.567839
0.387444 -0.547314 -0.741845
0.565711 -0.475056 -0.674013
0.369503 -0.544974 -0.752643
0.265715 -0.629548 -0.730113
0.265752 -0.629530 -0.730115
0.909058 0.098876 -0.404769
0.909055 0.098881 -0.404774
0.866539 0.292012 -0.404770
0.866590 0.291951 -0.404706
0.783550 0.471442 -0.404711
0.783534 0.471455 -0.404728
0.663883 0.628850 -0.404731
0.663860 0.628861 -0.404751
0.513178 0.756852 -0.404750
0.513160 0.756857 -0.404765
0.338458 0.849480 -0.404758
0.338473 0.849480 -0.404746
0.147935 0.902384 -0.404744
0.147938 0.902385 -0.404742
-0.049506 0.913089 -0.404745
-0.049506 0.913089 -0.404745
-0.244633 0.881102 -0.404739
-0.244638 0.881098 -0.404744
-0.428322 0.807912 -0.404746
-0.428330 0.807903 -0.404756
-0.591994 0.696931 -0.404760
-0.591994 0.696931 -0.404760
-0.726273 0.555525 -0.404871
-0.726412 0.552242 -0.409090
-0.682728 0.607528 -0.405945
0.678671 -0.030302 -0.733817
-0.796489 -0.335933 -0.502747
-0.748377 -0.314816 -0.583800
-0.645348 -0.490615 -0.585511
-0.645371 -0.490604 -0.585495
-0.512728 -0.628788 -0.584582
-0.558006 -0.656994 -0.506939
-0.411529 -0.768123 -0.490542
-0.411578 -0.768205 -0.490372
0.678427 -0.040932 -0.733526
0.673958 -0.029790 -0.738169
0.636150 -0.214295 -0.741209
0.575215 -0.346083 -0.741184
0.636159 -0.214354 -0.741184
0.768235 -0.258857 -0.585499
0.801890 -0.113266 -0.586637
0.822385 -0.089454 -0.561854
0.822387 0.089437 -0.561855
0.822396 0.089455 -0.561839
0.783940 0.264149 -0.561839
0.783928 0.264102 -0.561878
0.708811 0.426474 -0.561878
0.708812 0.426494 -0.561861
0.600560 0.568895 -0.561860
0.600559 0.568898 -0.561858
0.464237 0.684690 -0.561857
0.464235 0.684696 -0.561851
0.306193 0.768483 -0.561854
0.306198 0.768477 -0.561860
0.133832 0.816336 -0.561858
0.133831 0.816337 -0.561857
-0.044787 0.826022 -0.561855
-0.044785 0.826021 -0.561857
-0.221304 0.797077 -0.561865
-0.221310 0.797079 -0.561860
-0.387481 0.730869 -0.561862
-0.387489 0.730870 -0.561855
-0.535552 0.630479 -0.561854
-0.535549 0.630480 -0.561857
-0.658535 0.500647 -0.561858
-0.658541 0.500645 -0.561853
-0.763480 0.321432 -0.560160
-0.796489 0.335933 -0.502747
0.487355 -0.461675 -0.741176
0.575214 -0.346105 -0.741175
0.694609 -0.417945 -0.585526
0.768229 -0.258813 -0.585525
0.866562 -0.291941 -0.404773
0.909056 -0.098875 -0.404773
0.972661 -0.105794 -0.206732
0.972663 0.105778 -0.206733
0.994139 0.108113 0.000000
0.947642 0.319335 0.000000
0.927166 0.312435 0.206753
0.838346 0.504411 0.206751
0.783544 0.471438 0.404727
0.680702 0.610016 0.405617
0.684096 0.613046 0.395206
-0.678159 0.049623 -0.733238
-0.672743 0.028910 -0.739311
-0.655600 -0.144329 -0.741186
-0.655608 -0.144319 -0.741181
-0.609277 -0.281831 -0.741183
-0.609261 -0.281844 -0.741192
-0.534410 -0.406252 -0.741192
-0.534387 -0.406263 -0.741203
-0.434560 -0.511650 -0.741196
-0.434628 -0.511634 -0.741168
-0.392966 -0.541832 -0.742964
-0.273226 -0.601511 -0.750687
-0.678606 0.028595 -0.733945
-0.494975 -0.072485 -0.865879
-0.490461 -0.107965 -0.864750
-0.490490 -0.107926 -0.864738
-0.455808 -0.210857 -0.864742
-0.455761 -0.210898 -0.864757
-0.399784 -0.303932 -0.864753
-0.399806 -0.303920 -0.864747
-0.325138 -0.382746 -0.864749
-0.325098 -0.382757 -0.864759
-0.235223 -0.443698 -0.864756
-0.235253 -0.443696 -0.864749
-0.134349 -0.483899 -0.864749
-0.134350 -0.483900 -0.864749
-0.027190 -0.501466 -0.864750
-0.027186 -0.501465 -0.864751
0.081253 -0.495586 -0.864750
0.081251 -0.495587 -0.864750
0.185883 -0.466535 -0.864750
0.185875 -0.466543 -0.864747
0.281833 -0.415672 -0.864747
0.281850 -0.415645 -0.864754
0.364581 -0.345371 -0.864754
0.364582 -0.345367 -0.864755
0.430311 -0.258900 -0.864756
0.430306 -0.258941 -0.864746
0.475932 -0.160323 -0.864746
0.475931 -0.160316 -0.864748
0.494821 -0.076779 -0.865596
0.431797 0.075089 -0.898840
-0.422912 0.214746 -0.880358
-0.287512 -0.182137 -0.940299
-0.303401 -0.066759 -0.950522
-0.303397 -0.066767 -0.950522
-0.281936 -0.130462 -0.950522
-0.281962 -0.130433 -0.950518
-0.247321 -0.188006 -0.950519
-0.247299 -0.188022 -0.950521
-0.201112 -0.236781 -0.950520
-0.201131 -0.236773 -0.950518
-0.145528 -0.274472 -0.950519
-0.145505 -0.274477 -0.950521
-0.083109 -0.299340 -0.950520
-0.083124 -0.299340 -0.950519
-0.016817 -0.310209 -0.950519
-0.016819 -0.310210 -0.950519
0.050262 -0.306570 -0.950520
0.050244 -0.306578 -0.950518
0.114983 -0.288605 -0.950519
0.114997 -0.288594 -0.950521
0.174355 -0.257122 -0.950520
0.174341 -0.257140 -0.950518
0.225539 -0.213652 -0.950518
0.225556 -0.213618 -0.950522
0.266180 -0.160176 -0.950522
0.266171 -0.160214 -0.950518
0.294412 -0.099172 -0.950519
0.294413 -0.099162 -0.950520
0.290430 -0.116189 -0.949816
0.146047 0.188727 -0.971109
-0.014565 -0.624890 -0.780577
1460
1 0 1 2 0 0 0 1
1 3 4 5 0 0 0 1
1 6 7 8 0 0 0 1
1 9 10 11 0 0 0 1
1 12 13 14 0 0 0 1
1 15 16 17 0 0 0 1
1 18 19 20 0 0 0 1
1 21 22 23 0 0 0 1
1 24 25 26 0 0 0 1
1 27 28 29 0 0 0 1
1 30 31 32 0 0 0 1
1 33 34 35 0 0 0 1
1 36 37 38 0 0 0 1
1 39 40 41 0 0 0 1
1 42 43 44 0 0 0 1
1 45 46 47 0 0 0 1
1 48 49 50 0 0 0 1
1 51 52 53 0 0 0 1
1 54 55 56 0 0 0 1
1 57 58 59 0 0 0 1
1 60 61 62 0 0 0 1
1 63 64 65 0 0 0 1
1 66 67 68 0 0 0 1
1 69 70 71 0 0 0 1
1 72 73 74 0 0 0 1
1 75 76 77 0 0 0 1
1 78 79 80 0 0 0 1
1 81 82 83 0 0 0 1
1 84 85 86 0 0 0 1
1 87 88 89 0 0 0 1
1 90 91 92 0 0 0 1
1 93 94 95 0 0 0 1
1 96 97 98 0 0 0 1
1 99 100 101 0 0 0 1
1 102 103 104 0 0 0 1
1 105 106 107 0 0 0 1
1 108 109 110 0 0 0 1
1 111 112 113 0 0 0 1
1 114 115 116 0 0 0 1
1 117 118 119 0 0 0 1
1 120 121 122 0 0 0 1
1 123 124 125 0 0 0 1
1 126 127 128 0 0 0 1
1 129 130 131 0 0 0 1
1 132 133 134 0 0 0 1
1 135 136 137 0 0 0 1
1 138 139 140 0 0 0 1
1 141 142 143 0 0 0 1
1 144 145 146 0 0 0 1
1 147 148 149 0 0 0 1
1 150 151 152 0 0 0 1
1 153 154 155 0 0 0 1
1 156 157 158 0 0 0 1
1 159 160 161 0 0 0 1
1 162 163 164 0 0 0 1
1 165 166 167 0 0 0 1
1 168 169 170 0 0 0 1
1 171 172 173 0 0 0 1
1 174 175 176 0 0 0 1
1 177 178 179 0 0 0 1
1 180 181 182 0 0 0 1
1 183 184 185 0 0 0 1
1 186 187 188 0 0 0 1
1 189 190 191 0 0 0 1
1 192 193 194 0 0 0 1
1 195 196 197 0 0 0 1
1 198 199 200 0 0 0 1
1 201 202 203 0 0 0 1
1 204 205 206 0 0 0 1
1 207 208 209 0 0 0 1
1 210 211 212 0 0 0 1
1 213 214 215 0 0 0 1
1 216 217 218 0 0 0 1
1 219 220 221 0 0 0 1
1 222 223 224 0 0 0 1
1 225 226 227 0 0 0 1
1 228 229 230 0 0 0 1
1 231 232 233 0 0 0 1
1 234 235 236 0 0 0 1
1 237 238 239 0 0 0 1
1 240 241 242 0 0 0 1
1 243 244 245 0 0 0 1
1 246 247 248 0 0 0 1
1 249 250 251 0 0 0 1
1 252 253 254 0 0 0 1
1 255 256 257 0 0 0 1
1 258 259 260 0 0 0 1
1 261 262 263 0 0 0 1
1 264 265 266 0 0 0 1
1 267 268 269 0 0 0 1
1 270 271 272 0 0 0 1
1 273 274 275 0 0 0 1
1 276 277 278 0 0 0 1
1 279 280 281 0 0 0 1
1 282 283 284 0 0 0 1
1 285 286 287 0 0 0 1
1 288 289 290 0 0 0 1
1 291 292 293 0 0 0 1
1 294 295 296 0 0 0 1
1 297 298 299 0 0 0 1
1 300 301 302 0 0 0 1
1 303 304 305 0 0 0 1
1 306 307 308 0 0 0 1
1 309 310 311 0 0 0 1
1 312 313 314 0 0 0 1
1 315 316 317 0 0 0 1
1 318 319 320 0 0 0 1
1 321 322 323 0 0 0 1
1 324 325 326 0 0 0 1
1 327 328 329 0 0 0 1
1 330 331 332 0 0 0 1
1 333 334 335 0 0 0 1
1 336 337 338 0 0 0 1
1 339 340 341 0 0 0 1
1 342 343 344 0 0 0 1
1 345 346 347 0 0 0 1
1 348 349 350 0 0 0 1
1 351 352 353 0 0 0 1
1 354 355 356 0 0 0 1
1 357 358 359 0 0 0 1
1 360 361 362 0 0 0 1
1 363 364 365 0 0 0 1
1 366 367 368 0 0 0 1
1 369 370 371 0 0 0 1
1 372 373 374 0 0 0 1
1 375 376 377 0 0 0 1
1 378 379 380 0 0 0 1
1 381 382 383 0 0 0 1
1 384 385 386 0 0 0 1
1 387 388 389 0 0 0 1
1 390 391 392 0 0 0 1
1 393 394 395 0 0 0 1
1 396 397 398 0 0 0 1
1 399 400 401 0 0 0 1
1 402 403 404 0 0 0 1
1 405 406 407 0 0 0 1
1 408 409 410 0 0 0 1
1 411 412 413 0 0 0 1
1 414 415 416 0 0 0 1
1 417 418 419 0 0 0 1
1 420 421 422 0 0 0 1
1 423 424 425 0 0 0 1
1 426 427 428 0 0 0 1
1 429 430 431 0 0 0 1
1 432 433 434 0 0 0 1
1 435 436 437 0 0 0 1
1 438 439 440 0 0 0 1
1 441 442 443 0 0 0 1
1 444 445 446 0 0 0 1
1 447 448 449 0 0 0 1
1 450 451 452 0 0 0 1
1 453 454 455 0 0 0 1
1 456 457 458 0 0 0 1
1 459 460 461 0 0 0 1
1 462 463 464 0 0 0 1
1 465 466 467 0 0 0 1
1 468 469 470 0 0 0 1
1 471 472 473 0 0 0 1
1 474 475 476 0 0 0 1
1 477 478 479 0 0 0 1
1 480 481 482 0 0 0 1
1 483 484 485 0 0 0 1
1 486 487 488 0 0 0 1
1 489 490 491 0 0 0 1
1 492 493 494 0 0 0 1
1 495 496 497 0 0 0 1
1 498 499 500 0 0 0 1
1 501 502 503 0 0 0 1
1 504 505 506 0 0 0 1
1 507 508 509 0 0 0 1
1 510 511 512 0 0 0 1
1 513 514 515 0 0 0 1
1 516 517 518 0 0 0 1
1 519 520 521 0 0 0 1
1 522 523 524 0 0 0 1
1 525 526 527 0 0 0 1
1 528 529 530 0 0 0 1
1 531 532 533 0 0 0 1
1 534 535 536 0 0 0 1
1 537 538 539 0 0 0 1
1 540 541 542 0 0 0 1
1 543 544 545 0 0 0 1
1 546 547 548 0 0 0 1
1 549 550 551 0 0 0 1
1 552 553 554 0 0 0 1
1 555 556 557 0 0 0 1
1 558 559 560 0 0 0 1
1 561 562 563 0 0 0 1
1 564 565 566 0 0 0 1
1 567 568 569 0 0 0 1
1 570 571 572 0 0 0 1
1 573 574 575 0 0 0 1
1 576 577 578 0 0 0 1
1 579 580 581 0 0 0 1
1 582 583 584 0 0 0 1
1 585 586 587 0 0 0 1
1 588 589 590 0 0 0 1
1 591 592 593 0 0 0 1
1 594 595 596 0 0 0 1
1 597 598 599 0 0 0 1
1 600 601 602 0 0 0 1
1 603 604 605 0 0 0 1
1 606 607 608 0 0 0 1
1 609 610 611 0 0 0 1
1 612 613 614 0 0 0 1
1 615 616 617 0 0 0 1
1 618 619 620 0 0 0 1
1 621 622 623 0 0 0 1
1 624 625 626 0 0 0 1
1 627 628 629 0 0 0 1
1 630 631 632 0 0 0 1
1 633 634 635 0 0 0 1
1 636 637 638 0 0 0 1
1 639 640 641 0 0 0 1
1 642 643 644 0 0 0 1
1 645 646 647 0 0 0 1
1 648 649 650 0 0 0 1
1 651 652 653 0 0 0 1
1 654 655 656 0 0 0 1
1 657 658 659 0 0 0 1
1 660 661 662 0 0 0 1
1 663 664 665 0 0 0 1
1 666 667 668 0 0 0 1
1 669 670 671 0 0 0 1
1 672 673 674 0 0 0 1
1 675 676 677 0 0 0 1
1 678 679 680 0 0 0 1
1 681 682 683 0 0 0 1
1 684 685 686 0 0 0 1
1 687 688 689 0 0 0 1
1 690 691 692 0 0 0 1
1 693 694 695 0 0 0 1
1 696 697 698 0 0 0 1
1 699 700 701 0 0 0 1
1 702 703 704 0 0 0 1
1 705 706 707 0 0 0 1
1 708 709 710 0 0 0 1
1 711 712 713 0 0 0 1
1 714 715 716 0 0 0 1
1 717 718 719 0 0 0 1
1 720 721 722 0 0 0 1
1 723 724 725 0 0 0 1
1 726 727 728 0 0 0 1
1 729 730 731 0 0 0 1
1 732 733 734 0 0 0 1
1 735 736 737 0 0 0 1
1 738 739 740 0 0 0 1
1 741 742 743 0 0 0 1
1 744 745 746 0 0 0 1
1 747 748 749 0 0 0 1
1 750 751 752 0 0 0 1
1 753 754 755 0 0 0 1
1 756 757 758 0 0 0 1
1 759 760 761 0 0 0 1
1 762 763 764 0 0 0 1
1 765 766 767 0 0 0 1
1 768 769 770 0 0 0 1
1 771 772 773 0 0 0 1
1 774 775 776 0 0 0 1
1 777 778 779 0 0 0 1
1 780 781 782 0 0 0 1
1 783 784 785 0 0 0 1
1 786 787 788 0 0 0 1
1 789 790 791 0 0 0 1
1 792 793 794 0 0 0 1
1 795 796 797 0 0 0 1
1 798 799 800 0 0 0 1
1 801 802 803 0 0 0 1
1 804 805 806 0 0 0 1
1 807 808 809 0 0 0 1
1 810 811 812 0 0 0 1
1 813 814 815 0 0 0 1
1 816 817 818 0 0 0 1
1 819 820 821 0 0 0 1
1 822 823 824 0 0 0 1
1 825 826 827 0 0 0 1
1 828 829 830 0 0 0 1
1 831 832 833 0 0 0 1
1 834 835 836 0 0 0 1
1 837 838 839 0 0 0 1
1 840 841 842 0 0 0 1
1 843 844 845 0 0 0 1
1 846 847 848 0 0 0 1
1 849 850 851 0 0 0 1
1 852 853 854 0 0 0 1
1 855 856 857 0 0 0 1
1 858 859 860 0 0 0 1
1 861 862 863 0 0 0 1
1 864 865 866 0 0 0 1
1 867 868 869 0 0 0 1
1 870 871 872 0 0 0 1
1 873 874 875 0 0 0 1
1 876 877 878 0 0 0 1
1 879 880 881 0 0 0 1
1 882 883 884 0 0 0 1
1 885 886 887 0 0 0 1
1 888 889 890 0 0 0 1
1 891 892 893 0 0 0 1
1 894 895 896 0 0 0 1
1 897 898 899 0 0 0 1
1 900 901 902 0 0 0 1
1 903 904 905 0 0 0 1
1 906 907 908 0 0 0 1
1 909 910 911 0 0 0 1
1 912 913 914 0 0 0 1
1 915 916 917 0 0 0 1
1 918 919 920 0 0 0 1
1 921 922 923 0 0 0 1
1 924 925 926 0 0 0 1
1 927 928 929 0 0 0 1
1 930 931 932 0 0 0 1
1 933 934 935 0 0 0 1
1 936 937 938 0 0 0 1
1 939 940 941 0 0 0 1
1 942 943 944 0 0 0 1
1 945 946 947 0 0 0 1
1 948 949 950 0 0 0 1
1 951 952 953 0 0 0 1
1 954 955 956 0 0 0 1
1 957 958 959 0 0 0 1
1 960 961 962 0 0 0 1
1 963 964 965 0 0 0 1
1 966 967 968 0 0 0 1
1 969 970 971 0 0 0 1
1 972 973 974 0 0 0 1
1 975 976 977 0 0 0 1
1 978 979 980 0 0 0 1
1 981 982 983 0 0 0 1
1 984 985 986 0 0 0 1
1 987 988 989 0 0 0 1
1 990 991 992 0 0 0 1
1 993 994 995 0 0 0 1
1 996 997 998 0 0 0 1
1 999 1000 1001 0 0 0 1
1 1002 1003 1004 0 0 0 1
1 1005 1006 1007 0 0 0 1
1 1008 1009 1010 0 0 0 1
1 1011 1012 1013 0 0 0 1
1 1014 1015 1016 0 0 0 1
1 1017 1018 1019 0 0 0 1
1 1020 1021 1022 0 0 0 1
1 1023 1024 1025 0 0 0 1
1 1026 1027 1028 0 0 0 1
1 1029 1030 1031 0 0 0 1
1 1032 1033 1034 0 0 0 1
1 1035 1036 1037 0 0 0 1
1 1038 1039 1040 0 0 0 1
1 1041 1042 1043 0 0 0 1
1 1044 1045 1046 0 0 0 1
1 1047 1048 1049 0 0 0 1
1 1050 1051 1052 0 0 0 1
1 1053 1054 1055 0 0 0 1
1 1056 1057 1058 0 0 0 1
1 1059 1060 1061 0 0 0 1
1 1062 1063 1064 0 0 0 1
1 1065 1066 1067 0 0 0 1
1 1068 1069 1070 0 0 0 1
1 1071 1072 1073 0 0 0 1
1 1074 1075 1076 0 0 0 1
1 1077 1078 1079 0 0 0 1
1 1080 1081 1082 0 0 0 1
1 1083 1084 1085 0 0 0 1
1 1086 1087 1088 0 0 0 1
1 1089 1090 1091 0 0 0 1
1 1092 1093 1094 0 0 0 1
1 1095 1096 1097 0 0 0 1
1 1098 1099 1100 0 0 0 1
1 1101 1102 1103 0 0 0 1
1 1104 1105 1106 0 0 0 1
1 1107 1108 1109 0 0 0 1
1 1110 1111 1112 0 0 0 1
1 1113 1114 1115 0 0 0 1
1 1116 1117 1118 0 0 0 1
1 1119 1120 1121 0 0 0 1
1 1122 1123 1124 0 0 0 1
1 1125 1126 1127 0 0 0 1
1 1128 1129 1130 0 0 0 1
1 1131 1132 1133 0 0 0 1
1 1134 1135 1136 0 0 0 1
1 1137 1138 1139 0 0 0 1
1 1140 1141 1142 0 0 0 1
1 1143 1144 1145 0 0 0 1
1 1146 1147 1148 0 0 0 1
1 1149 1150 1151 0 0 0 1
1 1152 1153 1154 0 0 0 1
1 1155 1156 1157 0 0 0 1
1 1158 1159 1160 0 0 0 1
1 1161 1162 1163 0 0 0 1
1 1164 1165 1166 0 0 0 1
1 1167 1168 1169 0 0 0 1
1 1170 1171 1172 0 0 0 1
1 1173 1174 1175 0 0 0 1
1 1176 1177 1178 0 0 0 1
1 1179 1180 1181 0 0 0 1
1 1182 1183 1184 0 0 0 1
1 1185 1186 1187 0 0 0 1
1 1188 1189 1190 0 0 0 1
1 1191 1192 1193 0 0 0 1
1 1194 1195 1196 0 0 0 1
1 1197 1198 1199 0 0 0 1
1 1200 1201 1202 0 0 0 1
1 1203 1204 1205 0 0 0 1
1 1206 1207 1208 0 0 0 1
1 1209 1210 1211 0 0 0 1
1 1212 1213 1214 0 0 0 1
1 1215 1216 1217 0 0 0 1
1 1218 1219 1220 0 0 0 1
1 1221 1222 1223 0 0 0 1
1 1224 1225 1226 0 0 0 1
1 1227 1228 1229 0 0 0 1
1 1230 1231 1232 0 0 0 1
1 1233 1234 1235 0 0 0 1
1 1236 1237 1238 0 0 0 1
1 1239 1240 1241 0 0 0 1
1 1242 1243 1244 0 0 0 1
1 1245 1246 1247 0 0 0 1
1 1248 1249 1250 0 0 0 1
1 1251 1252 1253 0 0 0 1
1 1254 1255 1256 0 0 0 1
1 1257 1258 1259 0 0 0 1
1 1260 1261 1262 0 0 0 1
1 1263 1264 1265 0 0 0 1
1 1266 1267 1268 0 0 0 1
1 1269 1270 1271 0 0 0 1
1 1272 1273 1274 0 0 0 1
1 1275 1276 1277 0 0 0 1
1 1278 1279 1280 0 0 0 1
1 1281 1282 1283 0 0 0 1
1 1284 1285 1286 0 0 0 1
1 1287 1288 1289 0 0 0 1
1 1290 1291 1292 0 0 0 1
1 1293 1294 1295 0 0 0 1
1 1296 1297 1298 0 0 0 1
1 1299 1300 1301 0 0 0 1
1 1302 1303 1304 0 0 0 1
1 1305 1306 1307 0 0 0 1
1 1308 1309 1310 0 0 0 1
1 1311 1312 1313 0 0 0 1
1 1314 1315 1316 0 0 0 1
1 1317 1318 1319 0 0 0 1
1 1320 1321 1322 0 0 0 1
1 1323 1324 1325 0 0 0 1
1 1326 1327 1328 0 0 0 1
1 1329 1330 1331 0 0 0 1
1 1332 1333 1334 0 0 0 1
1 1335 1336 1337 0 0 0 1
1 1338 1339 1340 0 0 0 1
1 1341 1342 1343 0 0 0 1
1 1344 1345 1346 0 0 0 1
1 1347 1348 1349 0 0 0 1
1 1350 1351 1352 0 0 0 1
1 1353 1354 1355 0 0 0 1
1 1356 1357 1358 0 0 0 1
1 1359 1360 1361 0 0 0 1
1 1362 1363 1364 0 0 0 1
1 1365 1366 1367 0 0 0 1
1 1368 1369 1370 0 0 0 1
1 1371 1372 1373 0 0 0 1
1 1374 1375 1376 0 0 0 1
1 1377 1378 1379 0 0 0 1
1 1380 1381 1382 0 0 0 1
1 1383 1384 1385 0 0 0 1
1 1386 1387 1388 0 0 0 1
1 1389 1390 1391 0 0 0 1
1 1392 1393 1394 0 0 0 1
1 1395 1396 1397 0 0 0 1
1 1398 1399 1400 0 0 0 1
1 1401 1402 1403 0 0 0 1
1 1404 1405 1406 0 0 0 1
1 1407 1408 1409 0 0 0 1
1 1410 1411 1412 0 0 0 1
1 1413 1414 1415 0 0 0 1
1 1416 1417 1418 0 0 0 1
1 1419 1420 1421 0 0 0 1
1 1422 1423 1424 0 0 0 1
1 1425 1426 1427 0 0 0 1
1 1428 1429 1430 0 0 0 1
1 1431 1432 1433 0 0 0 1
1 1434 1435 1436 0 0 0 1
1 1437 1438 1439 0 0 0 1
1 1440 1441 1442 0 0 0 1
1 1443 1444 1445 0 0 0 1
1 1446 1447 1448 0 0 0 1
1 1449 1450 1451 0 0 0 1
1 1452 1453 1454 0 0 0 1
1 1455 1456 1457 0 0 0 1
1 1458 1459 1460 0 0 0 1
1 1461 1462 1463 0 0 0 1
1 1464 1465 1466 0 0 0 1
1 1467 1468 1469 0 0 0 1
1 1470 1471 1472 0 0 0 1
1 1473 1474 1475 0 0 0 1
1 1476 1477 1478 0 0 0 1
1 1479 1480 1481 0 0 0 1
1 1482 1483 1484 0 0 0 1
1 1485 1486 1487 0 0 0 1
1 1488 1489 1490 0 0 0 1
1 1491 1492 1493 0 0 0 1
1 1494 1495 1496 0 0 0 1
1 1497 1498 1499 0 0 0 1
1 1500 1501 1502 0 0 0 1
1 1503 1504 1505 0 0 0 1
1 1506 1507 1508 0 0 0 1
1 1509 1510 1511 0 0 0 1
1 1512 1513 1514 0 0 0 1
1 1515 1516 1517 0 0 0 1
1 1518 1519 1520 0 0 0 1
1 1521 1522 1523 0 0 0 1
1 1524 1525 1526 0 0 0 1
1 1527 1528 1529 0 0 0 1
1 1530 1531 1532 0 0 0 1
1 1533 1534 1535 0 0 0 1
1 1536 1537 1538 0 0 0 1
1 1539 1540 1541 0 0 0 1
1 1542 1543 1544 0 0 0 1
1 1545 1546 1547 0 0 0 1
1 1548 1549 1550 0 0 0 1
1 1551 1552 1553 0 0 0 1
1 1554 1555 1556 0 0 0 1
1 1557 1558 1559 0 0 0 1
1 1560 1561 1562 0 0 0 1
1 1563 1564 1565 0 0 0 1
1 1566 1567 1568 0 0 0 1
1 1569 1570 1571 0 0 0 1
1 1572 1573 1574 0 0 0 1
1 1575 1576 1577 0 0 0 1
1 1578 1579 1580 0 0 0 1
1 1581 1582 1583 0 0 0 1
1 1584 1585 1586 0 0 0 1
1 1587 1588 1589 0 0 0 1
1 1590 1591 1592 0 0 0 1
1 1593 1594 1595 0 0 0 1
1 1596 1597 1598 0 0 0 1
1 1599 1600 1601 0 0 0 1
1 1602 1603 1604 0 0 0 1
1 1605 1606 1607 0 0 0 1
1 1608 1609 1610 0 0 0 1
1 1611 1612 1613 0 0 0 1
1 1614 1615 1616 0 0 0 1
1 1617 1618 1619 0 0 0 1
1 1620 1621 1622 0 0 0 1
1 1623 1624 1625 0 0 0 1
1 1626 1627 1628 0 0 0 1
1 1629 1630 1631 0 0 0 1
1 1632 1633 1634 0 0 0 1
1 1635 1636 1637 0 0 0 1
1 1638 1639 1640 0 0 0 1
1 1641 1642 1643 0 0 0 1
1 1644 1645 1646 0 0 0 1
1 1647 1648 1649 0 0 0 1
1 1650 1651 1652 0 0 0 1
1 1653 1654 1655 0 0 0 1
1 1656 1657 1658 0 0 0 1
1 1659 1660 1661 0 0 0 1
1 1662 1663 1664 0 0 0 1
1 1665 1666 1667 0 0 0 1
1 1668 1669 1670 0 0 0 1
1 1671 1672 1673 0 0 0 1
1 1674 1675 1676 0 0 0 1
1 1677 1678 1679 0 0 0 1
1 1680 1681 1682 0 0 0 1
1 1683 1684 1685 0 0 0 1
1 1686 1687 1688 0 0 0 1
1 1689 1690 1691 0 0 0 1
1 1692 1693 1694 0 0 0 1
1 1695 1696 1697 0 0 0 1
1 1698 1699 1700 0 0 0 1
1 1701 1702 1703 0 0 0 1
1 1704 1705 1706 0 0 0 1
1 1707 1708 1709 0 0 0 1
1 1710 1711 1712 0 0 0 1
1 1713 1714 1715 0 0 0 1
1 1716 1717 1718 0 0 0 1
1 1719 1720 1721 0 0 0 1
1 1722 1723 1724 0 0 0 1
1 1725 1726 1727 0 0 0 1
1 1728 1729 1730 0 0 0 1
1 1731 1732 1733 0 0 0 1
1 1734 1735 1736 0 0 0 1
1 1737 1738 1739 0 0 0 1
1 1740 1741 1742 0 0 0 1
1 1743 1744 1745 0 0 0 1
1 1746 1747 1748 0 0 0 1
1 1749 1750 1751 0 0 0 1
1 1752 1753 1754 0 0 0 1
1 1755 1756 1757 0 0 0 1
1 1758 1759 1760 0 0 0 1
1 1761 1762 1763 0 0 0 1
1 1764 1765 1766 0 0 0 1
1 1767 1768 1769 0 0 0 1
1 1770 1771 1772 0 0 0 1
1 1773 1774 1775 0 0 0 1
1 1776 1777 1778 0 0 0 1
1 1779 1780 1781 0 0 0 1
1 1782 1783 1784 0 0 0 1
1 1785 1786 1787 0 0 0 1
1 1788 1789 1790 0 0 0 1
1 1791 1792 1793 0 0 0 1
1 1794 1795 1796 0 0 0 1
1 1797 1798 1799 0 0 0 1
1 1800 1801 1802 0 0 0 1
1 1803 1804 1805 0 0 0 1
1 1806 1807 1808 0 0 0 1
1 1809 1810 1811 0 0 0 1
1 1812 1813 1814 0 0 0 1
1 1815 1816 1817 0 0 0 1
1 1818 1819 1820 0 0 0 1
1 1821 1822 1823 0 0 0 1
1 1824 1825 1826 0 0 0 1
1 1827 1828 1829 0 0 0 1
1 1830 1831 1832 0 0 0 1
1 1833 1834 1835 0 0 0 1
1 1836 1837 1838 0 0 0 1
1 1839 1840 1841 0 0 0 1
1 1842 1843 1844 0 0 0 1
1 1845 1846 1847 0 0 0 1
1 1848 1849 1850 0 0 0 1
1 1851 1852 1853 0 0 0 1
1 1854 1855 1856 0 0 0 1
1 1857 1858 1859 0 0 0 1
1 1860 1861 1862 0 0 0 1
1 1863 1864 1865 0 0 0 1
1 1866 1867 1868 0 0 0 1
1 1869 1870 1871 0 0 0 1
1 1872 1873 1874 0 0 0 1
1 1875 1876 1877 0 0 0 1
1 1878 1879 1880 0 0 0 1
1 1881 1882 1883 0 0 0 1
1 1884 1885 1886 0 0 0 1
1 1887 1888 1889 0 0 0 1
1 1890 1891 1892 0 0 0 1
1 1893 1894 1895 0 0 0 1
1 1896 1897 1898 0 0 0 1
1 1899 1900 1901 0 0 0 1
1 1902 1903 1904 0 0 0 1
1 1905 1906 1907 0 0 0 1
1 1908 1909 1910 0 0 0 1
1 1911 1912 1913 0 0 0 1
1 1914 1915 1916 0 0 0 1
1 1917 1918 1919 0 0 0 1
1 1920 1921 1922 0 0 0 1
1 1923 1924 1925 0 0 0 1
1 1926 1927 1928 0 0 0 1
1 1929 1930 1931 0 0 0 1
1 1932 1933 1934 0 0 0 1
1 1935 1936 1937 0 0 0 1
1 1938 1939 1940 0 0 0 1
1 1941 1942 1943 0 0 0 1
1 1944 1945 1946 0 0 0 1
1 1947 1948 1949 0 0 0 1
1 1950 1951 1952 0 0 0 1
1 1953 1954 1955 0 0 0 1
1 1956 1957 1958 0 0 0 1
1 1959 1960 1961 0 0 0 1
1 1962 1963 1964 0 0 0 1
1 1965 1966 1967 0 0 0 1
1 1968 1969 1970 0 0 0 1
1 1971 1972 1973 0 0 0 1
1 1974 1975 1976 0 0 0 1
1 1977 1978 1979 0 0 0 1
1 1980 1981 1982 0 0 0 1
1 1983 1984 1985 0 0 0 1
1 1986 1987 1988 0 0 0 1
1 1989 1990 1991 0 0 0 1
1 1992 1993 1994 0 0 0 1
1 1995 1996 1997 0 0 0 1
1 1998 1999 2000 0 0 0 1
1 2001 2002 2003 0 0 0 1
1 2004 2005 2006 0 0 0 1
1 2007 2008 2009 0 0 0 1
1 2010 2011 2012 0 0 0 1
1 2013 2014 2015 0 0 0 1
1 2016 2017 2018 0 0 0 1
1 2019 2020 2021 0 0 0 1
1 2022 2023 2024 0 0 0 1
1 2025 2026 2027 0 0 0 1
1 2028 2029 2030 0 0 0 1
1 2031 2032 2033 0 0 0 1
1 2034 2035 2036 0 0 0 1
1 2037 2038 2039 0 0 0 1
1 2040 2041 2042 0 0 0 1
1 2043 2044 2045 0 0 0 1
1 2046 2047 2048 0 0 0 1
1 2049 2050 2051 0 0 0 1
1 2052 2053 2054 0 0 0 1
1 2055 2056 2057 0 0 0 1
1 2058 2059 2060 0 0 0 1
1 2061 2062 2063 0 0 0 1
1 2064 2065 2066 0 0 0 1
1 2067 2068 2069 0 0 0 1
1 2070 2071 2072 0 0 0 1
1 2073 2074 2075 0 0 0 1
1 2076 2077 2078 0 0 0 1
1 2079 2080 2081 0 0 0 1
1 2082 2083 2084 0 0 0 1
1 2085 2086 2087 0 0 0 1
1 2088 2089 2090 0 0 0 1
1 2091 2092 2093 0 0 0 1
1 2094 2095 2096 0 0 0 1
1 2097 2098 2099 0 0 0 1
1 2100 2101 2102 0 0 0 1
1 2103 2104 2105 0 0 0 1
1 2106 2107 2108 0 0 0 1
1 2109 2110 2111 0 0 0 1
1 2112 2113 2114 0 0 0 1
1 2115 2116 2117 0 0 0 1
1 2118 2119 2120 0 0 0 1
1 2121 2122 2123 0 0 0 1
1 2124 2125 2126 0 0 0 1
1 2127 2128 2129 0 0 0 1
1 2130 2131 2132 0 0 0 1
1 2133 2134 2135 0 0 0 1
1 2136 2137 2138 0 0 0 1
1 2139 2140 2141 0 0 0 1
1 2142 2143 2144 0 0 0 1
1 2145 2146 2147 0 0 0 1
1 2148 2149 2150 0 0 0 1
1 2151 2152 2153 0 0 0 1
1 2154 2155 2156 0 0 0 1
1 2157 2158 2159 0 0 0 1
1 2160 2161 2162 0 0 0 1
1 2163 2164 2165 0 0 0 1
1 2166 2167 2168 0 0 0 1
1 2169 2170 2171 0 0 0 1
1 2172 2173 2174 0 0 0 1
1 2175 2176 2177 0 0 0 1
1 2178 2179 2180 0 0 0 1
1 2181 2182 2183 0 0 0 1
1 2184 2185 2186 0 0 0 1
1 2187 2188 2189 0 0 0 1
1 2190 2191 2192 0 0 0 1
1 2193 2194 2195 0 0 0 1
1 2196 2197 2198 0 0 0 1
1 2199 2200 2201 0 0 0 1
1 2202 2203 2204 0 0 0 1
1 2205 2206 2207 0 0 0 1
1 2208 2209 2210 0 0 0 1
1 2211 2212 2213 0 0 0 1
1 2214 2215 2216 0 0 0 1
1 2217 2218 2219 0 0 0 1
1 2220 2221 2222 0 0 0 1
1 2223 2224 2225 0 0 0 1
1 2226 2227 2228 0 0 0 1
1 2229 2230 2231 0 0 0 1
1 2232 2233 2234 0 0 0 1
1 2235 2236 2237 0 0 0 1
1 2238 2239 2240 0 0 0 1
1 2241 2242 2243 0 0 0 1
1 2244 2245 2246 0 0 0 1
1 2247 2248 2249 0 0 0 1
1 2250 2251 2252 0 0 0 1
1 2253 2254 2255 0 0 0 1
1 2256 2257 2258 0 0 0 1
1 2259 2260 2261 0 0 0 1
1 2262 2263 2264 0 0 0 1
1 2265 2266 2267 0 0 0 1
1 2268 2269 2270 0 0 0 1
1 2271 2272 2273 0 0 0 1
1 2274 2275 2276 0 0 0 1
1 2277 2278 2279 0 0 0 1
1 2280 2281 2282 0 0 0 1
1 2283 2284 2285 0 0 0 1
1 2286 2287 2288 0 0 0 1
1 2289 2290 2291 0 0 0 1
1 2292 2293 2294 0 0 0 1
1 2295 2296 2297 0 0 0 1
1 2298 2299 2300 0 0 0 1
1 2301 2302 2303 0 0 0 1
1 2304 2305 2306 0 0 0 1
1 2307 2308 2309 0 0 0 1
1 2310 2311 2312 0 0 0 1
1 2313 2314 2315 0 0 0 1
1 2316 2317 2318 0 0 0 1
1 2319 2320 2321 0 0 0 1
1 2322 2323 2324 0 0 0 1
1 2325 2326 2327 0 0 0 1
1 2328 2329 2330 0 0 0 1
1 2331 2332 2333 0 0 0 1
1 2334 2335 2336 0 0 0 1
1 2337 2338 2339 0 0 0 1
1 2340 2341 2342 0 0 0 1
1 2343 2344 2345 0 0 0 1
1 2346 2347 2348 0 0 0 1
1 2349 2350 2351 0 0 0 1
1 2352 2353 2354 0 0 0 1
1 2355 2356 2357 0 0 0 1
1 2358 2359 2360 0 0 0 1
1 2361 2362 2363 0 0 0 1
1 2364 2365 2366 0 0 0 1
1 2367 2368 2369 0 0 0 1
1 2370 2371 2372 0 0 0 1
1 2373 2374 2375 0 0 0 1
1 2376 2377 2378 0 0 0 1
1 2379 2380 2381 0 0 0 1
1 2382 2383 2384 0 0 0 1
1 2385 2386 2387 0 0 0 1
1 2388 2389 2390 0 0 0 1
1 2391 2392 2393 0 0 0 1
1 2394 2395 2396 0 0 0 1
1 2397 2398 2399 0 0 0 1
1 2400 2401 2402 0 0 0 1
1 2403 2404 2405 0 0 0 1
1 2406 2407 2408 0 0 0 1
1 2409 2410 2411 0 0 0 1
1 2412 2413 2414 0 0 0 1
1 2415 2416 2417 0 0 0 1
1 2418 2419 2420 0 0 0 1
1 2421 2422 2423 0 0 0 1
1 2424 2425 2426 0 0 0 1
1 2427 2428 2429 0 0 0 1
1 2430 2431 2432 0 0 0 1
1 2433 2434 2435 0 0 0 1
1 2436 2437 2438 0 0 0 1
1 2439 2440 2441 0 0 0 1
1 2442 2443 2444 0 0 0 1
1 2445 2446 2447 0 0 0 1
1 2448 2449 2450 0 0 0 1
1 2451 2452 2453 0 0 0 1
1 2454 2455 2456 0 0 0 1
1 2457 2458 2459 0 0 0 1
1 2460 2461 2462 0 0 0 1
1 2463 2464 2465 0 0 0 1
1 2466 2467 2468 0 0 0 1
1 2469 2470 2471 0 0 0 1
1 2472 2473 2474 0 0 0 1
1 2475 2476 2477 0 0 0 1
1 2478 2479 2480 0 0 0 1
1 2481 2482 2483 0 0 0 1
1 2484 2485 2486 0 0 0 1
1 2487 2488 2489 0 0 0 1
1 2490 2491 2492 0 0 0 1
1 2493 2494 2495 0 0 0 1
1 2496 2497 2498 0 0 0 1
1 2499 2500 2501 0 0 0 1
1 2502 2503 2504 0 0 0 1
1 2505 2506 2507 0 0 0 1
1 2508 2509 2510 0 0 0 1
1 2511 2512 2513 0 0 0 1
1 2514 2515 2516 0 0 0 1
1 2517 2518 2519 0 0 0 1
1 2520 2521 2522 0 0 0 1
1 2523 2524 2525 0 0 0 1
1 2526 2527 2528 0 0 0 1
1 2529 2530 2531 0 0 0 1
1 2532 2533 2534 0 0 0 1
1 2535 2536 2537 0 0 0 1
1 2538 2539 2540 0 0 0 1
1 2541 2542 2543 0 0 0 1
1 2544 2545 2546 0 0 0 1
1 2547 2548 2549 0 0 0 1
1 2550 2551 2552 0 0 0 1
1 2553 2554 2555 0 0 0 1
1 2556 2557 2558 0 0 0 1
1 2559 2560 2561 0 0 0 1
1 2562 2563 2564 0 0 0 1
1 2565 2566 2567 0 0 0 1
1 2568 2569 2570 0 0 0 1
1 2571 2572 2573 0 0 0 1
1 2574 2575 2576 0 0 0 1
1 2577 2578 2579 0 0 0 1
1 2580 2581 2582 0 0 0 1
1 2583 2584 2585 0 0 0 1
1 2586 2587 2588 0 0 0 1
1 2589 2590 2591 0 0 0 1
1 2592 2593 2594 0 0 0 1
1 2595 2596 2597 0 0 0 1
1 2598 2599 2600 0 0 0 1
1 2601 2602 2603 0 0 0 1
1 2604 2605 2606 0 0 0 1
1 2607 2608 2609 0 0 0 1
1 2610 2611 2612 0 0 0 1
1 2613 2614 2615 0 0 0 1
1 2616 2617 2618 0 0 0 1
1 2619 2620 2621 0 0 0 1
1 2622 2623 2624 0 0 0 1
1 2625 2626 2627 0 0 0 1
1 2628 2629 2630 0 0 0 1
1 2631 2632 2633 0 0 0 1
1 2634 2635 2636 0 0 0 1
1 2637 2638 2639 0 0 0 1
1 2640 2641 2642 0 0 0 1
1 2643 2644 2645 0 0 0 1
1 2646 2647 2648 0 0 0 1
1 2649 2650 2651 0 0 0 1
1 2652 2653 2654 0 0 0 1
1 2655 2656 2657 0 0 0 1
1 2658 2659 2660 0 0 0 1
1 2661 2662 2663 0 0 0 1
1 2664 2665 2666 0 0 0 1
1 2667 2668 2669 0 0 0 1
1 2670 2671 2672 0 0 0 1
1 2673 2674 2675 0 0 0 1
1 2676 2677 2678 0 0 0 1
1 2679 2680 2681 0 0 0 1
1 2682 2683 2684 0 0 0 1
1 2685 2686 2687 0 0 0 1
1 2688 2689 2690 0 0 0 1
1 2691 2692 2693 0 0 0 1
1 2694 2695 2696 0 0 0 1
1 2697 2698 2699 0 0 0 1
1 2700 2701 2702 0 0 0 1
1 2703 2704 2705 0 0 0 1
1 2706 2707 2708 0 0 0 1
1 2709 2710 2711 0 0 0 1
1 2712 2713 2714 0 0 0 1
1 2715 2716 2717 0 0 0 1
1 2718 2719 2720 0 0 0 1
1 2721 2722 2723 0 0 0 1
1 2724 2725 2726 0 0 0 1
1 2727 2728 2729 0 0 0 1
1 2730 2731 2732 0 0 0 1
1 2733 2734 2735 0 0 0 1
1 2736 2737 2738 0 0 0 1
1 2739 2740 2741 0 0 0 1
1 2742 2743 2744 0 0 0 1
1 2745 2746 2747 0 0 0 1
1 2748 2749 2750 0 0 0 1
1 2751 2752 2753 0 0 0 1
1 2754 2755 2756 0 0 0 1
1 2757 2758 2759 0 0 0 1
1 2760 2761 2762 0 0 0 1
1 2763 2764 2765 0 0 0 1
1 2766 2767 2768 0 0 0 1
1 2769 2770 2771 0 0 0 1
1 2772 2773 2774 0 0 0 1
1 2775 2776 2777 0 0 0 1
1 2778 2779 2780 0 0 0 1
1 2781 2782 2783 0 0 0 1
1 2784 2785 2786 0 0 0 1
1 2787 2788 2789 0 0 0 1
1 2790 2791 2792 0 0 0 1
1 2793 2794 2795 0 0 0 1
1 2796 2797 2798 0 0 0 1
1 2799 2800 2801 0 0 0 1
1 2802 2803 2804 0 0 0 1
1 2805 2806 2807 0 0 0 1
1 2808 2809 2810 0 0 0 1
1 2811 2812 2813 0 0 0 1
1 2814 2815 2816 0 0 0 1
1 2817 2818 2819 0 0 0 1
1 2820 2821 2822 0 0 0 1
1 2823 2824 2825 0 0 0 1
1 2826 2827 2828 0 0 0 1
1 2829 2830 2831 0 0 0 1
1 2832 2833 2834 0 0 0 1
1 2835 2836 2837 0 0 0 1
1 2838 2839 2840 0 0 0 1
1 2841 2842 2843 0 0 0 1
1 2844 2845 2846 0 0 0 1
1 2847 2848 2849 0 0 0 1
1 2850 2851 2852 0 0 0 1
1 2853 2854 2855 0 0 0 1
1 2856 2857 2858 0 0 0 1
1 2859 2860 2861 0 0 0 1
1 2862 2863 2864 0 0 0 1
1 2865 2866 2867 0 0 0 1
1 2868 2869 2870 0 0 0 1
1 2871 2872 2873 0 0 0 1
1 2874 2875 2876 0 0 0 1
1 2877 2878 2879 0 0 0 1
1 2880 2881 2882 0 0 0 1
1 2883 2884 2885 0 0 0 1
1 2886 2887 2888 0 0 0 1
1 2889 2890 2891 0 0 0 1
1 2892 2893 2894 0 0 0 1
1 2895 2896 2897 0 0 0 1
1 2898 2899 2900 0 0 0 1
1 2901 2902 2903 0 0 0 1
1 2904 2905 2906 0 0 0 1
1 2907 2908 2909 0 0 0 1
1 2910 2911 2912 0 0 0 1
1 2913 2914 2915 0 0 0 1
1 2916 2917 2918 0 0 0 1
1 2919 2920 2921 0 0 0 1
1 2922 2923 2924 0 0 0 1
1 2925 2926 2927 0 0 0 1
1 2928 2929 2930 0 0 0 1
1 2931 2932 2933 0 0 0 1
1 2934 2935 2936 0 0 0 1
1 2937 2938 2939 0 0 0 1
1 2940 2941 2942 0 0 0 1
1 2943 2944 2945 0 0 0 1
1 2946 2947 2948 0 0 0 1
1 2949 2950 2951 0 0 0 1
1 2952 2953 2954 0 0 0 1
1 2955 2956 2957 0 0 0 1
1 2958 2959 2960 0 0 0 1
1 2961 2962 2963 0 0 0 1
1 2964 2965 2966 0 0 0 1
1 2967 2968 2969 0 0 0 1
1 2970 2971 2972 0 0 0 1
1 2973 2974 2975 0 0 0 1
1 2976 2977 2978 0 0 0 1
1 2979 2980 2981 0 0 0 1
1 2982 2983 2984 0 0 0 1
1 2985 2986 2987 0 0 0 1
1 2988 2989 2990 0 0 0 1
1 2991 2992 2993 0 0 0 1
1 2994 2995 2996 0 0 0 1
1 2997 2998 2999 0 0 0 1
1 3000 3001 3002 0 0 0 1
1 3003 3004 3005 0 0 0 1
1 3006 3007 3008 0 0 0 1
1 3009 3010 3011 0 0 0 1
1 3012 3013 3014 0 0 0 1
1 3015 3016 3017 0 0 0 1
1 3018 3019 3020 0 0 0 1
1 3021 3022 3023 0 0 0 1
1 3024 3025 3026 0 0 0 1
1 3027 3028 3029 0 0 0 1
1 3030 3031 3032 0 0 0 1
1 3033 3034 3035 0 0 0 1
1 3036 3037 3038 0 0 0 1
1 3039 3040 3041 0 0 0 1
1 3042 3043 3044 0 0 0 1
1 3045 3046 3047 0 0 0 1
1 3048 3049 3050 0 0 0 1
1 3051 3052 3053 0 0 0 1
1 3054 3055 3056 0 0 0 1
1 3057 3058 3059 0 0 0 1
1 3060 3061 3062 0 0 0 1
1 3063 3064 3065 0 0 0 1
1 3066 3067 3068 0 0 0 1
1 3069 3070 3071 0 0 0 1
1 3072 3073 3074 0 0 0 1
1 3075 3076 3077 0 0 0 1
1 3078 3079 3080 0 0 0 1
1 3081 3082 3083 0 0 0 1
1 3084 3085 3086 0 0 0 1
1 3087 3088 3089 0 0 0 1
1 3090 3091 3092 0 0 0 1
1 3093 3094 3095 0 0 0 1
1 3096 3097 3098 0 0 0 1
1 3099 3100 3101 0 0 0 1
1 3102 3103 3104 0 0 0 1
1 3105 3106 3107 0 0 0 1
1 3108 3109 3110 0 0 0 1
1 3111 3112 3113 0 0 0 1
1 3114 3115 3116 0 0 0 1
1 3117 3118 3119 0 0 0 1
1 3120 3121 3122 0 0 0 1
1 3123 3124 3125 0 0 0 1
1 3126 3127 3128 0 0 0 1
1 3129 3130 3131 0 0 0 1
1 3132 3133 3134 0 0 0 1
1 3135 3136 3137 0 0 0 1
1 3138 3139 3140 0 0 0 1
1 3141 3142 3143 0 0 0 1
1 3144 3145 3146 0 0 0 1
1 3147 3148 3149 0 0 0 1
1 3150 3151 3152 0 0 0 1
1 3153 3154 3155 0 0 0 1
1 3156 3157 3158 0 0 0 1
1 3159 3160 3161 0 0 0 1
1 3162 3163 3164 0 0 0 1
1 3165 3166 3167 0 0 0 1
1 3168 3169 3170 0 0 0 1
1 3171 3172 3173 0 0 0 1
1 3174 3175 3176 0 0 0 1
1 3177 3178 3179 0 0 0 1
1 3180 3181 3182 0 0 0 1
1 3183 3184 3185 0 0 0 1
1 3186 3187 3188 0 0 0 1
1 3189 3190 3191 0 0 0 1
1 3192 3193 3194 0 0 0 1
1 3195 3196 3197 0 0 0 1
1 3198 3199 3200 0 0 0 1
1 3201 3202 3203 0 0 0 1
1 3204 3205 3206 0 0 0 1
1 3207 3208 3209 0 0 0 1
1 3210 3211 3212 0 0 0 1
1 3213 3214 3215 0 0 0 1
1 3216 3217 3218 0 0 0 1
1 3219 3220 3221 0 0 0 1
1 3222 3223 3224 0 0 0 1
1 3225 3226 3227 0 0 0 1
1 3228 3229 3230 0 0 0 1
1 3231 3232 3233 0 0 0 1
1 3234 3235 3236 0 0 0 1
1 3237 3238 3239 0 0 0 1
1 3240 3241 3242 0 0 0 1
1 3243 3244 3245 0 0 0 1
1 3246 3247 3248 0 0 0 1
1 3249 3250 3251 0 0 0 1
1 3252 3253 3254 0 0 0 1
1 3255 3256 3257 0 0 0 1
1 3258 3259 3260 0 0 0 1
1 3261 3262 3263 0 0 0 1
1 3264 3265 3266 0 0 0 1
1 3267 3268 3269 0 0 0 1
1 3270 3271 3272 0 0 0 1
1 3273 3274 3275 0 0 0 1
1 3276 3277 3278 0 0 0 1
1 3279 3280 3281 0 0 0 1
1 3282 3283 3284 0 0 0 1
1 3285 3286 3287 0 0 0 1
1 3288 3289 3290 0 0 0 1
1 3291 3292 3293 0 0 0 1
1 3294 3295 3296 0 0 0 1
1 3297 3298 3299 0 0 0 1
1 3300 3301 3302 0 0 0 1
1 3303 3304 3305 0 0 0 1
1 3306 3307 3308 0 0 0 1
1 3309 3310 3311 0 0 0 1
1 3312 3313 3314 0 0 0 1
1 3315 3316 3317 0 0 0 1
1 3318 3319 3320 0 0 0 1
1 3321 3322 3323 0 0 0 1
1 3324 3325 3326 0 0 0 1
1 3327 3328 3329 0 0 0 1
1 3330 3331 3332 0 0 0 1
1 3333 3334 3335 0 0 0 1
1 3336 3337 3338 0 0 0 1
1 3339 3340 3341 0 0 0 1
1 3342 3343 3344 0 0 0 1
1 3345 3346 3347 0 0 0 1
1 3348 3349 3350 0 0 0 1
1 3351 3352 3353 0 0 0 1
1 3354 3355 3356 0 0 0 1
1 3357 3358 3359 0 0 0 1
1 3360 3361 3362 0 0 0 1
1 3363 3364 3365 0 0 0 1
1 3366 3367 3368 0 0 0 1
1 3369 3370 3371 0 0 0 1
1 3372 3373 3374 0 0 0 1
1 3375 3376 3377 0 0 0 1
1 3378 3379 3380 0 0 0 1
1 3381 3382 3383 0 0 0 1
1 3384 3385 3386 0 0 0 1
1 3387 3388 3389 0 0 0 1
1 3390 3391 3392 0 0 0 1
1 3393 3394 3395 0 0 0 1
1 3396 3397 3398 0 0 0 1
1 3399 3400 3401 0 0 0 1
1 3402 3403 3404 0 0 0 1
1 3405 3406 3407 0 0 0 1
1 3408 3409 3410 0 0 0 1
1 3411 3412 3413 0 0 0 1
1 3414 3415 3416 0 0 0 1
1 3417 3418 3419 0 0 0 1
1 3420 3421 3422 0 0 0 1
1 3423 3424 3425 0 0 0 1
1 3426 3427 3428 0 0 0 1
1 3429 3430 3431 0 0 0 1
1 3432 3433 3434 0 0 0 1
1 3435 3436 3437 0 0 0 1
1 3438 3439 3440 0 0 0 1
1 3441 3442 3443 0 0 0 1
1 3444 3445 3446 0 0 0 1
1 3447 3448 3449 0 0 0 1
1 3450 3451 3452 0 0 0 1
1 3453 3454 3455 0 0 0 1
1 3456 3457 3458 0 0 0 1
1 3459 3460 3461 0 0 0 1
1 3462 3463 3464 0 0 0 1
1 3465 3466 3467 0 0 0 1
1 3468 3469 3470 0 0 0 1
1 3471 3472 3473 0 0 0 1
1 3474 3475 3476 0 0 0 1
1 3477 3478 3479 0 0 0 1
1 3480 3481 3482 0 0 0 1
1 3483 3484 3485 0 0 0 1
1 3486 3487 3488 0 0 0 1
1 3489 3490 3491 0 0 0 1
1 3492 3493 3494 0 0 0 1
1 3495 3496 3497 0 0 0 1
1 3498 3499 3500 0 0 0 1
1 3501 3502 3503 0 0 0 1
1 3504 3505 3506 0 0 0 1
1 3507 3508 3509 0 0 0 1
1 3510 3511 3512 0 0 0 1
1 3513 3514 3515 0 0 0 1
1 3516 3517 3518 0 0 0 1
1 3519 3520 3521 0 0 0 1
1 3522 3523 3524 0 0 0 1
1 3525 3526 3527 0 0 0 1
1 3528 3529 3530 0 0 0 1
1 3531 3532 3533 0 0 0 1
1 3534 3535 3536 0 0 0 1
1 3537 3538 3539 0 0 0 1
1 3540 3541 3542 0 0 0 1
1 3543 3544 3545 0 0 0 1
1 3546 3547 3548 0 0 0 1
1 3549 3550 3551 0 0 0 1
1 3552 3553 3554 0 0 0 1
1 3555 3556 3557 0 0 0 1
1 3558 3559 3560 0 0 0 1
1 3561 3562 3563 0 0 0 1
1 3564 3565 3566 0 0 0 1
1 3567 3568 3569 0 0 0 1
1 3570 3571 3572 0 0 0 1
1 3573 3574 3575 0 0 0 1
1 3576 3577 3578 0 0 0 1
1 3579 3580 3581 0 0 0 1
1 3582 3583 3584 0 0 0 1
1 3585 3586 3587 0 0 0 1
1 3588 3589 3590 0 0 0 1
1 3591 3592 3593 0 0 0 1
1 3594 3595 3596 0 0 0 1
1 3597 3598 3599 0 0 0 1
1 3600 3601 3602 0 0 0 1
1 3603 3604 3605 0 0 0 1
1 3606 3607 3608 0 0 0 1
1 3609 3610 3611 0 0 0 1
1 3612 3613 3614 0 0 0 1
1 3615 3616 3617 0 0 0 1
1 3618 3619 3620 0 0 0 1
1 3621 3622 3623 0 0 0 1
1 3624 3625 3626 0 0 0 1
1 3627 3628 3629 0 0 0 1
1 3630 3631 3632 0 0 0 1
1 3633 3634 3635 0 0 0 1
1 3636 3637 3638 0 0 0 1
1 3639 3640 3641 0 0 0 1
1 3642 3643 3644 0 0 0 1
1 3645 3646 3647 0 0 0 1
1 3648 3649 3650 0 0 0 1
1 3651 3652 3653 0 0 0 1
1 3654 3655 3656 0 0 0 1
1 3657 3658 3659 0 0 0 1
1 3660 3661 3662 0 0 0 1
1 3663 3664 3665 0 0 0 1
1 3666 3667 3668 0 0 0 1
1 3669 3670 3671 0 0 0 1
1 3672 3673 3674 0 0 0 1
1 3675 3676 3677 0 0 0 1
1 3678 3679 3680 0 0 0 1
1 3681 3682 3683 0 0 0 1
1 3684 3685 3686 0 0 0 1
1 3687 3688 3689 0 0 0 1
1 3690 3691 3692 0 0 0 1
1 3693 3694 3695 0 0 0 1
1 3696 3697 3698 0 0 0 1
1 3699 3700 3701 0 0 0 1
1 3702 3703 3704 0 0 0 1
1 3705 3706 3707 0 0 0 1
1 3708 3709 3710 0 0 0 1
1 3711 3712 3713 0 0 0 1
1 3714 3715 3716 0 0 0 1
1 3717 3718 3719 0 0 0 1
1 3720 3721 3722 0 0 0 1
1 3723 3724 3725 0 0 0 1
1 3726 3727 3728 0 0 0 1
1 3729 3730 3731 0 0 0 1
1 3732 3733 3734 0 0 0 1
1 3735 3736 3737 0 0 0 1
1 3738 3739 3740 0 0 0 1
1 3741 3742 3743 0 0 0 1
1 3744 3745 3746 0 0 0 1
1 3747 3748 3749 0 0 0 1
1 3750 3751 3752 0 0 0 1
1 3753 3754 3755 0 0 0 1
1 3756 3757 3758 0 0 0 1
1 3759 3760 3761 0 0 0 1
1 3762 3763 3764 0 0 0 1
1 3765 3766 3767 0 0 0 1
1 3768 3769 3770 0 0 0 1
1 3771 3772 3773 0 0 0 1
1 3774 3775 3776 0 0 0 1
1 3777 3778 3779 0 0 0 1
1 3780 3781 3782 0 0 0 1
1 3783 3784 3785 0 0 0 1
1 3786 3787 3788 0 0 0 1
1 3789 3790 3791 0 0 0 1
1 3792 3793 3794 0 0 0 1
1 3795 3796 3797 0 0 0 1
1 3798 3799 3800 0 0 0 1
1 3801 3802 3803 0 0 0 1
1 3804 3805 3806 0 0 0 1
1 3807 3808 3809 0 0 0 1
1 3810 3811 3812 0 0 0 1
1 3813 3814 3815 0 0 0 1
1 3816 3817 3818 0 0 0 1
1 3819 3820 3821 0 0 0 1
1 3822 3823 3824 0 0 0 1
1 3825 3826 3827 0 0 0 1
1 3828 3829 3830 0 0 0 1
1 3831 3832 3833 0 0 0 1
1 3834 3835 3836 0 0 0 1
1 3837 3838 3839 0 0 0 1
1 3840 3841 3842 0 0 0 1
1 3843 3844 3845 0 0 0 1
1 3846 3847 3848 0 0 0 1
1 3849 3850 3851 0 0 0 1
1 3852 3853 3854 0 0 0 1
1 3855 3856 3857 0 0 0 1
1 3858 3859 3860 0 0 0 1
1 3861 3862 3863 0 0 0 1
1 3864 3865 3866 0 0 0 1
1 3867 3868 3869 0 0 0 1
1 3870 3871 3872 0 0 0 1
1 3873 3874 3875 0 0 0 1
1 3876 3877 3878 0 0 0 1
1 3879 3880 3881 0 0 0 1
1 3882 3883 3884 0 0 0 1
1 3885 3886 3887 0 0 0 1
1 3888 3889 3890 0 0 0 1
1 3891 3892 3893 0 0 0 1
1 3894 3895 3896 0 0 0 1
1 3897 3898 3899 0 0 0 1
1 3900 3901 3902 0 0 0 1
1 3903 3904 3905 0 0 0 1
1 3906 3907 3908 0 0 0 1
1 3909 3910 3911 0 0 0 1
1 3912 3913 3914 0 0 0 1
1 3915 3916 3917 0 0 0 1
1 3918 3919 3920 0 0 0 1
1 3921 3922 3923 0 0 0 1
1 3924 3925 3926 0 0 0 1
1 3927 3928 3929 0 0 0 1
1 3930 3931 3932 0 0 0 1
1 3933 3934 3935 0 0 0 1
1 3936 3937 3938 0 0 0 1
1 3939 3940 3941 0 0 0 1
1 3942 3943 3944 0 0 0 1
1 3945 3946 3947 0 0 0 1
1 3948 3949 3950 0 0 0 1
1 3951 3952 3953 0 0 0 1
1 3954 3955 3956 0 0 0 1
1 3957 3958 3959 0 0 0 1
1 3960 3961 3962 0 0 0 1
1 3963 3964 3965 0 0 0 1
1 3966 3967 3968 0 0 0 1
1 3969 3970 3971 0 0 0 1
1 3972 3973 3974 0 0 0 1
1 3975 3976 3977 0 0 0 1
1 3978 3979 3980 0 0 0 1
1 3981 3982 3983 0 0 0 1
1 3984 3985 3986 0 0 0 1
1 3987 3988 3989 0 0 0 1
1 3990 3991 3992 0 0 0 1
1 3993 3994 3995 0 0 0 1
1 3996 3997 3998 0 0 0 1
1 3999 4000 4001 0 0 0 1
1 4002 4003 4004 0 0 0 1
1 4005 4006 4007 0 0 0 1
1 4008 4009 4010 0 0 0 1
1 4011 4012 4013 0 0 0 1
1 4014 4015 4016 0 0 0 1
1 4017 4018 4019 0 0 0 1
1 4020 4021 4022 0 0 0 1
1 4023 4024 4025 0 0 0 1
1 4026 4027 4028 0 0 0 1
1 4029 4030 4031 0 0 0 1
1 4032 4033 4034 0 0 0 1
1 4035 4036 4037 0 0 0 1
1 4038 4039 4040 0 0 0 1
1 4041 4042 4043 0 0 0 1
1 4044 4045 4046 0 0 0 1
1 4047 4048 4049 0 0 0 1
1 4050 4051 4052 0 0 0 1
1 4053 4054 4055 0 0 0 1
1 4056 4057 4058 0 0 0 1
1 4059 4060 4061 0 0 0 1
1 4062 4063 4064 0 0 0 1
1 4065 4066 4067 0 0 0 1
1 4068 4069 4070 0 0 0 1
1 4071 4072 4073 0 0 0 1
1 4074 4075 4076 0 0 0 1
1 4077 4078 4079 0 0 0 1
1 4080 4081 4082 0 0 0 1
1 4083 4084 4085 0 0 0 1
1 4086 4087 4088 0 0 0 1
1 4089 4090 4091 0 0 0 1
1 4092 4093 4094 0 0 0 1
1 4095 4096 4097 0 0 0 1
1 4098 4099 4100 0 0 0 1
1 4101 4102 4103 0 0 0 1
1 4104 4105 4106 0 0 0 1
1 4107 4108 4109 0 0 0 1
1 4110 4111 4112 0 0 0 1
1 4113 4114 4115 0 0 0 1
1 4116 4117 4118 0 0 0 1
1 4119 4120 4121 0 0 0 1
1 4122 4123 4124 0 0 0 1
1 4125 4126 4127 0 0 0 1
1 4128 4129 4130 0 0 0 1
1 4131 4132 4133 0 0 0 1
1 4134 4135 4136 0 0 0 1
1 4137 4138 4139 0 0 0 1
1 4140 4141 4142 0 0 0 1
1 4143 4144 4145 0 0 0 1
1 4146 4147 4148 0 0 0 1
1 4149 4150 4151 0 0 0 1
1 4152 4153 4154 0 0 0 1
1 4155 4156 4157 0 0 0 1
1 4158 4159 4160 0 0 0 1
1 4161 4162 4163 0 0 0 1
1 4164 4165 4166 0 0 0 1
1 4167 4168 4169 0 0 0 1
1 4170 4171 4172 0 0 0 1
1 4173 4174 4175 0 0 0 1
1 4176 4177 4178 0 0 0 1
1 4179 4180 4181 0 0 0 1
1 4182 4183 4184 0 0 0 1
1 4185 4186 4187 0 0 0 1
1 4188 4189 4190 0 0 0 1
1 4191 4192 4193 0 0 0 1
1 4194 4195 4196 0 0 0 1
1 4197 4198 4199 0 0 0 1
1 4200 4201 4202 0 0 0 1
1 4203 4204 4205 0 0 0 1
1 4206 4207 4208 0 0 0 1
1 4209 4210 4211 0 0 0 1
1 4212 4213 4214 0 0 0 1
1 4215 4216 4217 0 0 0 1
1 4218 4219 4220 0 0 0 1
1 4221 4222 4223 0 0 0 1
1 4224 4225 4226 0 0 0 1
1 4227 4228 4229 0 0 0 1
1 4230 4231 4232 0 0 0 1
1 4233 4234 4235 0 0 0 1
1 4236 4237 4238 0 0 0 1
1 4239 4240 4241 0 0 0 1
1 4242 4243 4244 0 0 0 1
1 4245 4246 4247 0 0 0 1
1 4248 4249 4250 0 0 0 1
1 4251 4252 4253 0 0 0 1
1 4254 4255 4256 0 0 0 1
1 4257 4258 4259 0 0 0 1
1 4260 4261 4262 0 0 0 1
1 4263 4264 4265 0 0 0 1
1 4266 4267 4268 0 0 0 1
1 4269 4270 4271 0 0 0 1
1 4272 4273 4274 0 0 0 1
1 4275 4276 4277 0 0 0 1
1 4278 4279 4280 0 0 0 1
1 4281 4282 4283 0 0 0 1
1 4284 4285 4286 0 0 0 1
1 4287 4288 4289 0 0 0 1
1 4290 4291 4292 0 0 0 1
1 4293 4294 4295 0 0 0 1
1 4296 4297 4298 0 0 0 1
1 4299 4300 4301 0 0 0 1
1 4302 4303 4304 0 0 0 1
1 4305 4306 4307 0 0 0 1
1 4308 4309 4310 0 0 0 1
1 4311 4312 4313 0 0 0 1
1 4314 4315 4316 0 0 0 1
1 4317 4318 4319 0 0 0 1
1 4320 4321 4322 0 0 0 1
1 4323 4324 4325 0 0 0 1
1 4326 4327 4328 0 0 0 1
1 4329 4330 4331 0 0 0 1
1 4332 4333 4334 0 0 0 1
1 4335 4336 4337 0 0 0 1
1 4338 4339 4340 0 0 0 1
1 4341 4342 4343 0 0 0 1
1 4344 4345 4346 0 0 0 1
1 4347 4348 4349 0 0 0 1
1 4350 4351 4352 0 0 0 1
1 4353 4354 4355 0 0 0 1
1 4356 4357 4358 0 0 0 1
1 4359 4360 4361 0 0 0 1
1 4362 4363 4364 0 0 0 1
1 4365 4366 4367 0 0 0 1
1 4368 4369 4370 0 0 0 1
1 4371 4372 4373 0 0 0 1
1 4374 4375 4376 0 0 0 1
1 4377 4378 4379 0 0 0 1
Materials: 0
Bones:0
